STATE,ST,COUNTY,COUNTY_TYPE,MEDIAN_HOME_PRICE,COASTAL_FLOODING,COLD_WAVE,EARTHQUAKE_RISK,HEAT_WAVE,HURRICANE_RISK,ICE_STORM,RIVER_FLOOD_RISK,TORNADO_RISK,TSUNAMI_RISK,WILDFIRE_RISK
Alaska,AK,Yukon-Koyukuk,Census Area,107690,Not Applicable,Relatively Moderate,Very Low,No Rating,Not Applicable,Very Low,Relatively Moderate,Very Low,Not Applicable,Relatively Moderate
Alaska,AK,Lake and Peninsula,Borough,161950,No Rating,No Rating,Very Low,No Rating,Not Applicable,Very Low,Very Low,Very Low,Relatively Low,Very Low
Alaska,AK,Yakutat,City and Borough,233880,No Rating,No Rating,Relatively Low,No Rating,Not Applicable,Very Low,No Rating,Very Low,Relatively Low,Very Low
Alaska,AK,Copper River,Census Area,,No Rating,Very Low,Very Low,No Rating,Not Applicable,Very Low,No Rating,Very Low,No Rating,Relatively Low
Alaska,AK,North Slope,Borough,241390,No Rating,Relatively High,Very Low,No Rating,Not Applicable,Very Low,No Rating,Very Low,Not Applicable,Very Low
Alaska,AK,Denali,Borough,283270,Not Applicable,Very Low,Very Low,No Rating,Not Applicable,Very Low,No Rating,Very Low,Not Applicable,Relatively Low
Alaska,AK,Northwest Arctic,Borough,181850,Very Low,Relatively Moderate,Very Low,No Rating,Not Applicable,Very Low,Very Low,Very Low,Not Applicable,Relatively Low
Alaska,AK,Dillingham,Census Area,216910,Very Low,No Rating,Very Low,No Rating,Not Applicable,Very Low,Relatively Low,Very Low,No Rating,Very Low
Alaska,AK,Southeast Fairbanks,Census Area,267550,Not Applicable,Relatively Low,Relatively Low,No Rating,Not Applicable,Very Low,Relatively Low,Very Low,Not Applicable,Relatively Moderate
Alaska,AK,Hoonah-Angoon,Census Area,,Very Low,No Rating,Relatively Low,No Rating,Not Applicable,Very Low,Very Low,Very Low,Very Low,Very Low
Alaska,AK,Nome,Census Area,211340,Very Low,Relatively Low,Very Low,No Rating,Not Applicable,Very Low,Very Low,Very Low,No Rating,Very Low
Alaska,AK,Bethel,Census Area,142330,No Rating,Relatively Moderate,Very Low,No Rating,Not Applicable,Very Low,Relatively Low,Very Low,Not Applicable,Relatively Low
Alaska,AK,Aleutians East,Borough,200490,No Rating,No Rating,Relatively Low,No Rating,Not Applicable,Very Low,No Rating,Very Low,Relatively Moderate,Very Low
Alaska,AK,Kusilvak,Census Area,,No Rating,Very Low,Very Low,No Rating,Not Applicable,Very Low,Relatively Low,Very Low,Not Applicable,Very Low
Alaska,AK,Chugach,Census Area,,Very Low,Very Low,Relatively Low,No Rating,Not Applicable,Very Low,Very Low,Very Low,Relatively Low,Very Low
Alaska,AK,Wrangell,City and Borough,,Very Low,No Rating,Very Low,No Rating,Not Applicable,Very Low,Very Low,Very Low,No Rating,Very Low
Alaska,AK,Haines,Borough,356590,No Rating,No Rating,Relatively Low,No Rating,Not Applicable,Very Low,Very Low,Very Low,Relatively Low,Very Low
Alaska,AK,Prince of Wales-Hyder,Census Area,,No Rating,No Rating,Very Low,No Rating,Not Applicable,Very Low,No Rating,Very Low,No Rating,Very Low
Alaska,AK,Petersburg,Borough,,Very Low,No Rating,Very Low,No Rating,Not Applicable,Very Low,Very Low,Very Low,No Rating,Very Low
Alaska,AK,Aleutians West,Census Area,452870,No Rating,No Rating,Relatively Low,No Rating,Not Applicable,Very Low,No Rating,Very Low,Relatively High,No Rating
Alaska,AK,Bristol Bay,Borough,325570,No Rating,No Rating,Very Low,No Rating,Not Applicable,Very Low,No Rating,Very Low,Not Applicable,Very Low
Alaska,AK,Kodiak Island,Borough,432840,No Rating,No Rating,Relatively Moderate,No Rating,Not Applicable,Very Low,No Rating,Very Low,Relatively Moderate,Very Low
Alaska,AK,Skagway,Municipality,,No Rating,Relatively Low,Very Low,No Rating,Not Applicable,Very Low,Very Low,Very Low,Relatively Low,Very Low
Alaska,AK,Ketchikan Gateway,Borough,438540,No Rating,No Rating,Very Low,No Rating,Not Applicable,Very Low,Very Low,Very Low,No Rating,Very Low
Alaska,AK,Sitka,City and Borough,511730,Very Low,No Rating,Relatively Low,No Rating,Not Applicable,Very Low,Relatively Low,Very Low,Relatively Moderate,Very Low
Alaska,AK,Kenai Peninsula,Borough,346580,Very Low,No Rating,Relatively Moderate,No Rating,Not Applicable,Very Low,Relatively Moderate,Very Low,Relatively High,Relatively High
Alaska,AK,Matanuska-Susitna,Borough,360380,No Rating,Very Low,Relatively Moderate,No Rating,Not Applicable,Very Low,Relatively Low,Very Low,No Rating,Relatively Moderate
Alaska,AK,Juneau,City and Borough,498370,Very Low,No Rating,Relatively Low,No Rating,Not Applicable,Relatively Low,Very Low,Very Low,Relatively Low,Very Low
Alaska,AK,Fairbanks North Star,Borough,323630,Not Applicable,Relatively High,Relatively Moderate,No Rating,Not Applicable,Very Low,Relatively Low,Very Low,Not Applicable,Relatively High
Alaska,AK,Anchorage,Municipality,433050,Very Low,No Rating,Relatively High,No Rating,Not Applicable,Relatively Low,Relatively Low,Very Low,No Rating,Relatively Low
Alabama,AL,Perry,County,101700,Not Applicable,No Rating,Very Low,Relatively Low,Very Low,Very Low,Very Low,Relatively Low,Not Applicable,Very Low
Alabama,AL,Wilcox,County,99520,Not Applicable,No Rating,Very Low,Relatively Low,Relatively Low,Very Low,Very Low,Relatively Low,Not Applicable,Very Low
Alabama,AL,Greene,County,100520,Not Applicable,No Rating,Very Low,Relatively Low,Very Low,Very Low,Very Low,Relatively Low,Not Applicable,Very Low
Alabama,AL,Conecuh,County,113190,Not Applicable,No Rating,Very Low,Relatively Low,Relatively Low,Very Low,Very Low,Relatively Low,Not Applicable,Very Low
Alabama,AL,Sumter,County,95410,Not Applicable,No Rating,Relatively Low,Relatively Low,Relatively Low,Very Low,Relatively Low,Relatively Moderate,Not Applicable,Very Low
Alabama,AL,Choctaw,County,109080,Not Applicable,No Rating,Very Low,Relatively Low,Relatively Moderate,Relatively Moderate,Relatively Moderate,Relatively Moderate,Not Applicable,Very Low
Alabama,AL,Washington,County,152550,Very Low,No Rating,Very Low,Relatively Low,Relatively Low,Relatively Low,Very Low,Relatively Low,Insufficient Data,Relatively Low
Alabama,AL,Lowndes,County,99570,Not Applicable,No Rating,Very Low,Relatively Low,Very Low,Very Low,Very Low,Relatively Low,Not Applicable,Very Low
Alabama,AL,Coosa,County,131090,Not Applicable,No Rating,Very Low,Relatively Low,Very Low,Relatively Low,Very Low,Relatively Low,Not Applicable,Very Low
Alabama,AL,Bullock,County,99240,Not Applicable,No Rating,Very Low,Relatively Low,Relatively Low,Very Low,Very Low,Relatively Low,Not Applicable,Very Low
Alabama,AL,Clarke,County,155420,Very Low,No Rating,Very Low,Relatively Moderate,Relatively Moderate,Very Low,Relatively Low,Relatively Low,Insufficient Data,Very Low
Alabama,AL,Monroe,County,141750,Very Low,No Rating,Very Low,Relatively Low,Relatively Low,Very Low,Very Low,Relatively Low,Insufficient Data,Very Low
Alabama,AL,Marengo,County,122340,Not Applicable,No Rating,Very Low,Relatively Low,Relatively Low,Very Low,Very Low,Relatively Moderate,Not Applicable,Very Low
Alabama,AL,Crenshaw,County,117290,Not Applicable,No Rating,Very Low,Relatively Low,Relatively Low,Very Low,Very Low,Relatively Low,Not Applicable,Very Low
Alabama,AL,Pickens,County,143670,Not Applicable,No Rating,Relatively Low,Relatively Low,Relatively Low,Very Low,Relatively Low,Relatively Moderate,Not Applicable,Very Low
Alabama,AL,Hale,County,112290,Not Applicable,No Rating,Very Low,Relatively Low,Very Low,Very Low,Very Low,Relatively Low,Not Applicable,Very Low
Alabama,AL,Lamar,County,139570,Not Applicable,No Rating,Relatively Low,Relatively Low,Very Low,Relatively Moderate,Very Low,Relatively Low,Not Applicable,Very Low
Alabama,AL,Clay,County,167320,Not Applicable,No Rating,Very Low,Relatively Low,Very Low,Very Low,Very Low,Relatively Low,Not Applicable,Very Low
Alabama,AL,Butler,County,127810,Not Applicable,No Rating,Very Low,Relatively Low,Relatively Low,Very Low,Very Low,Relatively Low,Not Applicable,Very Low
Alabama,AL,Fayette,County,134510,Not Applicable,No Rating,Relatively Low,Relatively Low,Very Low,Relatively Low,Very Low,Relatively Low,Not Applicable,Very Low
Alabama,AL,Cleburne,County,159250,Not Applicable,No Rating,Very Low,Relatively Low,Very Low,Very Low,Very Low,Relatively Low,Not Applicable,Very Low
Alabama,AL,Barbour,County,122340,Not Applicable,No Rating,Very Low,Relatively Low,Relatively Low,Very Low,Very Low,Relatively Moderate,Not Applicable,Very Low
Alabama,AL,Henry,County,175170,Not Applicable,No Rating,Very Low,Relatively Low,Relatively Low,Very Low,Very Low,Relatively Low,Not Applicable,Very Low
Alabama,AL,Macon,County,115240,Not Applicable,No Rating,Very Low,Relatively Low,Relatively Low,Very Low,Very Low,Relatively Low,Not Applicable,Very Low
Alabama,AL,Bibb,County,139800,Not Applicable,No Rating,Very Low,Relatively Low,Very Low,Relatively Low,Very Low,Relatively Moderate,Not Applicable,Very Low
Alabama,AL,Covington,County,152960,Not Applicable,No Rating,Very Low,Relatively Low,Relatively Moderate,Very Low,Relatively Low,Relatively Moderate,Not Applicable,Very Low
Alabama,AL,Randolph,County,169780,Not Applicable,No Rating,Very Low,Relatively Low,Relatively Low,Relatively Low,Very Low,Relatively Low,Not Applicable,Very Low
Alabama,AL,Winston,County,143530,Not Applicable,No Rating,Relatively Low,Relatively Low,Very Low,Relatively Low,Very Low,Relatively Moderate,Not Applicable,Very Low
Alabama,AL,Escambia,County,147910,Not Applicable,No Rating,Very Low,Relatively Moderate,Relatively Moderate,Very Low,Relatively Low,Relatively Moderate,Not Applicable,Relatively Low
Alabama,AL,Dallas,County,116740,Not Applicable,No Rating,Relatively Low,Relatively Moderate,Relatively Low,Very Low,Relatively Low,Relatively Moderate,Not Applicable,Very Low
Alabama,AL,Marion,County,121800,Not Applicable,No Rating,Relatively Low,Relatively Low,Very Low,Relatively Low,Very Low,Relatively Moderate,Not Applicable,Very Low
Alabama,AL,Cherokee,County,192740,Not Applicable,No Rating,Relatively Low,Relatively Low,Very Low,Relatively Low,Relatively Low,Relatively Moderate,Not Applicable,Very Low
Alabama,AL,Geneva,County,164470,Not Applicable,No Rating,Very Low,Relatively Low,Relatively Low,Very Low,Relatively Low,Relatively Low,Not Applicable,Very Low
Alabama,AL,Lawrence,County,183850,Not Applicable,Relatively Moderate,Relatively Low,Relatively Moderate,Very Low,Relatively Low,Relatively Low,Relatively Moderate,Not Applicable,Very Low
Alabama,AL,Jackson,County,156110,Not Applicable,Relatively High,Relatively Low,Relatively Low,Very Low,Relatively Moderate,Relatively Low,Relatively Moderate,Not Applicable,Very Low
Alabama,AL,Pike,County,178940,Not Applicable,No Rating,Very Low,Relatively Low,Relatively Low,Very Low,Very Low,Relatively Low,Not Applicable,Very Low
Alabama,AL,Franklin,County,146540,Not Applicable,Relatively Moderate,Relatively Low,Relatively Moderate,Very Low,Relatively Low,Very Low,Relatively Moderate,Not Applicable,Very Low
Alabama,AL,Tallapoosa,County,152960,Not Applicable,No Rating,Relatively Low,Relatively Moderate,Relatively Low,Very Low,Very Low,Relatively Moderate,Not Applicable,Very Low
Alabama,AL,Chambers,County,146270,Not Applicable,No Rating,Very Low,Relatively Moderate,Relatively Low,Relatively Low,Relatively Low,Relatively Low,Not Applicable,Very Low
Alabama,AL,Chilton,County,159360,Not Applicable,No Rating,Relatively Low,Relatively Moderate,Very Low,Relatively Low,Very Low,Relatively Moderate,Not Applicable,Very Low
Alabama,AL,Coffee,County,215570,Not Applicable,No Rating,Very Low,Relatively Low,Relatively Moderate,Very Low,Relatively Moderate,Relatively Moderate,Not Applicable,Very Low
Alabama,AL,Walker,County,157860,Not Applicable,No Rating,Relatively Low,Relatively Moderate,Very Low,Relatively Moderate,Relatively Low,Relatively Moderate,Not Applicable,Very Low
Alabama,AL,Dale,County,154330,Not Applicable,No Rating,Very Low,Relatively Low,Relatively Moderate,Very Low,Relatively Low,Relatively Moderate,Not Applicable,Very Low
Alabama,AL,Blount,County,187620,Not Applicable,No Rating,Relatively Low,Relatively Moderate,Very Low,Relatively Moderate,Very Low,Relatively Moderate,Not Applicable,Very Low
Alabama,AL,DeKalb,County,151870,Not Applicable,Relatively High,Relatively Low,Relatively Low,Relatively Low,Relatively Moderate,Relatively Low,Relatively Moderate,Not Applicable,Very Low
Alabama,AL,Russell,County,181230,Not Applicable,No Rating,Very Low,Relatively Moderate,Relatively Low,Very Low,Very Low,Relatively Low,Not Applicable,Very Low
Alabama,AL,Colbert,County,191230,Not Applicable,Relatively Moderate,Relatively Low,Relatively Moderate,Very Low,Relatively Moderate,Relatively Low,Relatively Moderate,Not Applicable,Very Low
Alabama,AL,Autauga,County,211320,Not Applicable,No Rating,Very Low,Relatively Moderate,Relatively Low,Very Low,Relatively Low,Relatively Moderate,Not Applicable,Very Low
Alabama,AL,Talladega,County,141340,Not Applicable,No Rating,Relatively Low,Relatively Moderate,Relatively Low,Relatively Low,Very Low,Relatively Moderate,Not Applicable,Very Low
Alabama,AL,Cullman,County,226780,Not Applicable,Relatively Moderate,Relatively Low,Relatively Low,Relatively Low,Relatively Moderate,Very Low,Relatively Moderate,Not Applicable,Very Low
Alabama,AL,Lauderdale,County,258470,Not Applicable,Relatively Moderate,Relatively Low,Relatively Moderate,Very Low,Relatively Moderate,Relatively Low,Relatively Moderate,Not Applicable,Very Low
Alabama,AL,Elmore,County,248090,Not Applicable,No Rating,Very Low,Relatively Moderate,Relatively Low,Very Low,Relatively Low,Relatively Moderate,Not Applicable,Very Low
Alabama,AL,St. Clair,County,379720,Not Applicable,No Rating,Relatively Low,Relatively Moderate,Very Low,Very Low,Relatively Low,Relatively Moderate,Not Applicable,Very Low
Alabama,AL,Baldwin,County,349670,Relatively Low,No Rating,Relatively Low,Relatively Moderate,Relatively High,Relatively Low,Relatively Moderate,Relatively Moderate,Insufficient Data,Relatively Moderate
Alabama,AL,Tuscaloosa,County,267880,Not Applicable,No Rating,Relatively Low,Relatively High,Relatively Low,Relatively Low,Relatively Moderate,Relatively High,Not Applicable,Very Low
Alabama,AL,Marshall,County,214070,Not Applicable,Relatively Moderate,Relatively Low,Relatively Moderate,Relatively Low,Relatively Moderate,Relatively Low,Relatively High,Not Applicable,Very Low
Alabama,AL,Limestone,County,320750,Not Applicable,Relatively Moderate,Relatively Low,Relatively Moderate,Very Low,Relatively Moderate,Relatively Low,Relatively Moderate,Not Applicable,Very Low
Alabama,AL,Houston,County,221820,Not Applicable,No Rating,Relatively Low,Relatively Low,Relatively Moderate,Very Low,Relatively Moderate,Relatively High,Not Applicable,Very Low
Alabama,AL,Calhoun,County,184640,Not Applicable,No Rating,Relatively Low,Relatively Moderate,Relatively Low,Very Low,Relatively Low,Relatively High,Not Applicable,Very Low
Alabama,AL,Etowah,County,188330,Not Applicable,No Rating,Relatively Low,Relatively Moderate,Relatively Low,Very Low,Very Low,Relatively High,Not Applicable,Very Low
Alabama,AL,Morgan,County,251300,Not Applicable,Relatively Moderate,Relatively Low,Relatively Moderate,Relatively Low,Relatively Moderate,Relatively Moderate,Relatively High,Not Applicable,Very Low
Alabama,AL,Shelby,County,262880,Not Applicable,No Rating,Relatively Low,Relatively Moderate,Relatively Low,Relatively Low,Relatively Low,Relatively High,Not Applicable,Very Low
Alabama,AL,Lee,County,293570,Not Applicable,No Rating,Relatively Low,Relatively Moderate,Relatively Low,Relatively Low,Relatively Low,Relatively Moderate,Not Applicable,Very Low
Alabama,AL,Montgomery,County,186970,Not Applicable,No Rating,Relatively Low,Relatively High,Relatively Low,Relatively Low,Relatively Low,Relatively High,Not Applicable,Very Low
Alabama,AL,Mobile,County,214500,Relatively Low,No Rating,Relatively Low,Relatively High,Very High,Relatively Moderate,Relatively High,Relatively High,Insufficient Data,Relatively Moderate
Alabama,AL,Madison,County,365380,Not Applicable,Relatively High,Relatively Moderate,Relatively High,Relatively Low,Relatively High,Relatively Low,Relatively High,Not Applicable,Very Low
Alabama,AL,Jefferson,County,259350,Not Applicable,No Rating,Relatively Moderate,Relatively High,Relatively Low,Relatively Low,Very High,Very High,Not Applicable,Very Low
Arkansas,AR,Calhoun,County,108150,Not Applicable,No Rating,Very Low,Relatively Low,Very Low,Relatively Moderate,Very Low,Relatively Low,Not Applicable,Very Low
Arkansas,AR,Newton,County,209750,Not Applicable,Relatively Moderate,Very Low,Relatively Low,Very Low,Very Low,Relatively Low,Relatively Low,Not Applicable,Very Low
Arkansas,AR,Dallas,County,111290,Not Applicable,No Rating,Very Low,Relatively Low,Very Low,Very Low,Relatively Low,Relatively Low,Not Applicable,Very Low
Arkansas,AR,Woodruff,County,109440,Not Applicable,Relatively Low,Relatively Low,Relatively Low,Very Low,Relatively High,Relatively Moderate,Relatively Low,Not Applicable,Very Low
Arkansas,AR,Montgomery,County,166430,Not Applicable,Relatively Low,Very Low,Relatively Low,Very Low,Relatively Low,Relatively Low,Relatively Low,Not Applicable,Very Low
Arkansas,AR,Scott,County,144630,Not Applicable,Relatively Moderate,Very Low,Relatively Low,Very Low,Relatively High,Relatively Low,Relatively Low,Not Applicable,Relatively Low
Arkansas,AR,Monroe,County,106300,Not Applicable,No Rating,Relatively Low,Relatively Low,Very Low,Relatively Moderate,Relatively Moderate,Relatively Low,Not Applicable,Very Low
Arkansas,AR,Searcy,County,205320,Not Applicable,Relatively Moderate,Very Low,Very Low,Very Low,Relatively High,Very Low,Relatively Low,Not Applicable,Relatively Low
Arkansas,AR,Lafayette,County,86640,Not Applicable,No Rating,Very Low,Relatively Low,Very Low,Relatively High,Relatively Low,Relatively Low,Not Applicable,Very Low
Arkansas,AR,Cleveland,County,151470,Not Applicable,No Rating,Very Low,Relatively Low,Very Low,Very Low,Very Low,Relatively Low,Not Applicable,Very Low
Arkansas,AR,Prairie,County,114280,Not Applicable,Relatively Moderate,Relatively Low,Relatively Low,Very Low,Relatively Low,Relatively Low,Relatively Low,Not Applicable,Very Low
Arkansas,AR,Nevada,County,101310,Not Applicable,No Rating,Very Low,Relatively Low,Very Low,Relatively Moderate,Very Low,Relatively Low,Not Applicable,Very Low
Arkansas,AR,Lee,County,107300,Not Applicable,No Rating,Relatively Low,Relatively Moderate,Very Low,Very Low,Relatively Low,Relatively Low,Not Applicable,Very Low
Arkansas,AR,Desha,County,120840,Not Applicable,No Rating,Relatively Low,Relatively Low,Very Low,Relatively Moderate,Relatively Moderate,Relatively Low,Not Applicable,Very Low
Arkansas,AR,Chicot,County,101030,Not Applicable,No Rating,Relatively Low,Relatively Moderate,Very Low,Relatively Moderate,Relatively Moderate,Relatively Low,Not Applicable,Very Low
Arkansas,AR,Bradley,County,112000,Not Applicable,No Rating,Relatively Low,Relatively Low,Very Low,Relatively High,Very Low,Relatively Low,Not Applicable,Very Low
Arkansas,AR,Pike,County,123830,Not Applicable,No Rating,Very Low,Relatively Low,Very Low,Relatively Low,Relatively Low,Relatively Low,Not Applicable,Very Low
Arkansas,AR,Arkansas,County,162730,Not Applicable,No Rating,Relatively Low,Relatively Low,Very Low,Relatively Low,Relatively Moderate,Relatively Low,Not Applicable,Very Low
Arkansas,AR,Perry,County,156230,Not Applicable,Relatively Moderate,Very Low,Relatively Low,Very Low,Relatively High,Relatively Low,Relatively Low,Not Applicable,Very Low
Arkansas,AR,Fulton,County,125540,Not Applicable,Relatively Moderate,Relatively Low,Relatively Low,Very Low,Relatively High,Relatively Moderate,Relatively Low,Not Applicable,Very Low
Arkansas,AR,Madison,County,187610,Not Applicable,Relatively High,Very Low,Relatively Low,Very Low,Very High,Relatively Moderate,Relatively Low,Not Applicable,Relatively Low
Arkansas,AR,Stone,County,173270,Not Applicable,Relatively Moderate,Relatively Low,Relatively Low,Very Low,Relatively High,Relatively Moderate,Relatively Low,Not Applicable,Relatively Low
Arkansas,AR,Ashley,County,111290,Not Applicable,No Rating,Relatively Low,Relatively Moderate,Very Low,Relatively Moderate,Relatively Moderate,Relatively Low,Not Applicable,Very Low
Arkansas,AR,Drew,County,148050,Not Applicable,No Rating,Relatively Low,Relatively Low,Very Low,Relatively Moderate,Relatively Low,Relatively Low,Not Applicable,Very Low
Arkansas,AR,Howard,County,153330,Not Applicable,No Rating,Very Low,Relatively Low,Very Low,Relatively High,Relatively Low,Relatively Low,Not Applicable,Very Low
Arkansas,AR,Yell,County,159740,Not Applicable,Relatively Moderate,Relatively Low,Relatively Low,Very Low,Relatively High,Relatively Low,Relatively Moderate,Not Applicable,Relatively Low
Arkansas,AR,Van Buren,County,151900,Not Applicable,Relatively Moderate,Relatively Low,Relatively Low,Very Low,Very High,Relatively Low,Relatively Moderate,Not Applicable,Very Low
Arkansas,AR,Polk,County,154040,Not Applicable,Relatively Low,Very Low,Relatively Low,Very Low,Relatively High,Relatively Low,Relatively Low,Not Applicable,Relatively Low
Arkansas,AR,Little River,County,123540,Not Applicable,No Rating,Very Low,Relatively Low,Very Low,Relatively Moderate,Very Low,Relatively Low,Not Applicable,Very Low
Arkansas,AR,Clay,County,108010,Not Applicable,No Rating,Relatively Low,Relatively Moderate,Very Low,Relatively High,Relatively Low,Relatively Low,Not Applicable,Very Low
Arkansas,AR,Lincoln,County,,Not Applicable,No Rating,Relatively Low,Relatively Low,Very Low,Relatively Low,Relatively Moderate,Relatively Low,Not Applicable,Very Low
Arkansas,AR,Izard,County,125250,Not Applicable,Relatively Moderate,Relatively Low,Relatively Low,Very Low,Relatively High,Relatively Moderate,Relatively Low,Not Applicable,Very Low
Arkansas,AR,Phillips,County,104590,Not Applicable,No Rating,Relatively Low,Relatively Moderate,Very Low,Relatively Low,Relatively Low,Relatively Moderate,Not Applicable,Very Low
Arkansas,AR,Clark,County,171850,Not Applicable,No Rating,Relatively Low,Relatively Moderate,Very Low,Relatively Low,Relatively Low,Relatively Low,Not Applicable,Very Low
Arkansas,AR,Jackson,County,107300,Not Applicable,Relatively Moderate,Relatively Low,Relatively Low,Very Low,Relatively High,Relatively Moderate,Relatively Moderate,Not Applicable,Very Low
Arkansas,AR,Cross,County,121550,Not Applicable,No Rating,Relatively Low,Relatively Low,Very Low,Relatively Low,Relatively Low,Relatively Low,Not Applicable,Very Low
Arkansas,AR,Lawrence,County,108150,Not Applicable,Relatively Moderate,Relatively Low,Relatively Moderate,Very Low,Relatively Moderate,Relatively Moderate,Relatively Moderate,Not Applicable,Very Low
Arkansas,AR,Hempstead,County,132520,Not Applicable,No Rating,Relatively Low,Relatively Moderate,Very Low,Relatively High,Relatively Low,Relatively Low,Not Applicable,Very Low
Arkansas,AR,Franklin,County,139820,Not Applicable,Relatively Moderate,Very Low,Relatively Moderate,Very Low,Relatively Moderate,Relatively Low,Relatively Low,Not Applicable,Relatively Low
Arkansas,AR,Sevier,County,109720,Not Applicable,No Rating,Very Low,Relatively Low,Very Low,Relatively Moderate,Relatively Low,Relatively Low,Not Applicable,Very Low
Arkansas,AR,Marion,County,198350,Not Applicable,Relatively Moderate,Very Low,Relatively Low,Very Low,Very High,Relatively Low,Relatively Low,Not Applicable,Very Low
Arkansas,AR,Grant,County,165930,Not Applicable,No Rating,Relatively Low,Relatively Low,Very Low,Relatively Low,Relatively Low,Relatively Low,Not Applicable,Very Low
Arkansas,AR,Randolph,County,137510,Not Applicable,Relatively High,Relatively Low,Relatively Moderate,Very Low,Relatively High,Relatively Moderate,Relatively Moderate,Not Applicable,Very Low
Arkansas,AR,Sharp,County,97040,Not Applicable,Relatively High,Relatively Low,Relatively Low,Very Low,Relatively High,Relatively Moderate,Relatively Low,Not Applicable,Very Low
Arkansas,AR,Columbia,County,,Not Applicable,No Rating,Very Low,Relatively Moderate,Very Low,Very High,Relatively Low,Relatively Low,Not Applicable,Very Low
Arkansas,AR,Logan,County,151620,Not Applicable,Relatively High,Very Low,Relatively Low,Very Low,Relatively High,Relatively Low,Relatively Low,Not Applicable,Relatively Low
Arkansas,AR,Poinsett,County,105330,Not Applicable,No Rating,Relatively Moderate,Relatively Moderate,Very Low,Relatively Moderate,Relatively Low,Relatively Moderate,Not Applicable,Very Low
Arkansas,AR,Ouachita,County,112290,Not Applicable,No Rating,Relatively Low,Relatively Moderate,Very Low,Relatively High,Relatively Low,Relatively Low,Not Applicable,Very Low
Arkansas,AR,St. Francis,County,262770,Not Applicable,No Rating,Relatively Low,Relatively Moderate,Very Low,Relatively Low,Relatively Low,Relatively High,Not Applicable,Very Low
Arkansas,AR,Conway,County,166430,Not Applicable,Relatively Moderate,Relatively Low,Relatively Low,Very Low,Very High,Relatively Low,Relatively Moderate,Not Applicable,Relatively Low
Arkansas,AR,Union,County,127110,Not Applicable,No Rating,Relatively Low,Relatively Moderate,Very Low,Very High,Relatively Low,Relatively Low,Not Applicable,Very Low
Arkansas,AR,Johnson,County,154320,Not Applicable,Relatively High,Relatively Low,Relatively Moderate,Very Low,Very High,Relatively Low,Relatively Moderate,Not Applicable,Relatively Low
Arkansas,AR,Cleburne,County,198350,Not Applicable,Relatively Moderate,Relatively Low,Relatively Low,Very Low,Very High,Relatively Moderate,Relatively Moderate,Not Applicable,Very Low
Arkansas,AR,Carroll,County,220010,Not Applicable,Relatively High,Relatively Low,Relatively Moderate,Very Low,Very High,Relatively Low,Relatively Moderate,Not Applicable,Relatively Low
Arkansas,AR,Mississippi,County,137080,Not Applicable,No Rating,Relatively Moderate,Relatively Moderate,Very Low,Relatively Moderate,Relatively Low,Relatively Low,Not Applicable,Very Low
Arkansas,AR,Independence,County,142640,Not Applicable,Relatively High,Relatively Low,Relatively Low,Very Low,Very High,Relatively Moderate,Relatively Moderate,Not Applicable,Very Low
Arkansas,AR,Hot Spring,County,145770,Not Applicable,No Rating,Relatively Low,Relatively Moderate,Very Low,Relatively Low,Relatively Moderate,Relatively Low,Not Applicable,Very Low
Arkansas,AR,Boone,County,190230,Not Applicable,Relatively High,Relatively Low,Relatively Low,Very Low,Very High,Relatively Low,Relatively Moderate,Not Applicable,Relatively Low
Arkansas,AR,Miller,County,151240,Not Applicable,No Rating,Very Low,Relatively Moderate,Very Low,Very High,Relatively Moderate,Relatively Moderate,Not Applicable,Very Low
Arkansas,AR,White,County,214880,Not Applicable,Relatively High,Relatively Moderate,Relatively Moderate,Very Low,Very High,Relatively High,Relatively Moderate,Not Applicable,Very Low
Arkansas,AR,Baxter,County,197360,Not Applicable,Relatively Moderate,Relatively Low,Relatively Low,Very Low,Very High,Relatively Low,Relatively Moderate,Not Applicable,Relatively Low
Arkansas,AR,Jefferson,County,,Not Applicable,No Rating,Relatively Moderate,Relatively Moderate,Very Low,Relatively Low,Relatively High,Relatively Moderate,Not Applicable,Very Low
Arkansas,AR,Pope,County,188660,Not Applicable,Relatively High,Relatively Low,Relatively Moderate,Very Low,Very High,Relatively Moderate,Relatively High,Not Applicable,Relatively Low
Arkansas,AR,Crittenden,County,176720,Not Applicable,No Rating,Relatively Moderate,Relatively Moderate,Very Low,Relatively Moderate,Relatively Moderate,Relatively Moderate,Not Applicable,Very Low
Arkansas,AR,Greene,County,194790,Not Applicable,No Rating,Relatively Moderate,Relatively Moderate,Very Low,Relatively High,Relatively Low,Relatively Moderate,Not Applicable,Very Low
Arkansas,AR,Lonoke,County,221190,Not Applicable,Relatively Moderate,Relatively Low,Relatively Moderate,Very Low,Relatively Low,Relatively Moderate,Relatively Moderate,Not Applicable,Very Low
Arkansas,AR,Crawford,County,184180,Not Applicable,Relatively High,Relatively Low,Relatively High,Very Low,Relatively Moderate,Relatively Low,Relatively Moderate,Not Applicable,Relatively Moderate
Arkansas,AR,Garland,County,229360,Not Applicable,Relatively High,Relatively Low,Relatively Moderate,Very Low,Relatively Moderate,Relatively Moderate,Relatively High,Not Applicable,Relatively Low
Arkansas,AR,Craighead,County,227870,Not Applicable,No Rating,Relatively Moderate,Relatively Moderate,Very Low,Relatively High,Relatively Moderate,Relatively High,Not Applicable,Very Low
Arkansas,AR,Saline,County,117130,Not Applicable,Relatively High,Relatively Low,Relatively Moderate,Very Low,Relatively Low,Relatively Moderate,Relatively Moderate,Not Applicable,Very Low
Arkansas,AR,Faulkner,County,271670,Not Applicable,Relatively High,Relatively Moderate,Relatively Moderate,Very Low,Relatively High,Relatively Moderate,Relatively High,Not Applicable,Relatively Low
Arkansas,AR,Sebastian,County,134230,Not Applicable,Very High,Relatively Low,Relatively Moderate,Very Low,Relatively Low,Relatively Moderate,Relatively High,Not Applicable,Relatively Moderate
Arkansas,AR,Washington,County,368730,Not Applicable,Very High,Relatively Low,Relatively High,Very Low,Very High,Relatively Moderate,Relatively High,Not Applicable,Relatively High
Arkansas,AR,Benton,County,382170,Not Applicable,Very High,Relatively Low,Relatively Moderate,Very Low,Very High,Relatively Moderate,Relatively Moderate,Not Applicable,Relatively High
Arkansas,AR,Pulaski,County,236600,Not Applicable,Very High,Relatively Moderate,Relatively High,Relatively Low,Relatively Moderate,Relatively Moderate,Very High,Not Applicable,Relatively Low
Arizona,AZ,La Paz,County,153310,Not Applicable,No Rating,Relatively Low,Relatively Moderate,Very Low,Not Applicable,Relatively High,Very Low,Not Applicable,Relatively Low
Arizona,AZ,Greenlee,County,136110,Not Applicable,Very Low,Very Low,Relatively Low,Very Low,Not Applicable,Very Low,Very Low,Not Applicable,Relatively Low
Arizona,AZ,Apache,County,100100,Not Applicable,Relatively Low,Very Low,Very Low,Very Low,Relatively Low,Very Low,Very Low,Not Applicable,Relatively Moderate
Arizona,AZ,Coconino,County,567380,Not Applicable,Relatively Moderate,Relatively Low,Very Low,Not Applicable,Relatively Low,Relatively High,Very Low,Not Applicable,Relatively High
Arizona,AZ,Graham,County,221070,Not Applicable,Very Low,Relatively Low,Relatively Moderate,Very Low,Not Applicable,Relatively Low,Very Low,Not Applicable,Relatively Moderate
Arizona,AZ,Navajo,County,236800,Not Applicable,Relatively Low,Relatively Low,Very Low,Not Applicable,Relatively Low,Relatively Moderate,Very Low,Not Applicable,Relatively High
Arizona,AZ,Gila,County,280310,Not Applicable,Very Low,Relatively Low,Relatively Low,Very Low,Not Applicable,Relatively Moderate,Very Low,Not Applicable,Relatively High
Arizona,AZ,Mohave,County,332190,Not Applicable,Very Low,Relatively Moderate,Relatively High,Not Applicable,Relatively Moderate,Relatively Moderate,Very Low,Not Applicable,Relatively High
Arizona,AZ,Cochise,County,257230,Not Applicable,Very Low,Relatively Low,Relatively Moderate,Very Low,Not Applicable,Relatively Moderate,Very Low,Not Applicable,Relatively High
Arizona,AZ,Yavapai,County,512040,Not Applicable,Very Low,Relatively Low,Relatively Low,Not Applicable,Not Applicable,Very Low,Relatively Low,Not Applicable,Relatively High
Arizona,AZ,Yuma,County,245050,Not Applicable,No Rating,Relatively Moderate,Relatively Moderate,Very Low,Not Applicable,Relatively Moderate,Very Low,Not Applicable,Very Low
Arizona,AZ,Santa Cruz,County,243260,Not Applicable,No Rating,Relatively Low,Relatively Moderate,Very Low,Not Applicable,Relatively Moderate,Very Low,Not Applicable,Relatively Moderate
Arizona,AZ,Pinal,County,436300,Not Applicable,Very Low,Relatively Low,Relatively High,Very Low,Not Applicable,Relatively Moderate,Relatively Low,Not Applicable,Relatively High
Arizona,AZ,Pima,County,374640,Not Applicable,Very Low,Relatively Moderate,Relatively High,Very Low,Not Applicable,Relatively High,Relatively Low,Not Applicable,Relatively High
Arizona,AZ,Maricopa,County,549130,Not Applicable,No Rating,Relatively Moderate,Very High,Very Low,Not Applicable,Relatively Moderate,Relatively Moderate,Not Applicable,Relatively High
California,CA,Alpine,County,450690,Not Applicable,No Rating,Relatively Low,Very Low,Not Applicable,Not Applicable,Very Low,Very Low,Not Applicable,Relatively Low
California,CA,Inyo,County,347250,Not Applicable,Very Low,Relatively Moderate,Relatively Moderate,Not Applicable,Not Applicable,Relatively Moderate,Very Low,Not Applicable,Relatively Low
California,CA,Modoc,County,181610,Not Applicable,Relatively Moderate,Relatively Low,Very Low,Not Applicable,Not Applicable,Relatively Moderate,Very Low,Not Applicable,Relatively Moderate
California,CA,Sierra,County,275750,Not Applicable,No Rating,Relatively Low,Very Low,Not Applicable,Not Applicable,Relatively Low,Very Low,Not Applicable,Relatively Moderate
California,CA,Mono,County,464870,Not Applicable,Very Low,Relatively Low,Very Low,Not Applicable,Not Applicable,Relatively Low,Very Low,Not Applicable,Relatively Moderate
California,CA,Trinity,County,358460,Not Applicable,No Rating,Relatively Low,Relatively Low,Not Applicable,Not Applicable,Relatively Low,Very Low,Not Applicable,Relatively High
California,CA,Siskiyou,County,273610,Not Applicable,Relatively Low,Relatively Moderate,Relatively Low,Not Applicable,Not Applicable,Relatively Moderate,Very Low,Not Applicable,Relatively High
California,CA,Lassen,County,251800,Not Applicable,Very Low,Relatively Low,Very Low,Not Applicable,Not Applicable,Relatively Moderate,Very Low,Not Applicable,Relatively Moderate
California,CA,Plumas,County,320440,Not Applicable,No Rating,Relatively Moderate,Very Low,Not Applicable,Not Applicable,Relatively Moderate,Very Low,Not Applicable,Relatively High
California,CA,Mariposa,County,360600,Not Applicable,No Rating,Relatively Low,Relatively Moderate,Not Applicable,Not Applicable,Relatively Low,Very Low,Not Applicable,Relatively High
California,CA,Colusa,County,358100,Not Applicable,No Rating,Relatively Moderate,Relatively Moderate,Not Applicable,Not Applicable,Relatively Low,Very Low,Not Applicable,Relatively Low
California,CA,Glenn,County,312930,Not Applicable,No Rating,Relatively Moderate,Relatively Moderate,Not Applicable,Not Applicable,Relatively Low,Very Low,Not Applicable,Relatively Moderate
California,CA,Tehama,County,324970,Not Applicable,No Rating,Relatively Moderate,Relatively Moderate,Not Applicable,Not Applicable,Relatively Low,Very Low,Not Applicable,Relatively High
California,CA,Tuolumne,County,397420,Not Applicable,No Rating,Relatively Low,Relatively Moderate,Not Applicable,Not Applicable,Relatively Low,Very Low,Not Applicable,Relatively High
California,CA,Mendocino,County,500030,Relatively Low,No Rating,Relatively High,Relatively Low,Not Applicable,Not Applicable,Relatively High,Very Low,Relatively Low,Relatively High
California,CA,Del Norte,County,283260,Relatively Low,No Rating,Relatively Moderate,Very Low,Not Applicable,Not Applicable,Relatively Moderate,Very Low,Relatively High,Relatively Low
California,CA,Humboldt,County,446280,Relatively Moderate,No Rating,Relatively High,Very Low,Not Applicable,Not Applicable,Relatively Moderate,Very Low,Relatively Moderate,Relatively Moderate
California,CA,Imperial,County,342360,Not Applicable,No Rating,Relatively High,Relatively High,Very Low,Not Applicable,Relatively Low,Very Low,Not Applicable,Very Low
California,CA,Calaveras,County,422570,Not Applicable,No Rating,Relatively Low,Relatively Moderate,Not Applicable,Not Applicable,Relatively Low,Very Low,Not Applicable,Relatively High
California,CA,San Benito,County,893010,Not Applicable,No Rating,Relatively High,Relatively Low,Not Applicable,Not Applicable,Relatively Low,Very Low,No Rating,Relatively Moderate
California,CA,Shasta,County,411090,Not Applicable,Very Low,Relatively High,Relatively Moderate,Not Applicable,Not Applicable,Relatively Low,Very Low,Not Applicable,Relatively High
California,CA,Lake,County,349880,Not Applicable,No Rating,Relatively Moderate,Relatively Low,Not Applicable,Not Applicable,Relatively Moderate,Very Low,Not Applicable,Relatively High
California,CA,Amador,County,416490,Not Applicable,No Rating,Relatively Low,Relatively Moderate,Not Applicable,Not Applicable,Relatively Low,Very Low,Not Applicable,Relatively High
California,CA,Madera,County,481490,Not Applicable,No Rating,Relatively Moderate,Relatively High,Not Applicable,Not Applicable,Relatively High,Very Low,Not Applicable,Relatively High
California,CA,San Luis Obispo,County,937390,Very Low,No Rating,Relatively Moderate,Relatively Moderate,Not Applicable,Not Applicable,Relatively Moderate,Very Low,Relatively Low,Relatively High
California,CA,Tulare,County,374100,Not Applicable,No Rating,Relatively Moderate,Very High,Not Applicable,Not Applicable,Relatively High,Relatively Low,Not Applicable,Relatively High
California,CA,Nevada,County,685570,Not Applicable,No Rating,Relatively Moderate,Relatively Moderate,Not Applicable,Not Applicable,Relatively Low,Very Low,Not Applicable,Relatively High
California,CA,San Bernardino,County,606950,Not Applicable,No Rating,Very High,Relatively High,Not Applicable,Not Applicable,Relatively High,Relatively Moderate,Not Applicable,Very High
California,CA,Kings,County,384330,Not Applicable,No Rating,Relatively Moderate,Relatively High,Not Applicable,Not Applicable,Relatively Moderate,Very Low,Not Applicable,Relatively Low
California,CA,Kern,County,383180,Not Applicable,No Rating,Relatively High,Relatively High,Not Applicable,Not Applicable,Very High,Very Low,Not Applicable,Relatively High
California,CA,El Dorado,County,764430,Not Applicable,No Rating,Relatively Moderate,Relatively Moderate,Not Applicable,Not Applicable,Relatively Moderate,Very Low,Not Applicable,Relatively High
California,CA,Yuba,County,472590,Not Applicable,No Rating,Relatively Moderate,Relatively Moderate,Not Applicable,Not Applicable,Relatively Low,Very Low,Not Applicable,Relatively Moderate
California,CA,Butte,County,427620,Not Applicable,No Rating,Relatively Moderate,Relatively Moderate,Not Applicable,Not Applicable,Relatively High,Relatively Low,Not Applicable,Relatively High
California,CA,Monterey,County,877380,Relatively Low,No Rating,Relatively High,Relatively Moderate,Not Applicable,Not Applicable,Relatively High,Relatively Low,Relatively Moderate,Relatively High
California,CA,Merced,County,463340,Not Applicable,No Rating,Relatively High,Relatively High,Not Applicable,Not Applicable,Relatively High,Relatively Low,Not Applicable,Relatively Moderate
California,CA,Santa Barbara,County,964030,Relatively Low,No Rating,Relatively High,Relatively Moderate,Not Applicable,Not Applicable,Relatively Moderate,Very Low,Relatively Low,Relatively High
California,CA,Sutter,County,463040,Not Applicable,No Rating,Relatively Moderate,Relatively Moderate,Not Applicable,Not Applicable,Relatively Low,Very Low,Not Applicable,Relatively Low
California,CA,Fresno,County,440130,Not Applicable,No Rating,Relatively High,Relatively High,Not Applicable,Not Applicable,Relatively High,Relatively Low,Not Applicable,Relatively High
California,CA,Napa,County,946580,Relatively Low,No Rating,Relatively High,Relatively Low,Not Applicable,Not Applicable,Relatively High,Very Low,Very Low,Relatively Moderate
California,CA,Yolo,County,671310,Not Applicable,No Rating,Relatively Moderate,Relatively Moderate,Not Applicable,Not Applicable,Very Low,Very Low,Not Applicable,Relatively Low
California,CA,Placer,County,787530,Not Applicable,No Rating,Relatively Moderate,Relatively High,Not Applicable,Not Applicable,Relatively Low,Very Low,Not Applicable,Relatively High
California,CA,Sonoma,County,853750,Relatively Low,No Rating,Relatively High,Relatively Low,Not Applicable,Not Applicable,Relatively High,Very Low,Very Low,Relatively High
California,CA,Riverside,County,646690,Not Applicable,No Rating,Very High,Relatively High,Very Low,Not Applicable,Relatively High,Relatively Moderate,Not Applicable,Very High
California,CA,Stanislaus,County,509510,Not Applicable,No Rating,Relatively High,Relatively Moderate,Not Applicable,Not Applicable,Relatively Low,Relatively Low,Not Applicable,Relatively Moderate
California,CA,Ventura,County,904670,Very Low,No Rating,Relatively High,Relatively Moderate,Not Applicable,Not Applicable,Relatively High,Relatively Low,Relatively Low,Relatively High
California,CA,Marin,County,1584980,Relatively Moderate,No Rating,Relatively High,Relatively Moderate,Not Applicable,Not Applicable,Relatively High,Very Low,Relatively Low,Relatively Moderate
California,CA,Solano,County,668950,Relatively Low,No Rating,Relatively High,Relatively High,Not Applicable,Not Applicable,Relatively Low,Relatively Low,Very Low,Relatively Moderate
California,CA,San Joaquin,County,584170,Not Applicable,No Rating,Relatively High,Relatively High,Not Applicable,Not Applicable,Relatively Low,Relatively Low,Not Applicable,Relatively Low
California,CA,Santa Cruz,County,1128000,Very Low,No Rating,Relatively High,Relatively Low,Not Applicable,Not Applicable,Relatively Moderate,Very Low,Relatively Moderate,Relatively High
California,CA,San Diego,County,1023450,Very Low,No Rating,Relatively High,Relatively High,Very Low,Not Applicable,Relatively High,Relatively Moderate,Relatively Low,Very High
California,CA,Santa Clara,County,1664410,Relatively Low,No Rating,Very High,Relatively High,Not Applicable,Not Applicable,Relatively Moderate,Relatively Low,Very Low,Relatively High
California,CA,Contra Costa,County,941390,Relatively Low,No Rating,Very High,Relatively High,Not Applicable,Not Applicable,Relatively High,Relatively Low,Relatively Moderate,Relatively Moderate
California,CA,Sacramento,County,585720,No Rating,No Rating,Relatively High,Relatively High,Not Applicable,Not Applicable,Relatively Moderate,Relatively Low,No Rating,Relatively Moderate
California,CA,San Mateo,County,1701860,Relatively Moderate,No Rating,Relatively High,Relatively Moderate,Not Applicable,Not Applicable,Relatively Moderate,Relatively Low,Relatively Moderate,Relatively Moderate
California,CA,Alameda,County,1158980,Relatively Low,No Rating,Very High,Relatively Moderate,Not Applicable,Not Applicable,Relatively High,Relatively Moderate,Relatively Moderate,Relatively Moderate
California,CA,Los Angeles,County,948880,Very Low,No Rating,Very High,Relatively High,Not Applicable,Not Applicable,Relatively Moderate,Relatively High,Relatively Moderate,Very High
California,CA,Orange,County,1096420,Very Low,No Rating,Very High,Relatively Moderate,Not Applicable,Not Applicable,Relatively High,Relatively Moderate,Relatively Low,Relatively High
California,CA,San Francisco,County,1575700,Relatively Low,No Rating,Relatively High,Relatively Moderate,Not Applicable,Not Applicable,Relatively Moderate,Relatively Low,Relatively Moderate,Very Low
Colorado,CO,Hinsdale,County,477270,Not Applicable,Very Low,Very Low,No Rating,Not Applicable,Very Low,Very Low,Very Low,Not Applicable,Very Low
Colorado,CO,Kiowa,County,148710,Not Applicable,Relatively Low,Very Low,No Rating,Not Applicable,Very Low,No Rating,Very Low,Not Applicable,Very Low
Colorado,CO,Jackson,County,337020,Not Applicable,Relatively Low,Very Low,No Rating,Not Applicable,Very Low,Very Low,Very Low,Not Applicable,Very Low
Colorado,CO,Cheyenne,County,222000,Not Applicable,Relatively Moderate,Very Low,No Rating,Not Applicable,Very Low,Very Low,Very Low,Not Applicable,Very Low
Colorado,CO,Mineral,County,499540,Not Applicable,Very Low,Very Low,No Rating,Not Applicable,Very Low,Very Low,Very Low,Not Applicable,Very Low
Colorado,CO,Baca,County,166190,Not Applicable,Relatively Low,Very Low,No Rating,Not Applicable,Relatively Low,Very Low,Very Low,Not Applicable,Relatively Low
Colorado,CO,San Juan,County,465150,Not Applicable,No Rating,Very Low,No Rating,Not Applicable,Very Low,Very Low,Very Low,Not Applicable,Very Low
Colorado,CO,Washington,County,243850,Not Applicable,Relatively Moderate,Very Low,No Rating,Not Applicable,Relatively Low,Relatively Low,Relatively Low,Not Applicable,Very Low
Colorado,CO,Saguache,County,226940,Not Applicable,Relatively Moderate,Very Low,No Rating,Not Applicable,Very Low,Very Low,Very Low,Not Applicable,Very Low
Colorado,CO,Rio Blanco,County,310240,Not Applicable,Relatively Low,Very Low,Very Low,Not Applicable,Very Low,Relatively Low,Very Low,Not Applicable,Relatively Moderate
Colorado,CO,Dolores,County,255690,Not Applicable,No Rating,Very Low,Very Low,Not Applicable,Very Low,Very Low,Very Low,Not Applicable,Relatively Low
Colorado,CO,Lincoln,County,231020,Not Applicable,Relatively Low,Very Low,No Rating,Not Applicable,Very Low,Very Low,Relatively Low,Not Applicable,Very Low
Colorado,CO,Costilla,County,173370,Not Applicable,Relatively Low,Very Low,No Rating,Not Applicable,Very Low,Very Low,Very Low,Not Applicable,Relatively Low
Colorado,CO,Moffat,County,284310,Not Applicable,Relatively Low,Very Low,Very Low,Not Applicable,Very Low,Very Low,Very Low,Not Applicable,Relatively Moderate
Colorado,CO,Las Animas,County,236950,Not Applicable,Relatively Low,Very Low,No Rating,Not Applicable,Very Low,Relatively Low,Very Low,Not Applicable,Relatively Moderate
Colorado,CO,Kit Carson,County,227080,Not Applicable,Relatively High,Very Low,No Rating,Not Applicable,Very Low,No Rating,Relatively Low,Not Applicable,Very Low
Colorado,CO,Bent,County,125310,Not Applicable,Relatively Low,Very Low,No Rating,Not Applicable,Very Low,Relatively Low,Very Low,Not Applicable,Relatively Low
Colorado,CO,Yuma,County,259920,Not Applicable,Very High,Very Low,No Rating,Not Applicable,Relatively Low,Very Low,Relatively Low,Not Applicable,Very Low
Colorado,CO,Huerfano,County,272320,Not Applicable,Relatively Low,Very Low,No Rating,Not Applicable,Very Low,Relatively Low,Very Low,Not Applicable,Relatively Low
Colorado,CO,Sedgwick,County,164490,Not Applicable,Relatively Low,Very Low,No Rating,Not Applicable,Very Low,Relatively Low,Relatively Low,Not Applicable,Very Low
Colorado,CO,Gunnison,County,614280,Not Applicable,Relatively Low,Very Low,No Rating,Not Applicable,Very Low,Relatively Low,Very Low,Not Applicable,Very Low
Colorado,CO,Conejos,County,182680,Not Applicable,Relatively Low,Very Low,No Rating,Not Applicable,Very Low,Very Low,Very Low,Not Applicable,Very Low
Colorado,CO,San Miguel,County,675880,Not Applicable,No Rating,Very Low,Very Low,Not Applicable,Very Low,Relatively Low,Very Low,Not Applicable,Relatively Low
Colorado,CO,Custer,County,370290,Not Applicable,Very Low,Very Low,No Rating,Not Applicable,Very Low,Relatively Low,Very Low,Not Applicable,Relatively Low
Colorado,CO,Phillips,County,300800,Not Applicable,Relatively Moderate,Very Low,No Rating,Not Applicable,Relatively Low,Very Low,Relatively Low,Not Applicable,Very Low
Colorado,CO,Prowers,County,152800,Not Applicable,Relatively Moderate,Very Low,No Rating,Not Applicable,Very Low,Relatively Low,Relatively Low,Not Applicable,Relatively Low
Colorado,CO,Crowley,County,100360,Not Applicable,Relatively Low,Very Low,No Rating,Not Applicable,Very Low,Very Low,Very Low,Not Applicable,Very Low
Colorado,CO,Park,County,518900,Not Applicable,Relatively Low,Very Low,No Rating,Not Applicable,Very Low,Very Low,Very Low,Not Applicable,Relatively Moderate
Colorado,CO,Grand,County,528300,Not Applicable,Relatively Low,Very Low,No Rating,Not Applicable,Very Low,Very Low,Relatively Low,Not Applicable,Relatively Low
Colorado,CO,Ouray,County,744240,Not Applicable,Very Low,Very Low,No Rating,Not Applicable,Very Low,Very Low,Very Low,Not Applicable,Relatively Low
Colorado,CO,Archuleta,County,502360,Not Applicable,Very Low,Very Low,No Rating,Not Applicable,Very Low,Very Low,Very Low,Not Applicable,Relatively Moderate
Colorado,CO,Routt,County,804290,Not Applicable,Relatively Low,Very Low,No Rating,Not Applicable,Very Low,Relatively Low,Very Low,Not Applicable,Relatively Low
Colorado,CO,Logan,County,249630,Not Applicable,Relatively High,Very Low,No Rating,Not Applicable,Relatively Moderate,Relatively Moderate,Relatively Moderate,Not Applicable,Very Low
Colorado,CO,Rio Grande,County,254560,Not Applicable,Relatively Moderate,Relatively Low,No Rating,Not Applicable,Very Low,Relatively Low,Very Low,Not Applicable,Very Low
Colorado,CO,Montezuma,County,343220,Not Applicable,No Rating,Very Low,Very Low,Not Applicable,Relatively Low,Very Low,Very Low,Not Applicable,Relatively Moderate
Colorado,CO,Elbert,County,514820,Not Applicable,Relatively Low,Very Low,No Rating,Not Applicable,Relatively Low,Very Low,Relatively Low,Not Applicable,Relatively Low
Colorado,CO,Otero,County,151530,Not Applicable,Relatively Moderate,Very Low,No Rating,Not Applicable,Very Low,Relatively Low,Relatively Low,Not Applicable,Relatively Low
Colorado,CO,Pitkin,County,1029390,Not Applicable,Very Low,Very Low,No Rating,Not Applicable,Relatively Low,Relatively Low,Very Low,Not Applicable,Relatively Low
Colorado,CO,Montrose,County,373390,Not Applicable,Very Low,Very Low,Very Low,Not Applicable,Relatively Low,Relatively Low,Very Low,Not Applicable,Relatively Low
Colorado,CO,Chaffee,County,586510,Not Applicable,Relatively Low,Very Low,No Rating,Not Applicable,Relatively Low,Relatively Low,Very Low,Not Applicable,Relatively Low
Colorado,CO,Lake,County,606390,Not Applicable,Relatively Low,Very Low,No Rating,Not Applicable,Very Low,Very Low,Very Low,Not Applicable,Very Low
Colorado,CO,Garfield,County,540700,Not Applicable,Relatively Moderate,Very Low,Very Low,Not Applicable,Relatively Low,Relatively Low,Very Low,Not Applicable,Relatively Moderate
Colorado,CO,Alamosa,County,226090,Not Applicable,Relatively Moderate,Relatively Low,No Rating,Not Applicable,Very Low,Very Low,Very Low,Not Applicable,Very Low
Colorado,CO,Morgan,County,338010,Not Applicable,Relatively High,Very Low,No Rating,Not Applicable,Relatively Low,Relatively Moderate,Relatively Moderate,Not Applicable,Very Low
Colorado,CO,Clear Creek,County,618010,Not Applicable,Relatively Low,Very Low,No Rating,Not Applicable,Very Low,Very Low,Very Low,Not Applicable,Relatively Moderate
Colorado,CO,Delta,County,378320,Not Applicable,Very Low,Very Low,Very Low,Not Applicable,Relatively Low,Relatively Low,Very Low,Not Applicable,Relatively Low
Colorado,CO,Fremont,County,306580,Not Applicable,Relatively Low,Very Low,No Rating,Not Applicable,Relatively Low,Relatively Moderate,Relatively Low,Not Applicable,Relatively Moderate
Colorado,CO,La Plata,County,370430,Not Applicable,No Rating,Very Low,Very Low,Not Applicable,Very Low,Relatively Low,Very Low,Not Applicable,Relatively High
Colorado,CO,Eagle,County,902670,Not Applicable,Very Low,Very Low,No Rating,Not Applicable,Relatively Low,Relatively Low,Very Low,Not Applicable,Relatively Low
Colorado,CO,Gilpin,County,539480,Not Applicable,Relatively Low,Very Low,No Rating,Not Applicable,Very Low,Very Low,Very Low,Not Applicable,Relatively Low
Colorado,CO,Teller,County,425540,Not Applicable,Relatively Low,Very Low,No Rating,Not Applicable,Very Low,Very Low,Relatively Low,Not Applicable,Relatively Moderate
Colorado,CO,Mesa,County,459320,Not Applicable,Relatively Low,Relatively Low,Relatively Moderate,Not Applicable,Relatively Moderate,Relatively Moderate,Very Low,Not Applicable,Relatively Moderate
Colorado,CO,Summit,County,904790,Not Applicable,Relatively Moderate,Very Low,No Rating,Not Applicable,Relatively Low,Very Low,Very Low,Not Applicable,Very Low
Colorado,CO,Pueblo,County,326260,Not Applicable,Relatively High,Very Low,No Rating,Not Applicable,Relatively Moderate,Relatively Moderate,Relatively Moderate,Not Applicable,Relatively Moderate
Colorado,CO,Weld,County,541830,Not Applicable,Very High,Relatively Low,No Rating,Not Applicable,Relatively Moderate,Relatively High,Relatively High,Not Applicable,Relatively Low
Colorado,CO,Larimer,County,651030,Not Applicable,Very High,Relatively Low,No Rating,Not Applicable,Relatively Moderate,Relatively High,Relatively High,Not Applicable,Relatively Moderate
Colorado,CO,El Paso,County,706380,Not Applicable,Very High,Relatively Low,No Rating,Not Applicable,Relatively High,Relatively Moderate,Relatively High,Not Applicable,Relatively High
Colorado,CO,Douglas,County,826460,Not Applicable,Very High,Very Low,No Rating,Not Applicable,Relatively Moderate,Relatively Low,Relatively High,Not Applicable,Relatively Moderate
Colorado,CO,Adams,County,556660,Not Applicable,Relatively High,Relatively Low,No Rating,Not Applicable,Relatively Moderate,Relatively Low,Relatively High,Not Applicable,Relatively Low
Colorado,CO,Boulder,County,870200,Not Applicable,Relatively High,Relatively Low,No Rating,Not Applicable,Relatively Moderate,Relatively High,Relatively High,Not Applicable,Relatively Moderate
Colorado,CO,Jefferson,County,718700,Not Applicable,Relatively Moderate,Relatively Low,No Rating,Not Applicable,Relatively Moderate,Relatively Moderate,Relatively High,Not Applicable,Relatively High
Colorado,CO,Arapahoe,County,631250,Not Applicable,Relatively High,Relatively Low,No Rating,Not Applicable,Relatively High,Relatively Low,Relatively High,Not Applicable,Very Low
Colorado,CO,Broomfield,County,755410,Not Applicable,Very High,Very Low,No Rating,Not Applicable,Relatively Low,Very Low,Relatively Low,Not Applicable,Relatively Low
Colorado,CO,Denver,County,709920,Not Applicable,Very High,Relatively Low,No Rating,Not Applicable,Very Low,Relatively Low,Relatively High,Not Applicable,Very Low
Connecticut,CT,Litchfield,County,407600,Not Applicable,Relatively Low,Very Low,Relatively Low,Relatively Moderate,Relatively High,Relatively Low,Relatively Low,Not Applicable,Very Low
Connecticut,CT,Windham,County,325560,Not Applicable,Relatively Low,Very Low,Relatively Low,Relatively Moderate,Relatively High,Relatively Low,Relatively Low,Not Applicable,Very Low
Connecticut,CT,Tolland,County,389000,Not Applicable,Relatively Low,Very Low,Relatively Low,Relatively Low,Relatively High,Relatively Low,Relatively Low,Not Applicable,Very Low
Connecticut,CT,New London,County,395890,Relatively Low,Relatively Low,Relatively Low,Relatively Low,Relatively Moderate,Relatively High,Relatively Moderate,Relatively Low,Insufficient Data,Very Low
Connecticut,CT,Middlesex,County,425710,Relatively Moderate,Relatively Low,Very Low,Relatively Low,Relatively Moderate,Relatively High,Relatively Low,Relatively Low,Insufficient Data,Very Low
Connecticut,CT,Hartford,County,370980,Very Low,Relatively Moderate,Relatively Low,Relatively Moderate,Relatively Moderate,Relatively High,Relatively Low,Relatively Moderate,Insufficient Data,Very Low
Connecticut,CT,New Haven,County,392780,Relatively Moderate,Relatively Moderate,Relatively Low,Relatively Low,Relatively High,Relatively High,Relatively Low,Relatively Moderate,Insufficient Data,Very Low
Connecticut,CT,Fairfield,County,650290,Relatively High,Relatively Low,Relatively Low,Relatively Moderate,Relatively High,Very High,Relatively Moderate,Relatively Moderate,Insufficient Data,Very Low
District of Columbia,DC,District of Columbia,,828250,Relatively Low,Relatively Moderate,Relatively Moderate,Relatively High,Relatively Moderate,Relatively Low,Relatively High,Relatively Moderate,Insufficient Data,Very Low
Delaware,DE,Sussex,County,,Relatively High,No Rating,Relatively Low,Relatively High,Relatively Moderate,Relatively Moderate,Relatively Low,Relatively Low,Insufficient Data,Relatively Moderate
Delaware,DE,Kent,County,383560,Relatively Moderate,No Rating,Relatively Low,Relatively Moderate,Relatively Moderate,Relatively Moderate,Relatively Low,Relatively Moderate,Insufficient Data,Relatively Low
Delaware,DE,New Castle,County,373150,Relatively Moderate,No Rating,Relatively Low,Relatively High,Relatively Moderate,Relatively High,Relatively Moderate,Relatively Moderate,Insufficient Data,Relatively Low
Florida,FL,Liberty,County,151060,Very Low,No Rating,Very Low,Relatively Low,Relatively Low,Not Applicable,Relatively Low,Relatively Low,Insufficient Data,Relatively Low
Florida,FL,Glades,County,116420,Very Low,Relatively Moderate,Very Low,No Rating,Relatively Moderate,Not Applicable,Relatively Low,Very Low,Insufficient Data,Relatively Moderate
Florida,FL,Lafayette,County,150910,Very Low,No Rating,Very Low,No Rating,Relatively Low,Not Applicable,Relatively Low,Very Low,Insufficient Data,Relatively Low
Florida,FL,Taylor,County,118190,Relatively Low,No Rating,Very Low,Very Low,Relatively Moderate,Not Applicable,Relatively Low,Relatively Low,Insufficient Data,Relatively Low
Florida,FL,Franklin,County,292530,Relatively Low,No Rating,Very Low,Relatively Low,Relatively Moderate,Not Applicable,Relatively Low,Relatively Low,Insufficient Data,Relatively Low
Florida,FL,Dixie,County,124680,Relatively Moderate,No Rating,Very Low,Very Low,Relatively Low,Not Applicable,Relatively Moderate,Very Low,Insufficient Data,Relatively Low
Florida,FL,Calhoun,County,151940,Very Low,No Rating,Very Low,Relatively Low,Relatively Low,Not Applicable,Relatively Moderate,Relatively Low,Insufficient Data,Relatively Low
Florida,FL,Jefferson,County,217850,Very Low,No Rating,Very Low,Relatively Low,Relatively Low,Not Applicable,Relatively Low,Relatively Low,Insufficient Data,Relatively Low
Florida,FL,Gulf,County,281040,Relatively Low,No Rating,Very Low,Relatively Low,Relatively Moderate,Not Applicable,Relatively Low,Relatively Low,Insufficient Data,Relatively Low
Florida,FL,Madison,County,131160,Not Applicable,No Rating,Very Low,Relatively Low,Relatively Moderate,Not Applicable,Relatively Low,Relatively Low,Not Applicable,Relatively Low
Florida,FL,Hamilton,County,128210,Not Applicable,Relatively Low,Very Low,No Rating,Relatively Moderate,Not Applicable,Very Low,Relatively Low,Not Applicable,Relatively Low
Florida,FL,Hendry,County,172280,Very Low,Relatively High,Very Low,No Rating,Relatively Moderate,Not Applicable,Relatively Low,Relatively Low,Insufficient Data,Relatively High
Florida,FL,Levy,County,191880,Relatively Low,Relatively Moderate,Very Low,No Rating,Relatively Moderate,Not Applicable,Relatively Low,Relatively Low,Insufficient Data,Relatively Moderate
Florida,FL,Hardee,County,148990,Very Low,Relatively Moderate,Very Low,No Rating,Relatively Moderate,Not Applicable,Relatively Low,Relatively Low,Insufficient Data,Relatively Moderate
Florida,FL,Holmes,County,125270,No Rating,No Rating,Very Low,Very Low,Relatively Moderate,Very Low,Relatively Moderate,Relatively Low,Insufficient Data,Very Low
Florida,FL,Washington,County,184070,Very Low,No Rating,Very Low,Very Low,Relatively Moderate,Not Applicable,Relatively Moderate,Relatively Moderate,Insufficient Data,Relatively Low
Florida,FL,Baker,County,256490,No Rating,Relatively Low,Very Low,No Rating,Relatively Low,Not Applicable,Very Low,Relatively Low,Insufficient Data,Relatively Moderate
Florida,FL,Gilchrist,County,209230,Very Low,Relatively Low,Very Low,No Rating,Relatively Low,Not Applicable,Very Low,Relatively Low,Insufficient Data,Relatively Low
Florida,FL,Okeechobee,County,185250,No Rating,Relatively High,Very Low,No Rating,Relatively Moderate,Not Applicable,Relatively Low,Relatively Low,Insufficient Data,Relatively Moderate
Florida,FL,Jackson,County,154450,Not Applicable,No Rating,Very Low,Relatively Low,Relatively Moderate,Very Low,Relatively Moderate,Relatively Low,Not Applicable,Very Low
Florida,FL,DeSoto,County,165940,Very Low,Relatively High,Very Low,No Rating,Relatively Moderate,Not Applicable,Relatively Low,Relatively Low,Insufficient Data,Relatively Moderate
Florida,FL,Wakulla,County,259040,Relatively Low,No Rating,Very Low,Relatively Low,Relatively Low,Not Applicable,Relatively Moderate,Relatively Low,Insufficient Data,Relatively Moderate
Florida,FL,Suwannee,County,174050,Very Low,Relatively Moderate,Very Low,No Rating,Relatively Moderate,Not Applicable,Relatively Low,Relatively Low,Insufficient Data,Relatively Moderate
Florida,FL,Union,County,179790,No Rating,Relatively Low,Very Low,No Rating,Relatively Low,Not Applicable,Very Low,Relatively Low,Insufficient Data,Relatively Low
Florida,FL,Walton,County,575050,Very Low,No Rating,Very Low,Relatively Low,Relatively High,Very Low,Relatively Moderate,Relatively Moderate,Insufficient Data,Relatively Low
Florida,FL,Monroe,County,974720,Relatively Low,Very Low,Very Low,No Rating,Relatively High,Not Applicable,Relatively Moderate,Very Low,Insufficient Data,Very Low
Florida,FL,Gadsden,County,149970,Not Applicable,No Rating,Very Low,Relatively Low,Relatively Moderate,Not Applicable,Relatively Low,Relatively Moderate,Not Applicable,Relatively Low
Florida,FL,Columbia,County,256130,No Rating,Relatively Low,Very Low,No Rating,Relatively Moderate,Not Applicable,Relatively Low,Relatively Low,Insufficient Data,Relatively Moderate
Florida,FL,Bradford,County,187750,No Rating,Relatively Low,Very Low,No Rating,Relatively Moderate,Not Applicable,Relatively Low,Relatively Low,Insufficient Data,Relatively Moderate
Florida,FL,Highlands,County,242430,Not Applicable,Relatively High,Very Low,No Rating,Relatively Moderate,Not Applicable,Relatively Low,Relatively Moderate,Not Applicable,Relatively Moderate
Florida,FL,Putnam,County,168300,Relatively Low,Relatively Low,Very Low,No Rating,Relatively Moderate,Not Applicable,Relatively Low,Relatively Moderate,Insufficient Data,Relatively Moderate
Florida,FL,Nassau,County,469670,Relatively Low,Relatively Low,Relatively Low,Very Low,Relatively Moderate,Very Low,Relatively Low,Relatively Low,Insufficient Data,Relatively Moderate
Florida,FL,Santa Rosa,County,410510,Relatively Low,No Rating,Very Low,Relatively Low,Relatively High,Very Low,Relatively Moderate,Relatively Moderate,Insufficient Data,Relatively Moderate
Florida,FL,Collier,County,666400,Relatively Low,Relatively High,Very Low,No Rating,Very High,Not Applicable,Relatively Moderate,Relatively Low,Insufficient Data,Relatively High
Florida,FL,Okaloosa,County,412820,Very Low,No Rating,Relatively Low,Relatively Low,Relatively High,Very Low,Relatively Low,Relatively High,Insufficient Data,Relatively Low
Florida,FL,Bay,County,339250,Relatively Low,No Rating,Very Low,Relatively Low,Relatively High,Not Applicable,Relatively High,Relatively High,Insufficient Data,Relatively Low
Florida,FL,Sumter,County,476310,Not Applicable,Relatively Low,Very Low,No Rating,Relatively Moderate,Not Applicable,Relatively Low,Relatively Moderate,Not Applicable,Relatively Moderate
Florida,FL,Marion,County,298320,Very Low,Relatively Moderate,Relatively Low,No Rating,Relatively High,Not Applicable,Relatively Moderate,Relatively High,Insufficient Data,Relatively High
Florida,FL,Flagler,County,,Relatively Low,Relatively Low,Very Low,No Rating,Relatively Moderate,Not Applicable,Relatively Low,Relatively Moderate,Insufficient Data,Relatively Moderate
Florida,FL,Citrus,County,304180,Relatively Low,Relatively Low,Very Low,No Rating,Relatively High,Not Applicable,Relatively Moderate,Relatively Moderate,Insufficient Data,Relatively Moderate
Florida,FL,Charlotte,County,400110,Relatively Low,Relatively Low,Very Low,No Rating,Relatively High,Not Applicable,Relatively Moderate,Relatively Low,Insufficient Data,Relatively Moderate
Florida,FL,Martin,County,513490,Relatively Moderate,Relatively High,Very Low,No Rating,Relatively High,Not Applicable,Relatively Low,Relatively Low,Insufficient Data,Relatively Moderate
Florida,FL,Osceola,County,420050,Not Applicable,Very High,Very Low,No Rating,Relatively High,Not Applicable,Relatively Moderate,Relatively High,Not Applicable,Relatively High
Florida,FL,Alachua,County,372180,No Rating,Relatively Low,Relatively Low,No Rating,Relatively High,Not Applicable,Relatively Moderate,Relatively Moderate,Insufficient Data,Relatively High
Florida,FL,Indian River,County,424130,Relatively Moderate,Relatively High,Very Low,No Rating,Relatively High,Not Applicable,Relatively Moderate,Relatively Low,Insufficient Data,Relatively Moderate
Florida,FL,Clay,County,395680,Relatively Low,Relatively Low,Relatively Low,No Rating,Relatively Moderate,Not Applicable,Relatively Moderate,Relatively Moderate,Insufficient Data,Relatively Moderate
Florida,FL,Polk,County,323610,Not Applicable,Very High,Relatively Low,No Rating,Relatively High,Not Applicable,Relatively High,Relatively High,Not Applicable,Relatively High
Florida,FL,Lake,County,381160,Very Low,Relatively Moderate,Very Low,No Rating,Relatively High,Not Applicable,Relatively Low,Relatively High,Insufficient Data,Relatively High
Florida,FL,Hernando,County,343270,Relatively Low,Relatively Low,Very Low,No Rating,Relatively High,Not Applicable,Relatively Moderate,Relatively Moderate,Insufficient Data,Relatively Moderate
Florida,FL,Leon,County,353760,Very Low,No Rating,Relatively Low,Relatively Moderate,Relatively High,Not Applicable,Relatively Moderate,Relatively High,Insufficient Data,Relatively Moderate
Florida,FL,St. Johns,County,599480,Relatively Moderate,Relatively Low,Relatively Low,No Rating,Relatively High,Not Applicable,Relatively Moderate,Relatively Moderate,Insufficient Data,Relatively Moderate
Florida,FL,Escambia,County,311430,Relatively Low,No Rating,Relatively Low,Relatively Moderate,Relatively High,Very Low,Relatively High,Relatively Moderate,Insufficient Data,Relatively Low
Florida,FL,Volusia,County,365730,Relatively Moderate,Relatively High,Relatively Low,No Rating,Relatively High,Not Applicable,Relatively High,Relatively High,Insufficient Data,Relatively High
Florida,FL,Manatee,County,488170,Relatively Moderate,Relatively High,Very Low,No Rating,Very High,Not Applicable,Relatively Moderate,Relatively High,Insufficient Data,Relatively Moderate
Florida,FL,St. Lucie,County,412040,Relatively Moderate,Very High,Very Low,No Rating,Very High,Not Applicable,Relatively Moderate,Relatively Moderate,Insufficient Data,Relatively Moderate
Florida,FL,Brevard,County,402940,Relatively Moderate,Very High,Relatively Low,No Rating,Very High,Not Applicable,Relatively Moderate,Relatively High,Insufficient Data,Relatively High
Florida,FL,Pasco,County,363680,Relatively Low,Very High,Very Low,No Rating,Very High,Not Applicable,Relatively Moderate,Relatively High,Insufficient Data,Relatively High
Florida,FL,Palm Beach,County,586430,Relatively Low,Relatively High,Very Low,No Rating,Very High,Not Applicable,Relatively High,Relatively High,Insufficient Data,Relatively High
Florida,FL,Sarasota,County,521010,Relatively Low,Relatively High,Very Low,No Rating,Very High,Not Applicable,Relatively Low,Relatively Moderate,Insufficient Data,Relatively Moderate
Florida,FL,Lee,County,437540,Relatively Low,Relatively Moderate,Very Low,No Rating,Very High,Not Applicable,Relatively High,Relatively Moderate,Insufficient Data,Relatively High
Florida,FL,Duval,County,367550,Relatively Moderate,Relatively Moderate,Relatively Low,No Rating,Relatively High,Very Low,Relatively High,Relatively Moderate,Insufficient Data,Relatively Moderate
Florida,FL,Miami-Dade,County,605330,Relatively Moderate,Relatively High,Very Low,No Rating,Very High,Not Applicable,Very High,Relatively High,Insufficient Data,Relatively High
Florida,FL,Hillsborough,County,464180,Relatively Low,Relatively High,Relatively Low,No Rating,Very High,Not Applicable,Relatively Moderate,Very High,Insufficient Data,Relatively High
Florida,FL,Seminole,County,483080,No Rating,Very High,Relatively Low,No Rating,Relatively High,Not Applicable,Very Low,Relatively High,Insufficient Data,Relatively Moderate
Florida,FL,Orange,County,472180,No Rating,Very High,Relatively Low,No Rating,Relatively High,Not Applicable,Relatively Moderate,Very High,Insufficient Data,Relatively High
Florida,FL,Broward,County,559120,Relatively Low,Relatively Moderate,Very Low,No Rating,Very High,Not Applicable,Relatively Moderate,Relatively High,Insufficient Data,Relatively High
Florida,FL,Pinellas,County,451810,Relatively Moderate,Relatively Moderate,Relatively Low,No Rating,Very High,Not Applicable,Relatively Low,Relatively High,Insufficient Data,Relatively Low
Georgia,GA,Taliaferro,County,96870,Not Applicable,No Rating,Very Low,Very Low,Very Low,Relatively Low,Very Low,Very Low,Not Applicable,Very Low
Georgia,GA,Clinch,County,106060,Not Applicable,Relatively Low,Very Low,Relatively Low,Relatively Low,Very Low,Very Low,Relatively Low,Not Applicable,Very Low
Georgia,GA,Baker,County,141090,Not Applicable,No Rating,Very Low,Very Low,Relatively Low,Very Low,Relatively Low,Very Low,Not Applicable,Very Low
Georgia,GA,Echols,County,106860,Not Applicable,Relatively Low,Very Low,Very Low,Very Low,Very Low,Very Low,Very Low,Not Applicable,Very Low
Georgia,GA,Webster,County,108290,Not Applicable,No Rating,Very Low,Relatively Low,Very Low,Very Low,Very Low,Very Low,Not Applicable,Very Low
Georgia,GA,Stewart,County,71800,Not Applicable,No Rating,Very Low,Relatively Low,Very Low,Very Low,Very Low,Relatively Low,Not Applicable,Very Low
Georgia,GA,Clay,County,90340,Not Applicable,No Rating,Very Low,Very Low,Relatively Low,Very Low,Very Low,Relatively Low,Not Applicable,Very Low
Georgia,GA,Talbot,County,147160,Not Applicable,No Rating,Very Low,Very Low,Very Low,Relatively Low,Very Low,Very Low,Not Applicable,Very Low
Georgia,GA,Quitman,County,88410,Not Applicable,No Rating,Very Low,Very Low,Very Low,Very Low,Very Low,Very Low,Not Applicable,Very Low
Georgia,GA,Randolph,County,117640,Not Applicable,No Rating,Very Low,Relatively Low,Relatively Low,Very Low,Very Low,Relatively Low,Not Applicable,Very Low
Georgia,GA,Charlton,County,141820,Very Low,Relatively Low,Very Low,Relatively Low,Relatively Low,Very Low,Very Low,Very Low,Insufficient Data,Relatively Low
Georgia,GA,Warren,County,104580,Not Applicable,No Rating,Very Low,Relatively Low,Very Low,Very Low,Very Low,Very Low,Not Applicable,Very Low
Georgia,GA,Hancock,County,123870,Not Applicable,No Rating,Very Low,Relatively Low,Very Low,Relatively Low,Very Low,Very Low,Not Applicable,Very Low
Georgia,GA,Wilkinson,County,114220,Not Applicable,No Rating,Very Low,Relatively Low,Very Low,Relatively Low,Very Low,Very Low,Not Applicable,Very Low
Georgia,GA,Calhoun,County,85740,Not Applicable,No Rating,Very Low,Relatively Low,Relatively Low,Very Low,Relatively Low,Relatively Low,Not Applicable,Very Low
Georgia,GA,Glascock,County,148640,Not Applicable,No Rating,Very Low,Very Low,Very Low,Relatively Low,Very Low,Very Low,Not Applicable,Very Low
Georgia,GA,Wilkes,County,118380,Not Applicable,No Rating,Very Low,Relatively Low,Relatively Low,Relatively Moderate,Very Low,Very Low,Not Applicable,Very Low
Georgia,GA,Marion,County,228510,Not Applicable,No Rating,Very Low,Relatively Low,Very Low,Very Low,Very Low,Very Low,Not Applicable,Very Low
Georgia,GA,Taylor,County,129500,Not Applicable,No Rating,Very Low,Relatively Low,Very Low,Relatively Low,Very Low,Relatively Low,Not Applicable,Very Low
Georgia,GA,Early,County,175930,Not Applicable,No Rating,Very Low,Relatively Low,Relatively Low,Very Low,Relatively Low,Relatively Low,Not Applicable,Very Low
Georgia,GA,Miller,County,157390,Not Applicable,No Rating,Very Low,Relatively Low,Relatively Low,Very Low,Relatively Low,Relatively Low,Not Applicable,Very Low
Georgia,GA,Screven,County,147160,No Rating,No Rating,Relatively Low,Relatively Low,Relatively Low,Relatively Low,Very Low,Relatively Low,Insufficient Data,Very Low
Georgia,GA,Twiggs,County,98970,Not Applicable,No Rating,Very Low,Relatively Low,Very Low,Relatively Low,Very Low,Very Low,Not Applicable,Very Low
Georgia,GA,Wilcox,County,94050,Not Applicable,No Rating,Very Low,Relatively Low,Relatively Low,Very Low,Very Low,Relatively Low,Not Applicable,Very Low
Georgia,GA,Atkinson,County,92570,Not Applicable,Relatively Low,Very Low,Relatively Low,Relatively Low,Very Low,Very Low,Relatively Low,Not Applicable,Very Low
Georgia,GA,Jenkins,County,113630,Not Applicable,No Rating,Very Low,Relatively Low,Relatively Low,Very Low,Very Low,Relatively Low,Not Applicable,Very Low
Georgia,GA,Wheeler,County,100280,Not Applicable,No Rating,Very Low,Relatively Low,Relatively Low,Very Low,Very Low,Very Low,Not Applicable,Very Low
Georgia,GA,McIntosh,County,235460,Relatively Low,No Rating,Very Low,Relatively Low,Relatively Moderate,Very Low,Very Low,Very Low,Insufficient Data,Relatively Moderate
Georgia,GA,Irwin,County,126540,Not Applicable,No Rating,Very Low,Relatively Low,Relatively Low,Very Low,Very Low,Relatively Low,Not Applicable,Very Low
Georgia,GA,Terrell,County,127560,Not Applicable,No Rating,Very Low,Relatively Low,Relatively Low,Very Low,Very Low,Relatively Low,Not Applicable,Very Low
Georgia,GA,Schley,County,196410,Not Applicable,No Rating,Very Low,Relatively Low,Very Low,Very Low,Very Low,Very Low,Not Applicable,Very Low
Georgia,GA,Telfair,County,102500,Not Applicable,No Rating,Very Low,Relatively Low,Relatively Low,Very Low,Very Low,Relatively Low,Not Applicable,Very Low
Georgia,GA,Dooly,County,118970,Not Applicable,No Rating,Very Low,Relatively Low,Relatively Low,Very Low,Very Low,Relatively Low,Not Applicable,Very Low
Georgia,GA,Washington,County,145970,Not Applicable,No Rating,Relatively Low,Relatively Low,Relatively Low,Relatively Moderate,Very Low,Relatively Low,Not Applicable,Very Low
Georgia,GA,Burke,County,122090,Not Applicable,No Rating,Relatively Low,Relatively Low,Relatively Low,Relatively High,Very Low,Relatively Low,Not Applicable,Very Low
Georgia,GA,Jefferson,County,131730,Not Applicable,No Rating,Relatively Low,Relatively Low,Relatively Low,Relatively Moderate,Very Low,Relatively Low,Not Applicable,Very Low
Georgia,GA,Macon,County,133980,Not Applicable,No Rating,Very Low,Relatively Low,Relatively Low,Very Low,Very Low,Relatively Low,Not Applicable,Very Low
Georgia,GA,Johnson,County,113330,Not Applicable,No Rating,Very Low,Relatively Low,Relatively Low,Relatively Low,Very Low,Very Low,Not Applicable,Very Low
Georgia,GA,Turner,County,113780,Not Applicable,No Rating,Very Low,Relatively Low,Relatively Low,Very Low,Very Low,Relatively Low,Not Applicable,Very Low
Georgia,GA,Treutlen,County,112590,Not Applicable,No Rating,Very Low,Relatively Low,Relatively Low,Relatively Low,Very Low,Very Low,Not Applicable,Very Low
Georgia,GA,Brooks,County,145180,Not Applicable,No Rating,Very Low,Relatively Low,Relatively Low,Very Low,Relatively Low,Relatively Low,Not Applicable,Very Low
Georgia,GA,Emanuel,County,114370,Not Applicable,No Rating,Relatively Low,Relatively Low,Relatively Low,Relatively Low,Very Low,Relatively Low,Not Applicable,Very Low
Georgia,GA,Oglethorpe,County,219630,Not Applicable,No Rating,Very Low,Relatively Low,Very Low,Relatively Moderate,Very Low,Relatively Low,Not Applicable,Very Low
Georgia,GA,Montgomery,County,138700,Not Applicable,No Rating,Very Low,Relatively Low,Relatively Low,Very Low,Very Low,Relatively Low,Not Applicable,Very Low
Georgia,GA,Appling,County,123420,Not Applicable,Relatively Moderate,Very Low,Relatively Low,Relatively Moderate,Very Low,Very Low,Relatively Low,Not Applicable,Very Low
Georgia,GA,Worth,County,129340,Not Applicable,No Rating,Very Low,Relatively Low,Relatively Low,Very Low,Relatively Low,Relatively Low,Not Applicable,Very Low
Georgia,GA,Pulaski,County,155610,Not Applicable,No Rating,Very Low,Relatively Low,Relatively Low,Very Low,Very Low,Very Low,Not Applicable,Very Low
Georgia,GA,Lincoln,County,213460,Not Applicable,No Rating,Very Low,Very Low,Very Low,Relatively Moderate,Very Low,Relatively Low,Not Applicable,Very Low
Georgia,GA,Crawford,County,197800,Not Applicable,No Rating,Very Low,Relatively Low,Very Low,Relatively Low,Very Low,Very Low,Not Applicable,Very Low
Georgia,GA,Chattahoochee,County,155100,Not Applicable,No Rating,Very Low,Relatively Low,Very Low,Very Low,Very Low,Very Low,Not Applicable,Very Low
Georgia,GA,Seminole,County,140330,Not Applicable,No Rating,Very Low,Relatively Low,Relatively Low,Very Low,Relatively Low,Relatively Low,Not Applicable,Very Low
Georgia,GA,Heard,County,171000,Not Applicable,No Rating,Very Low,No Rating,Very Low,Relatively Low,Very Low,Relatively Low,Not Applicable,Very Low
Georgia,GA,Bacon,County,130840,Not Applicable,Relatively Low,Very Low,Relatively Low,Relatively Low,Very Low,Very Low,Relatively Low,Not Applicable,Relatively Low
Georgia,GA,Jasper,County,226330,Not Applicable,No Rating,Very Low,Relatively Low,Very Low,Very Low,Very Low,Relatively Low,Not Applicable,Very Low
Georgia,GA,Dodge,County,141520,Not Applicable,No Rating,Very Low,Relatively Moderate,Relatively Low,Very Low,Very Low,Relatively Low,Not Applicable,Very Low
Georgia,GA,Berrien,County,153830,Not Applicable,No Rating,Very Low,Relatively Low,Relatively Low,Very Low,Very Low,Relatively Low,Not Applicable,Very Low
Georgia,GA,Long,County,210310,Very Low,No Rating,Very Low,Relatively Low,Relatively Low,Very Low,Very Low,Relatively Low,Insufficient Data,Relatively Low
Georgia,GA,Ware,County,130100,Not Applicable,Relatively Low,Very Low,Relatively Low,Relatively Moderate,Very Low,Very Low,Relatively Low,Not Applicable,Relatively Low
Georgia,GA,Brantley,County,126010,Very Low,Relatively Low,Very Low,Relatively Low,Relatively Low,Very Low,Very Low,Relatively Low,Insufficient Data,Relatively Low
Georgia,GA,Meriwether,County,165110,Not Applicable,No Rating,Very Low,No Rating,Very Low,Very Low,Very Low,Relatively Low,Not Applicable,Very Low
Georgia,GA,Mitchell,County,131730,Not Applicable,No Rating,Very Low,Relatively Low,Relatively Low,Very Low,Relatively Low,Relatively Moderate,Not Applicable,Very Low
Georgia,GA,Jeff Davis,County,132770,Not Applicable,Relatively Low,Very Low,Relatively Low,Relatively Low,Very Low,Very Low,Relatively Low,Not Applicable,Very Low
Georgia,GA,Candler,County,140480,Not Applicable,No Rating,Very Low,Relatively Low,Relatively Low,Very Low,Very Low,Relatively Low,Not Applicable,Very Low
Georgia,GA,Rabun,County,283040,Not Applicable,Relatively Low,Very Low,No Rating,Very Low,Relatively Low,Relatively Low,Relatively Low,Not Applicable,Very Low
Georgia,GA,Wayne,County,180530,Very Low,Relatively Low,Relatively Low,Relatively Low,Relatively Moderate,Very Low,Very Low,Relatively Low,Insufficient Data,Relatively Low
Georgia,GA,Tattnall,County,138850,Not Applicable,No Rating,Relatively Low,Relatively Low,Relatively Moderate,Very Low,Very Low,Relatively Low,Not Applicable,Relatively Low
Georgia,GA,Greene,County,371890,Not Applicable,No Rating,Very Low,Relatively Low,Relatively Low,Relatively High,Very Low,Relatively Low,Not Applicable,Very Low
Georgia,GA,Decatur,County,179350,Not Applicable,No Rating,Very Low,Relatively Low,Relatively Moderate,Very Low,Relatively Low,Relatively Moderate,Not Applicable,Relatively Low
Georgia,GA,Lanier,County,172780,Not Applicable,No Rating,Very Low,Very Low,Relatively Low,Very Low,Very Low,Relatively Low,Not Applicable,Very Low
Georgia,GA,Elbert,County,136480,Not Applicable,No Rating,Relatively Low,Relatively Low,Relatively Low,Relatively Moderate,Very Low,Relatively Low,Not Applicable,Very Low
Georgia,GA,Grady,County,191360,Not Applicable,No Rating,Very Low,Relatively Low,Relatively Moderate,Very Low,Very Low,Relatively Moderate,Not Applicable,Relatively Low
Georgia,GA,Morgan,County,356470,Not Applicable,No Rating,Very Low,Relatively Low,Very Low,Relatively High,Very Low,Relatively Low,Not Applicable,Very Low
Georgia,GA,Pierce,County,153090,Not Applicable,Relatively Low,Very Low,Relatively Low,Relatively Moderate,Very Low,Very Low,Relatively Low,Not Applicable,Relatively Low
Georgia,GA,Bleckley,County,157980,Not Applicable,No Rating,Very Low,Relatively Low,Relatively Low,Relatively Low,Very Low,Very Low,Not Applicable,Very Low
Georgia,GA,Evans,County,164220,Not Applicable,No Rating,Very Low,Relatively Low,Relatively Moderate,Very Low,Very Low,Relatively Low,Not Applicable,Very Low
Georgia,GA,Sumter,County,173410,Not Applicable,No Rating,Very Low,Relatively Moderate,Relatively Low,Very Low,Very Low,Relatively Low,Not Applicable,Very Low
Georgia,GA,Laurens,County,162430,Not Applicable,No Rating,Relatively Low,Relatively Moderate,Relatively Low,Very Low,Very Low,Relatively Low,Not Applicable,Very Low
Georgia,GA,Putnam,County,257670,Not Applicable,No Rating,Very Low,Relatively Low,Relatively Low,Relatively Moderate,Very Low,Relatively Low,Not Applicable,Very Low
Georgia,GA,Fannin,County,322790,Not Applicable,Relatively Moderate,Relatively Low,No Rating,Very Low,Relatively Moderate,Relatively Low,Relatively Low,Not Applicable,Very Low
Georgia,GA,Ben Hill,County,127720,Not Applicable,No Rating,Very Low,Relatively Low,Relatively Low,Very Low,Relatively Low,Relatively Low,Not Applicable,Very Low
Georgia,GA,Monroe,County,242070,Not Applicable,No Rating,Very Low,Relatively Low,Very Low,Very Low,Very Low,Relatively Low,Not Applicable,Very Low
Georgia,GA,Jones,County,193200,Not Applicable,No Rating,Very Low,Relatively Low,Very Low,Very Low,Very Low,Relatively Low,Not Applicable,Very Low
Georgia,GA,Coffee,County,160060,Not Applicable,Relatively Moderate,Relatively Low,Relatively Low,Relatively Moderate,Very Low,Very Low,Relatively Moderate,Not Applicable,Relatively Low
Georgia,GA,Gilmer,County,321310,Not Applicable,Relatively High,Relatively Low,No Rating,Very Low,Relatively Moderate,Relatively Moderate,Relatively Moderate,Not Applicable,Very Low
Georgia,GA,Crisp,County,144340,Not Applicable,No Rating,Very Low,Relatively Moderate,Relatively Low,Very Low,Relatively Low,Relatively Moderate,Not Applicable,Very Low
Georgia,GA,Toombs,County,152200,Not Applicable,No Rating,Relatively Low,Relatively Low,Relatively Low,Very Low,Very Low,Relatively Low,Not Applicable,Very Low
Georgia,GA,Harris,County,331050,Not Applicable,No Rating,Very Low,Relatively Low,Very Low,Relatively Moderate,Very Low,Relatively Low,Not Applicable,Very Low
Georgia,GA,Towns,County,360470,Not Applicable,Relatively Low,Very Low,No Rating,Very Low,Relatively Moderate,Very Low,Relatively Low,Not Applicable,Very Low
Georgia,GA,Cook,County,162580,Not Applicable,No Rating,Very Low,Relatively Low,Relatively Low,Very Low,Relatively Low,Relatively Low,Not Applicable,Very Low
Georgia,GA,Union,County,320120,Not Applicable,Relatively Moderate,Very Low,No Rating,Very Low,Relatively Moderate,Very Low,Relatively Low,Not Applicable,Very Low
Georgia,GA,Banks,County,261530,Not Applicable,No Rating,Very Low,No Rating,Very Low,Relatively Moderate,Very Low,Relatively Low,Not Applicable,Very Low
Georgia,GA,Chattooga,County,108730,Not Applicable,Relatively Moderate,Relatively Low,No Rating,Very Low,Relatively Low,Relatively Moderate,Relatively Moderate,Not Applicable,Very Low
Georgia,GA,Colquitt,County,143450,Not Applicable,No Rating,Very Low,Relatively Low,Relatively Moderate,Very Low,Relatively Low,Relatively Moderate,Not Applicable,Very Low
Georgia,GA,McDuffie,County,99980,Not Applicable,No Rating,Relatively Low,Relatively Low,Very Low,Relatively Moderate,Very Low,Relatively Low,Not Applicable,Very Low
Georgia,GA,Thomas,County,235720,Not Applicable,No Rating,Very Low,Relatively Low,Relatively Moderate,Very Low,Relatively Low,Relatively Low,Not Applicable,Relatively Low
Georgia,GA,Upson,County,170740,Not Applicable,No Rating,Very Low,Relatively Low,Relatively Low,Very Low,Very Low,Relatively Low,Not Applicable,Very Low
Georgia,GA,Camden,County,270720,Relatively Low,Relatively Low,Very Low,Relatively Low,Relatively Moderate,Very Low,Relatively Low,Relatively Low,Insufficient Data,Relatively Moderate
Georgia,GA,Pike,County,297560,Not Applicable,No Rating,Very Low,Very Low,Very Low,Very Low,Very Low,Very Low,Not Applicable,Very Low
Georgia,GA,Franklin,County,193880,Not Applicable,No Rating,Relatively Low,No Rating,Very Low,Relatively Moderate,Very Low,Relatively Low,Not Applicable,Very Low
Georgia,GA,Lee,County,244040,Not Applicable,No Rating,Very Low,Relatively Low,Relatively Low,Very Low,Relatively Low,Relatively Moderate,Not Applicable,Very Low
Georgia,GA,Dade,County,201900,Not Applicable,Relatively Low,Very Low,No Rating,Very Low,Relatively Low,Relatively Low,Relatively Moderate,Not Applicable,Very Low
Georgia,GA,Lamar,County,230750,Not Applicable,No Rating,Very Low,Relatively Low,Very Low,Very Low,Very Low,Relatively Low,Not Applicable,Very Low
Georgia,GA,Bryan,County,387500,Relatively Low,No Rating,Relatively Low,Relatively Low,Relatively Moderate,Relatively Low,Relatively Low,Relatively Low,Insufficient Data,Relatively Moderate
Georgia,GA,Haralson,County,226040,Not Applicable,No Rating,Very Low,No Rating,Very Low,Relatively Moderate,Very Low,Relatively Low,Not Applicable,Very Low
Georgia,GA,Madison,County,164810,Not Applicable,No Rating,Very Low,Relatively Low,Relatively Low,Relatively Moderate,Very Low,Relatively Low,Not Applicable,Very Low
Georgia,GA,Hart,County,233790,Not Applicable,No Rating,Relatively Low,No Rating,Relatively Low,Relatively Moderate,Very Low,Relatively Low,Not Applicable,Very Low
Georgia,GA,Murray,County,192120,Not Applicable,Relatively High,Relatively Low,No Rating,Very Low,Relatively Moderate,Relatively Low,Relatively Moderate,Not Applicable,Very Low
Georgia,GA,White,County,295050,Not Applicable,Relatively Moderate,Very Low,No Rating,Very Low,Relatively Moderate,Relatively Low,Relatively Low,Not Applicable,Very Low
Georgia,GA,Lumpkin,County,321160,Not Applicable,Relatively Moderate,Very Low,No Rating,Very Low,Relatively High,Very Low,Relatively Low,Not Applicable,Very Low
Georgia,GA,Bulloch,County,253810,Not Applicable,No Rating,Relatively Low,Relatively Moderate,Relatively Moderate,Relatively Low,Relatively Low,Relatively Moderate,Not Applicable,Relatively Low
Georgia,GA,Liberty,County,248100,Very Low,No Rating,Relatively Low,Relatively Moderate,Relatively High,Relatively Low,Relatively Low,Relatively Low,Insufficient Data,Relatively Moderate
Georgia,GA,Dawson,County,391450,Not Applicable,Relatively Moderate,Very Low,No Rating,Very Low,Relatively Moderate,Very Low,Relatively Low,Not Applicable,Very Low
Georgia,GA,Effingham,County,360000,Very Low,No Rating,Relatively Low,Relatively Moderate,Relatively Moderate,Relatively Low,Very Low,Relatively Low,Insufficient Data,Relatively Low
Georgia,GA,Polk,County,196410,Not Applicable,No Rating,Relatively Low,No Rating,Very Low,Relatively Moderate,Relatively Low,Relatively Moderate,Not Applicable,Very Low
Georgia,GA,Butts,County,248110,Not Applicable,No Rating,Very Low,Relatively Low,Very Low,Very Low,Very Low,Relatively Low,Not Applicable,Very Low
Georgia,GA,Pickens,County,323900,Not Applicable,Relatively Moderate,Very Low,No Rating,Very Low,Relatively Moderate,Very Low,Relatively Low,Not Applicable,Very Low
Georgia,GA,Stephens,County,188690,Not Applicable,No Rating,Relatively Low,No Rating,Very Low,Relatively Moderate,Relatively Low,Relatively Low,Not Applicable,Very Low
Georgia,GA,Walker,County,224300,Not Applicable,Relatively Moderate,Relatively Low,No Rating,Very Low,Relatively Moderate,Relatively Low,Relatively High,Not Applicable,Very Low
Georgia,GA,Tift,County,194920,Not Applicable,No Rating,Very Low,Relatively Low,Relatively Moderate,Very Low,Very Low,Relatively Moderate,Not Applicable,Very Low
Georgia,GA,Gordon,County,230820,Not Applicable,Relatively Moderate,Relatively Low,No Rating,Very Low,Relatively Moderate,Relatively Moderate,Relatively Moderate,Not Applicable,Very Low
Georgia,GA,Habersham,County,237790,Not Applicable,No Rating,Relatively Low,No Rating,Very Low,Relatively Moderate,Relatively Low,Relatively Low,Not Applicable,Very Low
Georgia,GA,Troup,County,242840,Not Applicable,No Rating,Relatively Low,No Rating,Relatively Low,Relatively High,Relatively Moderate,Relatively Moderate,Not Applicable,Very Low
Georgia,GA,Baldwin,County,192990,Not Applicable,No Rating,Relatively Low,Relatively Low,Relatively Low,Relatively Moderate,Very Low,Relatively Low,Not Applicable,Very Low
Georgia,GA,Peach,County,218950,Not Applicable,No Rating,Very Low,Relatively Low,Relatively Low,Relatively Moderate,Very Low,Relatively Low,Not Applicable,Very Low
Georgia,GA,Floyd,County,280110,Not Applicable,Relatively Low,Relatively Low,No Rating,Very Low,Relatively Moderate,Relatively Low,Relatively High,Not Applicable,Very Low
Georgia,GA,Glynn,County,368200,Relatively Low,Relatively Low,Relatively Low,Relatively Moderate,Relatively Moderate,Relatively Low,Relatively Low,Relatively Low,Insufficient Data,Relatively Moderate
Georgia,GA,Jackson,County,451410,Not Applicable,No Rating,Relatively Low,Relatively Low,Relatively Low,Relatively Moderate,Very Low,Relatively Moderate,Not Applicable,Very Low
Georgia,GA,Oconee,County,497000,Not Applicable,No Rating,Very Low,Relatively Low,Very Low,Relatively Moderate,Very Low,Relatively Low,Not Applicable,Very Low
Georgia,GA,Bartow,County,328310,Not Applicable,Relatively Moderate,Relatively Low,No Rating,Very Low,Relatively Moderate,Relatively Low,Relatively Moderate,Not Applicable,Very Low
Georgia,GA,Lowndes,County,238020,Not Applicable,No Rating,Relatively Low,Relatively Low,Relatively Moderate,Very Low,Relatively Low,Relatively Moderate,Not Applicable,Relatively Low
Georgia,GA,Carroll,County,311390,Not Applicable,No Rating,Relatively Low,No Rating,Relatively Low,Relatively Moderate,Relatively Moderate,Relatively High,Not Applicable,Relatively Low
Georgia,GA,Dougherty,County,149300,Not Applicable,No Rating,Relatively Low,Relatively Moderate,Relatively Moderate,Very Low,Relatively Moderate,Relatively Moderate,Not Applicable,Very Low
Georgia,GA,Walton,County,403810,Not Applicable,No Rating,Relatively Low,Relatively Low,Very Low,Relatively Moderate,Very Low,Relatively Moderate,Not Applicable,Very Low
Georgia,GA,Coweta,County,432360,Not Applicable,No Rating,Relatively Low,No Rating,Relatively Low,Relatively Moderate,Very Low,Relatively Moderate,Not Applicable,Very Low
Georgia,GA,Spalding,County,255910,Not Applicable,No Rating,Relatively Low,Relatively Low,Relatively Low,Relatively Low,Very Low,Relatively Low,Not Applicable,Very Low
Georgia,GA,Whitfield,County,252430,Not Applicable,Relatively Moderate,Relatively Low,No Rating,Very Low,Relatively Moderate,Relatively Low,Relatively High,Not Applicable,Very Low
Georgia,GA,Newton,County,290050,Not Applicable,No Rating,Relatively Low,Relatively Low,Relatively Low,Relatively Moderate,Very Low,Relatively Moderate,Not Applicable,Very Low
Georgia,GA,Catoosa,County,344680,Not Applicable,Relatively Moderate,Relatively Low,No Rating,Very Low,Relatively Moderate,Relatively Low,Relatively Moderate,Not Applicable,Very Low
Georgia,GA,Houston,County,245640,Not Applicable,No Rating,Relatively Low,Relatively Moderate,Relatively Low,Relatively High,Relatively Low,Relatively Moderate,Not Applicable,Very Low
Georgia,GA,Hall,County,425390,Not Applicable,No Rating,Relatively Low,No Rating,Relatively Low,Relatively Moderate,Relatively Low,Relatively High,Not Applicable,Very Low
Georgia,GA,Barrow,County,343620,Not Applicable,No Rating,Relatively Low,Relatively Moderate,Very Low,Relatively Moderate,Very Low,Relatively Moderate,Not Applicable,Very Low
Georgia,GA,Columbia,County,358430,Not Applicable,No Rating,Relatively Low,Relatively Moderate,Relatively Low,Very High,Very Low,Relatively Moderate,Not Applicable,Very Low
Georgia,GA,Paulding,County,381590,Not Applicable,No Rating,Relatively Low,No Rating,Very Low,Relatively Moderate,Very Low,Relatively Moderate,Not Applicable,Very Low
Georgia,GA,Fayette,County,533460,Not Applicable,No Rating,Relatively Low,No Rating,Relatively Low,Relatively Moderate,Relatively Low,Relatively Moderate,Not Applicable,Very Low
Georgia,GA,Bibb,County,210940,Not Applicable,No Rating,Relatively Low,Relatively Moderate,Relatively Low,Relatively High,Relatively Low,Relatively Moderate,Not Applicable,Very Low
Georgia,GA,Cherokee,County,527270,Not Applicable,Relatively Moderate,Relatively Low,No Rating,Relatively Low,Relatively Moderate,Relatively Moderate,Relatively High,Not Applicable,Very Low
Georgia,GA,Richmond,County,178610,Not Applicable,No Rating,Relatively Low,Relatively Moderate,Relatively Moderate,Very High,Relatively Low,Relatively High,Not Applicable,Very Low
Georgia,GA,Chatham,County,376050,Relatively Low,No Rating,Relatively Moderate,Relatively Moderate,Very High,Relatively Moderate,Relatively Low,Relatively Moderate,Insufficient Data,Relatively Moderate
Georgia,GA,Rockdale,County,339200,Not Applicable,No Rating,Relatively Low,Relatively Low,Relatively Low,Relatively Moderate,Very Low,Relatively Moderate,Not Applicable,Very Low
Georgia,GA,Douglas,County,357450,Not Applicable,No Rating,Relatively Low,No Rating,Relatively Low,Relatively Moderate,Relatively Low,Relatively Moderate,Not Applicable,Very Low
Georgia,GA,Henry,County,367750,Not Applicable,No Rating,Relatively Low,Relatively Low,Relatively Low,Relatively Moderate,Very Low,Relatively Moderate,Not Applicable,Very Low
Georgia,GA,Muscogee,County,237520,Not Applicable,No Rating,Relatively Low,Relatively Moderate,Relatively Low,Relatively Low,Relatively Low,Relatively Moderate,Not Applicable,Very Low
Georgia,GA,Clarke,County,358160,Not Applicable,No Rating,Relatively Low,Relatively Low,Relatively Low,Relatively Moderate,Very Low,Relatively Moderate,Not Applicable,Very Low
Georgia,GA,Forsyth,County,653390,Not Applicable,No Rating,Relatively Low,No Rating,Relatively Low,Relatively Moderate,Relatively Low,Relatively High,Not Applicable,Very Low
Georgia,GA,Fulton,County,571420,Not Applicable,No Rating,Relatively Moderate,No Rating,Relatively Low,Relatively Moderate,Relatively High,Relatively High,Not Applicable,Very Low
Georgia,GA,Clayton,County,254880,Not Applicable,No Rating,Relatively Low,No Rating,Relatively Low,Relatively Moderate,Relatively Low,Relatively High,Not Applicable,Very Low
Georgia,GA,Gwinnett,County,451930,Not Applicable,No Rating,Relatively Moderate,No Rating,Relatively Low,Relatively Moderate,Relatively Low,Relatively High,Not Applicable,Very Low
Georgia,GA,Cobb,County,503580,Not Applicable,No Rating,Relatively Moderate,No Rating,Relatively Low,Relatively Moderate,Relatively Moderate,Relatively High,Not Applicable,Very Low
Georgia,GA,DeKalb,County,438540,Not Applicable,No Rating,Relatively Moderate,No Rating,Relatively Low,Relatively Moderate,Relatively Moderate,Relatively High,Not Applicable,Very Low
Hawaii,HI,Kalawao,County,,Very Low,No Rating,Very Low,No Rating,Very Low,Very Low,Very Low,Very Low,Very Low,Very Low
Hawaii,HI,Hawaii,County,689700,Relatively Low,No Rating,Relatively High,No Rating,Relatively Low,Relatively Moderate,Relatively High,Very Low,Relatively High,Relatively High
Hawaii,HI,Kauai,County,1013980,Relatively Low,No Rating,Very Low,No Rating,Relatively Low,Relatively Low,Relatively High,Very Low,Relatively High,Relatively Moderate
Hawaii,HI,Maui,County,1085900,Relatively Low,No Rating,Relatively Moderate,No Rating,Relatively Low,Relatively Low,Relatively Moderate,Very Low,Relatively High,Relatively Moderate
Hawaii,HI,Honolulu,County,1007420,Relatively Moderate,No Rating,Relatively Moderate,No Rating,Relatively Moderate,Relatively High,Relatively High,Relatively Low,Very High,Relatively High
Iowa,IA,Ringgold,County,147390,Not Applicable,Relatively Moderate,Very Low,Relatively Low,Very Low,Relatively Low,Very Low,Relatively Low,Not Applicable,Very Low
Iowa,IA,Adams,County,117590,Not Applicable,Relatively Moderate,Very Low,Relatively Low,Very Low,Relatively Low,Relatively Low,Relatively Low,Not Applicable,Very Low
Iowa,IA,Taylor,County,117860,Not Applicable,Relatively Moderate,Very Low,Relatively Low,Very Low,Relatively Low,Relatively Low,Relatively Low,Not Applicable,Very Low
Iowa,IA,Pocahontas,County,111110,Not Applicable,Relatively Moderate,Very Low,Relatively Low,Not Applicable,Relatively Moderate,Relatively Low,Relatively Low,Not Applicable,Very Low
Iowa,IA,Wayne,County,110580,Not Applicable,Relatively Moderate,Very Low,Relatively Low,Very Low,Very Low,Very Low,Relatively Low,Not Applicable,Very Low
Iowa,IA,Monona,County,131500,Not Applicable,Relatively Low,Very Low,Relatively Low,Not Applicable,Relatively Moderate,Very Low,Relatively Low,Not Applicable,Very Low
Iowa,IA,Audubon,County,117460,Not Applicable,Relatively Moderate,Very Low,Relatively Low,Very Low,Relatively Low,Very Low,Relatively Low,Not Applicable,Very Low
Iowa,IA,Fremont,County,155600,Not Applicable,Relatively Moderate,Very Low,Relatively Low,Not Applicable,Relatively Low,Relatively Moderate,Relatively Low,Not Applicable,Very Low
Iowa,IA,Adair,County,148580,Not Applicable,Relatively Moderate,Very Low,Relatively Low,Very Low,Relatively Low,Relatively Low,Relatively Low,Not Applicable,Very Low
Iowa,IA,Decatur,County,116400,Not Applicable,Relatively Moderate,Very Low,Relatively Low,Very Low,Relatively Low,Relatively Low,Relatively Low,Not Applicable,Very Low
Iowa,IA,Van Buren,County,129110,Not Applicable,Relatively Moderate,Very Low,Relatively Low,Very Low,Very Low,Relatively Low,Relatively Low,Not Applicable,Very Low
Iowa,IA,Kossuth,County,149510,Not Applicable,Relatively High,Very Low,Relatively Low,Not Applicable,Relatively Low,Relatively Low,Relatively Moderate,Not Applicable,Very Low
Iowa,IA,Greene,County,131500,Not Applicable,Relatively Moderate,Very Low,Relatively Low,Very Low,Relatively Moderate,Relatively Low,Relatively Low,Not Applicable,Very Low
Iowa,IA,Osceola,County,138250,Not Applicable,Relatively Moderate,Very Low,Very Low,Not Applicable,Relatively Low,Relatively Moderate,Relatively Low,Not Applicable,Very Low
Iowa,IA,Palo Alto,County,146730,Not Applicable,Relatively Moderate,Very Low,Relatively Low,Not Applicable,Relatively Low,Relatively Moderate,Relatively Low,Not Applicable,Very Low
Iowa,IA,Ida,County,125800,Not Applicable,Relatively Moderate,Very Low,Relatively Low,Not Applicable,Very Low,Very Low,Relatively Low,Not Applicable,Very Low
Iowa,IA,Sac,County,137850,Not Applicable,Relatively Moderate,Very Low,Relatively Low,Not Applicable,Relatively Moderate,Very Low,Relatively Moderate,Not Applicable,Very Low
Iowa,IA,Franklin,County,124740,Not Applicable,Relatively Moderate,Very Low,Very Low,Very Low,Relatively Low,Relatively Low,Relatively Low,Not Applicable,Very Low
Iowa,IA,Keokuk,County,129380,Not Applicable,Relatively Moderate,Very Low,Very Low,Very Low,Relatively Low,Relatively Low,Relatively Low,Not Applicable,Very Low
Iowa,IA,Calhoun,County,117730,Not Applicable,Relatively Moderate,Very Low,Relatively Low,Very Low,Relatively Moderate,Relatively Low,Relatively Moderate,Not Applicable,Very Low
Iowa,IA,Monroe,County,152290,Not Applicable,Relatively Moderate,Very Low,Relatively Low,Very Low,Very Low,Very Low,Relatively Low,Not Applicable,Very Low
Iowa,IA,Guthrie,County,181910,Not Applicable,Relatively Moderate,Very Low,Relatively Low,Very Low,Relatively Moderate,Relatively Low,Relatively Moderate,Not Applicable,Very Low
Iowa,IA,Davis,County,164870,Not Applicable,Relatively High,Very Low,Relatively Moderate,Very Low,Relatively Low,Relatively Low,Relatively Low,Not Applicable,Very Low
Iowa,IA,Worth,County,148980,Not Applicable,Relatively Moderate,Very Low,Relatively Low,Not Applicable,Relatively Low,Relatively Low,Relatively Low,Not Applicable,Very Low
Iowa,IA,Hancock,County,131900,Not Applicable,Relatively Moderate,Very Low,Relatively Low,Not Applicable,Relatively Low,Relatively Low,Relatively Low,Not Applicable,Very Low
Iowa,IA,Shelby,County,182610,Not Applicable,Relatively Moderate,Very Low,Relatively Low,Not Applicable,Relatively Moderate,Very Low,Relatively Moderate,Not Applicable,Very Low
Iowa,IA,Howard,County,150700,Not Applicable,Relatively Moderate,Very Low,Relatively Low,Very Low,Relatively Low,Relatively Low,Relatively Low,Not Applicable,Very Low
Iowa,IA,Lucas,County,126600,Not Applicable,Relatively Moderate,Very Low,Relatively Low,Very Low,Relatively Low,Relatively Low,Relatively Low,Not Applicable,Very Low
Iowa,IA,Cherokee,County,159970,Not Applicable,Relatively Moderate,Very Low,Relatively Low,Not Applicable,Very Low,Relatively Low,Relatively Low,Not Applicable,Very Low
Iowa,IA,Lyon,County,222340,Not Applicable,Relatively Moderate,Very Low,Relatively Low,Not Applicable,Relatively Moderate,Relatively Low,Relatively Low,Not Applicable,Very Low
Iowa,IA,Harrison,County,174020,Not Applicable,Relatively Moderate,Very Low,Relatively Low,Not Applicable,Relatively Moderate,Relatively Moderate,Relatively Low,Not Applicable,Very Low
Iowa,IA,Clayton,County,180100,Not Applicable,Relatively Moderate,Very Low,Very Low,Very Low,Very Low,Relatively Moderate,Relatively Low,Not Applicable,Very Low
Iowa,IA,Allamakee,County,188840,Not Applicable,Relatively Moderate,Very Low,Relatively Low,Very Low,Relatively Low,Relatively Low,Relatively Low,Not Applicable,Very Low
Iowa,IA,Humboldt,County,150700,Not Applicable,Relatively Moderate,Very Low,Relatively Low,Very Low,Relatively Low,Relatively Low,Relatively Low,Not Applicable,Very Low
Iowa,IA,Wright,County,120370,Not Applicable,Relatively Moderate,Very Low,Very Low,Very Low,Relatively Low,Relatively Low,Relatively Low,Not Applicable,Very Low
Iowa,IA,Mitchell,County,165000,Not Applicable,Relatively Moderate,Very Low,Relatively Low,Not Applicable,Relatively Low,Relatively Low,Relatively Low,Not Applicable,Very Low
Iowa,IA,Clarke,County,165930,Not Applicable,Relatively Moderate,Very Low,Relatively Moderate,Very Low,Relatively Low,Relatively Low,Relatively Low,Not Applicable,Very Low
Iowa,IA,Crawford,County,134010,Not Applicable,Relatively Moderate,Very Low,Relatively Low,Not Applicable,Relatively High,Relatively Moderate,Relatively Moderate,Not Applicable,Very Low
Iowa,IA,Cass,County,149510,Not Applicable,Relatively Moderate,Very Low,Relatively Low,Very Low,Relatively Moderate,Relatively Low,Relatively Low,Not Applicable,Very Low
Iowa,IA,Tama,County,156000,Not Applicable,Relatively Moderate,Very Low,Very Low,Very Low,Relatively Low,Relatively Low,Relatively Low,Not Applicable,Very Low
Iowa,IA,Emmet,County,120510,Not Applicable,Relatively Moderate,Very Low,Relatively Low,Not Applicable,Relatively Low,Relatively Low,Relatively Low,Not Applicable,Very Low
Iowa,IA,Chickasaw,County,175990,Not Applicable,Relatively Moderate,Very Low,Relatively Low,Very Low,Relatively Low,Relatively Low,Relatively Low,Not Applicable,Very Low
Iowa,IA,Montgomery,County,116800,Not Applicable,Relatively Moderate,Very Low,Relatively Low,Not Applicable,Relatively Low,Relatively Low,Relatively Low,Not Applicable,Very Low
Iowa,IA,Grundy,County,195620,Not Applicable,Relatively Moderate,Very Low,Very Low,Very Low,Very Low,Relatively Low,Relatively Low,Not Applicable,Very Low
Iowa,IA,Butler,County,169110,Not Applicable,Relatively Moderate,Very Low,Very Low,Very Low,Relatively Low,Relatively Low,Relatively Low,Not Applicable,Very Low
Iowa,IA,O'Brien,County,162750,Not Applicable,Relatively Moderate,Very Low,Relatively Low,Not Applicable,Relatively Low,Relatively Moderate,Relatively Low,Not Applicable,Very Low
Iowa,IA,Appanoose,County,121570,Not Applicable,Relatively Moderate,Very Low,Relatively Moderate,Very Low,Relatively Low,Relatively Low,Relatively Low,Not Applicable,Very Low
Iowa,IA,Hamilton,County,139840,Not Applicable,Relatively Moderate,Very Low,Very Low,Very Low,Relatively Low,Relatively Low,Relatively Low,Not Applicable,Very Low
Iowa,IA,Winnebago,County,137720,Not Applicable,Relatively Moderate,Very Low,Relatively Low,Not Applicable,Relatively Low,Relatively Low,Relatively Low,Not Applicable,Very Low
Iowa,IA,Fayette,County,144610,Not Applicable,Relatively Moderate,Very Low,Very Low,Very Low,Relatively Low,Relatively Moderate,Relatively Low,Not Applicable,Very Low
Iowa,IA,Louisa,County,155730,Not Applicable,Relatively Moderate,Very Low,Very Low,Very Low,Relatively Low,Relatively Moderate,Relatively Low,Not Applicable,Very Low
Iowa,IA,Iowa,County,206450,Not Applicable,Relatively High,Very Low,Very Low,Very Low,Relatively Low,Relatively Low,Relatively Low,Not Applicable,Very Low
Iowa,IA,Page,County,127390,Not Applicable,Relatively Moderate,Very Low,Relatively Moderate,Not Applicable,Relatively Low,Relatively Low,Relatively Low,Not Applicable,Very Low
Iowa,IA,Union,County,144610,Not Applicable,Relatively Moderate,Very Low,Relatively Moderate,Very Low,Relatively Low,Relatively Low,Relatively Low,Not Applicable,Very Low
Iowa,IA,Clay,County,177450,Not Applicable,Relatively Moderate,Very Low,Relatively Low,Not Applicable,Relatively Low,Relatively Low,Relatively Low,Not Applicable,Very Low
Iowa,IA,Winneshiek,County,259690,Not Applicable,Relatively Moderate,Very Low,Relatively Low,Very Low,Relatively Low,Relatively Low,Relatively Low,Not Applicable,Very Low
Iowa,IA,Madison,County,255340,Not Applicable,Relatively Low,Very Low,Very Low,Very Low,Relatively Low,Relatively Low,Relatively Low,Not Applicable,Very Low
Iowa,IA,Hardin,County,128720,Not Applicable,Relatively Moderate,Very Low,Very Low,Very Low,Relatively Low,Relatively Low,Relatively Moderate,Not Applicable,Very Low
Iowa,IA,Plymouth,County,234130,Not Applicable,Relatively Moderate,Very Low,Relatively Low,Not Applicable,Relatively Low,Very Low,Relatively Moderate,Not Applicable,Relatively Low
Iowa,IA,Delaware,County,193870,Not Applicable,Relatively High,Very Low,Very Low,Very Low,Relatively Low,Relatively Moderate,Relatively Low,Not Applicable,Very Low
Iowa,IA,Jackson,County,183540,Not Applicable,Relatively High,Very Low,Relatively Low,Very Low,Relatively Moderate,Relatively Low,Relatively Low,Not Applicable,Very Low
Iowa,IA,Floyd,County,143550,Not Applicable,Relatively Moderate,Very Low,Relatively Low,Very Low,Relatively Low,Relatively Low,Relatively Low,Not Applicable,Very Low
Iowa,IA,Poweshiek,County,203140,Not Applicable,Relatively Moderate,Very Low,Very Low,Very Low,Relatively Low,Relatively Low,Relatively Low,Not Applicable,Very Low
Iowa,IA,Cedar,County,221810,Not Applicable,Relatively High,Very Low,Very Low,Very Low,Relatively Low,Relatively Low,Relatively Low,Not Applicable,Very Low
Iowa,IA,Mills,County,259130,Not Applicable,Relatively Moderate,Very Low,Relatively Low,Not Applicable,Relatively Moderate,Relatively Low,Relatively Low,Not Applicable,Very Low
Iowa,IA,Benton,County,215470,Not Applicable,Relatively High,Very Low,Very Low,Very Low,Relatively Low,Relatively Low,Relatively Low,Not Applicable,Very Low
Iowa,IA,Jones,County,189910,Not Applicable,Relatively High,Very Low,Very Low,Very Low,Relatively Low,Relatively Moderate,Relatively Low,Not Applicable,Very Low
Iowa,IA,Jefferson,County,158250,Not Applicable,Relatively Moderate,Very Low,Relatively Low,Very Low,Very Low,Very Low,Relatively Low,Not Applicable,Very Low
Iowa,IA,Buchanan,County,194530,Not Applicable,Relatively High,Very Low,Very Low,Very Low,Very Low,Relatively Low,Relatively Low,Not Applicable,Very Low
Iowa,IA,Buena Vista,County,167250,Not Applicable,Relatively Moderate,Very Low,Relatively Low,Not Applicable,Very Low,Very Low,Relatively Moderate,Not Applicable,Very Low
Iowa,IA,Carroll,County,190300,Not Applicable,Relatively Moderate,Very Low,Relatively Low,Very Low,Relatively Moderate,Relatively Low,Relatively Moderate,Not Applicable,Very Low
Iowa,IA,Mahaska,County,157060,Not Applicable,Relatively Moderate,Very Low,Relatively Low,Very Low,Relatively Low,Relatively Low,Relatively Low,Not Applicable,Very Low
Iowa,IA,Washington,County,202100,Not Applicable,Relatively High,Very Low,Relatively Low,Very Low,Relatively Low,Relatively Moderate,Relatively Low,Not Applicable,Very Low
Iowa,IA,Dickinson,County,280340,Not Applicable,Relatively Moderate,Very Low,Relatively Low,Not Applicable,Relatively Moderate,Very Low,Relatively Low,Not Applicable,Very Low
Iowa,IA,Sioux,County,257830,Not Applicable,Relatively High,Very Low,Relatively Low,Not Applicable,Relatively High,Very Low,Relatively Moderate,Not Applicable,Very Low
Iowa,IA,Boone,County,200490,Not Applicable,Relatively Moderate,Very Low,Very Low,Very Low,Relatively Low,Relatively Low,Relatively Low,Not Applicable,Very Low
Iowa,IA,Henry,County,167390,Not Applicable,Relatively Moderate,Very Low,Very Low,Very Low,Very Low,Relatively Low,Relatively Low,Not Applicable,Very Low
Iowa,IA,Webster,County,146860,Not Applicable,Relatively High,Very Low,Relatively Low,Very Low,Relatively Moderate,Relatively Low,Relatively High,Not Applicable,Very Low
Iowa,IA,Jasper,County,188710,Not Applicable,Relatively Moderate,Very Low,Relatively Low,Very Low,Relatively Low,Relatively Low,Relatively Moderate,Not Applicable,Very Low
Iowa,IA,Bremer,County,229000,Not Applicable,Relatively Moderate,Very Low,Very Low,Very Low,Very Low,Relatively Low,Relatively Low,Not Applicable,Very Low
Iowa,IA,Marion,County,216520,Not Applicable,Relatively Moderate,Very Low,Relatively Low,Very Low,Relatively Low,Relatively Low,Relatively Moderate,Not Applicable,Very Low
Iowa,IA,Lee,County,136130,Not Applicable,Relatively High,Very Low,Relatively Moderate,Very Low,Relatively Low,Relatively Low,Relatively Low,Not Applicable,Very Low
Iowa,IA,Clinton,County,170700,Not Applicable,Very High,Very Low,Relatively Low,Very Low,Relatively Moderate,Relatively Moderate,Relatively Moderate,Not Applicable,Very Low
Iowa,IA,Marshall,County,141560,Not Applicable,Relatively Moderate,Very Low,Relatively Low,Very Low,Relatively Low,Relatively Low,Relatively Moderate,Not Applicable,Very Low
Iowa,IA,Cerro Gordo,County,176660,Not Applicable,Relatively High,Very Low,Relatively Low,Very Low,Relatively Moderate,Relatively Low,Relatively Moderate,Not Applicable,Very Low
Iowa,IA,Wapello,County,118650,Not Applicable,Relatively High,Very Low,Relatively Moderate,Very Low,Relatively Low,Relatively Low,Relatively Moderate,Not Applicable,Very Low
Iowa,IA,Warren,County,277880,Not Applicable,Relatively Moderate,Very Low,Relatively Low,Very Low,Relatively Low,Relatively Low,Relatively Moderate,Not Applicable,Very Low
Iowa,IA,Des Moines,County,158650,Not Applicable,Relatively High,Very Low,Relatively Moderate,Very Low,Relatively Moderate,Relatively Low,Relatively Moderate,Not Applicable,Very Low
Iowa,IA,Pottawattamie,County,249600,Not Applicable,Relatively Moderate,Very Low,Relatively Moderate,Not Applicable,Relatively High,Relatively Moderate,Relatively High,Not Applicable,Very Low
Iowa,IA,Muscatine,County,190830,Not Applicable,Relatively High,Very Low,Very Low,Very Low,Relatively Low,Relatively Low,Relatively Low,Not Applicable,Very Low
Iowa,IA,Woodbury,County,206770,Not Applicable,Relatively High,Very Low,Relatively Moderate,Not Applicable,Relatively Low,Relatively Moderate,Relatively High,Not Applicable,Relatively Low
Iowa,IA,Dubuque,County,261740,Not Applicable,Very High,Very Low,Relatively Moderate,Very Low,Relatively Moderate,Relatively Moderate,Relatively Moderate,Not Applicable,Very Low
Iowa,IA,Dallas,County,373190,Not Applicable,Relatively Moderate,Very Low,Relatively Low,Very Low,Relatively Moderate,Relatively Low,Relatively Moderate,Not Applicable,Very Low
Iowa,IA,Story,County,286730,Not Applicable,Relatively Moderate,Very Low,Relatively Low,Very Low,Relatively Low,Relatively Moderate,Relatively Moderate,Not Applicable,Very Low
Iowa,IA,Black Hawk,County,216200,Not Applicable,Relatively Moderate,Very Low,Relatively Low,Very Low,Relatively Low,Relatively Moderate,Relatively Moderate,Not Applicable,Very Low
Iowa,IA,Johnson,County,367380,Not Applicable,Relatively High,Very Low,Relatively Low,Very Low,Relatively Moderate,Relatively High,Relatively High,Not Applicable,Relatively Low
Iowa,IA,Linn,County,239470,Not Applicable,Relatively High,Very Low,Relatively Low,Very Low,Relatively Moderate,Relatively High,Relatively High,Not Applicable,Very Low
Iowa,IA,Scott,County,244610,Not Applicable,Very High,Relatively Low,Relatively Moderate,Very Low,Relatively High,Relatively Moderate,Relatively Moderate,Not Applicable,Very Low
Iowa,IA,Polk,County,298970,Not Applicable,Relatively High,Relatively Low,Relatively Low,Very Low,Relatively Moderate,Relatively Moderate,Relatively High,Not Applicable,Very Low
Idaho,ID,Clark,County,178970,Not Applicable,Relatively Moderate,Very Low,No Rating,Not Applicable,Very Low,Very Low,Very Low,Not Applicable,Relatively Low
Idaho,ID,Custer,County,330180,Not Applicable,Relatively Moderate,Relatively Low,Very Low,Not Applicable,Very Low,Very Low,Very Low,Not Applicable,Relatively Low
Idaho,ID,Camas,County,258530,Not Applicable,Relatively Low,Very Low,Very Low,Not Applicable,Very Low,Very Low,Very Low,Not Applicable,Relatively Low
Idaho,ID,Butte,County,242260,Not Applicable,Relatively Moderate,Very Low,Very Low,Not Applicable,Very Low,Very Low,Very Low,Not Applicable,Very Low
Idaho,ID,Owyhee,County,257380,Not Applicable,Relatively Moderate,Very Low,Relatively Low,Not Applicable,Very Low,Very Low,Very Low,Not Applicable,Relatively Moderate
Idaho,ID,Lemhi,County,325250,Not Applicable,Relatively Moderate,Very Low,Very Low,Not Applicable,Very Low,Very Low,Very Low,Not Applicable,Relatively Moderate
Idaho,ID,Idaho,County,317940,Not Applicable,Very Low,Very Low,Relatively Low,Not Applicable,Very Low,Relatively Moderate,Very Low,Not Applicable,Relatively High
Idaho,ID,Valley,County,530790,Not Applicable,Relatively Low,Very Low,Relatively Low,Not Applicable,Very Low,Very Low,Very Low,Not Applicable,Relatively High
Idaho,ID,Adams,County,365400,Not Applicable,Relatively Low,Very Low,Relatively Low,Not Applicable,Very Low,Very Low,Very Low,Not Applicable,Relatively Moderate
Idaho,ID,Clearwater,County,265250,Not Applicable,Very Low,Very Low,Relatively Low,Not Applicable,Very Low,Very Low,Very Low,Not Applicable,Relatively Moderate
Idaho,ID,Oneida,County,287790,Not Applicable,Relatively Low,Very Low,Very Low,Not Applicable,Very Low,Very Low,Very Low,Not Applicable,Relatively Low
Idaho,ID,Caribou,County,240020,Not Applicable,Relatively Moderate,Relatively Low,No Rating,Not Applicable,Very Low,Very Low,Very Low,Not Applicable,Relatively Low
Idaho,ID,Boise,County,359940,Not Applicable,Relatively Low,Very Low,Relatively Low,Not Applicable,Very Low,Very Low,Very Low,Not Applicable,Relatively High
Idaho,ID,Lincoln,County,233900,Not Applicable,Relatively High,Very Low,Relatively Low,Not Applicable,Very Low,Very Low,Very Low,Not Applicable,Relatively Moderate
Idaho,ID,Shoshone,County,211660,Not Applicable,Relatively Moderate,Very Low,Relatively Low,Not Applicable,Relatively Low,Relatively Low,Very Low,Not Applicable,Very Low
Idaho,ID,Power,County,233510,Not Applicable,Relatively High,Very Low,Very Low,Not Applicable,Very Low,Very Low,Very Low,Not Applicable,Relatively Moderate
Idaho,ID,Bear Lake,County,239130,Not Applicable,Relatively Low,Relatively Low,No Rating,Not Applicable,Very Low,Very Low,Very Low,Not Applicable,Relatively Low
Idaho,ID,Fremont,County,310770,Not Applicable,Relatively High,Relatively Low,No Rating,Not Applicable,Very Low,Very Low,Very Low,Not Applicable,Relatively Low
Idaho,ID,Washington,County,255690,Not Applicable,Relatively Low,Very Low,Relatively Low,Not Applicable,Very Low,Relatively Low,Very Low,Not Applicable,Relatively Moderate
Idaho,ID,Lewis,County,234350,Not Applicable,No Rating,Very Low,Relatively Low,Not Applicable,Very Low,Very Low,Very Low,Not Applicable,Relatively Low
Idaho,ID,Blaine,County,757380,Not Applicable,Relatively Moderate,Relatively Low,Very Low,Not Applicable,Very Low,Relatively Low,Very Low,Not Applicable,Relatively Moderate
Idaho,ID,Elmore,County,264650,Not Applicable,Relatively Moderate,Very Low,Relatively Moderate,Not Applicable,Relatively Low,Relatively Low,Very Low,Not Applicable,Relatively High
Idaho,ID,Cassia,County,274500,Not Applicable,Relatively High,Relatively Low,Relatively Low,Not Applicable,Very Low,Relatively Low,Very Low,Not Applicable,Relatively Moderate
Idaho,ID,Boundary,County,391530,Not Applicable,Relatively Moderate,Very Low,Relatively Low,Not Applicable,Very Low,Relatively Low,Very Low,Not Applicable,Relatively Low
Idaho,ID,Benewah,County,293760,Not Applicable,Relatively Low,Very Low,Relatively Low,Not Applicable,Relatively Low,Relatively Low,Very Low,Not Applicable,Very Low
Idaho,ID,Gooding,County,243900,Not Applicable,Relatively High,Very Low,Relatively Low,Not Applicable,Relatively Low,Very Low,Very Low,Not Applicable,Relatively Moderate
Idaho,ID,Franklin,County,326320,Not Applicable,Relatively Moderate,Relatively Low,Very Low,Not Applicable,Very Low,Very Low,Very Low,Not Applicable,Relatively Low
Idaho,ID,Bingham,County,284500,Not Applicable,Very High,Relatively Low,Very Low,Not Applicable,Very Low,Relatively Low,Very Low,Not Applicable,Relatively Low
Idaho,ID,Teton,County,575420,Not Applicable,Relatively Moderate,Relatively Low,No Rating,Not Applicable,Very Low,Very Low,Very Low,Not Applicable,Relatively Moderate
Idaho,ID,Bonner,County,461080,Not Applicable,Relatively Moderate,Very Low,Relatively Low,Not Applicable,Relatively Low,Relatively Low,Very Low,Not Applicable,Relatively Low
Idaho,ID,Jefferson,County,324920,Not Applicable,Very High,Relatively Low,No Rating,Not Applicable,Very Low,Very Low,Very Low,Not Applicable,Very Low
Idaho,ID,Minidoka,County,254500,Not Applicable,Relatively High,Relatively Low,Relatively Low,Not Applicable,Very Low,Very Low,Very Low,Not Applicable,Very Low
Idaho,ID,Gem,County,296180,Not Applicable,Relatively Low,Very Low,Relatively Low,Not Applicable,Relatively Low,Relatively Low,Very Low,Not Applicable,Relatively Moderate
Idaho,ID,Latah,County,390330,Not Applicable,Relatively Low,Very Low,Relatively Low,Not Applicable,Very Low,Relatively Low,Very Low,Not Applicable,Relatively Low
Idaho,ID,Jerome,County,309130,Not Applicable,Relatively High,Very Low,Relatively Low,Not Applicable,Relatively Low,Very Low,Very Low,Not Applicable,Relatively Low
Idaho,ID,Twin Falls,County,459590,Not Applicable,Relatively High,Relatively Low,Relatively Moderate,Not Applicable,Relatively Moderate,Relatively Low,Very Low,Not Applicable,Relatively Moderate
Idaho,ID,Nez Perce,County,298770,Not Applicable,Very Low,Very Low,Relatively Moderate,Not Applicable,Very Low,Very Low,Very Low,Not Applicable,Relatively Moderate
Idaho,ID,Payette,County,300920,Not Applicable,Relatively Low,Relatively Low,Relatively Moderate,Not Applicable,Very Low,Very Low,Very Low,Not Applicable,Relatively Moderate
Idaho,ID,Bonneville,County,445550,Not Applicable,Very High,Relatively Moderate,No Rating,Not Applicable,Relatively Low,Very Low,Very Low,Not Applicable,Relatively Moderate
Idaho,ID,Bannock,County,369240,Not Applicable,Relatively High,Relatively Low,No Rating,Not Applicable,Very Low,Relatively Low,Very Low,Not Applicable,Relatively Moderate
Idaho,ID,Madison,County,388990,Not Applicable,Relatively High,Relatively Low,No Rating,Not Applicable,Very Low,Very Low,Very Low,Not Applicable,Very Low
Idaho,ID,Kootenai,County,602760,Not Applicable,Very High,Relatively Low,Relatively Moderate,Not Applicable,Relatively High,Relatively Low,Very Low,Not Applicable,Very Low
Idaho,ID,Canyon,County,459270,Not Applicable,Relatively Moderate,Relatively Low,Relatively High,Not Applicable,Relatively Moderate,Relatively Low,Very Low,Not Applicable,Relatively Moderate
Idaho,ID,Ada,County,598950,Not Applicable,Relatively High,Relatively Moderate,Relatively High,Not Applicable,Relatively High,Relatively Low,Relatively Low,Not Applicable,Relatively High
Illinois,IL,Pope,County,147340,Not Applicable,No Rating,Relatively Low,Relatively Low,Very Low,Very Low,Very Low,Relatively Low,Not Applicable,Very Low
Illinois,IL,Gallatin,County,98660,Not Applicable,No Rating,Relatively Low,Relatively Low,Very Low,Very Low,Relatively Low,Relatively Low,Not Applicable,Very Low
Illinois,IL,Schuyler,County,117850,Not Applicable,Relatively Moderate,Very Low,Relatively Low,Very Low,Relatively Low,Relatively Low,Very Low,Not Applicable,Very Low
Illinois,IL,Henderson,County,113470,Not Applicable,Relatively Low,Very Low,Relatively Low,Very Low,Very Low,Very Low,Very Low,Not Applicable,Very Low
Illinois,IL,Calhoun,County,195680,Not Applicable,Relatively Low,Very Low,Relatively Low,Very Low,Very Low,Very Low,Very Low,Not Applicable,Very Low
Illinois,IL,Pike,County,114110,Not Applicable,Relatively Moderate,Very Low,Relatively Moderate,Very Low,Relatively Low,Very Low,Relatively Low,Not Applicable,Very Low
Illinois,IL,Hamilton,County,120680,Not Applicable,Relatively Low,Relatively Low,Relatively Low,Very Low,Relatively Low,Very Low,Relatively Low,Not Applicable,Very Low
Illinois,IL,Stark,County,109860,Not Applicable,Relatively Moderate,Very Low,Relatively Low,Very Low,Relatively Low,Very Low,Very Low,Not Applicable,Very Low
Illinois,IL,Jasper,County,129310,Not Applicable,Relatively Low,Relatively Low,Relatively Low,Very Low,Relatively Low,Very Low,Relatively Low,Not Applicable,Very Low
Illinois,IL,Scott,County,137550,Not Applicable,Relatively Low,Very Low,Relatively Low,Very Low,Very Low,Very Low,Very Low,Not Applicable,Very Low
Illinois,IL,Brown,County,136780,Not Applicable,Relatively Low,Very Low,Relatively Moderate,Very Low,Relatively Low,Very Low,Very Low,Not Applicable,Very Low
Illinois,IL,Hardin,County,100070,Not Applicable,No Rating,Relatively Low,Relatively Low,Very Low,Very Low,Very Low,Relatively Low,Not Applicable,Very Low
Illinois,IL,Greene,County,108450,Not Applicable,Relatively Low,Very Low,Relatively Moderate,Very Low,Relatively Low,Very Low,Relatively Low,Not Applicable,Very Low
Illinois,IL,Hancock,County,120170,Not Applicable,Relatively Moderate,Very Low,Relatively Moderate,Very Low,Very Low,Relatively Low,Relatively Low,Not Applicable,Very Low
Illinois,IL,Alexander,County,78310,Not Applicable,No Rating,Relatively Low,Relatively Low,Very Low,Very Low,Relatively Moderate,Relatively Low,Not Applicable,Very Low
Illinois,IL,Wayne,County,121200,Not Applicable,Relatively Low,Relatively Low,Relatively Moderate,Very Low,Relatively Low,Relatively Low,Relatively Low,Not Applicable,Very Low
Illinois,IL,Iroquois,County,143870,Not Applicable,Relatively High,Relatively Low,Relatively Moderate,Very Low,Relatively Low,Relatively Low,Relatively Low,Not Applicable,Very Low
Illinois,IL,Mason,County,335670,Not Applicable,Relatively Moderate,Very Low,Relatively Moderate,Very Low,Relatively Moderate,Relatively Low,Relatively Low,Not Applicable,Very Low
Illinois,IL,Washington,County,159060,Not Applicable,Relatively Low,Relatively Low,Relatively Moderate,Very Low,Relatively Low,Very Low,Relatively Low,Not Applicable,Very Low
Illinois,IL,Pulaski,County,84360,Not Applicable,No Rating,Relatively Low,Relatively Low,Very Low,Very Low,Very Low,Relatively Low,Not Applicable,Very Low
Illinois,IL,Edgar,County,107670,Not Applicable,Relatively Moderate,Relatively Low,Relatively Moderate,Very Low,Relatively Low,Very Low,Relatively Low,Not Applicable,Very Low
Illinois,IL,Shelby,County,206700,Not Applicable,Relatively Moderate,Relatively Low,Relatively Moderate,Very Low,Relatively Low,Very Low,Relatively Low,Not Applicable,Very Low
Illinois,IL,Ford,County,137320,Not Applicable,Relatively Moderate,Very Low,Relatively Low,Very Low,Relatively Low,Very Low,Relatively Low,Not Applicable,Very Low
Illinois,IL,Mercer,County,150200,Not Applicable,Relatively Moderate,Very Low,Relatively Low,Very Low,Relatively Low,Relatively Low,Very Low,Not Applicable,Very Low
Illinois,IL,White,County,107030,Not Applicable,Relatively Low,Relatively Low,Relatively Moderate,Very Low,Relatively Moderate,Relatively Low,Relatively Low,Not Applicable,Very Low
Illinois,IL,Edwards,County,109220,Not Applicable,Relatively Low,Relatively Low,Relatively Low,Very Low,Relatively Low,Very Low,Very Low,Not Applicable,Very Low
Illinois,IL,Clay,County,120680,Not Applicable,Relatively Low,Relatively Low,Relatively Moderate,Very Low,Relatively Moderate,Relatively Low,Relatively Low,Not Applicable,Very Low
Illinois,IL,Fayette,County,123130,Not Applicable,Relatively Moderate,Relatively Low,Relatively Moderate,Very Low,Relatively Low,Very Low,Relatively Low,Not Applicable,Very Low
Illinois,IL,Cumberland,County,138970,Not Applicable,Relatively Low,Relatively Low,Relatively Low,Very Low,Very Low,Very Low,Very Low,Not Applicable,Very Low
Illinois,IL,Marshall,County,114630,Not Applicable,Relatively Moderate,Very Low,Relatively Low,Very Low,Relatively Moderate,Relatively Low,Relatively Low,Not Applicable,Very Low
Illinois,IL,Clark,County,131630,Not Applicable,Relatively Moderate,Relatively Low,Relatively Moderate,Very Low,Relatively Low,Relatively Low,Relatively Low,Not Applicable,Very Low
Illinois,IL,Warren,County,112570,Not Applicable,Relatively Moderate,Very Low,Relatively Moderate,Very Low,Very Low,Relatively Low,Relatively Low,Not Applicable,Very Low
Illinois,IL,Livingston,County,147990,Not Applicable,Relatively High,Relatively Low,Relatively Moderate,Very Low,Relatively Low,Relatively Low,Relatively Low,Not Applicable,Very Low
Illinois,IL,Cass,County,107420,Not Applicable,Relatively Moderate,Very Low,Relatively Moderate,Very Low,Relatively Low,Relatively Low,Relatively Low,Not Applicable,Very Low
Illinois,IL,Putnam,County,178510,Not Applicable,Relatively Low,Very Low,Relatively Low,Very Low,Relatively Low,Very Low,Relatively Low,Not Applicable,Very Low
Illinois,IL,Carroll,County,129700,Not Applicable,Relatively Moderate,Very Low,Relatively Low,Very Low,Relatively Moderate,Relatively Low,Relatively Low,Not Applicable,Very Low
Illinois,IL,Jo Daviess,County,205170,Not Applicable,Relatively High,Very Low,Relatively Low,Very Low,Relatively Moderate,Relatively Low,Relatively Low,Not Applicable,Very Low
Illinois,IL,Piatt,County,206240,Not Applicable,Relatively Moderate,Very Low,Relatively Low,Very Low,Relatively Low,Very Low,Relatively Low,Not Applicable,Very Low
Illinois,IL,Bureau,County,140000,Not Applicable,Relatively High,Relatively Low,Relatively Low,Very Low,Relatively Low,Relatively Low,Relatively Moderate,Not Applicable,Very Low
Illinois,IL,Johnson,County,157520,Not Applicable,No Rating,Relatively Low,Relatively Low,Very Low,Very Low,Very Low,Relatively Low,Not Applicable,Very Low
Illinois,IL,Fulton,County,116950,Not Applicable,Relatively High,Relatively Low,Relatively Moderate,Very Low,Relatively Low,Relatively Moderate,Relatively Moderate,Not Applicable,Very Low
Illinois,IL,De Witt,County,276280,Not Applicable,Relatively Moderate,Very Low,Relatively Low,Very Low,Relatively Low,Relatively Low,Relatively Low,Not Applicable,Very Low
Illinois,IL,Menard,County,199310,Not Applicable,Relatively Moderate,Very Low,Relatively Moderate,Very Low,Very Low,Relatively Low,Relatively Low,Not Applicable,Very Low
Illinois,IL,Montgomery,County,118880,Not Applicable,Relatively Moderate,Relatively Low,Relatively Moderate,Very Low,Relatively Moderate,Very Low,Relatively Low,Not Applicable,Very Low
Illinois,IL,Lawrence,County,104970,Not Applicable,Relatively Low,Relatively Low,Relatively Moderate,Very Low,Relatively Low,Relatively Low,Relatively Low,Not Applicable,Very Low
Illinois,IL,Union,County,141030,Not Applicable,No Rating,Relatively Low,Relatively Moderate,Very Low,Very Low,Relatively Low,Relatively Low,Not Applicable,Very Low
Illinois,IL,Crawford,County,124160,Not Applicable,Relatively Moderate,Relatively Low,Relatively Moderate,Very Low,Relatively Low,Relatively Low,Relatively Low,Not Applicable,Very Low
Illinois,IL,Moultrie,County,139230,Not Applicable,Relatively Moderate,Relatively Low,Relatively Moderate,Very Low,Relatively Low,Very Low,Relatively Low,Not Applicable,Very Low
Illinois,IL,Richland,County,115920,Not Applicable,Relatively Low,Relatively Low,Relatively Moderate,Very Low,Relatively Moderate,Very Low,Relatively Low,Not Applicable,Very Low
Illinois,IL,Bond,County,156070,Not Applicable,Relatively Low,Relatively Low,Relatively Moderate,Very Low,Relatively Low,Very Low,Relatively Low,Not Applicable,Very Low
Illinois,IL,Logan,County,143610,Not Applicable,Relatively Moderate,Relatively Low,Relatively Moderate,Very Low,Relatively Moderate,Relatively Low,Relatively Low,Not Applicable,Very Low
Illinois,IL,McDonough,County,148080,Not Applicable,Relatively Moderate,Very Low,Relatively Moderate,Very Low,Relatively Low,Very Low,Relatively Low,Not Applicable,Very Low
Illinois,IL,Lee,County,164470,Not Applicable,Relatively High,Very Low,Relatively Low,Very Low,Relatively Moderate,Relatively Low,Relatively Moderate,Not Applicable,Very Low
Illinois,IL,Douglas,County,154300,Not Applicable,Relatively Moderate,Relatively Low,Relatively Moderate,Very Low,Relatively Low,Relatively Low,Relatively Low,Not Applicable,Very Low
Illinois,IL,Perry,County,110510,Not Applicable,Relatively Moderate,Relatively Moderate,Relatively Low,Very Low,Very Low,Relatively Low,Relatively Low,Not Applicable,Very Low
Illinois,IL,Christian,County,123770,Not Applicable,Relatively Moderate,Relatively Low,Relatively Moderate,Very Low,Relatively Low,Relatively Low,Relatively Low,Not Applicable,Very Low
Illinois,IL,Wabash,County,107290,Not Applicable,Relatively Low,Relatively Low,Relatively Low,Very Low,Relatively Low,Very Low,Relatively Low,Not Applicable,Very Low
Illinois,IL,Macoupin,County,140710,Not Applicable,Relatively High,Relatively Low,Relatively Moderate,Very Low,Relatively Moderate,Very Low,Relatively Moderate,Not Applicable,Very Low
Illinois,IL,Randolph,County,147340,Not Applicable,Relatively Low,Relatively Moderate,Relatively Moderate,Very Low,Relatively Moderate,Very Low,Relatively Moderate,Not Applicable,Very Low
Illinois,IL,Morgan,County,141680,Not Applicable,Relatively Moderate,Relatively Low,Relatively Moderate,Very Low,Relatively Low,Relatively Moderate,Relatively Low,Not Applicable,Very Low
Illinois,IL,Jersey,County,192660,Not Applicable,Relatively Moderate,Relatively Low,Relatively Moderate,Very Low,Relatively Low,Very Low,Relatively Low,Not Applicable,Very Low
Illinois,IL,Massac,County,256860,Not Applicable,No Rating,Relatively Moderate,Relatively Moderate,Very Low,Very Low,Relatively Low,Relatively Low,Not Applicable,Very Low
Illinois,IL,Henry,County,162080,Not Applicable,Relatively High,Very Low,Relatively Moderate,Very Low,Relatively Low,Relatively Moderate,Relatively Moderate,Not Applicable,Very Low
Illinois,IL,Saline,County,199440,Not Applicable,No Rating,Relatively Low,Relatively Low,Very Low,Very Low,Relatively Moderate,Relatively Low,Not Applicable,Very Low
Illinois,IL,Jefferson,County,131630,Not Applicable,Relatively Moderate,Relatively Moderate,Relatively Moderate,Very Low,Very Low,Relatively Low,Relatively Moderate,Not Applicable,Very Low
Illinois,IL,Marion,County,121070,Not Applicable,Relatively Moderate,Relatively Moderate,Relatively Moderate,Very Low,Relatively Moderate,Very Low,Relatively Low,Not Applicable,Very Low
Illinois,IL,Ogle,County,201180,Not Applicable,Relatively High,Very Low,Relatively Low,Very Low,Relatively High,Relatively Low,Relatively Moderate,Not Applicable,Very Low
Illinois,IL,Knox,County,111150,Not Applicable,Relatively High,Very Low,Relatively Moderate,Very Low,Relatively Moderate,Relatively Low,Relatively Low,Not Applicable,Very Low
Illinois,IL,Effingham,County,203500,Not Applicable,Relatively Moderate,Relatively Low,Relatively Moderate,Very Low,Relatively Moderate,Relatively Low,Relatively Low,Not Applicable,Very Low
Illinois,IL,Woodford,County,217450,Not Applicable,Relatively High,Very Low,Relatively Moderate,Very Low,Relatively Moderate,Relatively Low,Relatively Low,Not Applicable,Very Low
Illinois,IL,Adams,County,173230,Not Applicable,Relatively High,Relatively Low,Relatively High,Very Low,Relatively Moderate,Very Low,Relatively Low,Not Applicable,Very Low
Illinois,IL,Clinton,County,200530,Not Applicable,Relatively Moderate,Relatively Low,Relatively Moderate,Very Low,Relatively Moderate,Relatively Low,Relatively Low,Not Applicable,Very Low
Illinois,IL,Stephenson,County,133820,Not Applicable,Relatively High,Very Low,Relatively Low,Very Low,Relatively High,Relatively Low,Relatively Moderate,Not Applicable,Very Low
Illinois,IL,Whiteside,County,141160,Not Applicable,Relatively High,Very Low,Relatively Low,Very Low,Relatively Moderate,Relatively Low,Relatively Moderate,Not Applicable,Very Low
Illinois,IL,Vermilion,County,98380,Not Applicable,Relatively High,Relatively Low,Relatively Moderate,Very Low,Relatively Moderate,Relatively Low,Relatively Moderate,Not Applicable,Very Low
Illinois,IL,Monroe,County,296800,Not Applicable,Relatively Low,Relatively Low,Relatively Moderate,Very Low,Relatively Moderate,Very Low,Relatively Low,Not Applicable,Very Low
Illinois,IL,Jackson,County,145150,Not Applicable,No Rating,Relatively Moderate,Relatively Moderate,Very Low,Relatively Low,Relatively Moderate,Relatively Moderate,Not Applicable,Very Low
Illinois,IL,Coles,County,132920,Not Applicable,Relatively Moderate,Relatively Low,Relatively Moderate,Very Low,Relatively Low,Relatively Low,Relatively Moderate,Not Applicable,Very Low
Illinois,IL,Franklin,County,102010,Not Applicable,Relatively Low,Relatively Moderate,Relatively Moderate,Very Low,Relatively Moderate,Relatively Low,Relatively Moderate,Not Applicable,Very Low
Illinois,IL,LaSalle,County,183410,Not Applicable,Very High,Relatively Low,Relatively Low,Very Low,Relatively Low,Relatively Moderate,Relatively Moderate,Not Applicable,Very Low
Illinois,IL,Grundy,County,276540,Not Applicable,Relatively High,Very Low,Relatively Moderate,Very Low,Relatively Low,Relatively Moderate,Relatively Moderate,Not Applicable,Very Low
Illinois,IL,McLean,County,198170,Not Applicable,Very High,Relatively Low,Relatively Moderate,Very Low,Relatively Moderate,Relatively Low,Relatively Moderate,Not Applicable,Very Low
Illinois,IL,Kankakee,County,219230,Not Applicable,Very High,Relatively Low,Relatively Moderate,Very Low,Relatively Low,Relatively Low,Relatively Moderate,Not Applicable,Very Low
Illinois,IL,DeKalb,County,141420,Not Applicable,Very High,Relatively Low,Relatively Moderate,Very Low,Relatively Low,Relatively Low,Relatively Moderate,Not Applicable,Very Low
Illinois,IL,Williamson,County,174130,Not Applicable,No Rating,Relatively Moderate,Relatively Moderate,Very Low,Relatively Low,Relatively Low,Relatively Moderate,Not Applicable,Very Low
Illinois,IL,Macon,County,107800,Not Applicable,Relatively High,Relatively Low,Relatively High,Very Low,Relatively Moderate,Relatively Low,Relatively Moderate,Not Applicable,Very Low
Illinois,IL,Boone,County,230760,Not Applicable,Relatively High,Very Low,Relatively Low,Very Low,Relatively Low,Very Low,Relatively Moderate,Not Applicable,Very Low
Illinois,IL,Tazewell,County,193300,Not Applicable,Relatively High,Relatively Low,Relatively High,Very Low,Relatively Moderate,Relatively Moderate,Relatively Moderate,Not Applicable,Very Low
Illinois,IL,Champaign,County,248720,Not Applicable,Relatively High,Relatively Low,Relatively High,Very Low,Relatively Moderate,Relatively Moderate,Relatively High,Not Applicable,Very Low
Illinois,IL,Sangamon,County,130860,Not Applicable,Relatively High,Relatively Moderate,Relatively Moderate,Very Low,Relatively High,Relatively Moderate,Relatively High,Not Applicable,Very Low
Illinois,IL,Peoria,County,170170,Not Applicable,Very High,Relatively Low,Relatively High,Very Low,Relatively High,Relatively Moderate,Relatively High,Not Applicable,Very Low
Illinois,IL,Rock Island,County,163380,Not Applicable,Relatively High,Very Low,Relatively Moderate,Very Low,Relatively High,Relatively Low,Relatively Moderate,Not Applicable,Very Low
Illinois,IL,Madison,County,111020,Not Applicable,Relatively High,Relatively Moderate,Relatively High,Very Low,Relatively High,Relatively Moderate,Relatively High,Not Applicable,Very Low
Illinois,IL,St. Clair,County,104320,Not Applicable,Relatively High,Relatively Moderate,Relatively High,Very Low,Very High,Relatively Moderate,Relatively High,Not Applicable,Very Low
Illinois,IL,Kendall,County,358210,Not Applicable,Very High,Relatively Low,Relatively Moderate,Very Low,Relatively Low,Relatively Low,Relatively High,Not Applicable,Very Low
Illinois,IL,McHenry,County,136140,Not Applicable,Very High,Relatively Low,Relatively Moderate,Very Low,Relatively Moderate,Relatively Low,Relatively High,Not Applicable,Very Low
Illinois,IL,Winnebago,County,201910,Not Applicable,Very High,Relatively Low,Relatively Moderate,Very Low,Very High,Relatively Moderate,Relatively High,Not Applicable,Very Low
Illinois,IL,Will,County,354690,Not Applicable,Very High,Relatively Low,Relatively High,Very Low,Relatively High,Relatively Moderate,Very High,Not Applicable,Relatively Low
Illinois,IL,Kane,County,364460,Not Applicable,Relatively High,Relatively Low,Relatively Moderate,Very Low,Relatively Moderate,Relatively Moderate,Relatively High,Not Applicable,Very Low
Illinois,IL,Lake,County,388560,Very Low,Very High,Relatively Low,Relatively High,Very Low,Relatively Moderate,Relatively Moderate,Very High,Insufficient Data,Very Low
Illinois,IL,DuPage,County,456160,Not Applicable,Relatively High,Relatively Low,Relatively Moderate,Very Low,Relatively Moderate,Relatively Moderate,Very High,Not Applicable,Very Low
Illinois,IL,Cook,County,373580,Very Low,Very High,Relatively Moderate,Very High,Very Low,Relatively High,Relatively High,Very High,Insufficient Data,Very Low
Indiana,IN,Benton,County,153460,Not Applicable,Relatively Moderate,Very Low,Relatively Low,Very Low,Very Low,Very Low,Relatively Low,Not Applicable,Very Low
Indiana,IN,Warren,County,168520,Not Applicable,Relatively Moderate,Very Low,Relatively Low,Very Low,Very Low,Relatively Low,Very Low,Not Applicable,Very Low
Indiana,IN,Pulaski,County,158150,Not Applicable,Relatively Moderate,Very Low,Relatively Low,Very Low,Relatively Low,Very Low,Relatively Low,Not Applicable,Very Low
Indiana,IN,Martin,County,179720,Not Applicable,Relatively Low,Very Low,Relatively Low,Very Low,Very Low,Relatively Low,Relatively Low,Not Applicable,Very Low
Indiana,IN,Newton,County,161650,Not Applicable,Relatively Moderate,Very Low,Relatively Low,Very Low,Very Low,Relatively Low,Relatively Low,Not Applicable,Very Low
Indiana,IN,Crawford,County,132160,Not Applicable,Relatively Low,Very Low,Relatively Low,Very Low,Relatively Low,Relatively Moderate,Relatively Low,Not Applicable,Very Low
Indiana,IN,Parke,County,142940,Not Applicable,Relatively Moderate,Very Low,Relatively Low,Very Low,Relatively Low,Relatively Low,Relatively Low,Not Applicable,Very Low
Indiana,IN,Pike,County,152900,Not Applicable,Relatively Low,Relatively Low,Relatively Low,Very Low,Relatively Low,Relatively Low,Relatively Low,Not Applicable,Very Low
Indiana,IN,Rush,County,172530,Not Applicable,Relatively Low,Very Low,Relatively Low,Very Low,Very Low,Very Low,Relatively Low,Not Applicable,Very Low
Indiana,IN,Fountain,County,154000,Not Applicable,Relatively Moderate,Very Low,Relatively Low,Very Low,Relatively Low,Relatively Low,Relatively Low,Not Applicable,Very Low
Indiana,IN,Union,County,173080,Not Applicable,Relatively Low,Very Low,Very Low,Very Low,Very Low,Very Low,Relatively Low,Not Applicable,Very Low
Indiana,IN,Switzerland,County,179030,Not Applicable,Relatively Low,Very Low,Relatively Low,Very Low,Relatively Low,Relatively Low,Relatively Low,Not Applicable,Very Low
Indiana,IN,Sullivan,County,125330,Not Applicable,Relatively Moderate,Relatively Low,Relatively Moderate,Very Low,Relatively Low,Very Low,Relatively Low,Not Applicable,Very Low
Indiana,IN,White,County,177090,Not Applicable,Relatively High,Very Low,Relatively Low,Very Low,Very Low,Relatively Low,Relatively Low,Not Applicable,Very Low
Indiana,IN,Brown,County,281460,Not Applicable,Very Low,Very Low,Very Low,Very Low,Very Low,Very Low,Relatively Low,Not Applicable,Very Low
Indiana,IN,Orange,County,149300,Not Applicable,Relatively Low,Relatively Low,Relatively Low,Very Low,Relatively Low,Relatively Low,Relatively Moderate,Not Applicable,Very Low
Indiana,IN,Spencer,County,199210,Not Applicable,Relatively Low,Relatively Low,Relatively Low,Very Low,Relatively Moderate,Relatively Low,Relatively Low,Not Applicable,Very Low
Indiana,IN,Perry,County,163820,Not Applicable,Relatively Low,Relatively Low,Relatively Low,Very Low,Relatively Low,Relatively Moderate,Relatively Low,Not Applicable,Very Low
Indiana,IN,Jay,County,132850,Not Applicable,Relatively High,Very Low,Relatively Low,Very Low,Relatively Low,Very Low,Relatively Low,Not Applicable,Very Low
Indiana,IN,Randolph,County,120960,Not Applicable,Relatively Moderate,Very Low,Relatively Low,Very Low,Relatively Low,Relatively Low,Relatively Low,Not Applicable,Very Low
Indiana,IN,Carroll,County,198350,Not Applicable,Relatively Moderate,Very Low,Relatively Low,Very Low,Very Low,Relatively Moderate,Relatively Low,Not Applicable,Very Low
Indiana,IN,Washington,County,173340,Not Applicable,Relatively Low,Relatively Low,Relatively Low,Very Low,Relatively Low,Relatively Low,Relatively Moderate,Not Applicable,Very Low
Indiana,IN,Owen,County,176340,Not Applicable,Relatively Low,Very Low,Relatively Low,Very Low,Very Low,Relatively Moderate,Relatively Low,Not Applicable,Very Low
Indiana,IN,Fulton,County,166310,Not Applicable,Relatively Moderate,Very Low,Relatively Low,Very Low,Very Low,Very Low,Relatively Low,Not Applicable,Very Low
Indiana,IN,Greene,County,139760,Not Applicable,Relatively Moderate,Relatively Low,Relatively Low,Very Low,Very Low,Relatively Moderate,Relatively Low,Not Applicable,Very Low
Indiana,IN,Jasper,County,214530,Not Applicable,Relatively High,Very Low,Relatively Low,Very Low,Relatively Low,Relatively Low,Relatively Low,Not Applicable,Very Low
Indiana,IN,Tipton,County,192160,Not Applicable,Relatively Low,Very Low,Very Low,Very Low,Very Low,Relatively Low,Relatively Low,Not Applicable,Very Low
Indiana,IN,Franklin,County,240740,Not Applicable,Relatively Low,Very Low,Relatively Low,Very Low,Relatively Low,Relatively Low,Relatively Low,Not Applicable,Very Low
Indiana,IN,Vermillion,County,118010,Not Applicable,Relatively Moderate,Very Low,Relatively Low,Very Low,Relatively Low,Relatively Low,Relatively Low,Not Applicable,Very Low
Indiana,IN,Posey,County,216930,Not Applicable,Relatively Low,Relatively Low,Relatively Moderate,Very Low,Relatively Moderate,Relatively Low,Relatively Low,Not Applicable,Very Low
Indiana,IN,Ripley,County,224920,Not Applicable,Relatively Low,Relatively Low,Relatively Low,Very Low,Relatively Low,Relatively Low,Relatively Moderate,Not Applicable,Very Low
Indiana,IN,Gibson,County,178590,Not Applicable,Relatively Low,Relatively Low,Relatively Low,Very Low,Relatively Moderate,Very Low,Relatively Low,Not Applicable,Very Low
Indiana,IN,Ohio,County,233050,Not Applicable,Relatively Low,Very Low,Relatively Low,Very Low,Very Low,Very Low,Relatively Low,Not Applicable,Very Low
Indiana,IN,Knox,County,147640,Not Applicable,Relatively Moderate,Relatively Low,Relatively Moderate,Very Low,Relatively Moderate,Relatively Low,Relatively Low,Not Applicable,Very Low
Indiana,IN,Decatur,County,205430,Not Applicable,Relatively Low,Relatively Low,Relatively Low,Very Low,Relatively Low,Very Low,Relatively Low,Not Applicable,Very Low
Indiana,IN,Jennings,County,160780,Not Applicable,Relatively Low,Relatively Low,Relatively Low,Very Low,Relatively Low,Very Low,Relatively Low,Not Applicable,Very Low
Indiana,IN,Blackford,County,111700,Not Applicable,Relatively Low,Very Low,Very Low,Very Low,Very Low,Very Low,Relatively Low,Not Applicable,Very Low
Indiana,IN,Clay,County,145050,Not Applicable,Relatively Moderate,Relatively Low,Relatively Moderate,Very Low,Relatively Low,Relatively Moderate,Relatively Low,Not Applicable,Very Low
Indiana,IN,Wabash,County,162710,Not Applicable,Relatively Moderate,Very Low,Relatively Low,Very Low,Very Low,Relatively Low,Relatively Moderate,Not Applicable,Very Low
Indiana,IN,Montgomery,County,189120,Not Applicable,Relatively High,Relatively Low,Relatively Moderate,Very Low,Relatively Low,Very Low,Relatively Low,Not Applicable,Very Low
Indiana,IN,Starke,County,163960,Not Applicable,Relatively Moderate,Very Low,Relatively Low,Very Low,Relatively Low,Very Low,Relatively Low,Not Applicable,Very Low
Indiana,IN,Putnam,County,211920,Not Applicable,Relatively High,Relatively Low,Relatively Moderate,Very Low,Very Low,Very Low,Relatively Low,Not Applicable,Very Low
Indiana,IN,Wells,County,210590,Not Applicable,Relatively Moderate,Very Low,Relatively Low,Very Low,Very Low,Relatively Low,Relatively Low,Not Applicable,Very Low
Indiana,IN,Daviess,County,215660,Not Applicable,Relatively Moderate,Relatively Low,Relatively Moderate,Very Low,Relatively Moderate,Relatively Low,Relatively Low,Not Applicable,Very Low
Indiana,IN,Harrison,County,223470,Not Applicable,Relatively Low,Relatively Low,Relatively Low,Very Low,Relatively Moderate,Relatively Moderate,Relatively Moderate,Not Applicable,Very Low
Indiana,IN,Clinton,County,174740,Not Applicable,Relatively Moderate,Very Low,Relatively Low,Very Low,Relatively Low,Very Low,Relatively Low,Not Applicable,Very Low
Indiana,IN,Jackson,County,190640,Not Applicable,Relatively Low,Relatively Low,Relatively Low,Very Low,Relatively Low,Relatively Moderate,Relatively Moderate,Not Applicable,Very Low
Indiana,IN,Jefferson,County,205840,Not Applicable,Relatively Low,Very Low,Relatively Low,Very Low,Relatively Moderate,Relatively Low,Relatively Moderate,Not Applicable,Very Low
Indiana,IN,Cass,County,132160,Not Applicable,Relatively Moderate,Very Low,Relatively Low,Very Low,Very Low,Relatively Low,Relatively Low,Not Applicable,Very Low
Indiana,IN,Huntington,County,156630,Not Applicable,Relatively Moderate,Very Low,Relatively Low,Very Low,Very Low,Relatively Low,Relatively Moderate,Not Applicable,Very Low
Indiana,IN,Miami,County,135340,Not Applicable,Relatively Moderate,Very Low,Relatively Low,Very Low,Very Low,Relatively Low,Relatively Low,Not Applicable,Very Low
Indiana,IN,Lawrence,County,172110,Not Applicable,Relatively Low,Relatively Low,Relatively Low,Very Low,Relatively Low,Relatively Low,Relatively Moderate,Not Applicable,Very Low
Indiana,IN,Whitley,County,246040,Not Applicable,Relatively Moderate,Very Low,Relatively Low,Very Low,Very Low,Very Low,Relatively Low,Not Applicable,Very Low
Indiana,IN,Dubois,County,233350,Not Applicable,Relatively Low,Relatively Low,Relatively Low,Very Low,Relatively Moderate,Relatively Low,Relatively Low,Not Applicable,Very Low
Indiana,IN,Marshall,County,207640,Not Applicable,Relatively Moderate,Very Low,Relatively Low,Very Low,Very Low,Very Low,Relatively Moderate,Not Applicable,Very Low
Indiana,IN,Adams,County,200450,Not Applicable,Relatively Moderate,Very Low,Relatively Low,Very Low,Very Low,Relatively Low,Relatively Low,Not Applicable,Very Low
Indiana,IN,LaGrange,County,288380,Not Applicable,Relatively Moderate,Very Low,Relatively Low,Very Low,Very Low,Very Low,Relatively Moderate,Not Applicable,Very Low
Indiana,IN,Fayette,County,122210,Not Applicable,Relatively Low,Very Low,Relatively Low,Very Low,Relatively Low,Relatively Low,Relatively Low,Not Applicable,Very Low
Indiana,IN,Shelby,County,196560,Not Applicable,Relatively Low,Relatively Low,Relatively Low,Very Low,Relatively Low,Relatively Low,Relatively Moderate,Not Applicable,Very Low
Indiana,IN,Steuben,County,225060,Not Applicable,Relatively Moderate,Very Low,Relatively Low,Very Low,Relatively Low,Very Low,Relatively Low,Not Applicable,Very Low
Indiana,IN,Noble,County,199070,Not Applicable,Relatively Moderate,Very Low,Relatively Low,Very Low,Very Low,Very Low,Relatively Moderate,Not Applicable,Very Low
Indiana,IN,DeKalb,County,186910,Not Applicable,Relatively Moderate,Very Low,Relatively Low,Very Low,Very Low,Very Low,Relatively Low,Not Applicable,Very Low
Indiana,IN,Henry,County,150410,Not Applicable,Relatively Moderate,Relatively Low,Relatively Low,Very Low,Relatively Low,Very Low,Relatively Moderate,Not Applicable,Very Low
Indiana,IN,Scott,County,161880,Not Applicable,Relatively Low,Relatively Low,Relatively Low,Very Low,Relatively Low,Very Low,Relatively Moderate,Not Applicable,Very Low
Indiana,IN,Kosciusko,County,249110,Not Applicable,Relatively High,Relatively Low,Relatively Low,Very Low,Very Low,Relatively Low,Relatively Moderate,Not Applicable,Very Low
Indiana,IN,Grant,County,150550,Not Applicable,Relatively Moderate,Relatively Low,Relatively Low,Very Low,Relatively Low,Relatively Low,Relatively Moderate,Not Applicable,Very Low
Indiana,IN,Wayne,County,166580,Not Applicable,Relatively Moderate,Relatively Low,Relatively Low,Very Low,Relatively Low,Relatively Low,Relatively Moderate,Not Applicable,Very Low
Indiana,IN,Warrick,County,237940,Not Applicable,Relatively Low,Relatively Low,Relatively Moderate,Very Low,Relatively High,Relatively Low,Relatively Moderate,Not Applicable,Very Low
Indiana,IN,Dearborn,County,250390,Not Applicable,Relatively Low,Very Low,Relatively Low,Very Low,Relatively Low,Relatively Low,Relatively Moderate,Not Applicable,Very Low
Indiana,IN,Boone,County,452780,Not Applicable,Relatively Moderate,Relatively Low,Relatively Low,Very Low,Relatively Low,Relatively Low,Relatively Low,Not Applicable,Very Low
Indiana,IN,Morgan,County,265140,Not Applicable,Relatively Low,Relatively Low,Relatively Low,Very Low,Relatively Low,Relatively Moderate,Relatively Moderate,Not Applicable,Very Low
Indiana,IN,LaPorte,County,229220,Very Low,Very High,Relatively Low,Relatively Moderate,Very Low,Relatively Low,Relatively Low,Relatively Moderate,Insufficient Data,Very Low
Indiana,IN,Bartholomew,County,258790,Not Applicable,Relatively Low,Relatively Low,Relatively Low,Very Low,Relatively Low,Relatively High,Relatively Moderate,Not Applicable,Very Low
Indiana,IN,Hancock,County,324120,Not Applicable,Relatively Moderate,Relatively Low,Relatively Low,Very Low,Relatively Low,Relatively Low,Relatively Moderate,Not Applicable,Very Low
Indiana,IN,Vigo,County,174350,Not Applicable,Relatively High,Relatively Low,Relatively Moderate,Very Low,Relatively Moderate,Relatively Moderate,Relatively Moderate,Not Applicable,Very Low
Indiana,IN,Delaware,County,153780,Not Applicable,Relatively Moderate,Relatively Low,Relatively Low,Very Low,Relatively Moderate,Relatively Moderate,Relatively Moderate,Not Applicable,Very Low
Indiana,IN,Howard,County,217660,Not Applicable,Relatively Moderate,Relatively Low,Relatively Low,Very Low,Relatively Low,Relatively Moderate,Relatively Moderate,Not Applicable,Very Low
Indiana,IN,Madison,County,,Not Applicable,Relatively Moderate,Relatively Low,Relatively Low,Very Low,Relatively Moderate,Relatively Moderate,Relatively Moderate,Not Applicable,Very Low
Indiana,IN,Clark,County,248410,Not Applicable,Relatively Moderate,Relatively Low,Relatively Moderate,Very Low,Relatively High,Relatively Low,Relatively High,Not Applicable,Very Low
Indiana,IN,Monroe,County,303510,Not Applicable,Relatively Low,Relatively Low,Relatively Low,Very Low,Relatively Low,Relatively Low,Relatively Moderate,Not Applicable,Very Low
Indiana,IN,Tippecanoe,County,287410,Not Applicable,Very High,Relatively Low,Relatively Moderate,Very Low,Relatively Moderate,Relatively Moderate,Relatively Moderate,Not Applicable,Very Low
Indiana,IN,Porter,County,334890,Very Low,Very High,Relatively Low,Relatively Moderate,Very Low,Relatively Moderate,Relatively Low,Relatively High,Insufficient Data,Relatively Low
Indiana,IN,Hendricks,County,363490,Not Applicable,Relatively Moderate,Relatively Low,Relatively Low,Very Low,Relatively Moderate,Relatively Low,Relatively Moderate,Not Applicable,Very Low
Indiana,IN,Elkhart,County,242720,Not Applicable,Relatively High,Relatively Low,Relatively Moderate,Very Low,Very Low,Relatively Low,Relatively Moderate,Not Applicable,Very Low
Indiana,IN,Johnson,County,315750,Not Applicable,Relatively Moderate,Relatively Low,Relatively Low,Very Low,Relatively Moderate,Relatively Moderate,Relatively High,Not Applicable,Very Low
Indiana,IN,Floyd,County,268720,Not Applicable,Relatively Moderate,Relatively Low,Relatively Low,Very Low,Relatively Moderate,Relatively Low,Relatively Moderate,Not Applicable,Very Low
Indiana,IN,Allen,County,257610,Not Applicable,Very High,Relatively Low,Relatively Moderate,Very Low,Very Low,Relatively Moderate,Relatively High,Not Applicable,Very Low
Indiana,IN,St. Joseph,County,221620,Not Applicable,Relatively High,Relatively Low,Relatively Moderate,Very Low,Very Low,Relatively Low,Relatively Moderate,Not Applicable,Very Low
Indiana,IN,Vanderburgh,County,203670,Not Applicable,Relatively Moderate,Relatively Moderate,Relatively Moderate,Very Low,Very High,Relatively Low,Relatively High,Not Applicable,Very Low
Indiana,IN,Hamilton,County,462110,Not Applicable,Relatively Moderate,Relatively Low,Relatively Low,Very Low,Relatively Moderate,Relatively Low,Relatively High,Not Applicable,Very Low
Indiana,IN,Lake,County,261950,Very Low,Very High,Relatively Low,Relatively High,Very Low,Relatively Moderate,Relatively Moderate,Very High,Insufficient Data,Relatively Low
Indiana,IN,Marion,County,255810,Not Applicable,Very High,Relatively Moderate,Relatively Moderate,Very Low,Relatively Moderate,Relatively Low,Very High,Not Applicable,Very Low
Kansas,KS,Greeley,County,132170,Not Applicable,Relatively High,Very Low,No Rating,Not Applicable,Very Low,No Rating,Very Low,Not Applicable,Very Low
Kansas,KS,Wallace,County,115900,Not Applicable,Relatively Moderate,Very Low,No Rating,Not Applicable,Very Low,Very Low,Very Low,Not Applicable,Very Low
Kansas,KS,Hodgeman,County,103260,Not Applicable,Relatively Low,Very Low,No Rating,Not Applicable,Relatively Low,Very Low,Relatively Low,Not Applicable,Very Low
Kansas,KS,Clark,County,100700,Not Applicable,Relatively Moderate,Very Low,Very Low,Very Low,Relatively Low,Very Low,Relatively Low,Not Applicable,Relatively Low
Kansas,KS,Comanche,County,87390,Not Applicable,Relatively Low,Very Low,Very Low,Very Low,Relatively Low,Very Low,Very Low,Not Applicable,Relatively Low
Kansas,KS,Lane,County,99900,Not Applicable,Relatively Low,Very Low,No Rating,Not Applicable,Relatively Low,No Rating,Very Low,Not Applicable,Very Low
Kansas,KS,Rawlins,County,131630,Not Applicable,Relatively Low,Very Low,No Rating,Not Applicable,Very Low,Very Low,Relatively Low,Not Applicable,Very Low
Kansas,KS,Ness,County,94120,Not Applicable,Relatively Low,Very Low,No Rating,Not Applicable,Relatively Low,Very Low,Relatively Low,Not Applicable,Very Low
Kansas,KS,Hamilton,County,123020,Not Applicable,Relatively High,Very Low,No Rating,Not Applicable,Very Low,Very Low,Very Low,Not Applicable,Very Low
Kansas,KS,Gove,County,139560,Not Applicable,Relatively Moderate,Very Low,No Rating,Not Applicable,Relatively Low,No Rating,Relatively Low,Not Applicable,Very Low
Kansas,KS,Cheyenne,County,122620,Not Applicable,Relatively High,Very Low,No Rating,Not Applicable,Very Low,Very Low,Relatively Low,Not Applicable,Very Low
Kansas,KS,Logan,County,147490,Not Applicable,Relatively Low,Very Low,No Rating,Not Applicable,Very Low,Very Low,Very Low,Not Applicable,Very Low
Kansas,KS,Graham,County,108370,Not Applicable,Relatively Low,Very Low,Very Low,Not Applicable,Relatively Low,Very Low,Very Low,Not Applicable,Very Low
Kansas,KS,Sheridan,County,162820,Not Applicable,Relatively Moderate,Very Low,Very Low,Not Applicable,Very Low,Very Low,Very Low,Not Applicable,Very Low
Kansas,KS,Wichita,County,116170,Not Applicable,Very High,Very Low,No Rating,Not Applicable,Very Low,No Rating,Very Low,Not Applicable,Very Low
Kansas,KS,Stanton,County,87800,Not Applicable,Relatively Moderate,Very Low,No Rating,Not Applicable,Very Low,No Rating,Very Low,Not Applicable,Very Low
Kansas,KS,Decatur,County,88870,Not Applicable,Relatively Low,Very Low,Very Low,Not Applicable,Relatively Moderate,Very Low,Relatively Low,Not Applicable,Very Low
Kansas,KS,Trego,County,143460,Not Applicable,Relatively Low,Very Low,No Rating,Not Applicable,Relatively Low,No Rating,Relatively Low,Not Applicable,Very Low
Kansas,KS,Jewell,County,80810,Not Applicable,Very Low,Very Low,Very Low,Not Applicable,Relatively Moderate,Very Low,Relatively Low,Not Applicable,Very Low
Kansas,KS,Chase,County,146420,Not Applicable,Relatively Low,Very Low,Relatively Low,Not Applicable,Relatively Moderate,Relatively Low,Relatively Low,Not Applicable,Relatively Low
Kansas,KS,Kiowa,County,149510,Not Applicable,Relatively Moderate,Very Low,Very Low,Not Applicable,Relatively Low,Very Low,Relatively Low,Not Applicable,Relatively Low
Kansas,KS,Morton,County,106760,Not Applicable,Relatively Moderate,Very Low,No Rating,Not Applicable,Relatively Low,Very Low,Very Low,Not Applicable,Very Low
Kansas,KS,Barber,County,102180,Not Applicable,Relatively Moderate,Very Low,Very Low,Very Low,Relatively Moderate,Very Low,Relatively Low,Not Applicable,Relatively Low
Kansas,KS,Elk,County,77180,Not Applicable,Relatively Low,Very Low,Relatively Low,Very Low,Relatively Moderate,Very Low,Relatively Low,Not Applicable,Relatively Low
Kansas,KS,Osborne,County,86860,Not Applicable,Relatively Low,Very Low,Very Low,Not Applicable,Relatively Low,Very Low,Relatively Low,Not Applicable,Very Low
Kansas,KS,Smith,County,92370,Not Applicable,Very Low,Very Low,Very Low,Not Applicable,Relatively Moderate,Very Low,Relatively Low,Not Applicable,Very Low
Kansas,KS,Lincoln,County,110920,Not Applicable,Relatively Low,Very Low,Relatively Low,Not Applicable,Relatively Moderate,Very Low,Relatively Low,Not Applicable,Very Low
Kansas,KS,Rush,County,96000,Not Applicable,Relatively Low,Very Low,Very Low,Not Applicable,Relatively Low,Very Low,Relatively Low,Not Applicable,Very Low
Kansas,KS,Meade,County,164840,Not Applicable,Relatively Moderate,Very Low,No Rating,Not Applicable,Relatively Low,Very Low,Relatively Low,Not Applicable,Relatively Low
Kansas,KS,Kearny,County,161340,Not Applicable,Relatively High,Very Low,No Rating,Not Applicable,Relatively Low,Very Low,Very Low,Not Applicable,Very Low
Kansas,KS,Edwards,County,84030,Not Applicable,Relatively Low,Very Low,Very Low,Not Applicable,Relatively Low,Very Low,Very Low,Not Applicable,Very Low
Kansas,KS,Stafford,County,110520,Not Applicable,Relatively Low,Very Low,Very Low,Not Applicable,Relatively Low,Very Low,Relatively Low,Not Applicable,Relatively Low
Kansas,KS,Greenwood,County,90890,Not Applicable,Very Low,Very Low,Relatively Low,Not Applicable,Relatively Moderate,Relatively Low,Very Low,Not Applicable,Relatively Low
Kansas,KS,Chautauqua,County,74490,Not Applicable,Relatively Low,Very Low,Relatively Low,Very Low,Relatively Moderate,Very Low,Relatively Low,Not Applicable,Relatively Moderate
Kansas,KS,Rooks,County,103390,Not Applicable,Relatively Low,Very Low,Relatively Low,Not Applicable,Relatively Low,Very Low,Relatively Low,Not Applicable,Very Low
Kansas,KS,Sherman,County,166050,Not Applicable,Relatively High,Very Low,No Rating,Not Applicable,Relatively Low,Very Low,Relatively Low,Not Applicable,Very Low
Kansas,KS,Phillips,County,112270,Not Applicable,Relatively Low,Very Low,Relatively Low,Not Applicable,Relatively Moderate,Very Low,Relatively Low,Not Applicable,Very Low
Kansas,KS,Washington,County,117240,Not Applicable,Relatively Low,Very Low,Relatively Low,Not Applicable,Relatively High,Very Low,Relatively Low,Not Applicable,Relatively Low
Kansas,KS,Norton,County,111330,Not Applicable,Relatively Low,Very Low,Relatively Low,Not Applicable,Relatively Moderate,Very Low,Relatively Low,Not Applicable,Very Low
Kansas,KS,Woodson,County,97340,Not Applicable,Relatively Low,Very Low,Relatively Low,Not Applicable,Relatively Low,Very Low,Very Low,Not Applicable,Very Low
Kansas,KS,Gray,County,205710,Not Applicable,Relatively High,Very Low,No Rating,Not Applicable,Relatively Low,Very Low,Relatively Low,Not Applicable,Very Low
Kansas,KS,Haskell,County,149650,Not Applicable,Very High,Very Low,No Rating,Not Applicable,Relatively Low,No Rating,Relatively Low,Not Applicable,Very Low
Kansas,KS,Republic,County,83900,Not Applicable,Relatively Low,Very Low,Very Low,Not Applicable,Relatively Low,Relatively Low,Relatively Low,Not Applicable,Very Low
Kansas,KS,Harper,County,96400,Not Applicable,Relatively Low,Very Low,Relatively Low,Very Low,Relatively Low,Relatively Low,Relatively Low,Not Applicable,Very Low
Kansas,KS,Scott,County,218080,Not Applicable,Relatively High,Very Low,No Rating,Not Applicable,Relatively Low,No Rating,Relatively Low,Not Applicable,Very Low
Kansas,KS,Stevens,County,148440,Not Applicable,Relatively High,Very Low,No Rating,Not Applicable,Relatively Low,No Rating,Relatively Low,Not Applicable,Very Low
Kansas,KS,Thomas,County,190920,Not Applicable,Relatively Moderate,Very Low,No Rating,Not Applicable,Very Low,Very Low,Relatively Low,Not Applicable,Very Low
Kansas,KS,Russell,County,142790,Not Applicable,Relatively Low,Very Low,Relatively Low,Not Applicable,Relatively Moderate,Very Low,Relatively Low,Not Applicable,Very Low
Kansas,KS,Morris,County,123560,Not Applicable,Relatively Low,Very Low,Relatively Low,Not Applicable,Relatively Low,Very Low,Relatively Low,Not Applicable,Relatively Low
Kansas,KS,Ottawa,County,188230,Not Applicable,Relatively Low,Very Low,Relatively Low,Not Applicable,Relatively Low,Relatively Low,Relatively Low,Not Applicable,Relatively Low
Kansas,KS,Mitchell,County,125440,Not Applicable,Very Low,Very Low,Very Low,Not Applicable,Relatively Moderate,Relatively Low,Relatively Low,Not Applicable,Very Low
Kansas,KS,Pawnee,County,113070,Not Applicable,Relatively Moderate,Very Low,Relatively Low,Not Applicable,Relatively Low,Very Low,Relatively Low,Not Applicable,Very Low
Kansas,KS,Wabaunsee,County,209810,Not Applicable,Relatively Low,Very Low,Relatively Low,Not Applicable,Relatively Low,Relatively Low,Relatively Low,Not Applicable,Relatively Low
Kansas,KS,Kingman,County,126390,Not Applicable,Relatively Low,Very Low,Relatively Low,Very Low,Relatively High,Very Low,Relatively Low,Not Applicable,Very Low
Kansas,KS,Ellsworth,County,132440,Not Applicable,Very Low,Very Low,Relatively Low,Not Applicable,Relatively High,Relatively Low,Relatively Low,Not Applicable,Relatively Low
Kansas,KS,Marshall,County,221040,Not Applicable,Very Low,Very Low,Relatively Low,Not Applicable,Relatively Low,Very Low,Relatively Low,Not Applicable,Relatively Low
Kansas,KS,Pratt,County,139020,Not Applicable,Relatively Moderate,Very Low,Relatively Low,Not Applicable,Relatively Low,Relatively Low,Relatively Low,Not Applicable,Very Low
Kansas,KS,Marion,County,136470,Not Applicable,Relatively Low,Very Low,Relatively Moderate,Not Applicable,Relatively High,Relatively Low,Relatively Low,Not Applicable,Relatively Low
Kansas,KS,Clay,County,152600,Not Applicable,Relatively Low,Very Low,Relatively Low,Not Applicable,Relatively Low,Relatively Low,Relatively Low,Not Applicable,Relatively Low
Kansas,KS,Cloud,County,110250,Not Applicable,Very Low,Very Low,Relatively Low,Not Applicable,Relatively Moderate,Very Low,Relatively Low,Not Applicable,Very Low
Kansas,KS,Grant,County,187560,Not Applicable,Relatively High,Very Low,No Rating,Not Applicable,Relatively Low,No Rating,Relatively Low,Not Applicable,Very Low
Kansas,KS,Rice,County,107700,Not Applicable,Relatively Low,Very Low,Relatively Low,Not Applicable,Relatively High,Very Low,Relatively Low,Not Applicable,Relatively Low
Kansas,KS,Coffey,County,162280,Not Applicable,Relatively Moderate,Very Low,Relatively Low,Not Applicable,Relatively Low,Very Low,Relatively Low,Not Applicable,Very Low
Kansas,KS,Anderson,County,158120,Not Applicable,Relatively Moderate,Very Low,Relatively Low,Not Applicable,Relatively Low,Relatively Low,Relatively Low,Not Applicable,Very Low
Kansas,KS,Nemaha,County,211220,Not Applicable,Relatively Moderate,Very Low,Relatively Moderate,Not Applicable,Relatively Low,Very Low,Relatively Low,Not Applicable,Relatively Low
Kansas,KS,Wilson,County,111060,Not Applicable,Relatively Low,Very Low,Relatively Moderate,Not Applicable,Relatively Moderate,Relatively Low,Relatively Low,Not Applicable,Very Low
Kansas,KS,Linn,County,181630,Not Applicable,Relatively Moderate,Very Low,Relatively Low,Very Low,Relatively Low,Relatively Low,Relatively Low,Not Applicable,Very Low
Kansas,KS,Brown,County,124100,Not Applicable,Relatively Moderate,Very Low,Relatively Moderate,Not Applicable,Relatively Low,Very Low,Relatively Low,Not Applicable,Very Low
Kansas,KS,Sumner,County,136350,Not Applicable,Relatively Moderate,Very Low,Relatively Moderate,Very Low,Relatively High,Relatively Low,Relatively Moderate,Not Applicable,Very Low
Kansas,KS,Doniphan,County,140440,Not Applicable,Relatively Moderate,Very Low,Relatively Moderate,Not Applicable,Relatively Low,Very Low,Relatively Low,Not Applicable,Very Low
Kansas,KS,Jackson,County,209810,Not Applicable,Relatively Moderate,Very Low,Relatively Low,Not Applicable,Relatively Low,Relatively Low,Relatively Low,Not Applicable,Relatively Low
Kansas,KS,Dickinson,County,159190,Not Applicable,Relatively Low,Very Low,Relatively Moderate,Not Applicable,Relatively Low,Relatively Low,Relatively Moderate,Not Applicable,Relatively Low
Kansas,KS,Osage,County,179330,Not Applicable,Relatively Moderate,Very Low,Relatively Low,Not Applicable,Relatively Moderate,Relatively Low,Relatively Low,Not Applicable,Very Low
Kansas,KS,Bourbon,County,117240,Not Applicable,Relatively Low,Very Low,Relatively Low,Very Low,Relatively Moderate,Relatively Low,Relatively Low,Not Applicable,Very Low
Kansas,KS,Allen,County,112400,Not Applicable,Relatively Low,Very Low,Relatively Low,Very Low,Relatively Moderate,Relatively Low,Relatively Low,Not Applicable,Very Low
Kansas,KS,Neosho,County,116840,Not Applicable,Relatively Moderate,Very Low,Relatively Moderate,Very Low,Relatively Moderate,Relatively Low,Relatively Moderate,Not Applicable,Very Low
Kansas,KS,Barton,County,134050,Not Applicable,Relatively Low,Very Low,Relatively Moderate,Not Applicable,Relatively High,Relatively Moderate,Relatively Moderate,Not Applicable,Relatively Low
Kansas,KS,Finney,County,217810,Not Applicable,Relatively High,Very Low,No Rating,Not Applicable,Relatively Low,Relatively Low,Relatively Moderate,Not Applicable,Very Low
Kansas,KS,Pottawatomie,County,246620,Not Applicable,Relatively Low,Very Low,Relatively Low,Not Applicable,Relatively Moderate,Relatively Low,Relatively Low,Not Applicable,Relatively Moderate
Kansas,KS,Cowley,County,123290,Not Applicable,Relatively Moderate,Very Low,Relatively Moderate,Very Low,Relatively Moderate,Relatively Moderate,Relatively Moderate,Not Applicable,Relatively Moderate
Kansas,KS,Ford,County,146420,Not Applicable,Relatively High,Very Low,No Rating,Not Applicable,Relatively Low,Relatively Low,Relatively Moderate,Not Applicable,Relatively Low
Kansas,KS,Labette,County,107700,Not Applicable,Relatively Moderate,Very Low,Relatively Moderate,Very Low,Relatively High,Relatively Low,Relatively Moderate,Not Applicable,Very Low
Kansas,KS,Ellis,County,231930,Not Applicable,Relatively Moderate,Very Low,Relatively Low,Not Applicable,Relatively Moderate,No Rating,Relatively Low,Not Applicable,Very Low
Kansas,KS,Cherokee,County,112000,Not Applicable,Relatively Moderate,Very Low,Relatively Moderate,Very Low,Relatively High,Relatively Moderate,Relatively Moderate,Not Applicable,Very Low
Kansas,KS,McPherson,County,139560,Not Applicable,Relatively Low,Very Low,Relatively Moderate,Not Applicable,Relatively High,Very Low,Relatively Moderate,Not Applicable,Relatively Low
Kansas,KS,Seward,County,147090,Not Applicable,Relatively High,Very Low,No Rating,Not Applicable,Relatively Low,Relatively Low,Relatively Moderate,Not Applicable,Relatively Low
Kansas,KS,Jefferson,County,233290,Not Applicable,Relatively Moderate,Very Low,Relatively Low,Not Applicable,Relatively Low,Relatively Low,Relatively Low,Not Applicable,Very Low
Kansas,KS,Atchison,County,151120,Not Applicable,Relatively Low,Very Low,Relatively Low,Not Applicable,Relatively Low,Very Low,Relatively Low,Not Applicable,Very Low
Kansas,KS,Lyon,County,161070,Not Applicable,Relatively Low,Very Low,Relatively Moderate,Not Applicable,Relatively High,Relatively Low,Relatively Moderate,Not Applicable,Relatively Low
Kansas,KS,Franklin,County,212220,Not Applicable,Relatively Moderate,Very Low,Relatively Moderate,Not Applicable,Relatively Low,Relatively Low,Relatively Moderate,Not Applicable,Very Low
Kansas,KS,Butler,County,267080,Not Applicable,Relatively Low,Very Low,Relatively Moderate,Very Low,Relatively High,Relatively Moderate,Relatively Moderate,Not Applicable,Relatively Moderate
Kansas,KS,Montgomery,County,109710,Not Applicable,Relatively Moderate,Very Low,Relatively Moderate,Very Low,Relatively High,Relatively Moderate,Relatively Moderate,Not Applicable,Very Low
Kansas,KS,Reno,County,143190,Not Applicable,Relatively Low,Very Low,Relatively Moderate,Not Applicable,Very High,Relatively Moderate,Relatively High,Not Applicable,Relatively Moderate
Kansas,KS,Miami,County,310830,Not Applicable,Relatively Moderate,Very Low,Relatively Moderate,Not Applicable,Relatively Moderate,Relatively Low,Relatively Moderate,Not Applicable,Very Low
Kansas,KS,Harvey,County,182030,Not Applicable,Relatively Low,Very Low,Relatively Moderate,Not Applicable,Relatively High,Relatively Low,Relatively Moderate,Not Applicable,Relatively Low
Kansas,KS,Crawford,County,132700,Not Applicable,Relatively Moderate,Relatively Low,Relatively Moderate,Very Low,Relatively High,Relatively Low,Relatively Moderate,Not Applicable,Very Low
Kansas,KS,Saline,County,195090,Not Applicable,Relatively Low,Very Low,Relatively Moderate,Not Applicable,Very High,Relatively Low,Relatively High,Not Applicable,Relatively Low
Kansas,KS,Geary,County,188530,Not Applicable,Relatively Low,Very Low,Relatively Moderate,Not Applicable,Relatively Low,Relatively Low,Relatively Moderate,Not Applicable,Relatively Low
Kansas,KS,Riley,County,295280,Not Applicable,Relatively Low,Very Low,Relatively Low,Not Applicable,Relatively Low,Relatively Moderate,Relatively Moderate,Not Applicable,Relatively Low
Kansas,KS,Leavenworth,County,342950,Not Applicable,Relatively Moderate,Very Low,Relatively Moderate,Not Applicable,Relatively High,Relatively Moderate,Relatively Moderate,Not Applicable,Very Low
Kansas,KS,Douglas,County,323960,Not Applicable,Relatively High,Very Low,Relatively Moderate,Not Applicable,Relatively High,Relatively Low,Relatively High,Not Applicable,Very Low
Kansas,KS,Shawnee,County,212420,Not Applicable,Relatively Moderate,Relatively Low,Relatively Moderate,Not Applicable,Relatively High,Relatively Low,Relatively High,Not Applicable,Relatively Low
Kansas,KS,Sedgwick,County,234710,Not Applicable,Relatively Low,Relatively Low,Relatively High,Very Low,Very High,Relatively Low,Very High,Not Applicable,Relatively Low
Kansas,KS,Wyandotte,County,206380,Not Applicable,Relatively Moderate,Relatively Low,Relatively Moderate,Not Applicable,Very High,Relatively Low,Relatively High,Not Applicable,Very Low
Kansas,KS,Johnson,County,469650,Not Applicable,Relatively High,Relatively Low,Relatively High,Not Applicable,Very High,Relatively Low,Very High,Not Applicable,Very Low
Kentucky,KY,Hickman,County,120560,Not Applicable,No Rating,Relatively Low,Relatively Low,Very Low,Relatively Moderate,Very Low,Relatively Low,Not Applicable,Very Low
Kentucky,KY,Cumberland,County,152670,Not Applicable,Relatively Low,Very Low,Relatively Low,Very Low,Relatively Low,Very Low,Relatively Low,Not Applicable,Very Low
Kentucky,KY,Owsley,County,98020,Not Applicable,Relatively Low,Very Low,Relatively Low,Very Low,Very Low,Relatively Low,Very Low,Not Applicable,Relatively Low
Kentucky,KY,Robertson,County,133800,Not Applicable,Relatively Low,Very Low,Relatively Low,Very Low,Very Low,Very Low,Very Low,Not Applicable,Very Low
Kentucky,KY,Crittenden,County,136610,Not Applicable,No Rating,Relatively Low,Relatively Low,Very Low,Relatively Moderate,Relatively Low,Relatively Low,Not Applicable,Very Low
Kentucky,KY,Carlisle,County,114080,Not Applicable,No Rating,Relatively Low,Relatively Low,Very Low,Relatively Moderate,Relatively Low,Relatively Low,Not Applicable,Very Low
Kentucky,KY,Leslie,County,99710,Not Applicable,Relatively Low,Very Low,Relatively Low,Very Low,Very Low,Relatively Low,Very Low,Not Applicable,Relatively Low
Kentucky,KY,Lewis,County,109010,Not Applicable,Relatively Low,Very Low,Relatively Low,Very Low,Relatively Low,Relatively Moderate,Relatively Low,Not Applicable,Very Low
Kentucky,KY,Breathitt,County,74220,Not Applicable,Relatively Low,Very Low,Relatively Low,Very Low,Very Low,Relatively Moderate,Very Low,Not Applicable,Relatively Low
Kentucky,KY,Livingston,County,135350,Not Applicable,No Rating,Relatively Low,Relatively Low,Very Low,Relatively Moderate,Relatively Low,Relatively Low,Not Applicable,Very Low
Kentucky,KY,Butler,County,131400,Not Applicable,Relatively Low,Relatively Low,Relatively Low,Very Low,Relatively Moderate,Relatively Low,Relatively Low,Not Applicable,Very Low
Kentucky,KY,Wolfe,County,85770,Not Applicable,Relatively Low,Very Low,Relatively Low,Very Low,Very Low,Relatively Low,Very Low,Not Applicable,Relatively Low
Kentucky,KY,Menifee,County,118300,Not Applicable,Relatively Low,Very Low,Relatively Low,Very Low,Very Low,Relatively Low,Very Low,Not Applicable,Relatively Low
Kentucky,KY,Ballard,County,125910,Not Applicable,No Rating,Relatively Low,Relatively Low,Very Low,Relatively Moderate,Very Low,Relatively Low,Not Applicable,Very Low
Kentucky,KY,Elliott,County,106760,Not Applicable,Relatively Low,Very Low,Relatively Low,Very Low,Very Low,Relatively Low,Very Low,Not Applicable,Relatively Low
Kentucky,KY,Fulton,County,94080,Not Applicable,No Rating,Relatively Low,Relatively Low,Very Low,Relatively Moderate,Relatively Low,Relatively Low,Not Applicable,Very Low
Kentucky,KY,Trigg,County,230490,Not Applicable,No Rating,Relatively Low,Relatively Moderate,Very Low,Relatively High,Very Low,Relatively Low,Not Applicable,Very Low
Kentucky,KY,Owen,County,174780,Not Applicable,Relatively Low,Very Low,Relatively Low,Very Low,Relatively Low,Relatively Low,Relatively Low,Not Applicable,Very Low
Kentucky,KY,Todd,County,166470,Not Applicable,No Rating,Relatively Low,Relatively Moderate,Very Low,Relatively High,Relatively Low,Relatively Low,Not Applicable,Very Low
Kentucky,KY,Monroe,County,147740,Not Applicable,Relatively Low,Very Low,Relatively Low,Very Low,Relatively Moderate,Very Low,Relatively Low,Not Applicable,Very Low
Kentucky,KY,Lee,County,104080,Not Applicable,Relatively Low,Very Low,Relatively Low,Very Low,Very Low,Relatively Low,Very Low,Not Applicable,Relatively Low
Kentucky,KY,Metcalfe,County,115060,Not Applicable,Relatively Low,Very Low,Relatively Low,Very Low,Relatively Low,Very Low,Relatively Low,Not Applicable,Very Low
Kentucky,KY,Breckinridge,County,150270,Not Applicable,Relatively Moderate,Relatively Low,Relatively Low,Very Low,Relatively Moderate,Relatively Moderate,Relatively Low,Not Applicable,Very Low
Kentucky,KY,Casey,County,155910,Not Applicable,Relatively Low,Very Low,Relatively Low,Very Low,Relatively Low,Relatively Low,Relatively Low,Not Applicable,Very Low
Kentucky,KY,Morgan,County,107460,Not Applicable,Relatively Low,Very Low,Relatively Low,Very Low,Very Low,Relatively Low,Relatively Low,Not Applicable,Relatively Low
Kentucky,KY,McLean,County,172670,Not Applicable,No Rating,Relatively Low,Relatively Low,Very Low,Relatively High,Relatively Low,Relatively Low,Not Applicable,Very Low
Kentucky,KY,Caldwell,County,131820,Not Applicable,No Rating,Relatively Low,Relatively Low,Very Low,Relatively High,Relatively Low,Relatively Low,Not Applicable,Very Low
Kentucky,KY,Jackson,County,113230,Not Applicable,Relatively Low,Very Low,Relatively Low,Very Low,Very Low,Very Low,Relatively Low,Not Applicable,Relatively Moderate
Kentucky,KY,Magoffin,County,95210,Not Applicable,Relatively Low,Very Low,Relatively Low,Very Low,Very Low,Relatively Moderate,Very Low,Not Applicable,Relatively Moderate
Kentucky,KY,Nicholas,County,123370,Not Applicable,Relatively Low,Very Low,Relatively Low,Very Low,Very Low,Relatively Low,Relatively Low,Not Applicable,Very Low
Kentucky,KY,Green,County,119010,Not Applicable,Relatively Low,Very Low,Relatively Low,Very Low,Relatively Moderate,Very Low,Relatively Low,Not Applicable,Very Low
Kentucky,KY,Lawrence,County,129430,Not Applicable,Relatively Low,Very Low,Relatively Low,Very Low,Very Low,Relatively Low,Very Low,Not Applicable,Relatively Low
Kentucky,KY,Webster,County,99270,Not Applicable,No Rating,Relatively Low,Relatively Moderate,Very Low,Relatively High,Relatively Low,Relatively Low,Not Applicable,Very Low
Kentucky,KY,McCreary,County,109710,Not Applicable,Relatively Low,Very Low,Relatively Low,Very Low,Relatively Low,Very Low,Relatively Low,Not Applicable,Relatively Low
Kentucky,KY,Union,County,127740,Not Applicable,No Rating,Relatively Low,Relatively Moderate,Very Low,Relatively High,Relatively Low,Relatively Low,Not Applicable,Very Low
Kentucky,KY,Edmonson,County,135360,Not Applicable,Relatively Low,Very Low,Relatively Low,Very Low,Relatively Moderate,Relatively Low,Relatively Low,Not Applicable,Very Low
Kentucky,KY,Washington,County,189150,Not Applicable,Relatively Low,Very Low,Relatively Low,Very Low,Relatively Low,Very Low,Relatively Low,Not Applicable,Very Low
Kentucky,KY,Ohio,County,133510,Not Applicable,Relatively Low,Relatively Low,Relatively Low,Very Low,Relatively Moderate,Relatively Moderate,Relatively Low,Not Applicable,Very Low
Kentucky,KY,Knott,County,81550,Not Applicable,Relatively Low,Very Low,Relatively Low,Very Low,Very Low,Relatively Low,Very Low,Not Applicable,Relatively Low
Kentucky,KY,Lyon,County,210690,Not Applicable,No Rating,Relatively Low,Relatively Low,Very Low,Relatively Moderate,Very Low,Relatively Low,Not Applicable,Very Low
Kentucky,KY,Bracken,County,139240,Not Applicable,Relatively Low,Very Low,Relatively Low,Very Low,Very Low,Relatively Low,Relatively Low,Not Applicable,Very Low
Kentucky,KY,Wayne,County,139570,Not Applicable,Relatively Low,Very Low,Relatively Low,Very Low,Relatively Low,Very Low,Relatively Low,Not Applicable,Very Low
Kentucky,KY,Fleming,County,134640,Not Applicable,Relatively Low,Very Low,Relatively Low,Very Low,Very Low,Relatively Low,Relatively Low,Not Applicable,Very Low
Kentucky,KY,Clay,County,95070,Not Applicable,Relatively Low,Very Low,Relatively Low,Very Low,Very Low,Very Low,Relatively Low,Not Applicable,Relatively Moderate
Kentucky,KY,Bath,County,123370,Not Applicable,Relatively Low,Very Low,Relatively Low,Very Low,Very Low,Relatively Low,Relatively Low,Not Applicable,Very Low
Kentucky,KY,Adair,County,155770,Not Applicable,Relatively Low,Relatively Low,Relatively Low,Very Low,Relatively Moderate,Very Low,Relatively Low,Not Applicable,Very Low
Kentucky,KY,Hart,County,138580,Not Applicable,Relatively Low,Relatively Low,Relatively Low,Very Low,Relatively Moderate,Relatively Low,Relatively Low,Not Applicable,Very Low
Kentucky,KY,Clinton,County,110140,Not Applicable,Relatively Low,Very Low,Relatively Low,Very Low,Relatively Low,Very Low,Relatively Low,Not Applicable,Very Low
Kentucky,KY,Hancock,County,148290,Not Applicable,Relatively Low,Relatively Low,Relatively Low,Very Low,Relatively Low,Relatively Moderate,Relatively Low,Not Applicable,Very Low
Kentucky,KY,Martin,County,113090,Not Applicable,Relatively Low,Very Low,Relatively Low,Very Low,Very Low,Relatively Moderate,Very Low,Not Applicable,Relatively Low
Kentucky,KY,Logan,County,155630,Not Applicable,Relatively Low,Relatively Low,Relatively Moderate,Very Low,Relatively Moderate,Relatively Low,Relatively Moderate,Not Applicable,Very Low
Kentucky,KY,Rockcastle,County,128160,Not Applicable,Relatively Low,Very Low,Relatively Low,Very Low,Relatively Low,Very Low,Relatively Low,Not Applicable,Very Low
Kentucky,KY,Pendleton,County,188450,Not Applicable,Relatively Low,Very Low,Relatively Low,Very Low,Relatively Low,Relatively Moderate,Relatively Low,Not Applicable,Very Low
Kentucky,KY,Grayson,County,170410,Not Applicable,Relatively Low,Relatively Low,Relatively Low,Very Low,Relatively Moderate,Very Low,Relatively Low,Not Applicable,Very Low
Kentucky,KY,Henry,County,185610,Not Applicable,Relatively Low,Very Low,Relatively Low,Very Low,Relatively Low,Very Low,Relatively Low,Not Applicable,Very Low
Kentucky,KY,Trimble,County,174800,Not Applicable,Relatively Low,Very Low,Relatively Low,Very Low,Relatively Low,Relatively Low,Relatively Low,Not Applicable,Very Low
Kentucky,KY,Estill,County,117040,Not Applicable,Relatively Low,Very Low,Relatively Low,Very Low,Relatively Low,Relatively Low,Relatively Low,Not Applicable,Very Low
Kentucky,KY,Larue,County,187620,Not Applicable,Relatively Low,Very Low,Relatively Low,Very Low,Relatively Low,Very Low,Relatively Low,Not Applicable,Very Low
Kentucky,KY,Marion,County,203230,Not Applicable,Relatively Low,Relatively Low,Relatively Low,Very Low,Relatively Low,Very Low,Relatively Low,Not Applicable,Very Low
Kentucky,KY,Harlan,County,91540,Not Applicable,Relatively Low,Very Low,Relatively Low,Very Low,Relatively Low,Relatively Moderate,Relatively Low,Not Applicable,Relatively Low
Kentucky,KY,Allen,County,187170,Not Applicable,Relatively Low,Relatively Low,Relatively Low,Very Low,Relatively Moderate,Very Low,Relatively Low,Not Applicable,Very Low
Kentucky,KY,Harrison,County,216050,Not Applicable,Relatively Low,Very Low,Relatively Low,Very Low,Relatively Low,Relatively Low,Relatively Low,Not Applicable,Very Low
Kentucky,KY,Letcher,County,86330,Not Applicable,Relatively Low,Very Low,Relatively Low,Very Low,Very Low,Relatively Moderate,Very Low,Not Applicable,Relatively Low
Kentucky,KY,Carter,County,149990,Not Applicable,Relatively Low,Very Low,Relatively Low,Very Low,Relatively Low,Relatively Moderate,Relatively Low,Not Applicable,Relatively Low
Kentucky,KY,Muhlenberg,County,140560,Not Applicable,No Rating,Relatively Low,Relatively Moderate,Very Low,Relatively High,Relatively Low,Relatively Low,Not Applicable,Very Low
Kentucky,KY,Graves,County,163230,Not Applicable,No Rating,Relatively Moderate,Relatively Moderate,Very Low,Very High,Relatively Moderate,Relatively Low,Not Applicable,Very Low
Kentucky,KY,Bell,County,95490,Not Applicable,Relatively Low,Very Low,Relatively Low,Very Low,Relatively Low,Relatively Moderate,Relatively Low,Not Applicable,Relatively Low
Kentucky,KY,Bourbon,County,226130,Not Applicable,Relatively Moderate,Very Low,Relatively Low,Very Low,Relatively Low,Relatively Low,Relatively Low,Not Applicable,Very Low
Kentucky,KY,Russell,County,158720,Not Applicable,Relatively Low,Very Low,Relatively Low,Very Low,Relatively Moderate,Very Low,Relatively Low,Not Applicable,Very Low
Kentucky,KY,Mason,County,156850,Not Applicable,Relatively Low,Very Low,Relatively Low,Very Low,Relatively Low,Relatively Low,Relatively Low,Not Applicable,Very Low
Kentucky,KY,Lincoln,County,161400,Not Applicable,Relatively Low,Very Low,Relatively Low,Very Low,Relatively Low,Relatively Low,Relatively Low,Not Applicable,Very Low
Kentucky,KY,Powell,County,146190,Not Applicable,Relatively Low,Very Low,Relatively Low,Very Low,Very Low,Relatively Moderate,Relatively Low,Not Applicable,Very Low
Kentucky,KY,Garrard,County,219710,Not Applicable,Relatively Low,Very Low,Relatively Low,Very Low,Very Low,Very Low,Relatively Low,Not Applicable,Very Low
Kentucky,KY,Pike,County,121400,Not Applicable,Relatively Moderate,Very Low,Relatively Moderate,Very Low,Relatively Low,Relatively Moderate,Very Low,Not Applicable,Relatively Moderate
Kentucky,KY,Knox,County,134360,Not Applicable,Relatively Moderate,Very Low,Relatively Low,Very Low,Relatively Low,Relatively Low,Relatively Low,Not Applicable,Relatively Moderate
Kentucky,KY,Simpson,County,215760,Not Applicable,Relatively Low,Relatively Low,Relatively Low,Very Low,Relatively Moderate,Very Low,Relatively Low,Not Applicable,Very Low
Kentucky,KY,Perry,County,109150,Not Applicable,Relatively Low,Very Low,Relatively Low,Very Low,Very Low,Relatively Low,Relatively Low,Not Applicable,Relatively Low
Kentucky,KY,Whitley,County,155910,Not Applicable,Relatively Moderate,Relatively Low,Relatively Low,Very Low,Relatively Low,Relatively Low,Relatively Low,Not Applicable,Relatively Moderate
Kentucky,KY,Carroll,County,153370,Not Applicable,Relatively Low,Very Low,Relatively Low,Very Low,Relatively Low,Relatively Low,Relatively Low,Not Applicable,Very Low
Kentucky,KY,Hopkins,County,159010,Not Applicable,No Rating,Relatively Low,Relatively Moderate,Very Low,Very High,Relatively Low,Relatively Moderate,Not Applicable,Very Low
Kentucky,KY,Johnson,County,166750,Not Applicable,Relatively Low,Very Low,Relatively Low,Very Low,Relatively Low,Relatively Moderate,Very Low,Not Applicable,Relatively Low
Kentucky,KY,Rowan,County,193930,Not Applicable,Relatively Low,Very Low,Relatively Low,Very Low,Very Low,Relatively Low,Relatively Low,Not Applicable,Relatively Low
Kentucky,KY,Gallatin,County,193910,Not Applicable,Relatively Low,Very Low,Relatively Low,Very Low,Relatively Low,Relatively Low,Relatively Low,Not Applicable,Very Low
Kentucky,KY,Mercer,County,224350,Not Applicable,Relatively Moderate,Very Low,Relatively Low,Very Low,Relatively Low,Relatively Low,Relatively Low,Not Applicable,Very Low
Kentucky,KY,Floyd,County,111400,Not Applicable,Relatively Low,Very Low,Relatively Low,Very Low,Relatively Low,Relatively Moderate,Relatively Low,Not Applicable,Relatively Moderate
Kentucky,KY,Barren,County,190270,Not Applicable,Relatively Moderate,Relatively Low,Relatively Moderate,Very Low,Relatively High,Relatively Low,Relatively Moderate,Not Applicable,Very Low
Kentucky,KY,Calloway,County,208580,Not Applicable,No Rating,Relatively Moderate,Relatively Low,Very Low,Very High,Relatively Low,Relatively Moderate,Not Applicable,Very Low
Kentucky,KY,Grant,County,207890,Not Applicable,Relatively Moderate,Very Low,Relatively Low,Very Low,Relatively Low,Very Low,Relatively Low,Not Applicable,Very Low
Kentucky,KY,Taylor,County,178020,Not Applicable,Relatively Low,Relatively Low,Relatively Low,Very Low,Relatively Low,Very Low,Relatively Low,Not Applicable,Very Low
Kentucky,KY,Meade,County,216480,Not Applicable,Relatively Low,Relatively Low,Relatively Low,Very Low,Relatively Low,Relatively Low,Relatively Moderate,Not Applicable,Very Low
Kentucky,KY,Pulaski,County,205910,Not Applicable,Relatively Low,Relatively Low,Relatively Moderate,Very Low,Relatively High,Relatively Low,Relatively Moderate,Not Applicable,Relatively Low
Kentucky,KY,Christian,County,213250,Not Applicable,No Rating,Relatively Moderate,Relatively Moderate,Very Low,Relatively High,Relatively Moderate,Relatively High,Not Applicable,Very Low
Kentucky,KY,Henderson,County,178720,Not Applicable,No Rating,Relatively Moderate,Relatively Moderate,Very Low,Relatively High,Relatively Moderate,Relatively Low,Not Applicable,Very Low
Kentucky,KY,Spencer,County,321100,Not Applicable,Relatively Low,Very Low,Relatively Low,Very Low,Relatively Low,Very Low,Relatively Low,Not Applicable,Very Low
Kentucky,KY,Greenup,County,153780,Not Applicable,Relatively Low,Very Low,Relatively Low,Very Low,Relatively Low,Relatively Low,Relatively Low,Not Applicable,Very Low
Kentucky,KY,Marshall,County,248020,Not Applicable,No Rating,Relatively Low,Relatively Moderate,Very Low,Relatively High,Relatively Low,Relatively Low,Not Applicable,Very Low
Kentucky,KY,Nelson,County,223610,Not Applicable,Relatively Moderate,Relatively Low,Relatively Low,Very Low,Relatively Low,Relatively Moderate,Relatively Low,Not Applicable,Very Low
Kentucky,KY,Anderson,County,238580,Not Applicable,Relatively Low,Very Low,Relatively Low,Very Low,Relatively Low,Very Low,Relatively Low,Not Applicable,Very Low
Kentucky,KY,Shelby,County,280330,Not Applicable,Relatively Moderate,Relatively Low,Relatively Low,Very Low,Relatively Moderate,Relatively Low,Relatively Moderate,Not Applicable,Very Low
Kentucky,KY,Woodford,County,314910,Not Applicable,Relatively Moderate,Very Low,Relatively Low,Very Low,Relatively Moderate,Relatively Low,Relatively Moderate,Not Applicable,Very Low
Kentucky,KY,Montgomery,County,187030,Not Applicable,Relatively Low,Very Low,Relatively Low,Very Low,Very Low,Relatively Low,Relatively Low,Not Applicable,Very Low
Kentucky,KY,Laurel,County,164500,Not Applicable,Relatively Moderate,Relatively Low,Relatively Moderate,Very Low,Relatively Moderate,Very Low,Relatively Moderate,Not Applicable,Relatively Moderate
Kentucky,KY,Clark,County,220970,Not Applicable,Relatively Low,Relatively Low,Relatively Low,Very Low,Relatively Low,Relatively Low,Relatively Moderate,Not Applicable,Very Low
Kentucky,KY,Boyle,County,218160,Not Applicable,Relatively Low,Relatively Low,Relatively Low,Very Low,Relatively Moderate,Very Low,Relatively Moderate,Not Applicable,Very Low
Kentucky,KY,Hardin,County,255360,Not Applicable,Relatively Moderate,Relatively Low,Relatively Moderate,Very Low,Relatively Moderate,Relatively Moderate,Relatively Moderate,Not Applicable,Very Low
Kentucky,KY,Scott,County,291460,Not Applicable,Relatively Moderate,Relatively Low,Relatively Low,Very Low,Relatively Moderate,Relatively Low,Relatively Moderate,Not Applicable,Very Low
Kentucky,KY,Madison,County,190840,Not Applicable,Relatively Moderate,Relatively Low,Relatively Low,Very Low,Relatively Low,Relatively Moderate,Relatively Moderate,Not Applicable,Relatively Low
Kentucky,KY,Daviess,County,221120,Not Applicable,No Rating,Relatively Moderate,Relatively Moderate,Very Low,Relatively High,Relatively Moderate,Relatively Moderate,Not Applicable,Very Low
Kentucky,KY,Franklin,County,218300,Not Applicable,Relatively Moderate,Relatively Low,Relatively Low,Very Low,Relatively Low,Relatively Moderate,Relatively Moderate,Not Applicable,Very Low
Kentucky,KY,Warren,County,330190,Not Applicable,Relatively Moderate,Relatively Low,Relatively Moderate,Very Low,Relatively High,Relatively Low,Relatively High,Not Applicable,Very Low
Kentucky,KY,McCracken,County,291110,Not Applicable,No Rating,Relatively Moderate,Relatively Moderate,Very Low,Very High,Relatively Low,Relatively Moderate,Not Applicable,Very Low
Kentucky,KY,Bullitt,County,262130,Not Applicable,Relatively Moderate,Relatively Low,Relatively Low,Very Low,Relatively Moderate,Relatively Moderate,Relatively Moderate,Not Applicable,Very Low
Kentucky,KY,Boyd,County,142580,Not Applicable,Relatively Low,Very Low,Relatively Low,Very Low,Relatively Low,Relatively Low,Relatively Low,Not Applicable,Relatively Low
Kentucky,KY,Jessamine,County,269130,Not Applicable,Relatively Moderate,Relatively Low,Relatively Low,Very Low,Relatively Low,Relatively Low,Relatively Moderate,Not Applicable,Very Low
Kentucky,KY,Oldham,County,451960,Not Applicable,Relatively Moderate,Relatively Low,Relatively Low,Very Low,Relatively Moderate,Relatively Low,Relatively Moderate,Not Applicable,Very Low
Kentucky,KY,Boone,County,322940,Not Applicable,Relatively Moderate,Relatively Low,Relatively Low,Very Low,Relatively Low,Relatively Low,Relatively High,Not Applicable,Very Low
Kentucky,KY,Campbell,County,304770,Not Applicable,Relatively Low,Relatively Low,Relatively Low,Very Low,Relatively Low,Relatively Low,Relatively Moderate,Not Applicable,Very Low
Kentucky,KY,Kenton,County,301410,Not Applicable,Relatively Low,Relatively Low,Relatively Low,Very Low,Relatively Moderate,Relatively Low,Relatively High,Not Applicable,Very Low
Kentucky,KY,Fayette,County,338360,Not Applicable,Very High,Relatively Low,Relatively Moderate,Very Low,Relatively High,Relatively Low,Relatively High,Not Applicable,Very Low
Kentucky,KY,Jefferson,County,293520,Not Applicable,Relatively High,Relatively Moderate,Relatively Moderate,Very Low,Relatively High,Relatively High,Very High,Not Applicable,Relatively Low
Louisiana,LA,Cameron,Parish,173410,Relatively Low,No Rating,Very Low,Very Low,Relatively Low,Relatively Low,Relatively Low,Very Low,Insufficient Data,Relatively Moderate
Louisiana,LA,Tensas,Parish,96050,Not Applicable,No Rating,Very Low,Relatively Low,Very Low,Relatively Moderate,Relatively Low,Relatively Low,Not Applicable,Very Low
Louisiana,LA,Catahoula,Parish,99360,Not Applicable,No Rating,Very Low,Relatively Low,Relatively Low,Relatively Low,Relatively Moderate,Very Low,Not Applicable,Very Low
Louisiana,LA,Winn,Parish,103690,Not Applicable,No Rating,Very Low,Relatively Moderate,Very Low,Relatively Low,Very Low,Relatively Low,Not Applicable,Very Low
Louisiana,LA,Bienville,Parish,82470,Not Applicable,No Rating,Very Low,Relatively Moderate,Very Low,Relatively Low,Relatively Low,Relatively Low,Not Applicable,Very Low
Louisiana,LA,Madison,Parish,93650,Not Applicable,No Rating,Very Low,Relatively Moderate,Very Low,Relatively Moderate,Relatively Moderate,Relatively Low,Not Applicable,Very Low
Louisiana,LA,East Carroll,Parish,84750,Not Applicable,No Rating,Very Low,Relatively Low,Very Low,Relatively Moderate,Relatively Low,Relatively Low,Not Applicable,Very Low
Louisiana,LA,Caldwell,Parish,95930,Not Applicable,No Rating,Very Low,Relatively Moderate,Very Low,Relatively Low,Relatively Low,Relatively Low,Not Applicable,Very Low
Louisiana,LA,Claiborne,Parish,83610,Not Applicable,No Rating,Very Low,Relatively Moderate,Very Low,Relatively Low,Very Low,Relatively Low,Not Applicable,Very Low
Louisiana,LA,Red River,Parish,90000,Not Applicable,No Rating,Very Low,Relatively Low,Very Low,Relatively Low,Relatively Low,Relatively Low,Not Applicable,Very Low
Louisiana,LA,LaSalle,Parish,119660,Not Applicable,No Rating,Very Low,Relatively Moderate,Very Low,Relatively Low,Relatively Low,Relatively Low,Not Applicable,Very Low
Louisiana,LA,Union,Parish,107750,Not Applicable,No Rating,Very Low,Relatively Moderate,Very Low,Relatively Low,Relatively Low,Relatively Low,Not Applicable,Very Low
Louisiana,LA,Sabine,Parish,112470,Not Applicable,Very Low,Very Low,Relatively Moderate,Relatively Low,Relatively Moderate,Relatively Low,Relatively Low,Not Applicable,Relatively Low
Louisiana,LA,Jackson,Parish,105740,Not Applicable,No Rating,Very Low,Relatively Moderate,Very Low,Relatively Low,Relatively Low,Relatively Low,Not Applicable,Very Low
Louisiana,LA,St. Helena,Parish,100700,Not Applicable,No Rating,Very Low,Relatively Low,Relatively Low,Relatively Low,Relatively Low,Relatively Low,Not Applicable,Very Low
Louisiana,LA,Concordia,Parish,100720,No Rating,No Rating,Very Low,Relatively Low,Relatively Low,Relatively Low,Relatively Moderate,Relatively Low,Insufficient Data,Very Low
Louisiana,LA,West Carroll,Parish,99240,Not Applicable,No Rating,Very Low,Relatively Low,Very Low,Relatively Moderate,Relatively Low,Relatively Low,Not Applicable,Very Low
Louisiana,LA,Natchitoches,Parish,173960,Not Applicable,No Rating,Very Low,Relatively Moderate,Relatively Low,Relatively Low,Relatively Low,Relatively Low,Not Applicable,Very Low
Louisiana,LA,Allen,Parish,128100,Very Low,Relatively Low,Very Low,Relatively Low,Relatively Low,Relatively Moderate,Relatively Low,Relatively Low,Insufficient Data,Relatively Low
Louisiana,LA,Plaquemines,Parish,246200,Relatively Moderate,No Rating,Very Low,Relatively Moderate,Relatively Moderate,Very Low,Relatively Moderate,Relatively Low,Insufficient Data,Very Low
Louisiana,LA,De Soto,Parish,157410,Not Applicable,No Rating,Very Low,Relatively Moderate,Very Low,Relatively Low,Relatively Low,Relatively Low,Not Applicable,Very Low
Louisiana,LA,Beauregard,Parish,159240,Very Low,Relatively Moderate,Very Low,Relatively Low,Relatively Low,Relatively Moderate,Relatively Moderate,Relatively Low,Insufficient Data,Relatively Moderate
Louisiana,LA,Franklin,Parish,99810,Not Applicable,No Rating,Very Low,Relatively Moderate,Relatively Low,Relatively Moderate,Relatively Moderate,Relatively Low,Not Applicable,Very Low
Louisiana,LA,Morehouse,Parish,101750,Not Applicable,No Rating,Relatively Low,Relatively Moderate,Relatively Low,Relatively Moderate,Relatively Moderate,Relatively Low,Not Applicable,Very Low
Louisiana,LA,Grant,Parish,142150,Not Applicable,No Rating,Very Low,Relatively Moderate,Very Low,Relatively Low,Very Low,Relatively Low,Not Applicable,Very Low
Louisiana,LA,Richland,Parish,123200,Not Applicable,No Rating,Very Low,Relatively Moderate,Relatively Low,Relatively Moderate,Relatively Moderate,Relatively Low,Not Applicable,Very Low
Louisiana,LA,Vernon,Parish,143270,Not Applicable,Relatively Moderate,Very Low,Relatively Low,Relatively Low,Relatively Moderate,Relatively Moderate,Relatively Moderate,Not Applicable,Relatively Low
Louisiana,LA,Pointe Coupee,Parish,180460,Very Low,No Rating,Very Low,Relatively Low,Relatively Low,Relatively Moderate,Relatively Moderate,Relatively Moderate,Insufficient Data,Very Low
Louisiana,LA,West Feliciana,Parish,259020,No Rating,No Rating,Very Low,Relatively Low,Relatively Low,Relatively Low,Very Low,Relatively Low,Insufficient Data,Very Low
Louisiana,LA,East Feliciana,Parish,199350,No Rating,No Rating,Very Low,Relatively Low,Relatively Low,Relatively Moderate,Relatively Low,Relatively Moderate,Insufficient Data,Very Low
Louisiana,LA,Avoyelles,Parish,120570,No Rating,Relatively Moderate,Very Low,Relatively Moderate,Relatively Moderate,Relatively Moderate,Relatively Moderate,Relatively Moderate,Insufficient Data,Very Low
Louisiana,LA,Evangeline,Parish,110420,No Rating,Relatively Moderate,Very Low,Relatively Low,Relatively Moderate,Relatively Moderate,Relatively Moderate,Relatively Moderate,Insufficient Data,Relatively Low
Louisiana,LA,Iberville,Parish,181180,Relatively Low,No Rating,Very Low,Relatively Low,Relatively Moderate,Relatively Low,Relatively Low,Relatively Moderate,Insufficient Data,Very Low
Louisiana,LA,Vermilion,Parish,154570,Very Low,No Rating,Very Low,Relatively Low,Relatively Moderate,Relatively Moderate,Relatively High,Relatively Low,Insufficient Data,Very Low
Louisiana,LA,Jefferson Davis,Parish,151140,Very Low,No Rating,Very Low,Relatively Low,Relatively Moderate,Relatively High,Relatively High,Relatively Moderate,Insufficient Data,Relatively Low
Louisiana,LA,Assumption,Parish,132090,Relatively Moderate,No Rating,Very Low,Relatively Low,Relatively Moderate,Very Low,Relatively Low,Relatively Low,Insufficient Data,Very Low
Louisiana,LA,Webster,Parish,98900,Not Applicable,No Rating,Very Low,Relatively Moderate,Relatively Low,Relatively Low,Relatively Low,Relatively Moderate,Not Applicable,Very Low
Louisiana,LA,Washington,Parish,129700,Not Applicable,No Rating,Very Low,Relatively Low,Relatively Moderate,Relatively Moderate,Relatively Low,Relatively Low,Not Applicable,Relatively Low
Louisiana,LA,St. Martin,Parish,150150,Relatively Moderate,No Rating,Very Low,Relatively Low,Relatively Moderate,Relatively Moderate,Relatively High,Relatively Moderate,Insufficient Data,Very Low
Louisiana,LA,St. James,Parish,191300,Relatively Moderate,No Rating,Very Low,Relatively Low,Relatively Moderate,Relatively Low,Relatively Low,Relatively Low,Insufficient Data,Very Low
Louisiana,LA,Acadia,Parish,147840,Very Low,No Rating,Very Low,Relatively Low,Relatively Moderate,Relatively Moderate,Relatively High,Relatively Low,Insufficient Data,Relatively Low
Louisiana,LA,St. Mary,Parish,125710,Relatively Moderate,No Rating,Very Low,Very Low,Relatively High,Relatively Low,Relatively High,Relatively Moderate,Insufficient Data,Very Low
Louisiana,LA,Terrebonne,Parish,209300,Relatively Moderate,No Rating,Very Low,Relatively Moderate,Relatively High,Very Low,Relatively Moderate,Relatively Moderate,Insufficient Data,Very Low
Louisiana,LA,St. Landry,Parish,149090,Very Low,Relatively Moderate,Very Low,Relatively Moderate,Relatively Moderate,Relatively Moderate,Relatively High,Relatively Moderate,Insufficient Data,Relatively Low
Louisiana,LA,Lafourche,Parish,198770,Relatively Moderate,No Rating,Very Low,Relatively Low,Relatively High,Very Low,Relatively Low,Relatively High,Insufficient Data,Very Low
Louisiana,LA,Rapides,Parish,198820,Not Applicable,Relatively High,Relatively Low,Relatively Moderate,Relatively Moderate,Relatively Moderate,Relatively Moderate,Relatively Low,Not Applicable,Relatively Low
Louisiana,LA,Lincoln,Parish,182060,Not Applicable,No Rating,Relatively Low,Relatively Moderate,Relatively Low,Relatively Low,Relatively Low,Relatively Moderate,Not Applicable,Very Low
Louisiana,LA,St. Bernard,Parish,184600,Relatively Moderate,No Rating,Very Low,Relatively Moderate,Relatively Moderate,Very Low,Relatively Moderate,Relatively Low,Insufficient Data,Very Low
Louisiana,LA,Iberia,Parish,160730,Relatively Low,No Rating,Very Low,Relatively Low,Relatively Moderate,Relatively Moderate,Relatively High,Relatively Moderate,Insufficient Data,Very Low
Louisiana,LA,West Baton Rouge,Parish,233160,Very Low,No Rating,Very Low,Relatively Low,Relatively Low,Relatively Low,Relatively Low,Relatively Moderate,Insufficient Data,Very Low
Louisiana,LA,Bossier,Parish,258330,Not Applicable,No Rating,Relatively Low,Relatively High,Relatively Low,Relatively Low,Relatively High,Relatively Moderate,Not Applicable,Very Low
Louisiana,LA,Tangipahoa,Parish,218220,Relatively Low,No Rating,Relatively Low,Relatively Moderate,Relatively High,Relatively High,Relatively High,Relatively Moderate,Insufficient Data,Relatively Low
Louisiana,LA,St. Charles,Parish,252700,Relatively High,No Rating,Very Low,Relatively Low,Relatively Moderate,Very Low,Relatively High,Relatively Moderate,Insufficient Data,Very Low
Louisiana,LA,St. John the Baptist,Parish,183200,Relatively Moderate,No Rating,Very Low,Relatively Low,Relatively Moderate,Relatively Moderate,Relatively Moderate,Relatively Moderate,Insufficient Data,Very Low
Louisiana,LA,Calcasieu,Parish,236400,Relatively Low,Very Low,Very Low,Relatively Moderate,Relatively High,Relatively High,Relatively High,Relatively High,Insufficient Data,Relatively Moderate
Louisiana,LA,Livingston,Parish,261310,Relatively Moderate,No Rating,Very Low,Relatively Moderate,Relatively High,Relatively High,Very High,Relatively High,Insufficient Data,Very Low
Louisiana,LA,Ouachita,Parish,205660,Not Applicable,No Rating,Relatively Low,Relatively High,Relatively Low,Relatively Low,Relatively Moderate,Relatively High,Not Applicable,Very Low
Louisiana,LA,Caddo,Parish,198390,Not Applicable,No Rating,Relatively Low,Relatively High,Relatively Low,Very High,Relatively Moderate,Relatively Moderate,Not Applicable,Very Low
Louisiana,LA,St. Tammany,Parish,301430,Relatively Moderate,No Rating,Relatively Low,Relatively Moderate,Relatively High,Relatively Moderate,Very High,Relatively Moderate,Insufficient Data,Relatively Moderate
Louisiana,LA,Ascension,Parish,270210,Relatively Moderate,No Rating,Very Low,Relatively Moderate,Relatively High,Relatively Moderate,Relatively High,Relatively High,Insufficient Data,Very Low
Louisiana,LA,Lafayette,Parish,246450,Very Low,No Rating,Relatively Low,Relatively Moderate,Relatively High,Relatively High,Very High,Relatively Low,Insufficient Data,Relatively Low
Louisiana,LA,East Baton Rouge,Parish,270210,Relatively Moderate,No Rating,Relatively Low,Relatively Moderate,Relatively High,Very High,Very High,Very High,Insufficient Data,Very Low
Louisiana,LA,Jefferson,Parish,255600,Relatively High,No Rating,Relatively Low,Relatively Moderate,Relatively High,Relatively Moderate,Relatively High,Relatively Low,Insufficient Data,Very Low
Louisiana,LA,Orleans,Parish,323830,Relatively Moderate,No Rating,Relatively Low,Relatively High,Relatively High,Relatively Low,Relatively Low,Relatively Low,Insufficient Data,Relatively Low
Massachusetts,MA,Franklin,County,,Not Applicable,Relatively Low,Very Low,Very Low,Relatively Low,Relatively Moderate,Relatively Moderate,Relatively Low,Not Applicable,Very Low
Massachusetts,MA,Berkshire,County,,Not Applicable,Relatively Low,Very Low,Very Low,Relatively Low,Relatively Moderate,Relatively Moderate,Relatively Low,Not Applicable,Very Low
Massachusetts,MA,Dukes,County,,Relatively Low,No Rating,Very Low,No Rating,Relatively Low,Relatively Low,Very Low,Very Low,Insufficient Data,Very Low
Massachusetts,MA,Hampshire,County,,Not Applicable,Relatively Low,Very Low,Relatively Low,Relatively Low,Relatively High,Relatively Low,Relatively Low,Not Applicable,Very Low
Massachusetts,MA,Nantucket,County,1705210,Relatively Low,No Rating,Very Low,No Rating,Relatively Moderate,Very Low,Very Low,Very Low,Insufficient Data,Very Low
Massachusetts,MA,Worcester,County,503010,Not Applicable,Relatively Moderate,Relatively Low,Relatively Low,Relatively Moderate,Very High,Relatively Moderate,Relatively Moderate,Not Applicable,Relatively Low
Massachusetts,MA,Barnstable,County,727290,Relatively Moderate,Very Low,Relatively Low,Relatively Low,Relatively Moderate,Relatively Moderate,Very Low,Relatively Low,Insufficient Data,Very Low
Massachusetts,MA,Hampden,County,347930,Not Applicable,Relatively Moderate,Relatively Low,Relatively Low,Relatively Moderate,Relatively Moderate,Relatively Moderate,Relatively Moderate,Not Applicable,Very Low
Massachusetts,MA,Plymouth,County,625640,Relatively Moderate,Relatively Low,Relatively Low,Relatively Low,Relatively Moderate,Relatively High,Relatively Moderate,Relatively Low,Insufficient Data,Relatively Low
Massachusetts,MA,Bristol,County,551780,Relatively Low,Relatively Low,Relatively Low,Relatively Low,Relatively Moderate,Relatively High,Relatively Moderate,Relatively Low,Insufficient Data,Very Low
Massachusetts,MA,Essex,County,703960,Relatively Moderate,Relatively Low,Relatively Low,Relatively Moderate,Relatively Moderate,Relatively High,Relatively Moderate,Relatively Moderate,Insufficient Data,Relatively Low
Massachusetts,MA,Norfolk,County,801300,Relatively Low,Relatively Moderate,Relatively Low,Relatively Low,Relatively Moderate,Very High,Relatively High,Relatively Moderate,Insufficient Data,Very Low
Massachusetts,MA,Middlesex,County,851690,Relatively Low,Relatively Moderate,Relatively Moderate,Relatively Moderate,Relatively High,Relatively High,Relatively High,Relatively Moderate,Insufficient Data,Relatively Low
Massachusetts,MA,Suffolk,County,846770,Relatively Moderate,Relatively High,Relatively Low,Relatively High,Relatively Moderate,Relatively Moderate,Relatively High,Relatively Moderate,Insufficient Data,Very Low
Maryland,MD,Garrett,County,494180,Not Applicable,Relatively Moderate,Very Low,No Rating,Very Low,Very Low,Relatively Low,Very Low,Not Applicable,Very Low
Maryland,MD,Dorchester,County,458700,Relatively Low,No Rating,Very Low,Relatively Low,Relatively Moderate,Relatively Low,Relatively Low,Relatively Low,Insufficient Data,Relatively Moderate
Maryland,MD,Kent,County,677080,Relatively Moderate,No Rating,Very Low,Relatively Low,Relatively Low,Relatively Low,Very Low,Very Low,Insufficient Data,Very Low
Maryland,MD,Somerset,County,205780,Relatively Moderate,No Rating,Very Low,Relatively Low,Relatively Moderate,Very Low,Relatively Low,Very Low,Insufficient Data,Relatively Moderate
Maryland,MD,Caroline,County,509020,Relatively Low,No Rating,Very Low,Relatively Moderate,Relatively Moderate,Relatively Low,Relatively Low,Very Low,Insufficient Data,Relatively Low
Maryland,MD,Worcester,County,314540,Relatively Moderate,No Rating,Very Low,Relatively Low,Relatively Moderate,Relatively Low,Relatively Low,Very Low,Insufficient Data,Relatively Low
Maryland,MD,Queen Anne's,County,468340,Relatively Moderate,No Rating,Very Low,Relatively Moderate,Relatively Low,Relatively Low,Relatively Low,Relatively Low,Insufficient Data,Relatively Low
Maryland,MD,Talbot,County,467010,Relatively Moderate,No Rating,Very Low,Relatively Low,Relatively Moderate,Relatively Low,Relatively Low,Relatively Low,Insufficient Data,Relatively Low
Maryland,MD,Allegany,County,159440,Not Applicable,Relatively Moderate,Very Low,Relatively Moderate,Very Low,Relatively Low,Relatively Moderate,Relatively Low,Not Applicable,Very Low
Maryland,MD,Wicomico,County,347140,Relatively Moderate,No Rating,Very Low,Relatively Low,Relatively Moderate,Relatively Low,Relatively Low,Relatively Low,Insufficient Data,Relatively Moderate
Maryland,MD,Cecil,County,500290,Relatively Moderate,No Rating,Very Low,Relatively Moderate,Relatively Low,Relatively Moderate,Relatively Low,Relatively Low,Insufficient Data,Very Low
Maryland,MD,St. Mary's,County,478550,Relatively Low,Relatively Low,Very Low,Relatively Moderate,Relatively Moderate,Relatively Low,Relatively Low,Relatively Low,Insufficient Data,Very Low
Maryland,MD,Washington,County,441850,Not Applicable,Relatively Moderate,Very Low,Relatively Moderate,Relatively Low,Relatively Moderate,Relatively Moderate,Relatively Low,Not Applicable,Very Low
Maryland,MD,Charles,County,375240,Relatively Low,Relatively Low,Very Low,Relatively Moderate,Relatively Moderate,Very Low,Very Low,Relatively Low,Insufficient Data,Very Low
Maryland,MD,Carroll,County,295090,Not Applicable,Relatively Moderate,Very Low,Relatively Moderate,Relatively Low,Relatively Low,Relatively Low,Relatively Low,Not Applicable,Very Low
Maryland,MD,Frederick,County,249230,Not Applicable,Relatively Moderate,Very Low,Relatively Moderate,Relatively Low,Relatively Moderate,Relatively Moderate,Relatively Moderate,Not Applicable,Very Low
Maryland,MD,Calvert,County,247010,Relatively Moderate,Relatively Low,Very Low,Relatively Moderate,Relatively Low,Relatively Low,Very Low,Very Low,Insufficient Data,Very Low
Maryland,MD,Harford,County,258930,Relatively Low,Relatively Moderate,Very Low,Relatively Moderate,Relatively Moderate,Relatively Moderate,Relatively Low,Relatively Low,Insufficient Data,Very Low
Maryland,MD,Howard,County,427120,Very Low,Relatively Moderate,Relatively Low,Relatively Moderate,Relatively Moderate,Relatively Moderate,Relatively Moderate,Relatively Low,Insufficient Data,Very Low
Maryland,MD,Anne Arundel,County,534960,Relatively Moderate,Relatively Moderate,Relatively Low,Relatively High,Relatively Moderate,Relatively Moderate,Relatively Low,Relatively Moderate,Insufficient Data,Very Low
Maryland,MD,Baltimore,County,401410,Relatively Low,Relatively Moderate,Relatively Low,Very High,Relatively High,Relatively High,Relatively Low,Relatively Moderate,Insufficient Data,Very Low
Maryland,MD,Prince George's,County,707950,Relatively Low,Relatively High,Relatively Low,Relatively High,Relatively High,Relatively Moderate,Relatively Low,Relatively High,Insufficient Data,Very Low
Maryland,MD,Montgomery,County,349730,Very Low,Relatively High,Relatively Low,Relatively High,Relatively High,Relatively Moderate,Relatively Low,Relatively Moderate,Insufficient Data,Very Low
Maryland,MD,Baltimore,City,365850,Very Low,Relatively Low,Relatively Low,Relatively High,Relatively Moderate,Relatively Moderate,Relatively Moderate,Relatively High,Insufficient Data,Very Low
Maine,ME,Piscataquis,County,180910,Not Applicable,Relatively Low,Very Low,No Rating,Relatively Low,Relatively Moderate,Relatively Low,Very Low,Not Applicable,Very Low
Maine,ME,Aroostook,County,187850,Not Applicable,Relatively High,Relatively Low,No Rating,Relatively Low,Relatively Moderate,Relatively Moderate,Very Low,Not Applicable,Very Low
Maine,ME,Washington,County,178640,Relatively Moderate,Relatively Low,Very Low,No Rating,Relatively Low,Relatively High,Very Low,Very Low,Insufficient Data,Very Low
Maine,ME,Somerset,County,187550,Not Applicable,Relatively Moderate,Very Low,No Rating,Relatively Low,Relatively High,Relatively Moderate,Very Low,Not Applicable,Very Low
Maine,ME,Franklin,County,231800,Not Applicable,Relatively Moderate,Very Low,No Rating,Relatively Low,Relatively High,Relatively Low,Very Low,Not Applicable,Very Low
Maine,ME,Oxford,County,237990,Not Applicable,Relatively Moderate,Very Low,Very Low,Relatively Low,Relatively High,Relatively Moderate,Very Low,Not Applicable,Very Low
Maine,ME,Hancock,County,345350,Relatively Moderate,Relatively Low,Very Low,No Rating,Relatively Low,Relatively High,Very Low,Very Low,Insufficient Data,Very Low
Maine,ME,Penobscot,County,276260,Very Low,Relatively Moderate,Relatively Low,No Rating,Relatively Low,Very High,Relatively Low,Relatively Low,Insufficient Data,Very Low
Maine,ME,Waldo,County,277550,Relatively Low,Relatively Low,Very Low,No Rating,Relatively Low,Relatively High,Very Low,Very Low,Insufficient Data,Very Low
Maine,ME,Lincoln,County,352300,Relatively Low,Relatively Low,Very Low,Very Low,Relatively Low,Relatively High,Very Low,Very Low,Insufficient Data,Very Low
Maine,ME,Knox,County,338860,Relatively Low,Relatively Low,Very Low,No Rating,Relatively Low,Relatively High,Very Low,Very Low,Insufficient Data,Very Low
Maine,ME,Kennebec,County,285860,Relatively Low,Relatively Moderate,Relatively Low,Relatively Low,Relatively Moderate,Very High,Relatively Low,Very Low,Insufficient Data,Very Low
Maine,ME,Sagadahoc,County,346200,Relatively Low,Relatively Low,Very Low,Very Low,Relatively Low,Relatively High,Very Low,Very Low,Insufficient Data,Very Low
Maine,ME,York,County,487740,Relatively Moderate,Relatively Low,Relatively Low,Relatively Low,Relatively Moderate,Very High,Relatively Moderate,Relatively Low,Insufficient Data,Very Low
Maine,ME,Androscoggin,County,307310,No Rating,Relatively Low,Relatively Low,Relatively Low,Relatively Low,Relatively High,Relatively Low,Very Low,Insufficient Data,Very Low
Maine,ME,Cumberland,County,567480,Relatively Moderate,Relatively Low,Relatively Low,Relatively Low,Relatively Moderate,Very High,Relatively Moderate,Relatively Low,Insufficient Data,Very Low
Michigan,MI,Keweenaw,County,177970,No Rating,Relatively Low,Very Low,No Rating,Not Applicable,Very Low,Very Low,Very Low,Insufficient Data,Very Low
Michigan,MI,Ontonagon,County,110080,No Rating,Relatively Low,Very Low,No Rating,Not Applicable,Very Low,Very Low,Very Low,Insufficient Data,Very Low
Michigan,MI,Luce,County,127020,No Rating,Relatively Low,Very Low,No Rating,Not Applicable,Very Low,Very Low,Very Low,Insufficient Data,Very Low
Michigan,MI,Schoolcraft,County,177820,No Rating,Relatively Low,Very Low,No Rating,Not Applicable,Very Low,Very Low,Very Low,Insufficient Data,Very Low
Michigan,MI,Baraga,County,153710,No Rating,Relatively Moderate,Very Low,No Rating,Not Applicable,Very Low,Very Low,Very Low,Insufficient Data,Very Low
Michigan,MI,Alger,County,206240,No Rating,Relatively Low,Very Low,No Rating,Not Applicable,Very Low,Very Low,Very Low,Insufficient Data,Very Low
Michigan,MI,Iron,County,120560,Not Applicable,Relatively Moderate,Very Low,No Rating,Not Applicable,Very Low,Very Low,Very Low,Not Applicable,Very Low
Michigan,MI,Mackinac,County,199780,No Rating,Relatively Low,Very Low,No Rating,Very Low,Very Low,Very Low,Very Low,Insufficient Data,Very Low
Michigan,MI,Gogebic,County,109650,No Rating,Relatively Moderate,Very Low,No Rating,Not Applicable,Very Low,Very Low,Very Low,Insufficient Data,Very Low
Michigan,MI,Oscoda,County,150550,Not Applicable,Relatively Low,Very Low,Relatively Low,Very Low,Very Low,No Rating,Very Low,Not Applicable,Relatively Low
Michigan,MI,Alcona,County,178970,Very Low,Relatively Low,Very Low,Relatively Low,Very Low,Very Low,Very Low,Very Low,Insufficient Data,Very Low
Michigan,MI,Montmorency,County,162180,Not Applicable,Relatively Low,Very Low,Relatively Low,Very Low,Very Low,No Rating,Very Low,Not Applicable,Relatively Low
Michigan,MI,Presque Isle,County,163330,Very Low,Relatively Moderate,Very Low,Relatively Low,Very Low,Very Low,Very Low,Very Low,Insufficient Data,Very Low
Michigan,MI,Lake,County,141080,Not Applicable,Relatively Low,Very Low,Relatively Low,Very Low,Very Low,Very Low,Very Low,Not Applicable,Very Low
Michigan,MI,Menominee,County,166340,Relatively Low,Relatively Moderate,Very Low,Very Low,Not Applicable,Very Low,Very Low,Very Low,Insufficient Data,Very Low
Michigan,MI,Crawford,County,167490,Not Applicable,Relatively Low,Very Low,Relatively Low,Very Low,Very Low,Very Low,Very Low,Not Applicable,Relatively Low
Michigan,MI,Chippewa,County,176960,Relatively Low,Relatively Moderate,Very Low,No Rating,Very Low,Very Low,Very Low,Very Low,Insufficient Data,Relatively Low
Michigan,MI,Missaukee,County,183560,Not Applicable,Relatively Moderate,Very Low,Relatively Low,Very Low,Relatively Low,No Rating,Very Low,Not Applicable,Very Low
Michigan,MI,Delta,County,175100,No Rating,Relatively High,Very Low,No Rating,Not Applicable,Very Low,Very Low,Very Low,Insufficient Data,Very Low
Michigan,MI,Kalkaska,County,195190,Not Applicable,Relatively Low,Very Low,Relatively Low,Very Low,Very Low,Very Low,Very Low,Not Applicable,Relatively Low
Michigan,MI,Dickinson,County,162470,Not Applicable,Relatively High,Very Low,No Rating,Not Applicable,Very Low,Very Low,Very Low,Not Applicable,Very Low
Michigan,MI,Cheboygan,County,208970,Very Low,Relatively Moderate,Very Low,Relatively Low,Very Low,Very Low,Very Low,Very Low,Insufficient Data,Very Low
Michigan,MI,Marquette,County,264080,Very Low,Relatively High,Very Low,No Rating,Not Applicable,Relatively Low,Relatively Low,Very Low,Insufficient Data,Very Low
Michigan,MI,Ogemaw,County,154140,Not Applicable,Relatively Moderate,Very Low,Relatively Low,Very Low,Relatively Low,No Rating,Relatively Low,Not Applicable,Relatively Low
Michigan,MI,Houghton,County,165480,No Rating,Relatively Moderate,Very Low,No Rating,Not Applicable,Very Low,Very Low,Very Low,Insufficient Data,Very Low
Michigan,MI,Huron,County,163760,Relatively Low,Relatively Moderate,Very Low,Relatively Low,Very Low,Relatively Moderate,Very Low,Relatively Low,Insufficient Data,Very Low
Michigan,MI,Osceola,County,156720,Not Applicable,Relatively Moderate,Very Low,Relatively Low,Very Low,Relatively Low,Relatively Low,Relatively Low,Not Applicable,Very Low
Michigan,MI,Arenac,County,149400,Very Low,Relatively Low,Very Low,Very Low,Very Low,Very Low,Very Low,Relatively Low,Insufficient Data,Very Low
Michigan,MI,Sanilac,County,187870,Very Low,Relatively High,Very Low,Relatively Low,Very Low,Relatively High,Very Low,Relatively Low,Insufficient Data,Very Low
Michigan,MI,Roscommon,County,169930,Not Applicable,Relatively Moderate,Very Low,Relatively Low,Very Low,Relatively Low,Very Low,Relatively Low,Not Applicable,Relatively Low
Michigan,MI,Iosco,County,143810,Very Low,Relatively Moderate,Very Low,Relatively Low,Very Low,Very Low,Very Low,Relatively Low,Insufficient Data,Relatively Low
Michigan,MI,Manistee,County,202790,Very Low,Relatively Low,Very Low,Relatively Low,Very Low,Very Low,Very Low,Very Low,Insufficient Data,Very Low
Michigan,MI,Otsego,County,223170,Not Applicable,Relatively Moderate,Very Low,Relatively Low,Very Low,Very Low,Very Low,Relatively Low,Not Applicable,Relatively Low
Michigan,MI,Antrim,County,241980,No Rating,Relatively Low,Very Low,Relatively Low,Very Low,Very Low,Very Low,Very Low,Insufficient Data,Very Low
Michigan,MI,Oceana,County,189160,Very Low,Relatively Moderate,Very Low,Relatively Low,Very Low,Relatively Moderate,Very Low,Relatively Low,Insufficient Data,Very Low
Michigan,MI,Alpena,County,159590,Very Low,Relatively Moderate,Very Low,Relatively Low,Very Low,Very Low,Very Low,Very Low,Insufficient Data,Very Low
Michigan,MI,Gladwin,County,170930,Not Applicable,Relatively Moderate,Very Low,Relatively Low,Very Low,Relatively Low,Very Low,Relatively Low,Not Applicable,Very Low
Michigan,MI,Clare,County,136340,Not Applicable,Relatively Moderate,Very Low,Relatively Low,Very Low,Relatively Low,Relatively Low,Relatively Low,Not Applicable,Very Low
Michigan,MI,Benzie,County,303400,Very Low,Relatively Low,Very Low,Relatively Low,Very Low,Very Low,Very Low,Very Low,Insufficient Data,Very Low
Michigan,MI,Mason,County,229490,Very Low,Relatively Moderate,Very Low,Relatively Low,Very Low,Relatively Low,Very Low,Very Low,Insufficient Data,Very Low
Michigan,MI,Newaygo,County,201310,Not Applicable,Relatively Moderate,Very Low,Relatively Low,Very Low,Relatively Moderate,Relatively Low,Relatively Low,Not Applicable,Very Low
Michigan,MI,Wexford,County,177390,Not Applicable,Relatively Low,Very Low,Relatively Low,Very Low,Relatively Low,Very Low,Relatively Low,Not Applicable,Very Low
Michigan,MI,Charlevoix,County,270970,Very Low,Relatively Moderate,Very Low,Relatively Low,Very Low,Very Low,Very Low,Very Low,Insufficient Data,Very Low
Michigan,MI,Leelanau,County,435150,Very Low,Relatively Low,Very Low,Relatively Low,Very Low,Very Low,Very Low,Very Low,Insufficient Data,Very Low
Michigan,MI,Tuscola,County,161320,Very Low,Relatively High,Very Low,Relatively Low,Very Low,Relatively Moderate,Relatively Low,Relatively Moderate,Insufficient Data,Very Low
Michigan,MI,Mecosta,County,188590,Not Applicable,Relatively Moderate,Very Low,Relatively Low,Very Low,Relatively Moderate,Relatively Low,Relatively Low,Not Applicable,Very Low
Michigan,MI,Emmet,County,312590,Very Low,Relatively Moderate,Very Low,Relatively Low,Very Low,Very Low,No Rating,Relatively Low,Insufficient Data,Very Low
Michigan,MI,Gratiot,County,151700,Not Applicable,Relatively Moderate,Very Low,Relatively Low,Very Low,Relatively Moderate,Very Low,Relatively Moderate,Not Applicable,Very Low
Michigan,MI,Hillsdale,County,203230,Not Applicable,Relatively Moderate,Very Low,Relatively Low,Very Low,Relatively Low,Very Low,Relatively Moderate,Not Applicable,Very Low
Michigan,MI,Branch,County,174230,Not Applicable,Relatively Moderate,Very Low,Relatively Low,Very Low,Relatively Low,Very Low,Relatively Moderate,Not Applicable,Very Low
Michigan,MI,Montcalm,County,231500,Not Applicable,Relatively Moderate,Very Low,Relatively Low,Very Low,Relatively Low,Very Low,Relatively Moderate,Not Applicable,Very Low
Michigan,MI,Cass,County,222440,Not Applicable,Relatively Moderate,Very Low,Relatively Low,Very Low,Very Low,Very Low,Relatively Low,Not Applicable,Very Low
Michigan,MI,Isabella,County,201930,Not Applicable,Relatively Moderate,Very Low,Relatively Low,Very Low,Relatively Moderate,Relatively Low,Relatively Moderate,Not Applicable,Very Low
Michigan,MI,Barry,County,268080,Not Applicable,Relatively Low,Very Low,Relatively Low,Very Low,Relatively Low,Relatively Low,Relatively Moderate,Not Applicable,Very Low
Michigan,MI,Ionia,County,233830,Not Applicable,Relatively Moderate,Very Low,Relatively Moderate,Very Low,Relatively Moderate,Very Low,Relatively Moderate,Not Applicable,Very Low
Michigan,MI,St. Joseph,County,193180,Not Applicable,Relatively Moderate,Very Low,Relatively Low,Very Low,Very Low,Very Low,Relatively Low,Not Applicable,Very Low
Michigan,MI,Van Buren,County,241190,Very Low,Relatively Moderate,Very Low,Relatively Low,Very Low,Very Low,Relatively Low,Relatively Moderate,Insufficient Data,Very Low
Michigan,MI,Shiawassee,County,210110,Not Applicable,Relatively High,Very Low,Relatively Moderate,Very Low,Relatively Moderate,Relatively Low,Relatively Moderate,Not Applicable,Very Low
Michigan,MI,Lenawee,County,246860,Not Applicable,Relatively Low,Very Low,Relatively Low,Very Low,Relatively Moderate,Relatively Low,Relatively Moderate,Not Applicable,Very Low
Michigan,MI,Lapeer,County,261400,Not Applicable,Relatively High,Very Low,Relatively Low,Very Low,Relatively High,Relatively Low,Relatively Moderate,Not Applicable,Very Low
Michigan,MI,Clinton,County,305560,Not Applicable,Relatively Moderate,Very Low,Relatively Moderate,Very Low,Relatively Moderate,Very Low,Relatively Moderate,Not Applicable,Very Low
Michigan,MI,Allegan,County,320190,Very Low,Relatively Moderate,Very Low,Relatively Low,Very Low,Relatively Low,Relatively Low,Relatively Moderate,Insufficient Data,Very Low
Michigan,MI,Midland,County,247720,Not Applicable,Relatively High,Very Low,Relatively Low,Very Low,Relatively Moderate,Relatively Low,Relatively Moderate,Not Applicable,Very Low
Michigan,MI,Eaton,County,252710,Not Applicable,Relatively Moderate,Very Low,Relatively Low,Very Low,Relatively Moderate,Relatively Low,Relatively Moderate,Not Applicable,Very Low
Michigan,MI,Calhoun,County,195190,Not Applicable,Relatively Moderate,Very Low,Relatively Low,Very Low,Relatively Moderate,Relatively Low,Relatively Moderate,Not Applicable,Very Low
Michigan,MI,Grand Traverse,County,411040,Very Low,Relatively Moderate,Very Low,Relatively Low,Very Low,Very Low,Very Low,Relatively Low,Insufficient Data,Very Low
Michigan,MI,St. Clair,County,252100,Relatively Low,Relatively High,Very Low,Relatively Moderate,Very Low,Relatively High,Relatively Low,Relatively Moderate,Insufficient Data,Very Low
Michigan,MI,Jackson,County,225650,Not Applicable,Relatively Moderate,Very Low,Relatively Moderate,Very Low,Relatively Low,Relatively Low,Relatively High,Not Applicable,Very Low
Michigan,MI,Bay,County,157940,Relatively Low,Relatively High,Very Low,Relatively Low,Very Low,Relatively Moderate,Relatively Low,Relatively Moderate,Insufficient Data,Very Low
Michigan,MI,Saginaw,County,172650,Not Applicable,Relatively High,Very Low,Relatively Moderate,Very Low,Relatively High,Relatively Moderate,Relatively High,Not Applicable,Very Low
Michigan,MI,Berrien,County,268550,Very Low,Relatively High,Relatively Low,Relatively Moderate,Very Low,Very Low,Relatively Low,Relatively Moderate,Insufficient Data,Very Low
Michigan,MI,Monroe,County,249110,Relatively Low,Relatively Moderate,Very Low,Relatively Low,Very Low,Relatively Moderate,Relatively Low,Relatively Moderate,Insufficient Data,Very Low
Michigan,MI,Livingston,County,410120,Not Applicable,Relatively High,Very Low,Relatively Moderate,Very Low,Relatively High,Very Low,Relatively High,Not Applicable,Very Low
Michigan,MI,Muskegon,County,249110,Very Low,Relatively High,Very Low,Relatively Moderate,Very Low,Relatively Moderate,Very Low,Relatively Moderate,Insufficient Data,Very Low
Michigan,MI,Kalamazoo,County,287080,Not Applicable,Relatively High,Relatively Low,Relatively Moderate,Very Low,Very Low,Relatively Low,Relatively High,Not Applicable,Very Low
Michigan,MI,Ingham,County,215280,Not Applicable,Relatively High,Relatively Low,Relatively Moderate,Very Low,Relatively High,Relatively Low,Relatively High,Not Applicable,Very Low
Michigan,MI,Ottawa,County,,Very Low,Relatively High,Very Low,Relatively Moderate,Very Low,Relatively Moderate,Relatively Low,Relatively Moderate,Insufficient Data,Very Low
Michigan,MI,Washtenaw,County,434450,Not Applicable,Relatively Moderate,Relatively Low,Relatively Moderate,Very Low,Relatively Moderate,Relatively Low,Relatively High,Not Applicable,Very Low
Michigan,MI,Genesee,County,210050,Not Applicable,Relatively High,Very Low,Relatively Moderate,Very Low,Relatively High,Relatively Low,Relatively High,Not Applicable,Very Low
Michigan,MI,Kent,County,355760,Not Applicable,Relatively High,Relatively Low,Relatively Moderate,Very Low,Relatively Moderate,Relatively Low,Relatively High,Not Applicable,Very Low
Michigan,MI,Oakland,County,392820,Not Applicable,Very High,Relatively Low,Relatively High,Very Low,Very High,Relatively Moderate,Very High,Not Applicable,Relatively Low
Michigan,MI,Macomb,County,275550,Relatively Low,Very High,Relatively Low,Relatively High,Very Low,Very High,Relatively High,Very High,Insufficient Data,Very Low
Michigan,MI,Wayne,County,207940,Relatively Low,Very High,Relatively Low,Relatively High,Relatively Low,Relatively Moderate,Relatively High,Very High,Insufficient Data,Relatively Low
Minnesota,MN,Lake of the Woods,County,246440,Not Applicable,Relatively Low,Very Low,No Rating,Not Applicable,Very Low,No Rating,Very Low,Not Applicable,Relatively Low
Minnesota,MN,Kittson,County,150750,Not Applicable,Relatively Moderate,Very Low,Very Low,Not Applicable,Relatively Low,Relatively Low,Very Low,Not Applicable,Relatively Moderate
Minnesota,MN,Cook,County,356570,No Rating,Relatively Low,No Rating,No Rating,Not Applicable,Very Low,No Rating,Very Low,Insufficient Data,Relatively Low
Minnesota,MN,Koochiching,County,157710,Not Applicable,Relatively Low,Very Low,No Rating,Not Applicable,Very Low,Very Low,Very Low,Not Applicable,Very Low
Minnesota,MN,Marshall,County,176650,Not Applicable,Relatively High,Very Low,Very Low,Not Applicable,Relatively Low,Relatively Low,Very Low,Not Applicable,Relatively Moderate
Minnesota,MN,Lake,County,249710,No Rating,Relatively Low,No Rating,No Rating,Not Applicable,Very Low,Very Low,Very Low,Insufficient Data,Relatively Low
Minnesota,MN,Traverse,County,126360,Not Applicable,Relatively Moderate,Very Low,Relatively Low,Not Applicable,Very Low,Relatively Low,Very Low,Not Applicable,Very Low
Minnesota,MN,Norman,County,146390,Not Applicable,Relatively High,Very Low,Relatively Low,Not Applicable,Relatively Low,Relatively Low,Very Low,Not Applicable,Relatively Low
Minnesota,MN,Clearwater,County,205280,Not Applicable,Relatively Moderate,Very Low,Very Low,Not Applicable,Very Low,No Rating,Very Low,Not Applicable,Relatively Low
Minnesota,MN,Aitkin,County,266750,Not Applicable,Relatively Low,Very Low,Relatively Low,Not Applicable,Relatively Moderate,Relatively Low,Very Low,Not Applicable,Relatively Low
Minnesota,MN,Wilkin,County,210460,Not Applicable,Relatively Moderate,Very Low,Relatively Low,Not Applicable,Very Low,Relatively Low,Very Low,Not Applicable,Very Low
Minnesota,MN,Lac qui Parle,County,145850,Not Applicable,Relatively Moderate,Very Low,Relatively Low,Not Applicable,Relatively Low,Very Low,Relatively Low,Not Applicable,Very Low
Minnesota,MN,Red Lake,County,169560,Not Applicable,Relatively Moderate,Very Low,Very Low,Not Applicable,Very Low,Very Low,Very Low,Not Applicable,Relatively Low
Minnesota,MN,Roseau,County,203100,Not Applicable,Relatively Moderate,Very Low,No Rating,Not Applicable,Relatively Moderate,Relatively Moderate,Very Low,Not Applicable,Relatively Moderate
Minnesota,MN,Mahnomen,County,171060,Not Applicable,Relatively Moderate,Very Low,Relatively Low,Not Applicable,Very Low,Very Low,Very Low,Not Applicable,Relatively Low
Minnesota,MN,Big Stone,County,145030,Not Applicable,Relatively Moderate,Very Low,Relatively Low,Not Applicable,Relatively Low,Very Low,Very Low,Not Applicable,Very Low
Minnesota,MN,Lincoln,County,159200,Not Applicable,Relatively Moderate,Very Low,Very Low,Not Applicable,Relatively Low,Very Low,Relatively Low,Not Applicable,Very Low
Minnesota,MN,Grant,County,199820,Not Applicable,Relatively Moderate,Very Low,Relatively Low,Not Applicable,Very Low,Very Low,Very Low,Not Applicable,Very Low
Minnesota,MN,Murray,County,205550,Not Applicable,Relatively Moderate,Very Low,Relatively Low,Not Applicable,Relatively Moderate,Relatively Low,Relatively Low,Not Applicable,Very Low
Minnesota,MN,Yellow Medicine,County,169560,Not Applicable,Relatively Moderate,Very Low,Relatively Low,Not Applicable,Relatively Low,Very Low,Relatively Low,Not Applicable,Very Low
Minnesota,MN,Swift,County,156070,Not Applicable,Relatively Moderate,Very Low,Relatively Low,Not Applicable,Relatively Low,Very Low,Very Low,Not Applicable,Very Low
Minnesota,MN,Jackson,County,168610,Not Applicable,Relatively Moderate,Very Low,Relatively Low,Not Applicable,Relatively Moderate,Relatively Low,Relatively Low,Not Applicable,Very Low
Minnesota,MN,Cass,County,286380,Not Applicable,Relatively High,Very Low,Relatively Low,Not Applicable,Relatively Low,Very Low,Relatively Low,Not Applicable,Relatively Low
Minnesota,MN,Renville,County,156610,Not Applicable,Relatively High,Very Low,Relatively Low,Not Applicable,Relatively Moderate,Relatively Low,Relatively Low,Not Applicable,Very Low
Minnesota,MN,Polk,County,216560,Not Applicable,Relatively High,Very Low,Relatively Low,Not Applicable,Relatively Moderate,Relatively Moderate,Relatively Low,Not Applicable,Relatively Moderate
Minnesota,MN,Itasca,County,233220,Not Applicable,Relatively High,Very Low,Relatively Low,Not Applicable,Very Low,Very Low,Very Low,Not Applicable,Very Low
Minnesota,MN,Pope,County,267020,Not Applicable,Relatively Moderate,Very Low,Relatively Low,Not Applicable,Relatively Low,Very Low,Relatively Low,Not Applicable,Very Low
Minnesota,MN,Stevens,County,219180,Not Applicable,Relatively High,Very Low,Relatively Low,Not Applicable,Relatively Low,Very Low,Relatively Low,Not Applicable,Very Low
Minnesota,MN,Redwood,County,163160,Not Applicable,Relatively Moderate,Very Low,Relatively Low,Not Applicable,Relatively Low,Relatively Low,Relatively Low,Not Applicable,Very Low
Minnesota,MN,Cottonwood,County,159610,Not Applicable,Relatively High,Very Low,Relatively Low,Not Applicable,Relatively Moderate,Relatively Low,Relatively Low,Not Applicable,Very Low
Minnesota,MN,Beltrami,County,240580,Not Applicable,Relatively Moderate,Very Low,Very Low,Not Applicable,Very Low,Very Low,Relatively Low,Not Applicable,Relatively Moderate
Minnesota,MN,Faribault,County,133170,Not Applicable,Relatively Moderate,Very Low,Relatively Low,Not Applicable,Relatively Low,Relatively Low,Relatively Low,Not Applicable,Very Low
Minnesota,MN,Rock,County,226130,Not Applicable,Relatively Moderate,Very Low,Relatively Low,Not Applicable,Relatively Moderate,Relatively Low,Relatively Low,Not Applicable,Very Low
Minnesota,MN,Pipestone,County,153070,Not Applicable,Relatively Moderate,Very Low,Relatively Low,Not Applicable,Relatively Moderate,Relatively Low,Relatively Low,Not Applicable,Very Low
Minnesota,MN,Pine,County,241670,Not Applicable,Relatively High,Very Low,Relatively Low,Not Applicable,Relatively Moderate,Very Low,Relatively Low,Not Applicable,Relatively Low
Minnesota,MN,Chippewa,County,166160,Not Applicable,Relatively Moderate,Very Low,Relatively Low,Not Applicable,Relatively Low,Very Low,Relatively Low,Not Applicable,Very Low
Minnesota,MN,Pennington,County,220950,Not Applicable,Relatively Moderate,Very Low,Very Low,Not Applicable,Relatively Moderate,Very Low,Relatively Low,Not Applicable,Relatively Moderate
Minnesota,MN,Hubbard,County,298920,Not Applicable,Relatively Moderate,Very Low,Relatively Low,Not Applicable,Very Low,No Rating,Relatively Low,Not Applicable,Relatively Low
Minnesota,MN,Fillmore,County,227630,Not Applicable,Relatively Moderate,Very Low,Relatively Low,Not Applicable,Relatively Moderate,Relatively Moderate,Relatively Low,Not Applicable,Very Low
Minnesota,MN,Sibley,County,235130,Not Applicable,Relatively Moderate,Very Low,Relatively Low,Not Applicable,Relatively Moderate,Relatively Low,Relatively Low,Not Applicable,Very Low
Minnesota,MN,Watonwan,County,144760,Not Applicable,Relatively Moderate,Very Low,Relatively Low,Not Applicable,Relatively Low,Very Low,Relatively Low,Not Applicable,Very Low
Minnesota,MN,Wadena,County,195190,Not Applicable,Relatively Moderate,Very Low,Relatively Low,Not Applicable,Very Low,Very Low,Relatively Low,Not Applicable,Relatively Low
Minnesota,MN,Becker,County,300690,Not Applicable,Relatively High,Very Low,Relatively Low,Not Applicable,Very Low,Very Low,Relatively Low,Not Applicable,Relatively Low
Minnesota,MN,Todd,County,213450,Not Applicable,Relatively Moderate,Very Low,Relatively Low,Not Applicable,Relatively Moderate,Very Low,Relatively Low,Not Applicable,Relatively Low
Minnesota,MN,Martin,County,251480,Not Applicable,Relatively High,Very Low,Relatively Low,Not Applicable,Relatively Moderate,Relatively Low,Relatively Low,Not Applicable,Very Low
Minnesota,MN,Morrison,County,260890,Not Applicable,Relatively High,Very Low,Relatively Low,Not Applicable,Relatively Moderate,Relatively Low,Relatively Low,Not Applicable,Relatively Moderate
Minnesota,MN,Otter Tail,County,285010,Not Applicable,Relatively High,Very Low,Relatively Low,Not Applicable,Relatively Moderate,Very Low,Relatively Moderate,Not Applicable,Relatively Low
Minnesota,MN,Kanabec,County,238670,Not Applicable,Relatively Moderate,Very Low,Relatively Low,Not Applicable,Relatively Moderate,Very Low,Relatively Low,Not Applicable,Relatively Low
Minnesota,MN,Nobles,County,191780,Not Applicable,Relatively High,Very Low,Relatively Low,Not Applicable,Relatively Moderate,Relatively Low,Relatively Moderate,Not Applicable,Very Low
Minnesota,MN,St. Louis,County,264650,No Rating,Very High,Very Low,Very Low,Not Applicable,Relatively Moderate,Relatively Low,Relatively Low,Insufficient Data,Relatively Low
Minnesota,MN,Houston,County,258500,Not Applicable,Relatively Low,Very Low,Relatively Low,Very Low,Relatively Low,Relatively Low,Relatively Low,Not Applicable,Very Low
Minnesota,MN,Lyon,County,218500,Not Applicable,Relatively Moderate,Very Low,Relatively Low,Not Applicable,Relatively Moderate,Relatively Low,Relatively Low,Not Applicable,Very Low
Minnesota,MN,Meeker,County,254070,Not Applicable,Relatively Moderate,Very Low,Relatively Low,Not Applicable,Relatively Moderate,Very Low,Relatively Low,Not Applicable,Very Low
Minnesota,MN,Wabasha,County,256420,Not Applicable,Relatively Moderate,Very Low,Relatively Low,Not Applicable,Relatively Moderate,Relatively Moderate,Relatively Low,Not Applicable,Very Low
Minnesota,MN,Carlton,County,263670,Not Applicable,Relatively High,Very Low,Relatively Low,Not Applicable,Relatively Moderate,Relatively Low,Relatively Low,Not Applicable,Very Low
Minnesota,MN,Brown,County,199960,Not Applicable,Relatively High,Very Low,Relatively Low,Not Applicable,Relatively Moderate,Relatively Low,Relatively Low,Not Applicable,Very Low
Minnesota,MN,Freeborn,County,180060,Not Applicable,Relatively Moderate,Very Low,Relatively Low,Not Applicable,Relatively Moderate,Relatively Low,Relatively Moderate,Not Applicable,Very Low
Minnesota,MN,Waseca,County,225590,Not Applicable,Relatively Moderate,Very Low,Relatively Low,Not Applicable,Relatively Low,Very Low,Relatively Low,Not Applicable,Very Low
Minnesota,MN,Mille Lacs,County,253260,Not Applicable,Relatively Moderate,Very Low,Relatively Low,Not Applicable,Relatively Moderate,Very Low,Relatively Low,Not Applicable,Relatively Low
Minnesota,MN,Dodge,County,276290,Not Applicable,Relatively Moderate,Very Low,Relatively Low,Not Applicable,Relatively Low,Relatively Low,Relatively Low,Not Applicable,Very Low
Minnesota,MN,Kandiyohi,County,257070,Not Applicable,Relatively High,Very Low,Relatively Moderate,Not Applicable,Relatively Moderate,Very Low,Relatively Low,Not Applicable,Very Low
Minnesota,MN,Mower,County,186870,Not Applicable,Relatively Moderate,Very Low,Relatively Low,Not Applicable,Relatively Moderate,Relatively Low,Relatively Moderate,Not Applicable,Very Low
Minnesota,MN,Douglas,County,341310,Not Applicable,Relatively Moderate,Very Low,Relatively Low,Not Applicable,Relatively Moderate,Very Low,Relatively Low,Not Applicable,Relatively Low
Minnesota,MN,Clay,County,298340,Not Applicable,Relatively High,Very Low,Relatively Low,Not Applicable,Relatively High,Relatively Moderate,Relatively Low,Not Applicable,Relatively Low
Minnesota,MN,Goodhue,County,305460,Not Applicable,Relatively Moderate,Very Low,Relatively Low,Not Applicable,Relatively Low,Relatively Low,Relatively Moderate,Not Applicable,Very Low
Minnesota,MN,Le Sueur,County,326180,Not Applicable,Relatively Moderate,Very Low,Relatively Low,Not Applicable,Relatively Low,Relatively Low,Relatively Low,Not Applicable,Very Low
Minnesota,MN,Crow Wing,County,342940,Not Applicable,Relatively High,Very Low,Relatively Low,Not Applicable,Relatively Moderate,Very Low,Relatively Low,Not Applicable,Relatively Low
Minnesota,MN,McLeod,County,157020,Not Applicable,Relatively Moderate,Very Low,Relatively Moderate,Not Applicable,Relatively Moderate,Very Low,Relatively Moderate,Not Applicable,Very Low
Minnesota,MN,Nicollet,County,275190,Not Applicable,Relatively High,Very Low,Relatively Low,Not Applicable,Relatively Moderate,Very Low,Relatively Low,Not Applicable,Very Low
Minnesota,MN,Winona,County,245620,Not Applicable,Relatively Moderate,Very Low,Relatively Low,Not Applicable,Relatively Moderate,Relatively Moderate,Relatively Moderate,Not Applicable,Very Low
Minnesota,MN,Steele,County,252440,Not Applicable,Relatively Moderate,Very Low,Relatively Low,Not Applicable,Relatively Moderate,Relatively Low,Relatively Moderate,Not Applicable,Very Low
Minnesota,MN,Blue Earth,County,279520,Not Applicable,Relatively High,Very Low,Relatively Low,Not Applicable,Relatively Moderate,Relatively Low,Relatively Moderate,Not Applicable,Very Low
Minnesota,MN,Isanti,County,282910,Not Applicable,Relatively High,Very Low,Relatively Low,Not Applicable,Relatively Moderate,Very Low,Relatively Low,Not Applicable,Relatively Low
Minnesota,MN,Benton,County,261860,Not Applicable,Relatively Moderate,Very Low,Relatively Moderate,Not Applicable,Relatively Moderate,Relatively Low,Relatively Low,Not Applicable,Relatively Low
Minnesota,MN,Stearns,County,307020,Not Applicable,Relatively High,Very Low,Relatively Moderate,Not Applicable,Relatively High,Relatively Low,Relatively High,Not Applicable,Relatively Low
Minnesota,MN,Rice,County,368980,Not Applicable,Relatively Moderate,Very Low,Relatively Moderate,Not Applicable,Relatively Low,Relatively Low,Relatively Moderate,Not Applicable,Very Low
Minnesota,MN,Chisago,County,325260,Not Applicable,Relatively High,Very Low,Relatively Moderate,Not Applicable,Relatively High,Very Low,Relatively Moderate,Not Applicable,Relatively Low
Minnesota,MN,Wright,County,379360,Not Applicable,Relatively Moderate,Very Low,Relatively Moderate,Not Applicable,Very High,Relatively Low,Relatively Moderate,Not Applicable,Relatively Low
Minnesota,MN,Sherburne,County,402270,Not Applicable,Relatively Moderate,Very Low,Relatively Moderate,Not Applicable,Relatively High,Very Low,Relatively Moderate,Not Applicable,Relatively Moderate
Minnesota,MN,Olmsted,County,363680,Not Applicable,Relatively High,Very Low,Relatively Moderate,Not Applicable,Relatively Low,Relatively Moderate,Relatively High,Not Applicable,Very Low
Minnesota,MN,Carver,County,487080,Not Applicable,Relatively Moderate,Very Low,Relatively Moderate,Not Applicable,Relatively High,Relatively Low,Relatively Moderate,Not Applicable,Very Low
Minnesota,MN,Scott,County,451420,Not Applicable,Relatively Moderate,Very Low,Relatively High,Not Applicable,Relatively High,Relatively Low,Relatively High,Not Applicable,Relatively Low
Minnesota,MN,Washington,County,470860,Not Applicable,Relatively High,Very Low,Relatively High,Not Applicable,Very High,Relatively Low,Relatively High,Not Applicable,Relatively Low
Minnesota,MN,Dakota,County,413290,Not Applicable,Relatively High,Very Low,Relatively High,Not Applicable,Relatively Moderate,Relatively Moderate,Relatively High,Not Applicable,Very Low
Minnesota,MN,Anoka,County,366360,Not Applicable,Very High,Very Low,Relatively Moderate,Not Applicable,Very High,Relatively Moderate,Relatively Moderate,Not Applicable,Relatively Moderate
Minnesota,MN,Hennepin,County,432730,Not Applicable,Very High,Very Low,Relatively High,Not Applicable,Relatively Moderate,Relatively Moderate,Very High,Not Applicable,Relatively Low
Minnesota,MN,Ramsey,County,361040,Not Applicable,Very High,Very Low,Relatively High,Not Applicable,Relatively Low,Relatively Low,Relatively High,Not Applicable,Relatively Low
Missouri,MO,Shannon,County,,Not Applicable,Relatively Low,Relatively Low,Relatively Low,Very Low,Very Low,Relatively Low,Relatively Low,Not Applicable,Relatively Low
Missouri,MO,Worth,County,,Not Applicable,Relatively Low,Very Low,Relatively Low,Very Low,Very Low,Very Low,Very Low,Not Applicable,Very Low
Missouri,MO,Knox,County,,Not Applicable,Relatively Moderate,Very Low,Relatively Low,Very Low,Very Low,Relatively Low,Relatively Low,Not Applicable,Very Low
Missouri,MO,Reynolds,County,,Not Applicable,Relatively Low,Relatively Low,Relatively Moderate,Very Low,Relatively Moderate,Relatively Moderate,Relatively Low,Not Applicable,Relatively Low
Missouri,MO,Mercer,County,,Not Applicable,Relatively Moderate,Very Low,Relatively Low,Very Low,Very Low,Very Low,Relatively Low,Not Applicable,Very Low
Missouri,MO,Putnam,County,,Not Applicable,Relatively Moderate,Very Low,Relatively Low,Very Low,Very Low,Very Low,Relatively Low,Not Applicable,Very Low
Missouri,MO,Holt,County,,Not Applicable,Relatively Moderate,Very Low,Relatively Low,Not Applicable,Relatively Low,Very Low,Relatively Low,Not Applicable,Very Low
Missouri,MO,Sullivan,County,,Not Applicable,Relatively High,Very Low,Relatively Low,Very Low,Very Low,Very Low,Relatively Low,Not Applicable,Very Low
Missouri,MO,Atchison,County,,Not Applicable,Relatively Moderate,Very Low,Relatively Low,Not Applicable,Relatively Low,Relatively Low,Relatively Low,Not Applicable,Very Low
Missouri,MO,Chariton,County,,Not Applicable,Relatively Moderate,Very Low,Relatively Moderate,Very Low,Relatively Low,Relatively Low,Relatively Low,Not Applicable,Very Low
Missouri,MO,Carter,County,,Not Applicable,No Rating,Relatively Low,Relatively Low,Very Low,Relatively Low,Relatively Moderate,Relatively Low,Not Applicable,Very Low
Missouri,MO,Scotland,County,,Not Applicable,Relatively High,Very Low,Relatively Low,Very Low,Very Low,Relatively Low,Relatively Low,Not Applicable,Very Low
Missouri,MO,Oregon,County,,Not Applicable,Relatively Low,Relatively Low,Relatively Moderate,Very Low,Relatively High,Relatively Low,Relatively Low,Not Applicable,Relatively Low
Missouri,MO,Harrison,County,,Not Applicable,Relatively Moderate,Very Low,Relatively Moderate,Very Low,Very Low,Very Low,Relatively Low,Not Applicable,Very Low
Missouri,MO,Ozark,County,,Not Applicable,Relatively Low,Very Low,Relatively Moderate,Very Low,Relatively High,Relatively Low,Relatively Low,Not Applicable,Very Low
Missouri,MO,Shelby,County,,Not Applicable,Relatively Moderate,Very Low,Relatively Moderate,Very Low,Very Low,Relatively Low,Relatively Low,Not Applicable,Very Low
Missouri,MO,Carroll,County,,Not Applicable,Relatively Moderate,Very Low,Relatively Moderate,Not Applicable,Relatively Low,Relatively Moderate,Relatively Low,Not Applicable,Very Low
Missouri,MO,Gentry,County,,Not Applicable,Relatively Moderate,Very Low,Relatively Low,Not Applicable,Very Low,Very Low,Relatively Low,Not Applicable,Very Low
Missouri,MO,Schuyler,County,,Not Applicable,Relatively Moderate,Very Low,Relatively Low,Very Low,Very Low,Very Low,Relatively Low,Not Applicable,Very Low
Missouri,MO,Clark,County,,Not Applicable,Relatively Moderate,Very Low,Relatively Moderate,Very Low,Very Low,Relatively Low,Very Low,Not Applicable,Very Low
Missouri,MO,Monroe,County,,Not Applicable,Relatively Moderate,Very Low,Relatively Moderate,Very Low,Relatively Low,Very Low,Relatively Low,Not Applicable,Very Low
Missouri,MO,St. Clair,County,,Not Applicable,Relatively Low,Very Low,Relatively Low,Very Low,Relatively Low,Relatively Low,Relatively Low,Not Applicable,Very Low
Missouri,MO,Douglas,County,,Not Applicable,Relatively Moderate,Very Low,Relatively Moderate,Very Low,Relatively Low,Very Low,Relatively Low,Not Applicable,Relatively Low
Missouri,MO,Wayne,County,,Not Applicable,No Rating,Relatively Low,Relatively Low,Very Low,Relatively Low,Relatively Moderate,Relatively Low,Not Applicable,Very Low
Missouri,MO,Daviess,County,,Not Applicable,Relatively Moderate,Very Low,Relatively Moderate,Not Applicable,Relatively Low,Very Low,Relatively Low,Not Applicable,Very Low
Missouri,MO,Dade,County,,Not Applicable,Relatively Moderate,Very Low,Relatively Moderate,Very Low,Relatively Moderate,Very Low,Relatively Low,Not Applicable,Very Low
Missouri,MO,Maries,County,,Not Applicable,Relatively Low,Very Low,Relatively Moderate,Very Low,Relatively High,Very Low,Relatively Low,Not Applicable,Relatively Low
Missouri,MO,Ripley,County,,Not Applicable,No Rating,Relatively Low,Relatively Moderate,Very Low,Relatively Low,Relatively Low,Relatively Low,Not Applicable,Very Low
Missouri,MO,Bollinger,County,,Not Applicable,No Rating,Relatively Low,Relatively Low,Very Low,Relatively Low,Relatively Moderate,Relatively Low,Not Applicable,Very Low
Missouri,MO,Iron,County,,Not Applicable,Relatively Low,Relatively Low,Relatively Moderate,Very Low,Relatively High,Relatively Moderate,Relatively Low,Not Applicable,Relatively Low
Missouri,MO,Macon,County,,Not Applicable,Relatively Moderate,Very Low,Relatively Moderate,Very Low,Relatively Low,Relatively Low,Relatively Low,Not Applicable,Very Low
Missouri,MO,Bates,County,,Not Applicable,Relatively Moderate,Very Low,Relatively Moderate,Very Low,Relatively Moderate,Relatively Low,Relatively Low,Not Applicable,Very Low
Missouri,MO,Dent,County,,Not Applicable,Relatively Low,Relatively Low,Relatively Moderate,Very Low,Relatively High,Relatively Low,Relatively Low,Not Applicable,Relatively Low
Missouri,MO,Linn,County,,Not Applicable,Relatively Moderate,Very Low,Relatively Moderate,Very Low,Very Low,Very Low,Relatively Low,Not Applicable,Very Low
Missouri,MO,Barton,County,,Not Applicable,Relatively Moderate,Very Low,Relatively Moderate,Very Low,Relatively High,Relatively Low,Relatively Low,Not Applicable,Very Low
Missouri,MO,Lewis,County,,Not Applicable,Relatively Moderate,Very Low,Relatively Moderate,Very Low,Relatively Low,Relatively Low,Relatively Low,Not Applicable,Very Low
Missouri,MO,Caldwell,County,,Not Applicable,Relatively Low,Very Low,Relatively Low,Not Applicable,Very Low,Very Low,Relatively Low,Not Applicable,Very Low
Missouri,MO,Hickory,County,,Not Applicable,Relatively Low,Very Low,Relatively Moderate,Very Low,Relatively Moderate,Very Low,Relatively Low,Not Applicable,Relatively Low
Missouri,MO,Texas,County,,Not Applicable,Relatively Moderate,Relatively Low,Relatively Moderate,Very Low,Relatively Low,Relatively Moderate,Relatively Low,Not Applicable,Relatively Low
Missouri,MO,Montgomery,County,,Not Applicable,Relatively Moderate,Relatively Low,Relatively Moderate,Very Low,Relatively Moderate,Very Low,Relatively Low,Not Applicable,Very Low
Missouri,MO,Howard,County,,Not Applicable,Relatively Moderate,Very Low,Relatively Moderate,Very Low,Relatively Moderate,Relatively Low,Relatively Low,Not Applicable,Very Low
Missouri,MO,Osage,County,,Not Applicable,Relatively Low,Very Low,Relatively Moderate,Very Low,Relatively High,Very Low,Relatively Low,Not Applicable,Very Low
Missouri,MO,Ralls,County,,Not Applicable,Relatively Moderate,Very Low,Relatively Moderate,Very Low,Relatively Low,Very Low,Very Low,Not Applicable,Very Low
Missouri,MO,Grundy,County,,Not Applicable,Relatively Moderate,Very Low,Relatively Moderate,Very Low,Very Low,Relatively Low,Relatively Low,Not Applicable,Very Low
Missouri,MO,Vernon,County,,Not Applicable,Relatively Moderate,Very Low,Relatively Moderate,Very Low,Relatively Moderate,Relatively Low,Relatively Low,Not Applicable,Very Low
Missouri,MO,Nodaway,County,,Not Applicable,Relatively Moderate,Very Low,Relatively Moderate,Not Applicable,Relatively Low,Very Low,Relatively Moderate,Not Applicable,Very Low
Missouri,MO,New Madrid,County,,Not Applicable,No Rating,Relatively Moderate,Relatively Moderate,Very Low,Very Low,Relatively Moderate,Relatively Low,Not Applicable,Very Low
Missouri,MO,Madison,County,,Not Applicable,Relatively Low,Relatively Low,Relatively Moderate,Very Low,Relatively High,Relatively Moderate,Relatively Low,Not Applicable,Very Low
Missouri,MO,DeKalb,County,,Not Applicable,Relatively Moderate,Very Low,Relatively Moderate,Not Applicable,Relatively Low,Very Low,Relatively Low,Not Applicable,Very Low
Missouri,MO,Pike,County,,Not Applicable,Relatively High,Relatively Low,Relatively Moderate,Very Low,Relatively Moderate,Relatively Low,Relatively Low,Not Applicable,Very Low
Missouri,MO,Wright,County,,Not Applicable,Relatively Moderate,Relatively Low,Relatively Moderate,Very Low,Relatively Low,Relatively Low,Relatively Low,Not Applicable,Relatively Low
Missouri,MO,Livingston,County,,Not Applicable,Relatively Moderate,Very Low,Relatively Moderate,Not Applicable,Very Low,Very Low,Relatively Moderate,Not Applicable,Very Low
Missouri,MO,Benton,County,,Not Applicable,Relatively Moderate,Very Low,Relatively Moderate,Very Low,Relatively Moderate,Relatively Low,Relatively Low,Not Applicable,Relatively Low
Missouri,MO,Gasconade,County,,Not Applicable,Relatively Low,Relatively Low,Relatively Moderate,Very Low,Relatively Moderate,Very Low,Relatively Low,Not Applicable,Very Low
Missouri,MO,Cedar,County,,Not Applicable,Relatively Low,Very Low,Relatively Low,Very Low,Relatively Moderate,Very Low,Relatively Low,Not Applicable,Very Low
Missouri,MO,Cooper,County,,Not Applicable,Relatively Moderate,Very Low,Relatively Moderate,Very Low,Relatively Moderate,Relatively Low,Relatively Low,Not Applicable,Very Low
Missouri,MO,Mississippi,County,,Not Applicable,No Rating,Relatively Moderate,Relatively Low,Very Low,Very Low,Relatively Moderate,Relatively Moderate,Not Applicable,Very Low
Missouri,MO,Saline,County,,Not Applicable,Relatively High,Very Low,Relatively Moderate,Very Low,Relatively Moderate,Relatively Low,Relatively Low,Not Applicable,Very Low
Missouri,MO,Washington,County,,Not Applicable,Relatively Low,Relatively Low,Relatively Moderate,Very Low,Relatively Moderate,Relatively Low,Relatively Low,Not Applicable,Relatively Low
Missouri,MO,Crawford,County,,Not Applicable,Relatively Low,Relatively Low,Relatively Moderate,Very Low,Relatively Moderate,Relatively Low,Relatively Low,Not Applicable,Relatively Low
Missouri,MO,Henry,County,,Not Applicable,Relatively Moderate,Very Low,Relatively Moderate,Very Low,Relatively Moderate,Relatively Low,Relatively Low,Not Applicable,Very Low
Missouri,MO,Dallas,County,,Not Applicable,Relatively Moderate,Very Low,Relatively Moderate,Very Low,Relatively High,Relatively Low,Relatively Low,Not Applicable,Relatively Low
Missouri,MO,Pemiscot,County,,Not Applicable,No Rating,Relatively Moderate,Relatively Moderate,Very Low,Relatively High,Relatively Low,Relatively Moderate,Not Applicable,Very Low
Missouri,MO,Stoddard,County,,Not Applicable,No Rating,Relatively Moderate,Relatively Moderate,Very Low,Relatively Moderate,Relatively Moderate,Relatively Moderate,Not Applicable,Very Low
Missouri,MO,Morgan,County,,Not Applicable,Relatively High,Relatively Low,Relatively Moderate,Very Low,Relatively Moderate,Relatively Low,Relatively Moderate,Not Applicable,Relatively Low
Missouri,MO,Audrain,County,,Not Applicable,Relatively High,Relatively Low,Relatively Moderate,Very Low,Relatively Moderate,Very Low,Relatively Low,Not Applicable,Very Low
Missouri,MO,Ste. Genevieve,County,,Not Applicable,Relatively Low,Relatively Low,Relatively Moderate,Very Low,Relatively Moderate,Relatively Low,Relatively Low,Not Applicable,Very Low
Missouri,MO,Moniteau,County,,Not Applicable,Relatively Moderate,Very Low,Relatively Moderate,Very Low,Relatively High,Very Low,Relatively Low,Not Applicable,Relatively Low
Missouri,MO,Perry,County,,Not Applicable,No Rating,Relatively Low,Relatively Moderate,Very Low,Relatively Low,Very Low,Relatively Low,Not Applicable,Very Low
Missouri,MO,Ray,County,,Not Applicable,Relatively Moderate,Very Low,Relatively Moderate,Not Applicable,Relatively Moderate,Relatively Low,Relatively Low,Not Applicable,Very Low
Missouri,MO,Miller,County,,Not Applicable,Relatively Moderate,Relatively Low,Relatively Moderate,Very Low,Relatively High,Relatively Moderate,Relatively Low,Not Applicable,Relatively Low
Missouri,MO,Andrew,County,,Not Applicable,Relatively Moderate,Very Low,Relatively Moderate,Not Applicable,Relatively Moderate,Very Low,Relatively Moderate,Not Applicable,Very Low
Missouri,MO,Howell,County,,Not Applicable,Relatively Moderate,Relatively Low,Relatively Moderate,Very Low,Relatively Low,Relatively High,Relatively Moderate,Not Applicable,Relatively Low
Missouri,MO,McDonald,County,,Not Applicable,Relatively High,Very Low,Relatively Moderate,Very Low,Relatively Low,Relatively High,Relatively Moderate,Not Applicable,Relatively Low
Missouri,MO,Barry,County,,Not Applicable,Relatively High,Relatively Low,Relatively Moderate,Very Low,Relatively High,Relatively Moderate,Relatively Moderate,Not Applicable,Relatively Low
Missouri,MO,Adair,County,,Not Applicable,Relatively Moderate,Very Low,Relatively Moderate,Very Low,Relatively Low,Very Low,Relatively Moderate,Not Applicable,Very Low
Missouri,MO,Laclede,County,,Not Applicable,Relatively Moderate,Relatively Low,Relatively Moderate,Very Low,Very High,Relatively Moderate,Relatively Low,Not Applicable,Relatively Low
Missouri,MO,Polk,County,,Not Applicable,Relatively Moderate,Relatively Low,Relatively Moderate,Very Low,Relatively Moderate,Relatively Low,Relatively Moderate,Not Applicable,Relatively Low
Missouri,MO,Clinton,County,,Not Applicable,Relatively Moderate,Very Low,Relatively Moderate,Not Applicable,Relatively Low,Very Low,Relatively Moderate,Not Applicable,Relatively Low
Missouri,MO,Randolph,County,,Not Applicable,Relatively Moderate,Relatively Low,Relatively Moderate,Very Low,Relatively Low,Very Low,Relatively Moderate,Not Applicable,Very Low
Missouri,MO,Dunklin,County,,Not Applicable,No Rating,Relatively Moderate,Relatively Moderate,Very Low,Very High,Relatively Low,Relatively Moderate,Not Applicable,Very Low
Missouri,MO,Lafayette,County,,Not Applicable,Relatively High,Very Low,Relatively Moderate,Very Low,Relatively Moderate,Relatively Low,Relatively Moderate,Not Applicable,Very Low
Missouri,MO,Callaway,County,,Not Applicable,Relatively High,Relatively Low,Relatively Moderate,Very Low,Very High,Relatively Low,Relatively Low,Not Applicable,Very Low
Missouri,MO,Butler,County,,Not Applicable,No Rating,Relatively Moderate,Relatively High,Very Low,Relatively Moderate,Relatively Moderate,Relatively Moderate,Not Applicable,Very Low
Missouri,MO,Lawrence,County,,Not Applicable,Relatively High,Relatively Low,Relatively Moderate,Very Low,Relatively High,Relatively Moderate,Relatively Moderate,Not Applicable,Relatively Low
Missouri,MO,Pettis,County,,Not Applicable,Relatively High,Relatively Low,Relatively High,Very Low,Relatively Moderate,Relatively Low,Relatively Moderate,Not Applicable,Very Low
Missouri,MO,Johnson,County,,Not Applicable,Relatively Moderate,Very Low,Relatively Moderate,Very Low,Relatively High,Relatively Low,Relatively Low,Not Applicable,Very Low
Missouri,MO,Camden,County,,Not Applicable,Relatively Moderate,Relatively Low,Relatively High,Very Low,Relatively Low,Relatively Low,Relatively Moderate,Not Applicable,Relatively Moderate
Missouri,MO,Marion,County,,Not Applicable,Relatively Moderate,Very Low,Relatively Moderate,Very Low,Relatively Moderate,Relatively Low,Relatively Low,Not Applicable,Very Low
Missouri,MO,Webster,County,,Not Applicable,Relatively Moderate,Relatively Low,Relatively Moderate,Very Low,Relatively High,Relatively Low,Relatively Moderate,Not Applicable,Relatively Low
Missouri,MO,Phelps,County,,Not Applicable,Relatively Moderate,Relatively Low,Relatively High,Very Low,Relatively Moderate,Relatively Low,Relatively Low,Not Applicable,Relatively Low
Missouri,MO,Stone,County,,Not Applicable,Relatively Moderate,Relatively Low,Relatively Moderate,Very Low,Relatively Low,Relatively Moderate,Relatively Low,Not Applicable,Relatively Low
Missouri,MO,Warren,County,,Not Applicable,Relatively Moderate,Relatively Low,Relatively High,Very Low,Relatively High,Relatively Low,Relatively Low,Not Applicable,Very Low
Missouri,MO,Taney,County,,Not Applicable,Relatively Moderate,Relatively Low,Relatively Moderate,Very Low,Relatively Moderate,Relatively Moderate,Relatively Moderate,Not Applicable,Relatively Low
Missouri,MO,Scott,County,,Not Applicable,No Rating,Relatively Moderate,Relatively Moderate,Very Low,Relatively Low,Relatively Moderate,Relatively Moderate,Not Applicable,Very Low
Missouri,MO,Newton,County,,Not Applicable,Relatively High,Relatively Low,Relatively High,Very Low,Very High,Relatively Moderate,Relatively Moderate,Not Applicable,Relatively Low
Missouri,MO,Lincoln,County,,Not Applicable,Relatively High,Relatively Low,Relatively High,Very Low,Relatively High,Relatively Low,Relatively Moderate,Not Applicable,Very Low
Missouri,MO,Pulaski,County,,Not Applicable,Relatively Moderate,Relatively Low,Relatively High,Very Low,Relatively High,Relatively Moderate,Relatively Moderate,Not Applicable,Relatively Low
Missouri,MO,Franklin,County,,Not Applicable,Relatively Moderate,Relatively Low,Relatively High,Very Low,Relatively High,Relatively Moderate,Relatively Moderate,Not Applicable,Relatively Low
Missouri,MO,Cape Girardeau,County,,Not Applicable,No Rating,Relatively Moderate,Relatively High,Very Low,Relatively Moderate,Relatively Moderate,Relatively Moderate,Not Applicable,Very Low
Missouri,MO,St. Francois,County,,Not Applicable,Relatively Moderate,Relatively Low,Relatively High,Very Low,Relatively Moderate,Relatively Low,Relatively Moderate,Not Applicable,Relatively Low
Missouri,MO,Cass,County,,Not Applicable,Relatively Moderate,Very Low,Relatively Moderate,Very Low,Very High,Relatively Low,Relatively Moderate,Not Applicable,Very Low
Missouri,MO,Christian,County,,Not Applicable,Relatively Moderate,Relatively Low,Relatively Moderate,Very Low,Relatively Moderate,Relatively Low,Relatively Moderate,Not Applicable,Relatively Low
Missouri,MO,Jasper,County,,Not Applicable,Relatively High,Relatively Low,Relatively Moderate,Very Low,Relatively High,Relatively Moderate,Relatively High,Not Applicable,Relatively Low
Missouri,MO,Cole,County,,Not Applicable,Relatively Moderate,Relatively Low,Relatively Moderate,Very Low,Very High,Relatively Low,Relatively Moderate,Not Applicable,Relatively Low
Missouri,MO,Buchanan,County,,Not Applicable,Relatively Moderate,Very Low,Relatively Moderate,Not Applicable,Relatively Moderate,Relatively Low,Relatively Moderate,Not Applicable,Very Low
Missouri,MO,Platte,County,,Not Applicable,Relatively Moderate,Very Low,Relatively Moderate,Not Applicable,Relatively High,Relatively Low,Relatively Moderate,Not Applicable,Very Low
Missouri,MO,Boone,County,,Not Applicable,Relatively High,Relatively Low,Relatively High,Very Low,Very High,Relatively Low,Relatively High,Not Applicable,Very Low
Missouri,MO,Jefferson,County,,Not Applicable,Relatively High,Relatively Moderate,Relatively Moderate,Very Low,Very High,Relatively Moderate,Relatively High,Not Applicable,Very Low
Missouri,MO,Greene,County,,Not Applicable,Relatively High,Relatively Moderate,Relatively High,Very Low,Very High,Relatively Moderate,Relatively High,Not Applicable,Relatively Low
Missouri,MO,Clay,County,,Not Applicable,Relatively High,Relatively Low,Relatively Moderate,Not Applicable,Very High,Relatively Moderate,Relatively High,Not Applicable,Relatively Low
Missouri,MO,St. Charles,County,,Not Applicable,Relatively High,Relatively Moderate,Relatively High,Very Low,Very High,Relatively Low,Relatively High,Not Applicable,Very Low
Missouri,MO,Jackson,County,,Not Applicable,Relatively High,Relatively Low,Very High,Not Applicable,Relatively High,Relatively Moderate,Very High,Not Applicable,Very Low
Missouri,MO,St. Louis,County,,Not Applicable,Relatively High,Relatively High,Very High,Very Low,Very High,Relatively High,Relatively High,Not Applicable,Very Low
Missouri,MO,St. Louis,City,,Not Applicable,Relatively Moderate,Relatively Moderate,Very High,Very Low,Relatively High,Relatively Low,Relatively High,Not Applicable,Very Low
Mississippi,MS,Issaquena,County,98670,Not Applicable,No Rating,Very Low,Relatively Low,Very Low,Relatively Moderate,Relatively Low,Relatively Low,Not Applicable,Very Low
Mississippi,MS,Sharkey,County,94330,Not Applicable,No Rating,Very Low,Relatively Low,Very Low,Relatively Moderate,Relatively Low,Relatively Low,Not Applicable,Very Low
Mississippi,MS,Kemper,County,99820,Not Applicable,No Rating,Very Low,Relatively Low,Very Low,Relatively Low,Very Low,Relatively Low,Not Applicable,Very Low
Mississippi,MS,Wilkinson,County,88450,Not Applicable,No Rating,Very Low,Relatively Low,Relatively Low,Relatively Low,Relatively Low,Relatively Low,Not Applicable,Very Low
Mississippi,MS,Franklin,County,109020,Not Applicable,No Rating,Very Low,Relatively Low,Very Low,Relatively Low,Relatively Low,Relatively Low,Not Applicable,Very Low
Mississippi,MS,Jefferson,County,82820,Not Applicable,No Rating,Very Low,Relatively Low,Very Low,Relatively Low,Very Low,Relatively Low,Not Applicable,Very Low
Mississippi,MS,Noxubee,County,92540,Not Applicable,No Rating,Relatively Low,Relatively Low,Relatively Low,Relatively Moderate,Relatively Low,Relatively Low,Not Applicable,Very Low
Mississippi,MS,Quitman,County,71960,Not Applicable,No Rating,Relatively Low,Relatively Low,Very Low,Very Low,Relatively Low,Relatively Low,Not Applicable,Very Low
Mississippi,MS,Carroll,County,128580,Not Applicable,No Rating,Very Low,Relatively Low,Very Low,Relatively Low,Very Low,Relatively Low,Not Applicable,Very Low
Mississippi,MS,Amite,County,110170,Not Applicable,No Rating,Very Low,Relatively Low,Relatively Low,Relatively Low,Very Low,Relatively Low,Not Applicable,Very Low
Mississippi,MS,Perry,County,151560,Not Applicable,No Rating,Very Low,Relatively Low,Relatively Low,Very Low,Relatively Low,Relatively Low,Not Applicable,Relatively Low
Mississippi,MS,Humphreys,County,91390,Not Applicable,No Rating,Relatively Low,Relatively Low,Very Low,Relatively Moderate,Relatively Low,Relatively Low,Not Applicable,Very Low
Mississippi,MS,Claiborne,County,91510,Not Applicable,No Rating,Very Low,Relatively Low,Very Low,Relatively Moderate,Very Low,Relatively Low,Not Applicable,Very Low
Mississippi,MS,Benton,County,105450,Not Applicable,No Rating,Relatively Low,Relatively Low,Very Low,Very Low,Very Low,Relatively Low,Not Applicable,Very Low
Mississippi,MS,Greene,County,109280,Not Applicable,No Rating,Very Low,Relatively Low,Relatively Low,Relatively Low,Relatively Low,Relatively Low,Not Applicable,Relatively Low
Mississippi,MS,Tallahatchie,County,88830,Not Applicable,No Rating,Relatively Low,Relatively Moderate,Very Low,Very Low,Relatively Low,Relatively Low,Not Applicable,Very Low
Mississippi,MS,Choctaw,County,107110,Not Applicable,No Rating,Very Low,Relatively Low,Very Low,Relatively Low,Very Low,Relatively Low,Not Applicable,Very Low
Mississippi,MS,Tunica,County,149150,Not Applicable,No Rating,Relatively Low,Relatively Moderate,Very Low,Relatively Low,Relatively Moderate,Relatively Low,Not Applicable,Very Low
Mississippi,MS,Smith,County,142000,Not Applicable,No Rating,Very Low,Relatively Low,Relatively Low,Relatively Moderate,Relatively Low,Relatively Low,Not Applicable,Very Low
Mississippi,MS,Holmes,County,77710,Not Applicable,No Rating,Relatively Low,Relatively Moderate,Relatively Low,Relatively Moderate,Relatively Moderate,Relatively Moderate,Not Applicable,Very Low
Mississippi,MS,Clarke,County,108900,Not Applicable,No Rating,Very Low,Relatively Low,Relatively Low,Relatively Moderate,Relatively Low,Relatively Low,Not Applicable,Very Low
Mississippi,MS,Calhoun,County,90880,Not Applicable,No Rating,Relatively Low,Relatively Moderate,Very Low,Very Low,Relatively Low,Relatively Low,Not Applicable,Very Low
Mississippi,MS,Webster,County,112860,Not Applicable,No Rating,Very Low,Relatively Low,Very Low,Relatively Low,Very Low,Relatively Low,Not Applicable,Very Low
Mississippi,MS,Montgomery,County,115030,Not Applicable,No Rating,Very Low,Relatively Low,Very Low,Relatively Low,Relatively Low,Relatively Low,Not Applicable,Very Low
Mississippi,MS,Jasper,County,114650,Not Applicable,No Rating,Very Low,Relatively Low,Relatively Low,Relatively Low,Relatively Low,Relatively Low,Not Applicable,Very Low
Mississippi,MS,Attala,County,113750,Not Applicable,No Rating,Relatively Low,Relatively Low,Relatively Low,Relatively Moderate,Relatively Low,Relatively Moderate,Not Applicable,Very Low
Mississippi,MS,Wayne,County,101610,Not Applicable,No Rating,Very Low,Relatively Low,Relatively Low,Relatively Low,Relatively Low,Relatively Low,Not Applicable,Very Low
Mississippi,MS,Yalobusha,County,107240,Not Applicable,No Rating,Relatively Low,Relatively Moderate,Very Low,Very Low,Very Low,Relatively Low,Not Applicable,Very Low
Mississippi,MS,Jefferson Davis,County,109410,Not Applicable,No Rating,Very Low,Relatively Low,Relatively Low,Relatively Moderate,Very Low,Relatively Low,Not Applicable,Very Low
Mississippi,MS,Lawrence,County,128320,Not Applicable,No Rating,Very Low,Relatively Low,Relatively Low,Relatively High,Relatively Low,Relatively Low,Not Applicable,Very Low
Mississippi,MS,Yazoo,County,139440,Not Applicable,No Rating,Relatively Low,Relatively Moderate,Relatively Low,Relatively Moderate,Relatively Moderate,Relatively Moderate,Not Applicable,Very Low
Mississippi,MS,Winston,County,129860,Not Applicable,No Rating,Relatively Low,Relatively Low,Relatively Low,Relatively Moderate,Relatively Low,Relatively Moderate,Not Applicable,Very Low
Mississippi,MS,Chickasaw,County,94580,Not Applicable,No Rating,Relatively Low,Relatively Moderate,Very Low,Very Low,Very Low,Relatively Moderate,Not Applicable,Very Low
Mississippi,MS,Walthall,County,131140,Not Applicable,No Rating,Very Low,Relatively Low,Relatively Low,Very Low,Relatively Low,Relatively Low,Not Applicable,Very Low
Mississippi,MS,Bolivar,County,130630,Not Applicable,No Rating,Relatively Low,Relatively Moderate,Relatively Low,Relatively Moderate,Relatively Moderate,Relatively Moderate,Not Applicable,Very Low
Mississippi,MS,Leake,County,107870,Not Applicable,No Rating,Relatively Low,Relatively Low,Relatively Low,Relatively Moderate,Relatively Low,Relatively Moderate,Not Applicable,Very Low
Mississippi,MS,Copiah,County,108930,Not Applicable,No Rating,Very Low,Relatively Moderate,Relatively Low,Relatively Moderate,Relatively Low,Relatively Moderate,Not Applicable,Very Low
Mississippi,MS,Newton,County,111070,Not Applicable,No Rating,Very Low,Relatively Low,Relatively Low,Relatively Moderate,Relatively Low,Relatively Moderate,Not Applicable,Very Low
Mississippi,MS,Sunflower,County,119760,Not Applicable,No Rating,Relatively Low,Relatively Moderate,Relatively Low,Relatively Moderate,Relatively Low,Relatively Moderate,Not Applicable,Very Low
Mississippi,MS,Coahoma,County,95600,Not Applicable,No Rating,Relatively Low,Relatively Moderate,Very Low,Very Low,Relatively Low,Relatively Moderate,Not Applicable,Very Low
Mississippi,MS,Stone,County,201040,Not Applicable,No Rating,Very Low,Relatively Low,Relatively Moderate,Very Low,Very Low,Relatively Low,Not Applicable,Relatively Low
Mississippi,MS,Simpson,County,111620,Not Applicable,No Rating,Very Low,Relatively Moderate,Relatively Low,Relatively Low,Relatively Low,Relatively Moderate,Not Applicable,Very Low
Mississippi,MS,Covington,County,98540,Not Applicable,No Rating,Very Low,Relatively Moderate,Relatively Low,Relatively Moderate,Relatively Low,Relatively Low,Not Applicable,Very Low
Mississippi,MS,Tishomingo,County,134720,Not Applicable,No Rating,Relatively Low,Relatively Moderate,Very Low,Very Low,Relatively Low,Relatively Low,Not Applicable,Very Low
Mississippi,MS,Monroe,County,130370,Not Applicable,No Rating,Relatively Low,Relatively Moderate,Relatively Low,Very Low,Relatively Low,Relatively Moderate,Not Applicable,Very Low
Mississippi,MS,Itawamba,County,127050,Not Applicable,No Rating,Relatively Low,Relatively Moderate,Very Low,Very Low,Very Low,Relatively Low,Not Applicable,Very Low
Mississippi,MS,Marion,County,120140,Not Applicable,No Rating,Very Low,Relatively Low,Relatively Moderate,Very Low,Relatively High,Relatively Moderate,Not Applicable,Relatively Low
Mississippi,MS,Clay,County,128580,Not Applicable,No Rating,Relatively Low,Relatively Moderate,Very Low,Relatively Low,Relatively Low,Relatively Low,Not Applicable,Very Low
Mississippi,MS,Scott,County,98800,Not Applicable,No Rating,Relatively Low,Relatively Moderate,Relatively Low,Relatively Moderate,Relatively Moderate,Relatively Moderate,Not Applicable,Very Low
Mississippi,MS,Marshall,County,165160,Not Applicable,No Rating,Relatively Moderate,Relatively Moderate,Very Low,Very Low,Relatively Low,Relatively Moderate,Not Applicable,Relatively Low
Mississippi,MS,Tippah,County,135990,Not Applicable,No Rating,Relatively Low,Relatively Moderate,Very Low,Very Low,Relatively Low,Relatively Moderate,Not Applicable,Very Low
Mississippi,MS,Leflore,County,109020,Not Applicable,No Rating,Relatively Low,Relatively Moderate,Relatively Low,Relatively Moderate,Relatively Moderate,Relatively Moderate,Not Applicable,Very Low
Mississippi,MS,Panola,County,116050,Not Applicable,No Rating,Relatively Low,Relatively Moderate,Very Low,Very Low,Relatively Low,Relatively Moderate,Not Applicable,Very Low
Mississippi,MS,George,County,,Very Low,No Rating,Very Low,Relatively Low,Relatively Moderate,Very Low,Very Low,Relatively Low,Insufficient Data,Relatively Low
Mississippi,MS,Neshoba,County,110430,Not Applicable,No Rating,Relatively Low,Relatively Moderate,Relatively Low,Relatively Moderate,Relatively Low,Relatively Moderate,Not Applicable,Very Low
Mississippi,MS,Grenada,County,136120,Not Applicable,No Rating,Relatively Low,Relatively Moderate,Very Low,Relatively Moderate,Relatively Moderate,Relatively Low,Not Applicable,Very Low
Mississippi,MS,Lincoln,County,131010,Not Applicable,No Rating,Very Low,Relatively Moderate,Relatively Low,Relatively Moderate,Relatively Low,Relatively Moderate,Not Applicable,Very Low
Mississippi,MS,Prentiss,County,125770,Not Applicable,No Rating,Relatively Low,Relatively Moderate,Very Low,Very Low,Very Low,Relatively Low,Not Applicable,Very Low
Mississippi,MS,Washington,County,102890,Not Applicable,No Rating,Relatively Low,Relatively Moderate,Relatively Low,Relatively Moderate,Relatively High,Relatively Moderate,Not Applicable,Very Low
Mississippi,MS,Pontotoc,County,149160,Not Applicable,No Rating,Relatively Low,Relatively Moderate,Very Low,Very Low,Very Low,Relatively Moderate,Not Applicable,Very Low
Mississippi,MS,Adams,County,118350,Not Applicable,No Rating,Very Low,Relatively Moderate,Relatively Low,Relatively Low,Relatively Low,Relatively Moderate,Not Applicable,Very Low
Mississippi,MS,Union,County,152610,Not Applicable,No Rating,Relatively Low,Relatively Moderate,Very Low,Very Low,Relatively Low,Relatively Low,Not Applicable,Very Low
Mississippi,MS,Pearl River,County,184180,Very Low,No Rating,Very Low,Relatively Low,Relatively Moderate,Very Low,Relatively Low,Relatively Moderate,Insufficient Data,Relatively Moderate
Mississippi,MS,Tate,County,199450,Not Applicable,No Rating,Relatively Low,Relatively Moderate,Very Low,Relatively Moderate,Relatively Low,Relatively Moderate,Not Applicable,Very Low
Mississippi,MS,Warren,County,172040,Not Applicable,No Rating,Relatively Low,Relatively Moderate,Relatively Low,Relatively Moderate,Relatively Moderate,Relatively Moderate,Not Applicable,Very Low
Mississippi,MS,Alcorn,County,146350,Not Applicable,No Rating,Relatively Low,Relatively Moderate,Very Low,Very Low,Relatively Low,Relatively Moderate,Not Applicable,Very Low
Mississippi,MS,Lafayette,County,282590,Not Applicable,No Rating,Relatively Low,Relatively Moderate,Very Low,Very Low,Relatively Low,Relatively Moderate,Not Applicable,Very Low
Mississippi,MS,Jones,County,142130,Not Applicable,No Rating,Relatively Low,Relatively Moderate,Relatively Moderate,Relatively Moderate,Relatively Moderate,Relatively Moderate,Not Applicable,Relatively Low
Mississippi,MS,Hancock,County,225080,Relatively Moderate,No Rating,Very Low,Relatively Low,Relatively Moderate,Very Low,Relatively Moderate,Relatively Low,Insufficient Data,Relatively Moderate
Mississippi,MS,Pike,County,126020,Not Applicable,No Rating,Very Low,Relatively Low,Relatively Moderate,Relatively Moderate,Very Low,Relatively Moderate,Not Applicable,Very Low
Mississippi,MS,Lauderdale,County,140590,Not Applicable,No Rating,Relatively Low,Relatively Moderate,Relatively Low,Relatively Moderate,Relatively High,Relatively Moderate,Not Applicable,Very Low
Mississippi,MS,Oktibbeha,County,219200,Not Applicable,No Rating,Relatively Low,Relatively Moderate,Relatively Low,Relatively Moderate,Relatively Low,Relatively Moderate,Not Applicable,Very Low
Mississippi,MS,Lowndes,County,181750,Not Applicable,No Rating,Relatively Low,Relatively Moderate,Relatively Low,Relatively Moderate,Relatively Moderate,Relatively Moderate,Not Applicable,Very Low
Mississippi,MS,Lamar,County,244880,Not Applicable,No Rating,Very Low,Relatively Low,Relatively Moderate,Relatively Low,Relatively Low,Relatively Moderate,Not Applicable,Relatively Low
Mississippi,MS,Madison,County,344590,Not Applicable,No Rating,Relatively Low,Relatively Moderate,Relatively Low,Relatively Moderate,Relatively Moderate,Relatively High,Not Applicable,Very Low
Mississippi,MS,Forrest,County,200210,Not Applicable,No Rating,Relatively Low,Relatively Low,Relatively Moderate,Relatively Low,Relatively Low,Relatively Moderate,Not Applicable,Relatively Low
Mississippi,MS,Lee,County,225970,Not Applicable,No Rating,Relatively Moderate,Relatively Moderate,Relatively Low,Relatively Low,Relatively Moderate,Relatively Moderate,Not Applicable,Very Low
Mississippi,MS,Rankin,County,256170,Not Applicable,No Rating,Relatively Low,Relatively Moderate,Relatively Low,Relatively Moderate,Relatively Moderate,Relatively High,Not Applicable,Very Low
Mississippi,MS,Jackson,County,,Relatively Moderate,No Rating,Very Low,Relatively Moderate,Relatively High,Relatively Low,Relatively Moderate,Relatively Moderate,Insufficient Data,Relatively Moderate
Mississippi,MS,Hinds,County,174030,Not Applicable,No Rating,Relatively Low,Relatively Moderate,Relatively Low,Relatively Moderate,Relatively High,Relatively High,Not Applicable,Very Low
Mississippi,MS,Harrison,County,224950,Relatively Moderate,No Rating,Relatively Low,Relatively Moderate,Relatively High,Relatively Low,Relatively Low,Relatively High,Insufficient Data,Relatively Moderate
Mississippi,MS,DeSoto,County,314040,Not Applicable,No Rating,Relatively Moderate,Relatively Moderate,Very Low,Relatively Moderate,Relatively Low,Relatively High,Not Applicable,Very Low
Montana,MT,Garfield,County,,Not Applicable,Relatively Moderate,Very Low,Relatively Low,Not Applicable,Very Low,Very Low,Very Low,Not Applicable,Relatively Low
Montana,MT,Petroleum,County,,Not Applicable,Relatively Low,Very Low,Very Low,Not Applicable,Very Low,Very Low,Very Low,Not Applicable,Very Low
Montana,MT,Carter,County,,Not Applicable,Relatively Moderate,Very Low,Relatively Low,Not Applicable,Very Low,Very Low,Very Low,Not Applicable,Relatively Low
Montana,MT,Powder River,County,,Not Applicable,Relatively Low,Very Low,Relatively Low,Not Applicable,Very Low,Very Low,Very Low,Not Applicable,Relatively Low
Montana,MT,Prairie,County,,Not Applicable,Relatively Low,Very Low,Relatively Low,Not Applicable,Very Low,Very Low,Very Low,Not Applicable,Very Low
Montana,MT,McCone,County,,Not Applicable,Relatively Moderate,Very Low,Relatively Low,Not Applicable,Very Low,Very Low,Very Low,Not Applicable,Very Low
Montana,MT,Golden Valley,County,,Not Applicable,Relatively Low,Very Low,Very Low,Not Applicable,Very Low,Very Low,Very Low,Not Applicable,Very Low
Montana,MT,Treasure,County,,Not Applicable,Relatively Low,Very Low,Very Low,Not Applicable,Very Low,Relatively Low,Very Low,Not Applicable,Very Low
Montana,MT,Meagher,County,,Not Applicable,Relatively Low,Very Low,Very Low,Not Applicable,Very Low,Very Low,Very Low,Not Applicable,Relatively Low
Montana,MT,Phillips,County,,Not Applicable,Relatively High,Very Low,Relatively Low,Not Applicable,Very Low,Relatively Low,Very Low,Not Applicable,Very Low
Montana,MT,Wibaux,County,,Not Applicable,Relatively Low,Very Low,Relatively Low,Not Applicable,Relatively Low,Very Low,Very Low,Not Applicable,Very Low
Montana,MT,Judith Basin,County,,Not Applicable,Relatively Moderate,Very Low,Very Low,Not Applicable,Very Low,No Rating,Very Low,Not Applicable,Very Low
Montana,MT,Daniels,County,,Not Applicable,Relatively Moderate,Very Low,Relatively Low,Not Applicable,Very Low,No Rating,Very Low,Not Applicable,Very Low
Montana,MT,Liberty,County,,Not Applicable,Relatively Moderate,Very Low,No Rating,Not Applicable,Very Low,Very Low,Very Low,Not Applicable,Very Low
Montana,MT,Wheatland,County,,Not Applicable,Relatively Low,Very Low,Very Low,Not Applicable,Very Low,Relatively Low,Very Low,Not Applicable,Very Low
Montana,MT,Chouteau,County,,Not Applicable,Relatively High,Very Low,Relatively Low,Not Applicable,Very Low,No Rating,Very Low,Not Applicable,Relatively Low
Montana,MT,Valley,County,,Not Applicable,Relatively High,Very Low,Relatively Low,Not Applicable,Very Low,Relatively Moderate,Very Low,Not Applicable,Very Low
Montana,MT,Rosebud,County,,Not Applicable,Relatively Moderate,Very Low,Relatively Low,Not Applicable,Very Low,Very Low,Very Low,Not Applicable,Relatively Low
Montana,MT,Blaine,County,,Not Applicable,Relatively High,Very Low,Relatively Low,Not Applicable,Very Low,Relatively Low,Very Low,Not Applicable,Very Low
Montana,MT,Beaverhead,County,,Not Applicable,Very Low,Relatively Low,No Rating,Not Applicable,Very Low,Relatively Low,Very Low,Not Applicable,Relatively Low
Montana,MT,Fallon,County,,Not Applicable,Relatively Moderate,Very Low,Relatively Low,Not Applicable,Very Low,Very Low,Very Low,Not Applicable,Very Low
Montana,MT,Granite,County,,Not Applicable,Relatively Moderate,Very Low,No Rating,Not Applicable,Very Low,Very Low,Very Low,Not Applicable,Relatively Low
Montana,MT,Sweet Grass,County,,Not Applicable,Relatively Low,Very Low,Relatively Low,Not Applicable,Very Low,Relatively Low,Very Low,Not Applicable,Relatively Low
Montana,MT,Sheridan,County,,Not Applicable,Relatively High,Very Low,Relatively Low,Not Applicable,Relatively Moderate,Very Low,Very Low,Not Applicable,Very Low
Montana,MT,Madison,County,,Not Applicable,Very Low,Relatively Low,No Rating,Not Applicable,Very Low,Very Low,Very Low,Not Applicable,Relatively Low
Montana,MT,Musselshell,County,,Not Applicable,Relatively Low,Very Low,Relatively Low,Not Applicable,Very Low,Relatively Low,Very Low,Not Applicable,Relatively Low
Montana,MT,Toole,County,,Not Applicable,Relatively High,Very Low,No Rating,Not Applicable,Very Low,Very Low,Very Low,Not Applicable,Very Low
Montana,MT,Big Horn,County,,Not Applicable,Relatively Low,Very Low,Relatively Low,Not Applicable,Very Low,Relatively Moderate,Very Low,Not Applicable,Relatively Low
Montana,MT,Fergus,County,,Not Applicable,Relatively High,Very Low,Relatively Low,Not Applicable,Very Low,Very Low,Very Low,Not Applicable,Relatively Low
Montana,MT,Teton,County,,Not Applicable,Relatively Moderate,Very Low,No Rating,Not Applicable,Very Low,Very Low,Very Low,Not Applicable,Relatively Low
Montana,MT,Powell,County,,Not Applicable,Relatively High,Very Low,No Rating,Not Applicable,Very Low,Very Low,Very Low,Not Applicable,Relatively Low
Montana,MT,Custer,County,,Not Applicable,Relatively Moderate,Very Low,Relatively Low,Not Applicable,Very Low,Relatively Moderate,Very Low,Not Applicable,Relatively Low
Montana,MT,Pondera,County,,Not Applicable,Relatively High,Very Low,No Rating,Not Applicable,Very Low,Very Low,Very Low,Not Applicable,Relatively Low
Montana,MT,Mineral,County,,Not Applicable,Relatively Low,Very Low,Relatively Low,Not Applicable,Very Low,Relatively Low,Very Low,Not Applicable,Relatively Low
Montana,MT,Dawson,County,,Not Applicable,Relatively Moderate,Very Low,Relatively Low,Not Applicable,Very Low,Relatively Low,Very Low,Not Applicable,Very Low
Montana,MT,Sanders,County,,Not Applicable,Relatively Moderate,Relatively Low,Relatively Low,Not Applicable,Relatively Low,Relatively Low,Very Low,Not Applicable,Relatively Low
Montana,MT,Roosevelt,County,,Not Applicable,Very High,Very Low,Relatively Low,Not Applicable,Relatively Low,Relatively Low,Relatively Low,Not Applicable,Very Low
Montana,MT,Glacier,County,,Not Applicable,Relatively High,Very Low,No Rating,Not Applicable,Very Low,Very Low,Very Low,Not Applicable,Relatively Low
Montana,MT,Stillwater,County,,Not Applicable,Relatively Low,Very Low,Relatively Moderate,Not Applicable,Very Low,Relatively Low,Very Low,Not Applicable,Relatively Low
Montana,MT,Carbon,County,,Not Applicable,Relatively Low,Very Low,Relatively Moderate,Not Applicable,Very Low,Relatively Low,Very Low,Not Applicable,Relatively Low
Montana,MT,Lincoln,County,,Not Applicable,Relatively Moderate,Relatively Low,Relatively Low,Not Applicable,Very Low,Very Low,Very Low,Not Applicable,Relatively Moderate
Montana,MT,Richland,County,,Not Applicable,Relatively High,Very Low,Relatively Moderate,Not Applicable,Relatively Moderate,Relatively Low,Relatively Low,Not Applicable,Very Low
Montana,MT,Hill,County,,Not Applicable,Relatively High,Very Low,Relatively Low,Not Applicable,Very Low,Very Low,Very Low,Not Applicable,Very Low
Montana,MT,Broadwater,County,,Not Applicable,Relatively Low,Relatively Low,No Rating,Not Applicable,Very Low,Very Low,Very Low,Not Applicable,Relatively Low
Montana,MT,Park,County,,Not Applicable,Relatively Low,Relatively Low,Relatively Low,Not Applicable,Very Low,Very Low,Very Low,Not Applicable,Relatively Moderate
Montana,MT,Jefferson,County,,Not Applicable,Relatively Low,Relatively Low,No Rating,Not Applicable,Very Low,Very Low,Very Low,Not Applicable,Relatively Low
Montana,MT,Deer Lodge,County,,Not Applicable,Relatively High,Very Low,No Rating,Not Applicable,Very Low,Very Low,Very Low,Not Applicable,Relatively Low
Montana,MT,Ravalli,County,,Not Applicable,Very High,Relatively Low,Very Low,Not Applicable,Relatively Moderate,Relatively Low,Very Low,Not Applicable,Relatively High
Montana,MT,Flathead,County,,Not Applicable,Very High,Relatively Moderate,Relatively Low,Not Applicable,Very Low,Relatively Moderate,Very Low,Not Applicable,Relatively Moderate
Montana,MT,Lewis and Clark,County,,Not Applicable,Relatively High,Relatively Low,No Rating,Not Applicable,Very Low,Relatively Low,Very Low,Not Applicable,Relatively Moderate
Montana,MT,Lake,County,,Not Applicable,Very High,Relatively Moderate,Very Low,Not Applicable,Relatively Low,Very Low,Very Low,Not Applicable,Relatively Moderate
Montana,MT,Cascade,County,,Not Applicable,Very High,Very Low,No Rating,Not Applicable,Relatively Low,Relatively Low,Very Low,Not Applicable,Relatively Low
Montana,MT,Missoula,County,,Not Applicable,Very High,Relatively Moderate,Relatively Low,Not Applicable,Relatively High,Relatively Low,Very Low,Not Applicable,Relatively Moderate
Montana,MT,Gallatin,County,,Not Applicable,Relatively Low,Relatively Moderate,Very Low,Not Applicable,Relatively Low,Relatively Low,Very Low,Not Applicable,Relatively Moderate
Montana,MT,Silver Bow,County,,Not Applicable,Very High,Relatively Low,No Rating,Not Applicable,Very Low,Very Low,Very Low,Not Applicable,Relatively Low
Montana,MT,Yellowstone,County,,Not Applicable,Relatively Moderate,Very Low,Relatively Moderate,Not Applicable,Relatively Moderate,Relatively Low,Relatively Low,Not Applicable,Relatively Moderate
North Carolina,NC,Hyde,County,,Relatively Moderate,No Rating,Very Low,Relatively Low,Relatively Moderate,Very Low,Relatively Low,Very Low,Insufficient Data,Relatively Low
North Carolina,NC,Tyrrell,County,,Relatively Low,No Rating,Very Low,Relatively Low,Relatively Moderate,Very Low,Relatively Low,Very Low,Insufficient Data,Relatively Low
North Carolina,NC,Jones,County,,Very Low,No Rating,Very Low,Relatively Low,Relatively Moderate,Relatively Low,Relatively Low,Very Low,Insufficient Data,Very Low
North Carolina,NC,Bertie,County,,Very Low,No Rating,Very Low,Relatively Low,Relatively Moderate,Relatively Low,Relatively Moderate,Relatively Low,Insufficient Data,Very Low
North Carolina,NC,Swain,County,,Not Applicable,Relatively Moderate,Very Low,No Rating,Very Low,Relatively Low,Relatively Low,Relatively Low,Not Applicable,Very Low
North Carolina,NC,Graham,County,,Not Applicable,Relatively Moderate,Very Low,No Rating,Very Low,Very Low,Very Low,Very Low,Not Applicable,Very Low
North Carolina,NC,Gates,County,,Very Low,No Rating,Very Low,Relatively Low,Relatively Low,Relatively Low,Relatively Low,Very Low,Insufficient Data,Very Low
North Carolina,NC,Washington,County,,Very Low,No Rating,Very Low,Relatively Low,Relatively Moderate,Relatively Low,Relatively Low,Relatively Low,Insufficient Data,Very Low
North Carolina,NC,Northampton,County,,Very Low,No Rating,Very Low,Relatively Low,Relatively Low,Relatively Low,Very Low,Relatively Low,Insufficient Data,Very Low
North Carolina,NC,Bladen,County,,Very Low,No Rating,Very Low,Relatively Moderate,Relatively Moderate,Relatively High,Relatively Moderate,Relatively Moderate,Insufficient Data,Relatively Low
North Carolina,NC,Pamlico,County,,Relatively Low,No Rating,Very Low,Relatively Low,Relatively Moderate,Relatively Low,Relatively Low,Relatively Low,Insufficient Data,Relatively Low
North Carolina,NC,Anson,County,,Not Applicable,No Rating,Very Low,Relatively Low,Relatively Low,Relatively High,Relatively Low,Relatively Low,Not Applicable,Very Low
North Carolina,NC,Camden,County,,Relatively Low,No Rating,Very Low,Relatively Low,Relatively Low,Very Low,Relatively Low,Very Low,Insufficient Data,Very Low
North Carolina,NC,Warren,County,,Not Applicable,No Rating,Very Low,Relatively Low,Relatively Low,Relatively Low,Very Low,Relatively Low,Not Applicable,Very Low
North Carolina,NC,Alleghany,County,,Not Applicable,Relatively Low,Very Low,No Rating,Very Low,Relatively Low,Very Low,Very Low,Not Applicable,Very Low
North Carolina,NC,Madison,County,,Not Applicable,Relatively Moderate,Very Low,No Rating,Very Low,Relatively Moderate,Relatively Moderate,Very Low,Not Applicable,Very Low
North Carolina,NC,Martin,County,,Very Low,No Rating,Very Low,Relatively Moderate,Relatively Moderate,Relatively Low,Very Low,Relatively Low,Insufficient Data,Very Low
North Carolina,NC,Clay,County,,Not Applicable,Relatively Low,Very Low,No Rating,Very Low,Relatively Low,Very Low,Relatively Low,Not Applicable,Very Low
North Carolina,NC,Montgomery,County,,Not Applicable,No Rating,Very Low,Relatively Low,Relatively Low,Relatively Low,Relatively Low,Relatively Low,Not Applicable,Very Low
North Carolina,NC,Perquimans,County,,Relatively Low,No Rating,Very Low,Relatively Low,Relatively Low,Relatively Low,Very Low,Relatively Low,Insufficient Data,Very Low
North Carolina,NC,Caswell,County,,Not Applicable,No Rating,Very Low,Relatively Low,Relatively Low,Very Low,Very Low,Relatively Low,Not Applicable,Very Low
North Carolina,NC,Beaufort,County,,Relatively Moderate,No Rating,Very Low,Relatively Moderate,Relatively High,Relatively Moderate,Relatively Low,Relatively Moderate,Insufficient Data,Relatively Low
North Carolina,NC,Columbus,County,,Very Low,No Rating,Relatively Low,Relatively Moderate,Relatively Moderate,Relatively High,Relatively Moderate,Relatively Moderate,Insufficient Data,Relatively Low
North Carolina,NC,Yancey,County,,Not Applicable,Relatively Moderate,Very Low,No Rating,Very Low,Relatively Moderate,Very Low,Relatively Low,Not Applicable,Very Low
North Carolina,NC,Duplin,County,,No Rating,No Rating,Very Low,Relatively Moderate,Relatively High,Relatively Low,Relatively Low,Relatively Moderate,Insufficient Data,Relatively Low
North Carolina,NC,Hertford,County,,Very Low,No Rating,Very Low,Relatively Moderate,Relatively Moderate,Relatively Low,Relatively Low,Relatively Low,Insufficient Data,Very Low
North Carolina,NC,Ashe,County,,Not Applicable,Relatively Low,Very Low,No Rating,Very Low,Relatively Low,Relatively Low,Relatively Low,Not Applicable,Very Low
North Carolina,NC,Sampson,County,,No Rating,No Rating,Relatively Low,Relatively Moderate,Relatively High,Relatively Moderate,Relatively Moderate,Relatively Moderate,Insufficient Data,Relatively Low
North Carolina,NC,Cherokee,County,,Not Applicable,Relatively Moderate,Relatively Low,No Rating,Very Low,Relatively Moderate,Relatively Low,Relatively Low,Not Applicable,Very Low
North Carolina,NC,Halifax,County,,No Rating,No Rating,Very Low,Relatively Moderate,Relatively Moderate,Relatively Low,Relatively Moderate,Relatively Moderate,Insufficient Data,Very Low
North Carolina,NC,Mitchell,County,,Not Applicable,Relatively Moderate,Very Low,No Rating,Very Low,Relatively Moderate,Relatively Low,Very Low,Not Applicable,Very Low
North Carolina,NC,Pender,County,,Very Low,No Rating,Very Low,Relatively Moderate,Relatively High,Relatively Moderate,Relatively Low,Relatively Moderate,Insufficient Data,Relatively Moderate
North Carolina,NC,Macon,County,,Not Applicable,Relatively High,Very Low,No Rating,Very Low,Relatively Moderate,Relatively Low,Relatively Low,Not Applicable,Very Low
North Carolina,NC,Avery,County,,Not Applicable,Relatively Moderate,Very Low,No Rating,Very Low,Relatively High,Relatively Moderate,Relatively Low,Not Applicable,Very Low
North Carolina,NC,Greene,County,,Very Low,No Rating,Very Low,Relatively Moderate,Relatively Moderate,Relatively Low,Relatively Low,Relatively Low,Insufficient Data,Very Low
North Carolina,NC,Chowan,County,,Relatively Low,No Rating,Very Low,Relatively Low,Relatively Moderate,Relatively Low,Very Low,Very Low,Insufficient Data,Very Low
North Carolina,NC,Polk,County,,Not Applicable,Relatively Low,Very Low,No Rating,Very Low,Relatively High,Very Low,Relatively Low,Not Applicable,Very Low
North Carolina,NC,Transylvania,County,,Not Applicable,Relatively Moderate,Very Low,No Rating,Very Low,Relatively High,Relatively Low,Relatively Low,Not Applicable,Very Low
North Carolina,NC,Wilkes,County,,Not Applicable,Very Low,Very Low,No Rating,Relatively Low,Relatively Moderate,Relatively Low,Relatively Low,Not Applicable,Very Low
North Carolina,NC,Jackson,County,,Not Applicable,Relatively Moderate,Relatively Low,No Rating,Very Low,Relatively Moderate,Relatively Low,Relatively Low,Not Applicable,Very Low
North Carolina,NC,Richmond,County,,Not Applicable,No Rating,Very Low,Relatively Moderate,Relatively Low,Relatively High,Relatively Low,Relatively Moderate,Not Applicable,Relatively Low
North Carolina,NC,Dare,County,,Relatively Moderate,No Rating,Very Low,Relatively Moderate,Relatively High,Relatively Low,Relatively Moderate,Relatively Low,Insufficient Data,Relatively Low
North Carolina,NC,Edgecombe,County,,No Rating,No Rating,Very Low,Relatively Moderate,Relatively Low,Relatively Moderate,Relatively High,Relatively Moderate,Insufficient Data,Very Low
North Carolina,NC,Stokes,County,,Not Applicable,No Rating,Very Low,No Rating,Relatively Low,Very Low,Very Low,Relatively Low,Not Applicable,Very Low
North Carolina,NC,Person,County,,Not Applicable,No Rating,Very Low,Relatively Low,Relatively Low,Relatively Low,Very Low,Relatively Low,Not Applicable,Very Low
North Carolina,NC,McDowell,County,,Not Applicable,Relatively Low,Very Low,No Rating,Very Low,Relatively High,Relatively Low,Relatively Low,Not Applicable,Relatively Low
North Carolina,NC,Scotland,County,,Not Applicable,No Rating,Relatively Low,Relatively Moderate,Relatively Low,Relatively High,Relatively Low,Relatively Moderate,Not Applicable,Relatively Low
North Carolina,NC,Currituck,County,,Relatively Low,No Rating,Very Low,Relatively Low,Relatively Low,Relatively Low,Very Low,Very Low,Insufficient Data,Very Low
North Carolina,NC,Yadkin,County,,Not Applicable,No Rating,Very Low,No Rating,Very Low,Relatively Low,Very Low,Relatively Low,Not Applicable,Very Low
North Carolina,NC,Chatham,County,,Not Applicable,No Rating,Very Low,Relatively Moderate,Relatively Low,Relatively Moderate,Relatively Low,Relatively Moderate,Not Applicable,Very Low
North Carolina,NC,Haywood,County,,Not Applicable,Relatively High,Very Low,No Rating,Very Low,Relatively Moderate,Relatively Moderate,Relatively Low,Not Applicable,Very Low
North Carolina,NC,Rutherford,County,,Not Applicable,Very Low,Relatively Low,No Rating,Relatively Low,Very High,Relatively Low,Relatively Low,Not Applicable,Relatively Low
North Carolina,NC,Granville,County,,Not Applicable,No Rating,Very Low,Relatively Low,Relatively Low,Relatively Low,Very Low,Relatively Moderate,Not Applicable,Very Low
North Carolina,NC,Robeson,County,,Not Applicable,No Rating,Relatively Low,Relatively Moderate,Relatively High,Relatively High,Relatively Moderate,Relatively High,Not Applicable,Relatively Low
North Carolina,NC,Carteret,County,,Relatively Low,No Rating,Very Low,Relatively Moderate,Relatively High,Relatively Moderate,Relatively Moderate,Relatively Low,Insufficient Data,Relatively Moderate
North Carolina,NC,Hoke,County,,Not Applicable,No Rating,Very Low,Relatively Moderate,Relatively Low,Relatively Low,Relatively Low,Relatively Moderate,Not Applicable,Relatively Low
North Carolina,NC,Surry,County,,Not Applicable,Very Low,Very Low,No Rating,Relatively Low,Relatively Moderate,Relatively Low,Relatively Low,Not Applicable,Very Low
North Carolina,NC,Lenoir,County,,Very Low,No Rating,Very Low,Relatively Moderate,Relatively Moderate,Relatively Moderate,Relatively Moderate,Relatively Moderate,Insufficient Data,Very Low
North Carolina,NC,Franklin,County,,Not Applicable,No Rating,Very Low,Relatively Moderate,Relatively Low,Relatively Moderate,Relatively Low,Relatively Moderate,Not Applicable,Very Low
North Carolina,NC,Alexander,County,,Not Applicable,No Rating,Very Low,No Rating,Very Low,Relatively High,Very Low,Relatively Low,Not Applicable,Very Low
North Carolina,NC,Craven,County,,Very Low,No Rating,Very Low,Relatively Moderate,Relatively High,Relatively Moderate,Relatively Low,Relatively Moderate,Insufficient Data,Relatively Moderate
North Carolina,NC,Moore,County,,Not Applicable,No Rating,Relatively Low,Relatively Moderate,Relatively Moderate,Relatively Moderate,Relatively Low,Relatively Moderate,Not Applicable,Relatively Low
North Carolina,NC,Stanly,County,,Not Applicable,No Rating,Very Low,Relatively Low,Relatively Low,Relatively Moderate,Relatively Low,Relatively Low,Not Applicable,Very Low
North Carolina,NC,Brunswick,County,,Relatively Low,No Rating,Relatively Low,Relatively Moderate,Relatively High,Relatively High,Relatively Moderate,Relatively Moderate,Insufficient Data,Relatively Moderate
North Carolina,NC,Rockingham,County,,Not Applicable,No Rating,Very Low,Relatively Low,Relatively Low,Relatively Low,Relatively Low,Relatively Low,Not Applicable,Very Low
North Carolina,NC,Davie,County,,Not Applicable,No Rating,Very Low,Relatively Low,Relatively Low,Relatively High,Very Low,Relatively Low,Not Applicable,Very Low
North Carolina,NC,Vance,County,,Not Applicable,No Rating,Very Low,Relatively Low,Relatively Low,Relatively Low,Very Low,Relatively Low,Not Applicable,Very Low
North Carolina,NC,Caldwell,County,,Not Applicable,Relatively Low,Relatively Low,No Rating,Relatively Low,Very High,Relatively Low,Relatively Low,Not Applicable,Very Low
North Carolina,NC,Watauga,County,,Not Applicable,Relatively Moderate,Very Low,No Rating,Very Low,Relatively Low,Relatively Moderate,Relatively Low,Not Applicable,Very Low
North Carolina,NC,Burke,County,,Not Applicable,Relatively Low,Relatively Low,No Rating,Relatively Low,Very High,Relatively Low,Relatively Moderate,Not Applicable,Very Low
North Carolina,NC,Nash,County,,Not Applicable,No Rating,Very Low,Relatively Moderate,Relatively Moderate,Relatively Moderate,Relatively High,Relatively Moderate,Not Applicable,Very Low
North Carolina,NC,Pasquotank,County,,Relatively Low,No Rating,Very Low,Relatively Moderate,Relatively Moderate,Relatively Low,Relatively Low,Relatively Low,Insufficient Data,Very Low
North Carolina,NC,Randolph,County,,Not Applicable,No Rating,Relatively Low,Relatively Low,Relatively Low,Relatively Moderate,Relatively Moderate,Relatively Moderate,Not Applicable,Very Low
North Carolina,NC,Wayne,County,,Not Applicable,No Rating,Relatively Low,Relatively Moderate,Relatively High,Relatively Moderate,Relatively High,Relatively Moderate,Not Applicable,Very Low
North Carolina,NC,Wilson,County,,Not Applicable,No Rating,Very Low,Relatively Moderate,Relatively Moderate,Relatively Moderate,Relatively Moderate,Relatively Moderate,Not Applicable,Very Low
North Carolina,NC,Cleveland,County,,Not Applicable,No Rating,Relatively Low,Relatively Low,Relatively Low,Very High,Very Low,Relatively Moderate,Not Applicable,Very Low
North Carolina,NC,Harnett,County,,Not Applicable,No Rating,Relatively Low,Relatively Moderate,Relatively Moderate,Relatively Moderate,Relatively Moderate,Relatively Moderate,Not Applicable,Relatively Low
North Carolina,NC,Lee,County,,Not Applicable,No Rating,Very Low,Relatively Moderate,Relatively Low,Relatively Moderate,Relatively Low,Relatively Moderate,Not Applicable,Very Low
North Carolina,NC,Pitt,County,,Relatively Low,No Rating,Relatively Low,Relatively Moderate,Relatively High,Relatively High,Relatively Low,Relatively High,Insufficient Data,Very Low
North Carolina,NC,Onslow,County,,Very Low,No Rating,Relatively Low,Relatively Moderate,Relatively High,Relatively Moderate,Relatively Moderate,Relatively Moderate,Insufficient Data,Relatively Moderate
North Carolina,NC,Johnston,County,,Not Applicable,No Rating,Relatively Low,Relatively Moderate,Relatively Moderate,Relatively Moderate,Relatively Moderate,Relatively High,Not Applicable,Very Low
North Carolina,NC,Rowan,County,,Not Applicable,No Rating,Relatively Low,Relatively Low,Relatively Low,Relatively High,Relatively Low,Relatively Moderate,Not Applicable,Very Low
North Carolina,NC,Lincoln,County,,Not Applicable,No Rating,Relatively Low,Relatively Low,Relatively Low,Very High,Relatively Low,Relatively Moderate,Not Applicable,Very Low
North Carolina,NC,Davidson,County,,Not Applicable,No Rating,Relatively Low,Relatively Low,Relatively Low,Relatively High,Relatively Low,Relatively Moderate,Not Applicable,Very Low
North Carolina,NC,Henderson,County,,Not Applicable,Relatively High,Relatively Low,No Rating,Relatively Low,Relatively Low,Relatively Moderate,Relatively Moderate,Not Applicable,Very Low
North Carolina,NC,Iredell,County,,Not Applicable,No Rating,Relatively Low,Relatively Low,Relatively Low,Very High,Relatively Low,Relatively Moderate,Not Applicable,Very Low
North Carolina,NC,Orange,County,,Not Applicable,No Rating,Very Low,Relatively Moderate,Relatively Low,Relatively Moderate,Relatively Moderate,Relatively Moderate,Not Applicable,Very Low
North Carolina,NC,Union,County,,Not Applicable,No Rating,Relatively Low,Relatively Low,Relatively Low,Very High,Relatively Low,Relatively High,Not Applicable,Very Low
North Carolina,NC,Catawba,County,,Not Applicable,No Rating,Relatively Low,No Rating,Relatively Low,Very High,Relatively Low,Relatively Moderate,Not Applicable,Very Low
North Carolina,NC,Alamance,County,,Not Applicable,No Rating,Relatively Low,Relatively Low,Relatively Low,Relatively High,Relatively Low,Relatively Moderate,Not Applicable,Very Low
North Carolina,NC,Buncombe,County,,Not Applicable,Relatively High,Relatively Low,No Rating,Relatively Low,Relatively High,Relatively High,Relatively Moderate,Not Applicable,Relatively Low
North Carolina,NC,Cumberland,County,,No Rating,No Rating,Relatively Low,Relatively Moderate,Relatively Moderate,Relatively High,Relatively High,Relatively High,Insufficient Data,Relatively Low
North Carolina,NC,Cabarrus,County,,Not Applicable,No Rating,Relatively Low,Relatively Moderate,Relatively Low,Very High,Relatively Low,Relatively Moderate,Not Applicable,Very Low
North Carolina,NC,Gaston,County,,Not Applicable,No Rating,Relatively Low,Relatively Moderate,Relatively Low,Very High,Relatively Low,Relatively Moderate,Not Applicable,Very Low
North Carolina,NC,Guilford,County,,Not Applicable,No Rating,Relatively Low,Relatively Moderate,Relatively Moderate,Relatively High,Relatively Low,Relatively Moderate,Not Applicable,Very Low
North Carolina,NC,Forsyth,County,,Not Applicable,No Rating,Relatively Low,Relatively Moderate,Relatively Low,Relatively Moderate,Relatively Low,Relatively Moderate,Not Applicable,Very Low
North Carolina,NC,Durham,County,,Not Applicable,No Rating,Relatively Low,Relatively Moderate,Relatively Moderate,Relatively Moderate,Relatively Moderate,Relatively High,Not Applicable,Very Low
North Carolina,NC,New Hanover,County,,Relatively Low,No Rating,Relatively Low,Relatively Moderate,Very High,Very High,Relatively Low,Relatively Moderate,Insufficient Data,Relatively Moderate
North Carolina,NC,Wake,County,,Not Applicable,No Rating,Relatively Low,Relatively Low,Relatively Moderate,Very High,Relatively High,Relatively High,Not Applicable,Relatively Low
North Carolina,NC,Mecklenburg,County,,Not Applicable,No Rating,Relatively Moderate,Relatively Moderate,Relatively Moderate,Very High,Relatively Moderate,Relatively High,Not Applicable,Relatively Low
North Dakota,ND,Slope,County,,Not Applicable,Relatively Moderate,Very Low,No Rating,Not Applicable,Very Low,Very Low,Very Low,Not Applicable,Very Low
North Dakota,ND,Billings,County,,Not Applicable,Relatively Moderate,Very Low,No Rating,Not Applicable,Relatively Low,Very Low,Very Low,Not Applicable,Very Low
North Dakota,ND,Sheridan,County,,Not Applicable,Relatively Low,Very Low,Very Low,Not Applicable,Relatively High,No Rating,Very Low,Not Applicable,Relatively Low
North Dakota,ND,Grant,County,,Not Applicable,Relatively High,Very Low,Relatively Low,Not Applicable,Relatively Low,Very Low,Very Low,Not Applicable,Very Low
North Dakota,ND,Golden Valley,County,,Not Applicable,Relatively Moderate,Very Low,No Rating,Not Applicable,Relatively Low,Very Low,Very Low,Not Applicable,Very Low
North Dakota,ND,Divide,County,,Not Applicable,Relatively High,Very Low,Very Low,Not Applicable,Relatively Moderate,No Rating,Very Low,Not Applicable,Very Low
North Dakota,ND,Kidder,County,,Not Applicable,Relatively High,Very Low,Very Low,Not Applicable,Relatively Moderate,No Rating,Very Low,Not Applicable,Very Low
North Dakota,ND,Logan,County,,Not Applicable,Relatively High,Very Low,Very Low,Not Applicable,Relatively Moderate,Very Low,Very Low,Not Applicable,Very Low
North Dakota,ND,Burke,County,,Not Applicable,Relatively Moderate,Very Low,Very Low,Not Applicable,Relatively Moderate,Very Low,Very Low,Not Applicable,Very Low
North Dakota,ND,Dunn,County,,Not Applicable,Relatively High,Very Low,Relatively Low,Not Applicable,Relatively Moderate,Very Low,Very Low,Not Applicable,Relatively Low
North Dakota,ND,Towner,County,,Not Applicable,Relatively Low,Very Low,No Rating,Not Applicable,Relatively Moderate,Very Low,Very Low,Not Applicable,Very Low
North Dakota,ND,Emmons,County,,Not Applicable,Relatively High,Very Low,Relatively Low,Not Applicable,Relatively Moderate,Very Low,Relatively Low,Not Applicable,Relatively Moderate
North Dakota,ND,Hettinger,County,,Not Applicable,Relatively Moderate,Very Low,Very Low,Not Applicable,Relatively High,Very Low,Very Low,Not Applicable,Very Low
North Dakota,ND,Adams,County,,Not Applicable,Relatively Moderate,Very Low,Very Low,Not Applicable,Very Low,Very Low,Very Low,Not Applicable,Very Low
North Dakota,ND,Cavalier,County,,Not Applicable,Relatively High,Very Low,No Rating,Not Applicable,Relatively Moderate,Very Low,Very Low,Not Applicable,Very Low
North Dakota,ND,Steele,County,,Not Applicable,Relatively High,Very Low,Very Low,Not Applicable,Relatively Moderate,Very Low,Very Low,Not Applicable,Very Low
North Dakota,ND,Bowman,County,,Not Applicable,Relatively Moderate,Very Low,No Rating,Not Applicable,Relatively Low,Very Low,Very Low,Not Applicable,Very Low
North Dakota,ND,Oliver,County,,Not Applicable,Relatively Moderate,Very Low,Very Low,Not Applicable,Relatively Moderate,Very Low,Very Low,Not Applicable,Very Low
North Dakota,ND,McIntosh,County,,Not Applicable,Relatively High,Very Low,Relatively Low,Not Applicable,Relatively Low,Very Low,Very Low,Not Applicable,Relatively Low
North Dakota,ND,Renville,County,,Not Applicable,Relatively Moderate,Very Low,Very Low,Not Applicable,Relatively Moderate,Very Low,Very Low,Not Applicable,Very Low
North Dakota,ND,McHenry,County,,Not Applicable,Relatively Moderate,Very Low,Relatively Low,Not Applicable,Relatively High,Relatively Low,Relatively Low,Not Applicable,Relatively Moderate
North Dakota,ND,Nelson,County,,Not Applicable,Relatively High,Very Low,Relatively Low,Not Applicable,Relatively Moderate,Very Low,Very Low,Not Applicable,Relatively Low
North Dakota,ND,Wells,County,,Not Applicable,Relatively Moderate,Very Low,Relatively Low,Not Applicable,Relatively Moderate,Very Low,Very Low,Not Applicable,Very Low
North Dakota,ND,Griggs,County,,Not Applicable,Relatively High,Very Low,Very Low,Not Applicable,Relatively Moderate,Very Low,Very Low,Not Applicable,Very Low
North Dakota,ND,Sioux,County,,Not Applicable,Relatively High,Very Low,Relatively Low,Not Applicable,Relatively Low,Very Low,Very Low,Not Applicable,Relatively Low
North Dakota,ND,LaMoure,County,,Not Applicable,Relatively High,Very Low,Relatively Low,Not Applicable,Relatively Low,Very Low,Very Low,Not Applicable,Very Low
North Dakota,ND,Eddy,County,,Not Applicable,Relatively Low,Very Low,Very Low,Not Applicable,Relatively Moderate,Very Low,Very Low,Not Applicable,Relatively Low
North Dakota,ND,Bottineau,County,,Not Applicable,Relatively Moderate,Very Low,Very Low,Not Applicable,Relatively High,Very Low,Very Low,Not Applicable,Relatively Low
North Dakota,ND,Pierce,County,,Not Applicable,Relatively Moderate,Very Low,Relatively Low,Not Applicable,Relatively Moderate,Very Low,Very Low,Not Applicable,Very Low
North Dakota,ND,Benson,County,,Not Applicable,Relatively Moderate,Very Low,No Rating,Not Applicable,Relatively High,Relatively Low,Very Low,Not Applicable,Relatively Low
North Dakota,ND,Dickey,County,,Not Applicable,Relatively High,Very Low,Relatively Low,Not Applicable,Relatively Low,Very Low,Very Low,Not Applicable,Very Low
North Dakota,ND,Sargent,County,,Not Applicable,Relatively High,Very Low,Relatively Low,Not Applicable,Relatively Moderate,Very Low,Very Low,Not Applicable,Very Low
North Dakota,ND,McLean,County,,Not Applicable,Relatively High,Very Low,Relatively Low,Not Applicable,Relatively High,Very Low,Relatively Low,Not Applicable,Relatively Low
North Dakota,ND,McKenzie,County,,Not Applicable,Relatively High,Very Low,Relatively Low,Not Applicable,Relatively High,Relatively Low,Relatively Low,Not Applicable,Relatively Low
North Dakota,ND,Foster,County,,Not Applicable,Relatively High,Very Low,Relatively Low,Not Applicable,Relatively Moderate,Very Low,Very Low,Not Applicable,Very Low
North Dakota,ND,Mountrail,County,,Not Applicable,Relatively High,Very Low,Relatively Low,Not Applicable,Relatively High,Very Low,Relatively Low,Not Applicable,Relatively Low
North Dakota,ND,Pembina,County,,Not Applicable,Very High,Very Low,Very Low,Not Applicable,Relatively High,Relatively Moderate,Very Low,Not Applicable,Very Low
North Dakota,ND,Ransom,County,,Not Applicable,Relatively High,Very Low,Relatively Low,Not Applicable,Relatively Moderate,Very Low,Very Low,Not Applicable,Very Low
North Dakota,ND,Barnes,County,,Not Applicable,Relatively High,Very Low,Relatively Low,Not Applicable,Relatively High,Very Low,Relatively Low,Not Applicable,Very Low
North Dakota,ND,Mercer,County,,Not Applicable,Relatively High,Very Low,Relatively Low,Not Applicable,Relatively High,Very Low,Relatively Low,Not Applicable,Very Low
North Dakota,ND,Walsh,County,,Not Applicable,Very High,Very Low,Very Low,Not Applicable,Relatively High,Relatively Low,Relatively Low,Not Applicable,Relatively Low
North Dakota,ND,Traill,County,,Not Applicable,Relatively High,Very Low,Relatively Low,Not Applicable,Relatively High,Relatively Low,Relatively Low,Not Applicable,Very Low
North Dakota,ND,Stutsman,County,,Not Applicable,Very High,Very Low,Relatively Low,Not Applicable,Very High,Very Low,Relatively Low,Not Applicable,Relatively Low
North Dakota,ND,Ramsey,County,,Not Applicable,Relatively Moderate,Very Low,No Rating,Not Applicable,Relatively High,Relatively Moderate,Relatively Low,Not Applicable,Relatively Low
North Dakota,ND,Richland,County,,Not Applicable,Very High,Very Low,Relatively Low,Not Applicable,Relatively Moderate,Relatively High,Relatively Low,Not Applicable,Very Low
North Dakota,ND,Rolette,County,,Not Applicable,Relatively High,Very Low,Relatively Low,Not Applicable,Relatively Moderate,Very Low,Relatively Low,Not Applicable,Relatively Moderate
North Dakota,ND,Morton,County,,Not Applicable,Relatively High,Very Low,Relatively Moderate,Not Applicable,Very High,Relatively Low,Relatively Low,Not Applicable,Relatively Low
North Dakota,ND,Williams,County,,Not Applicable,Very High,Very Low,Relatively Low,Not Applicable,Very High,Very Low,Relatively Low,Not Applicable,Relatively Low
North Dakota,ND,Stark,County,,Not Applicable,Very High,Very Low,Relatively Low,Not Applicable,Relatively High,Very Low,Relatively Low,Not Applicable,Very Low
North Dakota,ND,Ward,County,,Not Applicable,Very High,Very Low,Relatively Moderate,Not Applicable,Very High,Relatively Moderate,Relatively Moderate,Not Applicable,Relatively Low
North Dakota,ND,Grand Forks,County,,Not Applicable,Very High,Very Low,Relatively Moderate,Not Applicable,Relatively High,Relatively High,Relatively Low,Not Applicable,Very Low
North Dakota,ND,Burleigh,County,,Not Applicable,Relatively High,Very Low,Relatively Moderate,Not Applicable,Relatively High,Relatively Moderate,Relatively Moderate,Not Applicable,Relatively Low
North Dakota,ND,Cass,County,,Not Applicable,Very High,Very Low,Relatively Moderate,Not Applicable,Relatively High,Relatively High,Relatively High,Not Applicable,Very Low
Nebraska,NE,McPherson,County,,Not Applicable,Very Low,Very Low,Very Low,Not Applicable,Very Low,No Rating,Very Low,Not Applicable,Very Low
Nebraska,NE,Sioux,County,,Not Applicable,Relatively High,Very Low,No Rating,Not Applicable,Very Low,No Rating,Very Low,Not Applicable,Relatively Low
Nebraska,NE,Blaine,County,,Not Applicable,Very Low,Very Low,Very Low,Not Applicable,Very Low,No Rating,Very Low,Not Applicable,Very Low
Nebraska,NE,Arthur,County,,Not Applicable,Relatively Low,Very Low,No Rating,Not Applicable,Very Low,No Rating,Very Low,Not Applicable,Very Low
Nebraska,NE,Grant,County,,Not Applicable,Relatively Low,Very Low,Very Low,Not Applicable,Very Low,No Rating,Very Low,Not Applicable,Relatively Low
Nebraska,NE,Banner,County,,Not Applicable,Relatively Moderate,Very Low,No Rating,Not Applicable,Very Low,No Rating,Very Low,Not Applicable,Very Low
Nebraska,NE,Cherry,County,,Not Applicable,Relatively Moderate,Very Low,Relatively Low,Not Applicable,Relatively Low,Very Low,Very Low,Not Applicable,Relatively Low
Nebraska,NE,Thomas,County,,Not Applicable,Very Low,Very Low,Very Low,Not Applicable,Very Low,Very Low,Very Low,Not Applicable,Very Low
Nebraska,NE,Keya Paha,County,,Not Applicable,Relatively Low,Very Low,Very Low,Not Applicable,Very Low,Very Low,Very Low,Not Applicable,Very Low
Nebraska,NE,Hooker,County,,Not Applicable,Relatively Low,Very Low,Very Low,Not Applicable,Very Low,No Rating,Very Low,Not Applicable,Very Low
Nebraska,NE,Loup,County,,Not Applicable,Very Low,Very Low,Very Low,Not Applicable,Very Low,Very Low,Very Low,Not Applicable,Very Low
Nebraska,NE,Garden,County,,Not Applicable,Relatively Moderate,Very Low,No Rating,Not Applicable,Very Low,Very Low,Very Low,Not Applicable,Relatively Low
Nebraska,NE,Hayes,County,,Not Applicable,Relatively Low,Very Low,Very Low,Not Applicable,Very Low,Very Low,Very Low,Not Applicable,Very Low
Nebraska,NE,Rock,County,,Not Applicable,Relatively Low,Very Low,Very Low,Not Applicable,Very Low,No Rating,Very Low,Not Applicable,Relatively Low
Nebraska,NE,Logan,County,,Not Applicable,Relatively Low,Very Low,Very Low,Not Applicable,Very Low,No Rating,Very Low,Not Applicable,Very Low
Nebraska,NE,Wheeler,County,,Not Applicable,Relatively Low,Very Low,Very Low,Not Applicable,Very Low,Very Low,Very Low,Not Applicable,Very Low
Nebraska,NE,Dundy,County,,Not Applicable,Relatively High,Very Low,No Rating,Not Applicable,Very Low,Very Low,Very Low,Not Applicable,Very Low
Nebraska,NE,Sheridan,County,,Not Applicable,Relatively High,Very Low,Very Low,Not Applicable,Very Low,Very Low,Very Low,Not Applicable,Relatively Low
Nebraska,NE,Brown,County,,Not Applicable,Relatively Low,Very Low,Relatively Low,Not Applicable,Very Low,No Rating,Very Low,Not Applicable,Very Low
Nebraska,NE,Frontier,County,,Not Applicable,Relatively Low,Very Low,Relatively Low,Not Applicable,Relatively Low,Very Low,Very Low,Not Applicable,Very Low
Nebraska,NE,Garfield,County,,Not Applicable,Relatively Low,Very Low,Very Low,Not Applicable,Very Low,Very Low,Very Low,Not Applicable,Very Low
Nebraska,NE,Morrill,County,,Not Applicable,Very High,Very Low,No Rating,Not Applicable,Very Low,Very Low,Very Low,Not Applicable,Very Low
Nebraska,NE,Perkins,County,,Not Applicable,Relatively Low,Very Low,No Rating,Not Applicable,Very Low,Very Low,Very Low,Not Applicable,Very Low
Nebraska,NE,Boyd,County,,Not Applicable,Relatively Low,Very Low,Very Low,Not Applicable,Relatively Low,Relatively Low,Very Low,Not Applicable,Very Low
Nebraska,NE,Kimball,County,,Not Applicable,Relatively Moderate,Very Low,No Rating,Not Applicable,Relatively Low,Very Low,Very Low,Not Applicable,Very Low
Nebraska,NE,Hitchcock,County,,Not Applicable,Relatively Low,Very Low,Very Low,Not Applicable,Very Low,Very Low,Very Low,Not Applicable,Very Low
Nebraska,NE,Greeley,County,,Not Applicable,Relatively Low,Very Low,Very Low,Not Applicable,Relatively Low,Very Low,Relatively Low,Not Applicable,Very Low
Nebraska,NE,Custer,County,,Not Applicable,Relatively Low,Very Low,Relatively Low,Not Applicable,Very Low,Relatively Low,Relatively Low,Not Applicable,Relatively Low
Nebraska,NE,Gosper,County,,Not Applicable,Relatively Low,Very Low,Very Low,Not Applicable,Relatively Low,Very Low,Very Low,Not Applicable,Very Low
Nebraska,NE,Deuel,County,,Not Applicable,Relatively Moderate,Very Low,No Rating,Not Applicable,Very Low,Very Low,Very Low,Not Applicable,Very Low
Nebraska,NE,Holt,County,,Not Applicable,Relatively Low,Very Low,Very Low,Not Applicable,Relatively Moderate,Very Low,Relatively Low,Not Applicable,Relatively Low
Nebraska,NE,Chase,County,,Not Applicable,Relatively High,Very Low,Very Low,Not Applicable,Very Low,Very Low,Relatively Low,Not Applicable,Very Low
Nebraska,NE,Franklin,County,,Not Applicable,Relatively Low,Very Low,Very Low,Not Applicable,Relatively Low,Relatively Low,Relatively Low,Not Applicable,Very Low
Nebraska,NE,Sherman,County,,Not Applicable,Very Low,Very Low,Very Low,Not Applicable,Relatively Low,Relatively Low,Very Low,Not Applicable,Very Low
Nebraska,NE,Harlan,County,,Not Applicable,Relatively Low,Very Low,Relatively Low,Not Applicable,Relatively Moderate,Very Low,Relatively Low,Not Applicable,Very Low
Nebraska,NE,Dawes,County,,Not Applicable,Relatively High,Very Low,No Rating,Not Applicable,Very Low,Very Low,Very Low,Not Applicable,Relatively Low
Nebraska,NE,Pawnee,County,,Not Applicable,Very Low,Very Low,Relatively Low,Not Applicable,Relatively Low,Very Low,Relatively Low,Not Applicable,Very Low
Nebraska,NE,Webster,County,,Not Applicable,Relatively Low,Very Low,Very Low,Not Applicable,Relatively Moderate,Relatively Low,Relatively Low,Not Applicable,Very Low
Nebraska,NE,Furnas,County,,Not Applicable,Relatively Low,Very Low,Relatively Low,Not Applicable,Relatively Low,Very Low,Relatively Low,Not Applicable,Very Low
Nebraska,NE,Nuckolls,County,,Not Applicable,Very Low,Very Low,Very Low,Not Applicable,Relatively Moderate,Very Low,Relatively Low,Not Applicable,Very Low
Nebraska,NE,Valley,County,,Not Applicable,Relatively Low,Very Low,Relatively Low,Not Applicable,Relatively Low,Very Low,Relatively Low,Not Applicable,Very Low
Nebraska,NE,Antelope,County,,Not Applicable,Relatively Low,Very Low,Relatively Low,Not Applicable,Relatively Moderate,Relatively Low,Relatively Low,Not Applicable,Very Low
Nebraska,NE,Knox,County,,Not Applicable,Relatively Low,Very Low,Relatively Low,Not Applicable,Relatively Moderate,Very Low,Relatively Low,Not Applicable,Relatively Low
Nebraska,NE,Nance,County,,Not Applicable,Relatively Low,Very Low,Relatively Low,Not Applicable,Relatively Low,Relatively Low,Relatively Low,Not Applicable,Very Low
Nebraska,NE,Boone,County,,Not Applicable,Relatively Low,Very Low,Relatively Low,Not Applicable,Relatively Moderate,Relatively Low,Relatively Low,Not Applicable,Very Low
Nebraska,NE,Keith,County,,Not Applicable,Relatively Low,Very Low,No Rating,Not Applicable,Very Low,Relatively Low,Relatively Low,Not Applicable,Very Low
Nebraska,NE,Cheyenne,County,,Not Applicable,Relatively High,Very Low,No Rating,Not Applicable,Relatively Low,Relatively Low,Relatively Low,Not Applicable,Very Low
Nebraska,NE,Thayer,County,,Not Applicable,Relatively Low,Very Low,Very Low,Not Applicable,Relatively Low,Relatively Low,Relatively Low,Not Applicable,Very Low
Nebraska,NE,Fillmore,County,,Not Applicable,Very Low,Very Low,Very Low,Not Applicable,Relatively Moderate,Relatively Low,Relatively Low,Not Applicable,Very Low
Nebraska,NE,Box Butte,County,,Not Applicable,Relatively High,Very Low,No Rating,Not Applicable,Relatively Low,Very Low,Relatively Low,Not Applicable,Very Low
Nebraska,NE,Clay,County,,Not Applicable,Very Low,Very Low,Very Low,Not Applicable,Relatively Moderate,Relatively Low,Relatively Low,Not Applicable,Very Low
Nebraska,NE,Cedar,County,,Not Applicable,Relatively Low,Very Low,Relatively Low,Not Applicable,Relatively Moderate,Very Low,Relatively Low,Not Applicable,Very Low
Nebraska,NE,Howard,County,,Not Applicable,Very Low,Very Low,Very Low,Not Applicable,Relatively Moderate,Relatively Low,Relatively Low,Not Applicable,Very Low
Nebraska,NE,Dixon,County,,Not Applicable,Relatively Low,Very Low,Relatively Low,Not Applicable,Relatively Low,Very Low,Relatively Low,Not Applicable,Very Low
Nebraska,NE,Polk,County,,Not Applicable,Very Low,Very Low,Very Low,Not Applicable,Relatively Low,Relatively Low,Relatively Low,Not Applicable,Very Low
Nebraska,NE,Jefferson,County,,Not Applicable,Relatively Low,Very Low,Relatively Low,Not Applicable,Relatively High,Relatively Low,Relatively Low,Not Applicable,Very Low
Nebraska,NE,Pierce,County,,Not Applicable,Relatively Low,Very Low,Relatively Low,Not Applicable,Relatively Moderate,Very Low,Relatively Low,Not Applicable,Very Low
Nebraska,NE,Kearney,County,,Not Applicable,Very Low,Very Low,Very Low,Not Applicable,Relatively Low,Relatively Low,Relatively Low,Not Applicable,Very Low
Nebraska,NE,Lincoln,County,,Not Applicable,Relatively Moderate,Very Low,Relatively Low,Not Applicable,Very Low,Relatively Low,Relatively Low,Not Applicable,Relatively Low
Nebraska,NE,Stanton,County,,Not Applicable,Relatively Low,Very Low,Relatively Low,Not Applicable,Relatively Moderate,Relatively Low,Relatively Low,Not Applicable,Very Low
Nebraska,NE,Burt,County,,Not Applicable,Relatively Low,Very Low,Relatively Low,Not Applicable,Relatively Low,Very Low,Relatively Low,Not Applicable,Very Low
Nebraska,NE,Johnson,County,,Not Applicable,Very Low,Very Low,Relatively Low,Not Applicable,Relatively Low,Relatively Low,Relatively Low,Not Applicable,Very Low
Nebraska,NE,Richardson,County,,Not Applicable,Relatively Moderate,Very Low,Relatively Low,Not Applicable,Relatively Low,Very Low,Relatively Low,Not Applicable,Very Low
Nebraska,NE,Butler,County,,Not Applicable,Very Low,Very Low,Relatively Low,Not Applicable,Relatively Moderate,Very Low,Relatively Low,Not Applicable,Very Low
Nebraska,NE,Red Willow,County,,Not Applicable,Relatively Moderate,Very Low,Relatively Low,Not Applicable,Relatively Moderate,Very Low,Relatively Low,Not Applicable,Very Low
Nebraska,NE,Merrick,County,,Not Applicable,Very Low,Very Low,Very Low,Not Applicable,Relatively Moderate,Relatively Low,Relatively Low,Not Applicable,Very Low
Nebraska,NE,Cuming,County,,Not Applicable,Relatively Low,Very Low,Relatively Low,Not Applicable,Relatively Moderate,Relatively Low,Relatively Low,Not Applicable,Very Low
Nebraska,NE,Phelps,County,,Not Applicable,Relatively Low,Very Low,Relatively Low,Not Applicable,Relatively Moderate,Relatively Low,Relatively Low,Not Applicable,Very Low
Nebraska,NE,Thurston,County,,Not Applicable,Relatively Low,Very Low,Relatively Low,Not Applicable,Relatively Moderate,Relatively Low,Relatively Low,Not Applicable,Very Low
Nebraska,NE,Nemaha,County,,Not Applicable,Relatively Moderate,Very Low,Relatively Low,Not Applicable,Relatively Low,Very Low,Relatively Low,Not Applicable,Very Low
Nebraska,NE,Hamilton,County,,Not Applicable,Very Low,Very Low,Very Low,Not Applicable,Relatively Moderate,Relatively Low,Relatively Low,Not Applicable,Very Low
Nebraska,NE,Wayne,County,,Not Applicable,Relatively Low,Very Low,Relatively Low,Not Applicable,Relatively Moderate,Very Low,Relatively Low,Not Applicable,Very Low
Nebraska,NE,Dawson,County,,Not Applicable,Relatively Moderate,Very Low,Relatively Low,Not Applicable,Relatively Low,Relatively Low,Relatively Moderate,Not Applicable,Very Low
Nebraska,NE,York,County,,Not Applicable,Relatively Low,Very Low,Relatively Low,Not Applicable,Relatively Moderate,Relatively Low,Relatively Moderate,Not Applicable,Very Low
Nebraska,NE,Saline,County,,Not Applicable,Relatively Low,Very Low,Relatively Low,Not Applicable,Relatively High,Relatively Moderate,Relatively Low,Not Applicable,Very Low
Nebraska,NE,Gage,County,,Not Applicable,Relatively Low,Very Low,Relatively Low,Not Applicable,Relatively High,Relatively Low,Relatively Moderate,Not Applicable,Very Low
Nebraska,NE,Colfax,County,,Not Applicable,Relatively Low,Very Low,Relatively Low,Not Applicable,Relatively Moderate,Relatively Low,Relatively Low,Not Applicable,Very Low
Nebraska,NE,Otoe,County,,Not Applicable,Relatively Low,Very Low,Relatively Low,Not Applicable,Relatively Moderate,Very Low,Relatively Low,Not Applicable,Very Low
Nebraska,NE,Saunders,County,,Not Applicable,Very Low,Very Low,Relatively Low,Not Applicable,Relatively Low,Relatively Moderate,Relatively Low,Not Applicable,Very Low
Nebraska,NE,Seward,County,,Not Applicable,Relatively Low,Very Low,Relatively Low,Not Applicable,Relatively High,Very Low,Relatively Moderate,Not Applicable,Very Low
Nebraska,NE,Cass,County,,Not Applicable,Relatively Low,Very Low,Relatively Low,Not Applicable,Relatively Moderate,Relatively Low,Relatively Moderate,Not Applicable,Very Low
Nebraska,NE,Scotts Bluff,County,,Not Applicable,Very High,Very Low,No Rating,Not Applicable,Relatively Low,Relatively Low,Relatively Low,Not Applicable,Very Low
Nebraska,NE,Platte,County,,Not Applicable,Relatively Moderate,Very Low,Relatively Low,Not Applicable,Relatively High,Relatively Low,Relatively Moderate,Not Applicable,Very Low
Nebraska,NE,Buffalo,County,,Not Applicable,Relatively Low,Very Low,Relatively Low,Not Applicable,Relatively Moderate,Relatively Moderate,Relatively Moderate,Not Applicable,Very Low
Nebraska,NE,Washington,County,,Not Applicable,Relatively Low,Very Low,Relatively Low,Not Applicable,Relatively Moderate,Relatively Low,Relatively Moderate,Not Applicable,Relatively Low
Nebraska,NE,Adams,County,,Not Applicable,Relatively Low,Very Low,Relatively Low,Not Applicable,Relatively High,Relatively Low,Relatively Moderate,Not Applicable,Very Low
Nebraska,NE,Madison,County,,Not Applicable,Relatively Moderate,Very Low,Relatively Low,Not Applicable,Relatively High,Relatively Low,Relatively Moderate,Not Applicable,Relatively Low
Nebraska,NE,Dodge,County,,Not Applicable,Relatively Moderate,Very Low,Relatively Moderate,Not Applicable,Relatively High,Relatively Moderate,Relatively Moderate,Not Applicable,Very Low
Nebraska,NE,Dakota,County,,Not Applicable,Relatively Moderate,Very Low,Relatively Low,Not Applicable,Very Low,Relatively Low,Relatively Moderate,Not Applicable,Very Low
Nebraska,NE,Hall,County,,Not Applicable,Relatively Low,Very Low,Relatively Low,Not Applicable,Very High,Relatively Low,Relatively High,Not Applicable,Very Low
Nebraska,NE,Lancaster,County,,Not Applicable,Relatively Low,Very Low,Relatively Low,Not Applicable,Very High,Relatively High,Relatively High,Not Applicable,Relatively Low
Nebraska,NE,Sarpy,County,,Not Applicable,Relatively High,Very Low,Relatively Low,Not Applicable,Relatively High,Relatively Moderate,Relatively High,Not Applicable,Very Low
Nebraska,NE,Douglas,County,,Not Applicable,Relatively Moderate,Very Low,Relatively Moderate,Not Applicable,Very High,Relatively Low,Very High,Not Applicable,Very Low
New Hampshire,NH,Coos,County,,Not Applicable,Relatively High,Very Low,No Rating,Relatively Low,Relatively Moderate,Relatively Moderate,Very Low,Not Applicable,Very Low
New Hampshire,NH,Grafton,County,,Not Applicable,Relatively Moderate,Very Low,No Rating,Relatively Low,Relatively High,Relatively Moderate,Very Low,Not Applicable,Very Low
New Hampshire,NH,Carroll,County,,Not Applicable,Relatively Moderate,Very Low,Very Low,Relatively Low,Relatively High,Relatively Low,Very Low,Not Applicable,Very Low
New Hampshire,NH,Sullivan,County,,Not Applicable,Relatively Low,Very Low,Very Low,Relatively Low,Relatively Moderate,Relatively Low,Very Low,Not Applicable,Very Low
New Hampshire,NH,Cheshire,County,,Not Applicable,Relatively Moderate,Very Low,Relatively Low,Relatively Low,Relatively High,Relatively Moderate,Relatively Low,Not Applicable,Very Low
New Hampshire,NH,Belknap,County,,Not Applicable,Relatively Low,Very Low,Very Low,Relatively Low,Relatively High,Very Low,Relatively Low,Not Applicable,Very Low
New Hampshire,NH,Merrimack,County,,Not Applicable,Relatively Moderate,Relatively Low,Relatively Low,Relatively Low,Relatively High,Relatively Moderate,Relatively Low,Not Applicable,Very Low
New Hampshire,NH,Strafford,County,,Very Low,Relatively Moderate,Relatively Low,Relatively Low,Relatively Low,Relatively High,Relatively Low,Relatively Low,Insufficient Data,Very Low
New Hampshire,NH,Rockingham,County,,Relatively Moderate,Relatively Moderate,Relatively Low,Relatively Low,Relatively Moderate,Relatively Moderate,Relatively Moderate,Relatively Moderate,Insufficient Data,Very Low
New Hampshire,NH,Hillsborough,County,,Not Applicable,Relatively Moderate,Relatively Low,Relatively Moderate,Relatively Moderate,Very High,Relatively Moderate,Relatively Moderate,Not Applicable,Relatively Low
New Jersey,NJ,Salem,County,,Relatively High,No Rating,Very Low,Relatively Low,Relatively Low,Relatively Low,Relatively Moderate,Relatively Low,Insufficient Data,Relatively Low
New Jersey,NJ,Sussex,County,,Not Applicable,Relatively Low,Very Low,Relatively Moderate,Relatively Low,Relatively Low,Relatively Moderate,Relatively Low,Not Applicable,Very Low
New Jersey,NJ,Hunterdon,County,,Not Applicable,No Rating,Very Low,Relatively Moderate,Relatively Low,Relatively Low,Relatively Moderate,Relatively Low,Not Applicable,Very Low
New Jersey,NJ,Warren,County,,Not Applicable,No Rating,Very Low,Relatively Moderate,Relatively Low,Relatively Moderate,Relatively Moderate,Relatively Low,Not Applicable,Very Low
New Jersey,NJ,Cumberland,County,,Relatively High,No Rating,Relatively Low,Relatively Moderate,Relatively Moderate,Relatively Moderate,Relatively Moderate,Relatively Low,Insufficient Data,Relatively Moderate
New Jersey,NJ,Cape May,County,,Very High,No Rating,Very Low,Relatively Moderate,Relatively Moderate,Relatively Low,Relatively Moderate,Relatively Low,Insufficient Data,Relatively Moderate
New Jersey,NJ,Atlantic,County,,Very High,No Rating,Relatively Low,Relatively High,Relatively Moderate,Relatively Low,Relatively High,Relatively Low,Insufficient Data,Relatively Moderate
New Jersey,NJ,Burlington,County,,Relatively Moderate,No Rating,Relatively Low,Relatively High,Relatively Moderate,Relatively High,Relatively High,Relatively Moderate,Insufficient Data,Relatively Moderate
New Jersey,NJ,Gloucester,County,,Relatively Moderate,No Rating,Relatively Low,Relatively Moderate,Relatively Moderate,Relatively Moderate,Relatively Moderate,Relatively Moderate,Insufficient Data,Relatively Low
New Jersey,NJ,Ocean,County,,Very High,No Rating,Relatively Low,Relatively High,Relatively Moderate,Very High,Relatively High,Relatively Low,Insufficient Data,Relatively Moderate
New Jersey,NJ,Morris,County,,Not Applicable,Very Low,Relatively Low,Relatively Moderate,Relatively Moderate,Relatively Moderate,Relatively High,Relatively Moderate,Not Applicable,Very Low
New Jersey,NJ,Somerset,County,,Very Low,No Rating,Relatively Low,Relatively Moderate,Relatively Moderate,Relatively Moderate,Relatively High,Relatively Moderate,Insufficient Data,Very Low
New Jersey,NJ,Monmouth,County,,Very High,No Rating,Relatively Low,Relatively High,Relatively High,Very High,Relatively Moderate,Relatively Low,Insufficient Data,Relatively Moderate
New Jersey,NJ,Mercer,County,,Relatively Moderate,No Rating,Relatively Low,Relatively High,Relatively Moderate,Relatively Moderate,Relatively High,Relatively Moderate,Insufficient Data,Relatively Low
New Jersey,NJ,Camden,County,,Relatively Moderate,No Rating,Relatively Low,Relatively High,Relatively Moderate,Relatively High,Relatively High,Relatively Moderate,Insufficient Data,Relatively Moderate
New Jersey,NJ,Middlesex,County,,Relatively High,No Rating,Relatively Low,Relatively High,Relatively Moderate,Relatively High,Relatively High,Relatively High,Insufficient Data,Relatively Low
New Jersey,NJ,Passaic,County,,Relatively Low,Relatively Low,Relatively Low,Relatively High,Relatively Moderate,Relatively Moderate,Relatively Moderate,Relatively Moderate,Insufficient Data,Very Low
New Jersey,NJ,Bergen,County,,Very High,Very Low,Relatively Low,Relatively High,Relatively Moderate,Relatively High,Relatively High,Relatively Moderate,Insufficient Data,Very Low
New Jersey,NJ,Union,County,,Relatively High,No Rating,Relatively Low,Relatively High,Relatively Moderate,Relatively Moderate,Relatively High,Relatively Moderate,Insufficient Data,Very Low
New Jersey,NJ,Essex,County,,Relatively Moderate,No Rating,Relatively Low,Relatively High,Relatively Moderate,Relatively Moderate,Relatively Moderate,Relatively High,Insufficient Data,Very Low
New Jersey,NJ,Hudson,County,,Very High,No Rating,Relatively Low,Relatively High,Relatively Moderate,Relatively Moderate,Relatively Low,Relatively Moderate,Insufficient Data,Very Low
New Mexico,NM,Harding,County,,Not Applicable,Relatively Low,Very Low,No Rating,Not Applicable,Very Low,Very Low,Very Low,Not Applicable,Very Low
New Mexico,NM,Catron,County,,Not Applicable,Relatively Low,Very Low,No Rating,Not Applicable,Very Low,Very Low,Very Low,Not Applicable,Relatively Moderate
New Mexico,NM,De Baca,County,,Not Applicable,Relatively Low,Very Low,No Rating,Not Applicable,Very Low,Very Low,Very Low,Not Applicable,Relatively Low
New Mexico,NM,Union,County,,Not Applicable,Relatively Low,Very Low,No Rating,Not Applicable,Very Low,Very Low,Very Low,Not Applicable,Relatively Low
New Mexico,NM,Hidalgo,County,,Not Applicable,Very Low,Very Low,Very Low,Very Low,Very Low,Very Low,Very Low,Not Applicable,Relatively Low
New Mexico,NM,Guadalupe,County,,Not Applicable,Relatively Low,Very Low,No Rating,Not Applicable,Very Low,Very Low,Very Low,Not Applicable,Relatively Low
New Mexico,NM,Mora,County,,Not Applicable,Relatively Low,Very Low,No Rating,Not Applicable,Very Low,Very Low,Very Low,Not Applicable,Relatively Moderate
New Mexico,NM,Socorro,County,,Not Applicable,Relatively Low,Relatively Low,No Rating,Not Applicable,Very Low,Relatively Moderate,Very Low,Not Applicable,Relatively Low
New Mexico,NM,Sierra,County,,Not Applicable,Very Low,Very Low,No Rating,Very Low,Very Low,Relatively Low,Very Low,Not Applicable,Relatively Low
New Mexico,NM,Quay,County,,Not Applicable,Relatively Low,Very Low,No Rating,Not Applicable,Very Low,Very Low,Very Low,Not Applicable,Relatively Low
New Mexico,NM,Colfax,County,,Not Applicable,Relatively Low,Very Low,No Rating,Not Applicable,Very Low,Relatively Low,Very Low,Not Applicable,Relatively High
New Mexico,NM,Lincoln,County,,Not Applicable,Relatively Moderate,Very Low,No Rating,Very Low,Relatively Low,Relatively Moderate,Very Low,Not Applicable,Relatively High
New Mexico,NM,Torrance,County,,Not Applicable,Relatively Low,Relatively Low,No Rating,Not Applicable,Very Low,Relatively Low,Very Low,Not Applicable,Relatively Low
New Mexico,NM,San Miguel,County,,Not Applicable,Relatively Low,Very Low,No Rating,Not Applicable,Very Low,Relatively Low,Very Low,Not Applicable,Relatively Moderate
New Mexico,NM,Cibola,County,,Not Applicable,Relatively Moderate,Relatively Low,No Rating,Not Applicable,Very Low,Relatively Moderate,Very Low,Not Applicable,Relatively Low
New Mexico,NM,Rio Arriba,County,,Not Applicable,Relatively Moderate,Relatively Low,No Rating,Not Applicable,Very Low,Relatively Low,Very Low,Not Applicable,Relatively Moderate
New Mexico,NM,Grant,County,,Not Applicable,Very Low,Relatively Low,Very Low,Very Low,Very Low,Relatively Low,Very Low,Not Applicable,Relatively Moderate
New Mexico,NM,Roosevelt,County,,Not Applicable,Relatively Moderate,Very Low,Very Low,Very Low,Relatively Low,Relatively Moderate,Relatively Low,Not Applicable,Relatively High
New Mexico,NM,Luna,County,,Not Applicable,No Rating,Relatively Low,No Rating,Very Low,Very Low,Relatively Low,Very Low,Not Applicable,Relatively Low
New Mexico,NM,Otero,County,,Not Applicable,Relatively Low,Relatively Low,Very Low,Very Low,Relatively Moderate,Relatively High,Very Low,Not Applicable,Relatively High
New Mexico,NM,Chaves,County,,Not Applicable,Relatively Low,Very Low,Very Low,Very Low,Relatively Moderate,Relatively Moderate,Very Low,Not Applicable,Relatively Moderate
New Mexico,NM,McKinley,County,,Not Applicable,Relatively High,Very Low,Very Low,Not Applicable,Very Low,Relatively Moderate,Very Low,Not Applicable,Relatively Low
New Mexico,NM,Eddy,County,,Not Applicable,Relatively Moderate,Very Low,Relatively Low,Very Low,Relatively Moderate,Relatively Low,Relatively Low,Not Applicable,Relatively Moderate
New Mexico,NM,Taos,County,,Not Applicable,Relatively Moderate,Relatively Low,No Rating,Not Applicable,Very Low,Very Low,Very Low,Not Applicable,Relatively Moderate
New Mexico,NM,Lea,County,,Not Applicable,Relatively High,Very Low,Relatively Low,Very Low,Relatively Moderate,Relatively High,Relatively Low,Not Applicable,Relatively High
New Mexico,NM,San Juan,County,,Not Applicable,Relatively Low,Very Low,Relatively Low,Not Applicable,Very Low,Relatively Low,Very Low,Not Applicable,Relatively Low
New Mexico,NM,Curry,County,,Not Applicable,Relatively Moderate,Very Low,No Rating,Not Applicable,Relatively Moderate,Relatively Moderate,Relatively Low,Not Applicable,Relatively Moderate
New Mexico,NM,Sandoval,County,,Not Applicable,Relatively Low,Relatively Low,No Rating,Not Applicable,Very Low,Relatively High,Very Low,Not Applicable,Relatively Moderate
New Mexico,NM,Doña Ana,County,,Not Applicable,No Rating,Relatively Moderate,Very Low,Very Low,Relatively Low,Relatively Moderate,Very Low,Not Applicable,Relatively Low
New Mexico,NM,Valencia,County,,Not Applicable,Very Low,Relatively Low,No Rating,Not Applicable,Very Low,Relatively High,Very Low,Not Applicable,Relatively Low
New Mexico,NM,Santa Fe,County,,Not Applicable,Relatively High,Relatively Low,No Rating,Not Applicable,Very Low,Relatively Low,Very Low,Not Applicable,Relatively High
New Mexico,NM,Los Alamos,County,,Not Applicable,Relatively Low,Relatively Low,No Rating,Not Applicable,Very Low,Very Low,Very Low,Not Applicable,Relatively Low
New Mexico,NM,Bernalillo,County,,Not Applicable,Relatively Low,Relatively Moderate,No Rating,Not Applicable,Relatively Low,Relatively Low,Relatively Low,Not Applicable,Relatively Moderate
Nevada,NV,Esmeralda,County,,Not Applicable,Relatively Low,Relatively Low,Very Low,Not Applicable,Not Applicable,No Rating,Very Low,Not Applicable,Very Low
Nevada,NV,Lincoln,County,,Not Applicable,Relatively Low,Relatively Low,Relatively Low,Not Applicable,Not Applicable,Relatively Moderate,Very Low,Not Applicable,Relatively Moderate
Nevada,NV,Eureka,County,,Not Applicable,Relatively Low,Very Low,Very Low,Not Applicable,Not Applicable,Relatively Low,Very Low,Not Applicable,Relatively Moderate
Nevada,NV,White Pine,County,,Not Applicable,Relatively Moderate,Relatively Low,Very Low,Not Applicable,Not Applicable,Very Low,Very Low,Not Applicable,Relatively Low
Nevada,NV,Lander,County,,Not Applicable,Relatively Low,Relatively Low,Very Low,Not Applicable,Not Applicable,Very Low,Very Low,Not Applicable,Relatively Moderate
Nevada,NV,Pershing,County,,Not Applicable,Very Low,Very Low,Very Low,Not Applicable,Very Low,Very Low,Very Low,Not Applicable,Relatively Low
Nevada,NV,Mineral,County,,Not Applicable,Very Low,Relatively Low,Very Low,Not Applicable,Not Applicable,Relatively Low,Very Low,Not Applicable,Very Low
Nevada,NV,Humboldt,County,,Not Applicable,Very Low,Relatively Low,Relatively Low,Not Applicable,Not Applicable,Very Low,Very Low,Not Applicable,Relatively High
Nevada,NV,Nye,County,,Not Applicable,Very Low,Relatively Low,Relatively High,Not Applicable,Not Applicable,Relatively Moderate,Very Low,Not Applicable,Relatively Low
Nevada,NV,Elko,County,,Not Applicable,Very Low,Relatively Low,Relatively Low,Not Applicable,Not Applicable,Relatively Low,Very Low,Not Applicable,Relatively High
Nevada,NV,Churchill,County,,Not Applicable,Very Low,Relatively Low,Relatively Low,Not Applicable,Very Low,Very Low,Very Low,Not Applicable,Relatively Low
Nevada,NV,Storey,County,,Not Applicable,No Rating,Relatively Low,Very Low,Not Applicable,Not Applicable,Relatively Low,Very Low,Not Applicable,Relatively Moderate
Nevada,NV,Lyon,County,,Not Applicable,No Rating,Relatively Moderate,Relatively Low,Not Applicable,Relatively Low,Relatively Moderate,Very Low,Not Applicable,Relatively Moderate
Nevada,NV,Douglas,County,,Not Applicable,No Rating,Relatively Moderate,Relatively Low,Not Applicable,Not Applicable,Relatively Low,Very Low,Not Applicable,Relatively Moderate
Nevada,NV,Washoe,County,,Not Applicable,Very Low,Relatively High,Relatively Low,Not Applicable,Relatively Moderate,Very High,Very Low,Not Applicable,Relatively High
Nevada,NV,Clark,County,,Not Applicable,Very Low,Relatively High,Very High,Not Applicable,Not Applicable,Relatively High,Very Low,Not Applicable,Relatively High
Nevada,NV,Carson City,City,,Not Applicable,No Rating,Relatively Moderate,Relatively Low,Not Applicable,Not Applicable,Relatively Low,Very Low,Not Applicable,Relatively Moderate
New York,NY,Hamilton,County,,Not Applicable,Relatively Low,Very Low,Very Low,Very Low,Very Low,Relatively Low,Very Low,Not Applicable,Very Low
New York,NY,Essex,County,,Not Applicable,Relatively Low,Relatively Low,Relatively Low,Very Low,Relatively Moderate,Relatively Moderate,Very Low,Not Applicable,Very Low
New York,NY,Lewis,County,,Not Applicable,Relatively Low,Very Low,Relatively Low,Very Low,Relatively Moderate,Relatively Low,Very Low,Not Applicable,Very Low
New York,NY,Franklin,County,,Not Applicable,Relatively Low,Relatively Low,Very Low,Very Low,Relatively High,Relatively Low,Very Low,Not Applicable,Very Low
New York,NY,Delaware,County,,Not Applicable,Relatively Moderate,Very Low,Very Low,Relatively Low,Relatively Low,Relatively High,Relatively Low,Not Applicable,Very Low
New York,NY,St. Lawrence,County,,Not Applicable,Relatively High,Relatively Low,Relatively Low,Very Low,Relatively High,Relatively Low,Very Low,Insufficient Data,Very Low
New York,NY,Herkimer,County,,Not Applicable,Relatively Low,Very Low,Relatively Low,Very Low,Relatively Moderate,Relatively Moderate,Relatively Low,Not Applicable,Very Low
New York,NY,Allegany,County,,Not Applicable,Relatively Moderate,Very Low,No Rating,Very Low,Relatively Low,Relatively Moderate,Relatively Low,Not Applicable,Very Low
New York,NY,Schoharie,County,,Not Applicable,Relatively Low,Very Low,Very Low,Very Low,Relatively Low,Relatively Moderate,Relatively Low,Not Applicable,Very Low
New York,NY,Chenango,County,,Not Applicable,Relatively Moderate,Very Low,Relatively Low,Very Low,Relatively Moderate,Relatively High,Relatively Low,Not Applicable,Very Low
New York,NY,Schuyler,County,,Not Applicable,Relatively Moderate,Very Low,Relatively Low,Very Low,Relatively Low,Relatively Low,Very Low,Not Applicable,Very Low
New York,NY,Otsego,County,,Not Applicable,Relatively Moderate,Very Low,Very Low,Very Low,Relatively Moderate,Relatively Moderate,Relatively Low,Not Applicable,Very Low
New York,NY,Cattaraugus,County,,Not Applicable,Relatively High,Very Low,No Rating,Relatively Low,Relatively Low,Relatively Moderate,Relatively Low,Not Applicable,Very Low
New York,NY,Steuben,County,,Not Applicable,Relatively High,Very Low,Relatively Low,Relatively Low,Relatively Low,Relatively Moderate,Relatively Low,Not Applicable,Very Low
New York,NY,Wyoming,County,,Not Applicable,Relatively High,Very Low,Very Low,Very Low,Relatively Low,Relatively Low,Relatively Low,Not Applicable,Very Low
New York,NY,Yates,County,,Not Applicable,Relatively Moderate,Very Low,Relatively Low,Very Low,Relatively Low,Relatively Moderate,Very Low,Not Applicable,Very Low
New York,NY,Washington,County,,Not Applicable,Relatively Low,Very Low,Relatively Low,Relatively Low,Relatively Moderate,Relatively Low,Relatively Low,Not Applicable,Very Low
New York,NY,Greene,County,,Very Low,Relatively Low,Very Low,Relatively Low,Relatively Low,Relatively Moderate,Relatively Moderate,Relatively Low,Insufficient Data,Very Low
New York,NY,Warren,County,,Not Applicable,Relatively Moderate,Very Low,Relatively Low,Relatively Low,Relatively Moderate,Relatively Moderate,Relatively Low,Not Applicable,Very Low
New York,NY,Clinton,County,,Not Applicable,Relatively Low,Relatively Low,Very Low,Very Low,Relatively High,Relatively Moderate,Very Low,Not Applicable,Very Low
New York,NY,Sullivan,County,,Not Applicable,Relatively Low,Very Low,Relatively Low,Relatively Low,Relatively Moderate,Relatively High,Relatively Moderate,Not Applicable,Very Low
New York,NY,Jefferson,County,,Very Low,Relatively High,Relatively Low,Relatively Low,Very Low,Relatively High,Relatively Low,Very Low,Insufficient Data,Very Low
New York,NY,Tioga,County,,Not Applicable,Relatively Moderate,Very Low,Relatively Low,Very Low,Relatively Moderate,Relatively High,Relatively Low,Not Applicable,Very Low
New York,NY,Cortland,County,,Not Applicable,Relatively Low,Very Low,Very Low,Very Low,Relatively Moderate,Relatively Moderate,Relatively Low,Not Applicable,Very Low
New York,NY,Columbia,County,,No Rating,Relatively Moderate,Very Low,Relatively Low,Relatively Low,Relatively High,Relatively Low,Relatively Low,Insufficient Data,Very Low
New York,NY,Livingston,County,,Not Applicable,Relatively High,Very Low,Relatively Low,Very Low,Relatively Moderate,Relatively Moderate,Relatively Low,Not Applicable,Very Low
New York,NY,Orleans,County,,No Rating,Relatively Moderate,Very Low,Relatively Low,Very Low,Relatively Moderate,Very Low,Very Low,Insufficient Data,Very Low
New York,NY,Madison,County,,Not Applicable,Relatively Low,Very Low,Relatively Low,Very Low,Relatively Moderate,Relatively Moderate,Relatively Low,Not Applicable,Very Low
New York,NY,Seneca,County,,Not Applicable,Relatively Moderate,Very Low,Relatively Low,Very Low,Relatively Moderate,Very Low,Very Low,Not Applicable,Very Low
New York,NY,Fulton,County,,Not Applicable,Relatively Low,Very Low,Relatively Low,Relatively Low,Relatively Moderate,Relatively Low,Relatively Low,Not Applicable,Very Low
New York,NY,Cayuga,County,,Very Low,Relatively Moderate,Very Low,Relatively Low,Relatively Low,Relatively High,Very Low,Relatively Low,Insufficient Data,Very Low
New York,NY,Genesee,County,,Not Applicable,Relatively High,Very Low,Relatively Low,Very Low,Relatively Moderate,Relatively Low,Very Low,Not Applicable,Very Low
New York,NY,Chautauqua,County,,Very Low,Relatively High,Very Low,Very Low,Relatively Low,Relatively Low,Relatively Moderate,Relatively Moderate,Insufficient Data,Very Low
New York,NY,Montgomery,County,,Not Applicable,Relatively Low,Very Low,Relatively Low,Relatively Low,Relatively Moderate,Relatively Low,Relatively Low,Not Applicable,Very Low
New York,NY,Oswego,County,,Very Low,Relatively Moderate,Very Low,Relatively Low,Very Low,Relatively High,Relatively Low,Relatively Low,Insufficient Data,Very Low
New York,NY,Wayne,County,,Very Low,Relatively Moderate,Very Low,Relatively Low,Very Low,Relatively High,Relatively Low,Relatively Low,Insufficient Data,Very Low
New York,NY,Ulster,County,,Relatively Moderate,Relatively Moderate,Relatively Low,Relatively Low,Relatively Low,Relatively High,Relatively Moderate,Relatively Moderate,Insufficient Data,Very Low
New York,NY,Ontario,County,,Not Applicable,Relatively High,Very Low,Relatively Low,Very Low,Relatively High,Relatively Low,Relatively Low,Not Applicable,Very Low
New York,NY,Oneida,County,,Not Applicable,Relatively Moderate,Relatively Low,Relatively Low,Relatively Low,Relatively High,Relatively Moderate,Relatively Low,Not Applicable,Very Low
New York,NY,Chemung,County,,Not Applicable,Relatively Moderate,Very Low,Relatively Low,Relatively Low,Relatively Low,Relatively Moderate,Relatively Low,Not Applicable,Very Low
New York,NY,Tompkins,County,,Not Applicable,Relatively High,Very Low,Relatively Low,Very Low,Relatively Low,Relatively Moderate,Relatively Low,Not Applicable,Very Low
New York,NY,Rensselaer,County,,No Rating,Relatively Moderate,Very Low,Relatively Low,Relatively Low,Relatively High,Relatively Moderate,Relatively Moderate,Insufficient Data,Very Low
New York,NY,Broome,County,,Not Applicable,Relatively Moderate,Very Low,Relatively Low,Relatively Low,Relatively Moderate,Relatively High,Relatively Moderate,Not Applicable,Very Low
New York,NY,Saratoga,County,,Not Applicable,Relatively Moderate,Relatively Low,Relatively Low,Relatively Low,Relatively High,Relatively Moderate,Relatively Moderate,Not Applicable,Very Low
New York,NY,Dutchess,County,,Very Low,Relatively Moderate,Relatively Low,Relatively Low,Relatively Moderate,Relatively High,Relatively Moderate,Relatively Low,Insufficient Data,Relatively Low
New York,NY,Niagara,County,,Very Low,Relatively High,Relatively Low,Relatively Low,Very Low,Relatively High,Relatively Low,Relatively Low,Insufficient Data,Very Low
New York,NY,Putnam,County,,Very Low,Relatively Low,Very Low,Relatively Low,Relatively Low,Relatively Moderate,Very Low,Relatively Low,Insufficient Data,Very Low
New York,NY,Orange,County,,Relatively Low,Relatively Low,Relatively Low,Relatively Moderate,Relatively Moderate,Relatively Moderate,Relatively Moderate,Relatively Moderate,Insufficient Data,Very Low
New York,NY,Albany,County,,Relatively Low,Relatively High,Relatively Low,Relatively Low,Relatively Low,Relatively High,Relatively Low,Relatively Moderate,Insufficient Data,Very Low
New York,NY,Onondaga,County,,Not Applicable,Relatively High,Relatively Low,Relatively Moderate,Relatively Low,Relatively High,Relatively Moderate,Relatively Moderate,Not Applicable,Very Low
New York,NY,Schenectady,County,,Not Applicable,Relatively Low,Very Low,Relatively Low,Relatively Low,Relatively High,Relatively Low,Relatively Moderate,Not Applicable,Very Low
New York,NY,Erie,County,,Relatively Low,Very High,Relatively Low,Relatively Moderate,Relatively Low,Relatively High,Relatively Moderate,Relatively High,Insufficient Data,Relatively Low
New York,NY,Monroe,County,,Very Low,Relatively High,Relatively Low,Relatively Moderate,Relatively Low,Relatively High,Relatively Moderate,Relatively Moderate,Insufficient Data,Very Low
New York,NY,Suffolk,County,,Relatively High,No Rating,Relatively Low,Relatively Moderate,Relatively High,Very High,Relatively High,Relatively Moderate,Insufficient Data,Relatively Low
New York,NY,Rockland,County,,Relatively Moderate,Relatively Low,Relatively Low,Relatively Moderate,Relatively Moderate,Relatively Moderate,Relatively Low,Relatively Moderate,Insufficient Data,Very Low
New York,NY,Westchester,County,,Relatively High,Relatively Moderate,Relatively Low,Relatively Moderate,Relatively High,Relatively Moderate,Relatively Low,Relatively Moderate,Insufficient Data,Very Low
New York,NY,Nassau,County,,Relatively Moderate,No Rating,Relatively Low,Relatively Moderate,Relatively High,Very High,Relatively High,Relatively Moderate,Insufficient Data,Very Low
New York,NY,Richmond,County,,Relatively Moderate,No Rating,Relatively Low,Relatively High,Relatively Moderate,Relatively Moderate,Relatively High,Relatively Moderate,Insufficient Data,Very Low
New York,NY,Queens,County,,Relatively High,No Rating,Relatively Moderate,Very High,Relatively High,Relatively High,Relatively Moderate,Relatively Moderate,Insufficient Data,Very Low
New York,NY,Bronx,County,,Relatively High,Very Low,Relatively Low,Relatively High,Relatively High,Relatively High,Relatively High,Relatively Moderate,Insufficient Data,Very Low
New York,NY,Kings,County,,Relatively High,No Rating,Relatively Moderate,Very High,Relatively High,Relatively High,Relatively High,Relatively Moderate,Insufficient Data,Very Low
New York,NY,New York,County,,Relatively High,No Rating,Relatively Low,Relatively High,Relatively High,Relatively High,Relatively Moderate,Relatively Moderate,Insufficient Data,Very Low
Ohio,OH,Monroe,County,,Not Applicable,Relatively Low,Very Low,Relatively Low,Very Low,Relatively Moderate,Relatively Low,Very Low,Not Applicable,Very Low
Ohio,OH,Vinton,County,,Not Applicable,Very Low,Very Low,Relatively Low,Very Low,Relatively Moderate,Relatively Low,Very Low,Not Applicable,Very Low
Ohio,OH,Morgan,County,,Not Applicable,Very Low,Very Low,Relatively Low,Very Low,Relatively Moderate,Relatively Low,Very Low,Not Applicable,Very Low
Ohio,OH,Noble,County,,Not Applicable,Relatively Low,Very Low,Relatively Low,Very Low,Relatively Moderate,Relatively Low,Very Low,Not Applicable,Very Low
Ohio,OH,Harrison,County,,Not Applicable,Relatively Low,Very Low,Relatively Low,Very Low,Very Low,Relatively Low,Very Low,Not Applicable,Very Low
Ohio,OH,Paulding,County,,Not Applicable,Relatively Moderate,Very Low,Relatively Low,Very Low,Very Low,Very Low,Relatively Low,Not Applicable,Very Low
Ohio,OH,Adams,County,,Not Applicable,Relatively Low,Very Low,Relatively Low,Very Low,Relatively Moderate,Relatively Moderate,Relatively Low,Not Applicable,Relatively Low
Ohio,OH,Meigs,County,,Not Applicable,Very Low,Very Low,Relatively Low,Very Low,Relatively Moderate,Relatively Moderate,Very Low,Not Applicable,Very Low
Ohio,OH,Wyandot,County,,Not Applicable,Relatively Low,Very Low,Relatively Low,Very Low,Relatively Moderate,Very Low,Relatively Low,Not Applicable,Very Low
Ohio,OH,Pike,County,,Not Applicable,Relatively Low,Very Low,Relatively Low,Very Low,Relatively Low,Relatively Moderate,Relatively Low,Not Applicable,Very Low
Ohio,OH,Gallia,County,,Not Applicable,Very Low,Very Low,Relatively Low,Very Low,Relatively Low,Relatively Low,Very Low,Not Applicable,Very Low
Ohio,OH,Coshocton,County,,Not Applicable,Relatively Low,Very Low,Relatively Low,Very Low,Very Low,Relatively Moderate,Relatively Low,Not Applicable,Very Low
Ohio,OH,Hardin,County,,Not Applicable,Relatively Low,Very Low,Relatively Low,Very Low,Relatively Low,Very Low,Relatively Low,Not Applicable,Very Low
Ohio,OH,Henry,County,,Not Applicable,Relatively Low,Very Low,Relatively Low,Very Low,Very Low,Very Low,Relatively Low,Not Applicable,Very Low
Ohio,OH,Hocking,County,,Not Applicable,Very Low,Very Low,Relatively Low,Very Low,Relatively Moderate,Relatively Low,Relatively Low,Not Applicable,Very Low
Ohio,OH,Carroll,County,,Not Applicable,Relatively Moderate,Very Low,Relatively Low,Very Low,Very Low,Relatively Low,Very Low,Not Applicable,Very Low
Ohio,OH,Van Wert,County,,Not Applicable,Relatively Moderate,Very Low,Relatively Low,Very Low,Very Low,Very Low,Relatively Low,Not Applicable,Very Low
Ohio,OH,Fayette,County,,Not Applicable,Relatively Low,Very Low,Relatively Low,Very Low,Relatively High,Very Low,Relatively Low,Not Applicable,Very Low
Ohio,OH,Putnam,County,,Not Applicable,Relatively Low,Very Low,Relatively Low,Very Low,Very Low,Very Low,Relatively Low,Not Applicable,Very Low
Ohio,OH,Guernsey,County,,Not Applicable,Relatively Low,Very Low,Relatively Low,Very Low,Relatively Moderate,Relatively Low,Relatively Low,Not Applicable,Very Low
Ohio,OH,Jackson,County,,Not Applicable,Very Low,Very Low,Relatively Low,Very Low,Relatively Moderate,Relatively Moderate,Relatively Low,Not Applicable,Very Low
Ohio,OH,Highland,County,,Not Applicable,Relatively Low,Relatively Low,Relatively Low,Very Low,Relatively Moderate,Very Low,Relatively Low,Not Applicable,Relatively Low
Ohio,OH,Morrow,County,,Not Applicable,Relatively Low,Very Low,Relatively Low,Very Low,Relatively Moderate,Relatively Low,Relatively Low,Not Applicable,Very Low
Ohio,OH,Perry,County,,Not Applicable,Relatively Low,Very Low,Relatively Low,Very Low,Very Low,Relatively Low,Relatively Low,Not Applicable,Very Low
Ohio,OH,Darke,County,,Not Applicable,Relatively Low,Relatively Low,Relatively Low,Very Low,Relatively Low,Relatively Low,Relatively Moderate,Not Applicable,Very Low
Ohio,OH,Williams,County,,Not Applicable,Relatively Moderate,Very Low,Relatively Low,Very Low,Relatively Low,Relatively Low,Relatively Moderate,Not Applicable,Very Low
Ohio,OH,Brown,County,,Not Applicable,Relatively Low,Relatively Low,Relatively Low,Very Low,Relatively Moderate,Relatively Moderate,Relatively Low,Not Applicable,Relatively Low
Ohio,OH,Champaign,County,,Not Applicable,Relatively Low,Very Low,Relatively Low,Very Low,Relatively Moderate,Relatively Low,Relatively Low,Not Applicable,Very Low
Ohio,OH,Mercer,County,,Not Applicable,Relatively Low,Relatively Low,Relatively Low,Very Low,Relatively Low,Relatively Moderate,Relatively Moderate,Not Applicable,Very Low
Ohio,OH,Defiance,County,,Not Applicable,Relatively Moderate,Very Low,Relatively Low,Very Low,Very Low,Very Low,Relatively Low,Not Applicable,Very Low
Ohio,OH,Madison,County,,Not Applicable,Relatively Low,Very Low,Relatively Low,Very Low,Relatively High,Very Low,Relatively Low,Not Applicable,Very Low
Ohio,OH,Washington,County,,Not Applicable,Very Low,Very Low,Relatively Low,Very Low,Relatively Moderate,Relatively Moderate,Relatively Low,Not Applicable,Very Low
Ohio,OH,Preble,County,,Not Applicable,Relatively Low,Very Low,Relatively Low,Very Low,Relatively Low,Very Low,Relatively Moderate,Not Applicable,Very Low
Ohio,OH,Seneca,County,,Not Applicable,Relatively Low,Very Low,Relatively Low,Very Low,Relatively High,Relatively Low,Relatively Low,Not Applicable,Very Low
Ohio,OH,Logan,County,,Not Applicable,Relatively Low,Very Low,Relatively Low,Very Low,Relatively High,Relatively Low,Relatively Low,Not Applicable,Very Low
Ohio,OH,Clinton,County,,Not Applicable,Relatively Low,Relatively Low,Relatively Low,Very Low,Relatively High,Relatively Low,Relatively Low,Not Applicable,Very Low
Ohio,OH,Crawford,County,,Not Applicable,Relatively Low,Very Low,Relatively Low,Very Low,Relatively Moderate,Relatively Low,Relatively Low,Not Applicable,Very Low
Ohio,OH,Holmes,County,,Not Applicable,Relatively Low,Very Low,Relatively Low,Very Low,Relatively Moderate,Relatively Moderate,Relatively Low,Not Applicable,Very Low
Ohio,OH,Fulton,County,,Not Applicable,Relatively Moderate,Very Low,Relatively Low,Very Low,Very Low,Very Low,Relatively Moderate,Not Applicable,Very Low
Ohio,OH,Ross,County,,Not Applicable,Relatively Low,Very Low,Relatively Low,Very Low,Relatively High,Relatively Low,Relatively Low,Not Applicable,Relatively Low
Ohio,OH,Auglaize,County,,Not Applicable,Relatively Low,Relatively Low,Relatively Low,Very Low,Very Low,Relatively Low,Relatively Low,Not Applicable,Very Low
Ohio,OH,Pickaway,County,,Not Applicable,Relatively Low,Very Low,Relatively Low,Very Low,Relatively High,Relatively Low,Relatively Low,Not Applicable,Very Low
Ohio,OH,Shelby,County,,Not Applicable,Relatively Low,Relatively Low,Relatively Low,Very Low,Relatively Low,Relatively Low,Relatively Low,Not Applicable,Very Low
Ohio,OH,Huron,County,,Not Applicable,Relatively Low,Very Low,Relatively Low,Very Low,Relatively Moderate,Relatively Low,Relatively Low,Not Applicable,Very Low
Ohio,OH,Knox,County,,Not Applicable,Relatively Low,Very Low,Relatively Low,Very Low,Relatively Moderate,Relatively Low,Relatively Low,Not Applicable,Very Low
Ohio,OH,Scioto,County,,Not Applicable,Relatively Low,Very Low,Relatively Moderate,Very Low,Relatively Moderate,Relatively Moderate,Relatively Low,Not Applicable,Very Low
Ohio,OH,Athens,County,,Not Applicable,Very Low,Very Low,Relatively Low,Very Low,Relatively High,Relatively Moderate,Relatively Low,Not Applicable,Very Low
Ohio,OH,Ashland,County,,Not Applicable,Relatively Low,Very Low,Relatively Low,Very Low,Relatively High,Relatively Low,Relatively Low,Not Applicable,Very Low
Ohio,OH,Belmont,County,,Not Applicable,Relatively Moderate,Very Low,Relatively Low,Very Low,Relatively High,Relatively Moderate,Relatively Low,Not Applicable,Very Low
Ohio,OH,Lawrence,County,,Not Applicable,Relatively Low,Very Low,Relatively Low,Very Low,Relatively Moderate,Relatively Moderate,Relatively Low,Not Applicable,Relatively Low
Ohio,OH,Muskingum,County,,Not Applicable,Relatively Low,Very Low,Relatively Low,Very Low,Very Low,Relatively Moderate,Relatively Low,Not Applicable,Very Low
Ohio,OH,Ashtabula,County,,Very Low,Very High,Very Low,Relatively Low,Relatively Low,Relatively Moderate,Relatively Low,Relatively Moderate,Insufficient Data,Very Low
Ohio,OH,Hancock,County,,Not Applicable,Relatively Low,Very Low,Relatively Low,Very Low,Relatively High,Relatively Moderate,Relatively Moderate,Not Applicable,Very Low
Ohio,OH,Sandusky,County,,Very Low,Relatively Low,Very Low,Relatively Low,Very Low,Relatively Moderate,Relatively Low,Relatively Moderate,Insufficient Data,Very Low
Ohio,OH,Union,County,,Not Applicable,Relatively Low,Very Low,Relatively Low,Very Low,Relatively High,Relatively Low,Relatively Low,Not Applicable,Very Low
Ohio,OH,Ottawa,County,,No Rating,Relatively Low,Very Low,Relatively Low,Very Low,Relatively Low,Relatively Low,Relatively Moderate,Insufficient Data,Very Low
Ohio,OH,Jefferson,County,,Not Applicable,Relatively Moderate,Very Low,Relatively Low,Very Low,Relatively Low,Relatively Moderate,Relatively Low,Not Applicable,Very Low
Ohio,OH,Marion,County,,Not Applicable,Relatively Low,Very Low,Relatively Low,Very Low,Relatively Moderate,Relatively Low,Relatively Low,Not Applicable,Very Low
Ohio,OH,Tuscarawas,County,,Not Applicable,Relatively Low,Very Low,Relatively Low,Very Low,Relatively Low,Relatively Moderate,Relatively Low,Not Applicable,Very Low
Ohio,OH,Columbiana,County,,Not Applicable,Relatively Moderate,Very Low,Relatively Moderate,Very Low,Relatively Low,Relatively Low,Relatively Low,Not Applicable,Very Low
Ohio,OH,Wayne,County,,Not Applicable,Relatively Low,Very Low,Relatively Low,Very Low,Relatively High,Relatively Low,Relatively Moderate,Not Applicable,Very Low
Ohio,OH,Wood,County,,No Rating,Relatively Low,Relatively Low,Relatively Low,Very Low,Relatively Moderate,Relatively Low,Relatively Moderate,Insufficient Data,Very Low
Ohio,OH,Geauga,County,,No Rating,Relatively Low,Very Low,Relatively Low,Very Low,Relatively Low,Relatively Low,Relatively Low,Insufficient Data,Very Low
Ohio,OH,Richland,County,,Not Applicable,Relatively Low,Very Low,Relatively Low,Very Low,Relatively High,Relatively Moderate,Relatively Low,Not Applicable,Very Low
Ohio,OH,Allen,County,,Not Applicable,Relatively Low,Relatively Low,Relatively Low,Very Low,Very Low,Very Low,Relatively Moderate,Not Applicable,Very Low
Ohio,OH,Licking,County,,Not Applicable,Relatively Low,Very Low,Relatively Moderate,Very Low,Relatively High,Relatively Moderate,Relatively Low,Not Applicable,Very Low
Ohio,OH,Miami,County,,Not Applicable,Relatively Low,Relatively Low,Relatively Low,Very Low,Relatively Low,Relatively Low,Relatively Moderate,Not Applicable,Very Low
Ohio,OH,Erie,County,,Relatively Low,Relatively Low,Very Low,Relatively Low,Very Low,Relatively Moderate,Relatively Moderate,Relatively Moderate,Insufficient Data,Very Low
Ohio,OH,Fairfield,County,,Not Applicable,Relatively Low,Very Low,Relatively Moderate,Very Low,Relatively High,Relatively Low,Relatively Moderate,Not Applicable,Very Low
Ohio,OH,Trumbull,County,,Not Applicable,Very High,Very Low,Relatively Moderate,Relatively Low,Relatively Moderate,Relatively High,Relatively Moderate,Not Applicable,Very Low
Ohio,OH,Portage,County,,Not Applicable,Relatively Low,Very Low,Relatively Low,Very Low,Relatively Low,Relatively Low,Relatively Moderate,Not Applicable,Very Low
Ohio,OH,Clark,County,,Not Applicable,Relatively Low,Relatively Low,Relatively Moderate,Very Low,Very High,Relatively Low,Relatively Moderate,Not Applicable,Very Low
Ohio,OH,Greene,County,,Not Applicable,Relatively Low,Relatively Low,Relatively Moderate,Very Low,Very High,Relatively Low,Relatively Moderate,Not Applicable,Very Low
Ohio,OH,Medina,County,,Not Applicable,Relatively Low,Very Low,Relatively Low,Very Low,Relatively High,Relatively Low,Relatively Moderate,Not Applicable,Very Low
Ohio,OH,Clermont,County,,Not Applicable,Relatively Low,Relatively Low,Relatively Low,Very Low,Relatively Moderate,Relatively Moderate,Relatively Moderate,Not Applicable,Relatively Low
Ohio,OH,Delaware,County,,Not Applicable,Relatively Low,Relatively Low,Relatively Moderate,Very Low,Relatively High,Relatively Low,Relatively Moderate,Not Applicable,Very Low
Ohio,OH,Mahoning,County,,Not Applicable,Relatively High,Very Low,Relatively Moderate,Relatively Low,Relatively Moderate,Relatively Moderate,Relatively Moderate,Not Applicable,Very Low
Ohio,OH,Warren,County,,Not Applicable,Relatively Low,Relatively Low,Relatively Low,Very Low,Relatively Moderate,Relatively Low,Relatively Moderate,Not Applicable,Very Low
Ohio,OH,Lorain,County,,Very Low,Relatively Moderate,Relatively Low,Relatively Low,Very Low,Relatively High,Relatively Moderate,Relatively Moderate,Insufficient Data,Very Low
Ohio,OH,Stark,County,,Not Applicable,Relatively Moderate,Relatively Low,Relatively Low,Very Low,Relatively Moderate,Relatively Moderate,Relatively Moderate,Not Applicable,Very Low
Ohio,OH,Butler,County,,Not Applicable,Relatively High,Relatively Low,Relatively Low,Very Low,Relatively High,Relatively Low,Relatively High,Not Applicable,Very Low
Ohio,OH,Lake,County,,Very Low,Relatively Moderate,Very Low,Relatively Low,Very Low,Relatively Low,Relatively Moderate,Relatively Moderate,Insufficient Data,Very Low
Ohio,OH,Montgomery,County,,Not Applicable,Relatively Moderate,Relatively Low,Relatively Moderate,Very Low,Relatively High,Relatively Moderate,Relatively Moderate,Not Applicable,Very Low
Ohio,OH,Lucas,County,,Relatively Low,Relatively Moderate,Relatively Low,Relatively Moderate,Very Low,Relatively Moderate,Relatively Moderate,Relatively High,Insufficient Data,Very Low
Ohio,OH,Summit,County,,Not Applicable,Relatively Moderate,Relatively Low,Relatively Moderate,Very Low,Relatively Moderate,Relatively High,Relatively Moderate,Not Applicable,Very Low
Ohio,OH,Hamilton,County,,Not Applicable,Relatively High,Relatively Low,Relatively High,Very Low,Relatively Moderate,Relatively Moderate,Very High,Not Applicable,Very Low
Ohio,OH,Franklin,County,,Not Applicable,Very High,Relatively Low,Relatively High,Very Low,Relatively Moderate,Relatively High,Relatively High,Not Applicable,Very Low
Ohio,OH,Cuyahoga,County,,Very Low,Very High,Relatively Low,Relatively Moderate,Relatively Low,Relatively Moderate,Relatively Moderate,Relatively High,Insufficient Data,Relatively Low
Oklahoma,OK,Cimarron,County,,Not Applicable,Relatively High,Very Low,No Rating,Not Applicable,Very Low,Very Low,Very Low,Not Applicable,Relatively Low
Oklahoma,OK,Beaver,County,,Not Applicable,Relatively High,Very Low,No Rating,Very Low,Relatively Low,Very Low,Relatively Low,Not Applicable,Relatively Low
Oklahoma,OK,Roger Mills,County,,Not Applicable,Relatively Low,Very Low,Relatively Low,Very Low,Relatively Low,Very Low,Relatively Low,Not Applicable,Relatively Low
Oklahoma,OK,Ellis,County,,Not Applicable,Relatively Moderate,Very Low,Relatively Low,Very Low,Relatively Moderate,Very Low,Relatively Low,Not Applicable,Relatively Low
Oklahoma,OK,Harper,County,,Not Applicable,Relatively High,Very Low,Relatively Low,Very Low,Relatively Moderate,Very Low,Relatively Low,Not Applicable,Relatively Low
Oklahoma,OK,Grant,County,,Not Applicable,Relatively Moderate,Very Low,Relatively Low,Very Low,Relatively Moderate,Very Low,Relatively Low,Not Applicable,Very Low
Oklahoma,OK,Dewey,County,,Not Applicable,Relatively Low,Very Low,Relatively Low,Very Low,Relatively Moderate,Very Low,Relatively Low,Not Applicable,Relatively Low
Oklahoma,OK,Harmon,County,,Not Applicable,Relatively Low,Very Low,Relatively Low,Very Low,Relatively Low,Very Low,Relatively Low,Not Applicable,Relatively Low
Oklahoma,OK,Alfalfa,County,,Not Applicable,Relatively Moderate,Very Low,Relatively Low,Very Low,Relatively Moderate,Very Low,Relatively Low,Not Applicable,Very Low
Oklahoma,OK,Woods,County,,Not Applicable,Relatively Moderate,Very Low,Relatively Low,Very Low,Relatively Low,Very Low,Relatively Low,Not Applicable,Relatively Low
Oklahoma,OK,Jefferson,County,,Not Applicable,Relatively Moderate,Very Low,Relatively Low,Very Low,Relatively Moderate,Very Low,Relatively Low,Not Applicable,Relatively Low
Oklahoma,OK,Pushmataha,County,,Not Applicable,Relatively Low,Very Low,Relatively Moderate,Very Low,Relatively Moderate,Relatively Low,Relatively Low,Not Applicable,Relatively Moderate
Oklahoma,OK,Tillman,County,,Not Applicable,Relatively Moderate,Very Low,Relatively Low,Very Low,Relatively Moderate,Very Low,Relatively Low,Not Applicable,Very Low
Oklahoma,OK,Major,County,,Not Applicable,Relatively Moderate,Very Low,Relatively Low,Very Low,Relatively High,Very Low,Relatively Low,Not Applicable,Very Low
Oklahoma,OK,Kiowa,County,,Not Applicable,Relatively Moderate,Very Low,Relatively Low,Very Low,Relatively Moderate,Very Low,Relatively Low,Not Applicable,Relatively Low
Oklahoma,OK,Greer,County,,Not Applicable,Relatively Low,Very Low,Relatively Low,Very Low,Relatively Low,Very Low,Relatively Low,Not Applicable,Relatively Low
Oklahoma,OK,Cotton,County,,Not Applicable,Relatively Low,Very Low,Relatively Low,Very Low,Relatively Low,Very Low,Relatively Low,Not Applicable,Relatively Low
Oklahoma,OK,Blaine,County,,Not Applicable,Relatively Moderate,Very Low,Relatively Low,Very Low,Relatively High,Very Low,Relatively Low,Not Applicable,Very Low
Oklahoma,OK,Coal,County,,Not Applicable,Relatively Moderate,Very Low,Relatively Low,Very Low,Relatively Low,Very Low,Relatively Low,Not Applicable,Relatively Moderate
Oklahoma,OK,Texas,County,,Not Applicable,Very High,Very Low,No Rating,Not Applicable,Relatively Moderate,Very Low,Relatively Moderate,Not Applicable,Relatively Low
Oklahoma,OK,Washita,County,,Not Applicable,Relatively Moderate,Very Low,Relatively Low,Very Low,Relatively Low,Very Low,Relatively Low,Not Applicable,Relatively Low
Oklahoma,OK,Latimer,County,,Not Applicable,Relatively Low,Very Low,Relatively Moderate,Very Low,Relatively High,Relatively Low,Relatively Low,Not Applicable,Relatively Moderate
Oklahoma,OK,Atoka,County,,Not Applicable,Relatively Moderate,Very Low,Relatively Low,Very Low,Relatively Low,Very Low,Relatively Low,Not Applicable,Relatively Moderate
Oklahoma,OK,Noble,County,,Not Applicable,Relatively Moderate,Very Low,Relatively Low,Very Low,Relatively Low,Very Low,Relatively Low,Not Applicable,Relatively Low
Oklahoma,OK,Johnston,County,,Not Applicable,Relatively Low,Very Low,Relatively Moderate,Very Low,Relatively Moderate,Very Low,Relatively Low,Not Applicable,Relatively Low
Oklahoma,OK,Nowata,County,,Not Applicable,Relatively Moderate,Very Low,Relatively Moderate,Very Low,Relatively High,Relatively Low,Relatively Low,Not Applicable,Relatively Low
Oklahoma,OK,Woodward,County,,Not Applicable,Relatively High,Very Low,Relatively Moderate,Very Low,Relatively Moderate,Relatively Low,Relatively Low,Not Applicable,Relatively Low
Oklahoma,OK,McCurtain,County,,Not Applicable,No Rating,Very Low,Relatively Moderate,Very Low,Relatively Moderate,Relatively Moderate,Relatively Moderate,Not Applicable,Relatively Low
Oklahoma,OK,Hughes,County,,Not Applicable,Relatively High,Very Low,Relatively Moderate,Very Low,Relatively High,Very Low,Relatively Low,Not Applicable,Relatively Moderate
Oklahoma,OK,Kingfisher,County,,Not Applicable,Relatively Moderate,Very Low,Relatively Low,Very Low,Relatively High,Relatively Low,Relatively Moderate,Not Applicable,Very Low
Oklahoma,OK,Okfuskee,County,,Not Applicable,Relatively Moderate,Very Low,Relatively Moderate,Very Low,Relatively High,Relatively Low,Relatively Low,Not Applicable,Relatively Moderate
Oklahoma,OK,Choctaw,County,,Not Applicable,Relatively Low,Very Low,Relatively Moderate,Very Low,Relatively Moderate,Very Low,Relatively Moderate,Not Applicable,Relatively Low
Oklahoma,OK,Craig,County,,Not Applicable,Relatively High,Very Low,Relatively Moderate,Very Low,Relatively High,Relatively Low,Relatively Low,Not Applicable,Relatively Low
Oklahoma,OK,Love,County,,Not Applicable,Relatively Low,Very Low,Relatively Low,Very Low,Relatively Moderate,Very Low,Relatively Low,Not Applicable,Relatively Moderate
Oklahoma,OK,Haskell,County,,Not Applicable,Relatively Moderate,Very Low,Relatively Moderate,Very Low,Relatively High,Very Low,Relatively Low,Not Applicable,Relatively Moderate
Oklahoma,OK,Osage,County,,Not Applicable,Relatively High,Very Low,Relatively Moderate,Very Low,Relatively High,Relatively Low,Relatively Moderate,Not Applicable,Relatively Moderate
Oklahoma,OK,Caddo,County,,Not Applicable,Relatively High,Very Low,Relatively Moderate,Very Low,Relatively High,Relatively Moderate,Relatively Moderate,Not Applicable,Relatively Low
Oklahoma,OK,Beckham,County,,Not Applicable,Relatively Moderate,Very Low,Relatively Moderate,Very Low,Very High,Very Low,Relatively Moderate,Not Applicable,Relatively Moderate
Oklahoma,OK,Pawnee,County,,Not Applicable,Relatively Low,Very Low,Relatively Moderate,Very Low,Relatively High,Relatively Low,Relatively Low,Not Applicable,Relatively Low
Oklahoma,OK,Custer,County,,Not Applicable,Relatively Moderate,Very Low,Relatively Moderate,Very Low,Very High,Very Low,Relatively Moderate,Not Applicable,Relatively Low
Oklahoma,OK,Le Flore,County,,Not Applicable,Relatively Moderate,Relatively Low,Relatively Moderate,Very Low,Relatively Low,Relatively Moderate,Relatively Moderate,Not Applicable,Relatively Moderate
Oklahoma,OK,McIntosh,County,,Not Applicable,Relatively Low,Very Low,Relatively Moderate,Very Low,Relatively High,Relatively Low,Relatively Moderate,Not Applicable,Relatively Moderate
Oklahoma,OK,Jackson,County,,Not Applicable,Relatively Moderate,Very Low,Relatively Moderate,Very Low,Relatively Moderate,Relatively Low,Relatively Moderate,Not Applicable,Relatively Low
Oklahoma,OK,Garvin,County,,Not Applicable,Relatively Moderate,Relatively Low,Relatively Moderate,Very Low,Relatively High,Relatively Moderate,Relatively Moderate,Not Applicable,Relatively Low
Oklahoma,OK,Murray,County,,Not Applicable,Relatively Moderate,Very Low,Relatively Low,Very Low,Relatively Moderate,Very Low,Relatively Low,Not Applicable,Relatively Low
Oklahoma,OK,Pittsburg,County,,Not Applicable,Relatively Moderate,Relatively Low,Relatively Moderate,Very Low,Very High,Relatively Low,Relatively Moderate,Not Applicable,Relatively Moderate
Oklahoma,OK,Adair,County,,Not Applicable,Relatively Moderate,Very Low,Relatively Moderate,Very Low,Relatively High,Relatively Moderate,Relatively Low,Not Applicable,Relatively Moderate
Oklahoma,OK,Lincoln,County,,Not Applicable,Relatively Moderate,Very Low,Relatively Moderate,Very Low,Relatively High,Relatively Low,Relatively Moderate,Not Applicable,Relatively Moderate
Oklahoma,OK,Seminole,County,,Not Applicable,Relatively Moderate,Very Low,Relatively Moderate,Very Low,Relatively Moderate,Relatively Low,Relatively Moderate,Not Applicable,Relatively Moderate
Oklahoma,OK,Marshall,County,,Not Applicable,Relatively Low,Very Low,Relatively Moderate,Very Low,Relatively Moderate,Very Low,Relatively Moderate,Not Applicable,Relatively Low
Oklahoma,OK,Kay,County,,Not Applicable,Relatively High,Very Low,Relatively Moderate,Very Low,Very High,Relatively Low,Relatively High,Not Applicable,Relatively Low
Oklahoma,OK,Stephens,County,,Not Applicable,Relatively High,Relatively Low,Relatively Moderate,Very Low,Relatively High,Relatively Low,Relatively Moderate,Not Applicable,Relatively Moderate
Oklahoma,OK,Grady,County,,Not Applicable,Relatively High,Relatively Low,Relatively Moderate,Very Low,Very High,Relatively Low,Relatively High,Not Applicable,Relatively Moderate
Oklahoma,OK,Bryan,County,,Not Applicable,Relatively Moderate,Relatively Low,Relatively Moderate,Very Low,Relatively Moderate,Relatively Low,Relatively High,Not Applicable,Relatively Moderate
Oklahoma,OK,Okmulgee,County,,Not Applicable,Relatively Moderate,Very Low,Relatively Moderate,Very Low,Very High,Relatively Moderate,Relatively Moderate,Not Applicable,Relatively Moderate
Oklahoma,OK,Pontotoc,County,,Not Applicable,Relatively High,Relatively Low,Relatively Moderate,Very Low,Relatively High,Very Low,Relatively Moderate,Not Applicable,Relatively Moderate
Oklahoma,OK,Delaware,County,,Not Applicable,Relatively High,Relatively Low,Relatively Moderate,Very Low,Very High,Relatively Low,Relatively Moderate,Not Applicable,Relatively Moderate
Oklahoma,OK,Sequoyah,County,,Not Applicable,Relatively Moderate,Relatively Low,Relatively High,Very Low,Relatively Low,Relatively Moderate,Relatively Moderate,Not Applicable,Relatively Moderate
Oklahoma,OK,Carter,County,,Not Applicable,Relatively Moderate,Relatively Low,Relatively Moderate,Very Low,Relatively High,Relatively Low,Relatively High,Not Applicable,Relatively Moderate
Oklahoma,OK,Garfield,County,,Not Applicable,Relatively High,Relatively Low,Relatively Moderate,Very Low,Very High,Relatively Moderate,Relatively Moderate,Not Applicable,Very Low
Oklahoma,OK,Mayes,County,,Not Applicable,Relatively Moderate,Relatively Low,Relatively High,Very Low,Very High,Relatively Low,Relatively Moderate,Not Applicable,Relatively Moderate
Oklahoma,OK,Cherokee,County,,Not Applicable,Relatively Moderate,Very Low,Relatively High,Very Low,Very High,Relatively Moderate,Relatively Moderate,Not Applicable,Relatively Moderate
Oklahoma,OK,Ottawa,County,,Not Applicable,Relatively High,Relatively Low,Relatively Moderate,Very Low,Very High,Relatively Moderate,Relatively Moderate,Not Applicable,Relatively Low
Oklahoma,OK,Logan,County,,Not Applicable,Very High,Very Low,Relatively Moderate,Very Low,Relatively Low,Relatively Low,Relatively High,Not Applicable,Relatively Low
Oklahoma,OK,McClain,County,,Not Applicable,Relatively High,Relatively Low,Relatively Moderate,Very Low,Relatively High,Relatively Low,Relatively Moderate,Not Applicable,Relatively Low
Oklahoma,OK,Creek,County,,Not Applicable,Relatively High,Relatively Low,Relatively High,Very Low,Very High,Relatively Low,Relatively Moderate,Not Applicable,Relatively Moderate
Oklahoma,OK,Muskogee,County,,Not Applicable,Relatively Moderate,Relatively Low,Relatively High,Very Low,Very High,Relatively Low,Relatively Moderate,Not Applicable,Relatively Moderate
Oklahoma,OK,Pottawatomie,County,,Not Applicable,Relatively High,Relatively Low,Relatively Moderate,Very Low,Relatively High,Relatively Low,Relatively High,Not Applicable,Relatively Moderate
Oklahoma,OK,Comanche,County,,Not Applicable,Relatively High,Relatively Low,Relatively Moderate,Very Low,Relatively Moderate,Relatively Moderate,Relatively High,Not Applicable,Relatively Moderate
Oklahoma,OK,Payne,County,,Not Applicable,Relatively High,Relatively Low,Relatively Moderate,Very Low,Relatively Moderate,Relatively Low,Relatively High,Not Applicable,Relatively Moderate
Oklahoma,OK,Washington,County,,Not Applicable,Relatively Moderate,Very Low,Relatively Moderate,Very Low,Very High,Relatively Moderate,Relatively Moderate,Not Applicable,Relatively Low
Oklahoma,OK,Rogers,County,,Not Applicable,Relatively Moderate,Relatively Low,Relatively High,Very Low,Very High,Relatively Low,Relatively Moderate,Not Applicable,Relatively Moderate
Oklahoma,OK,Wagoner,County,,Not Applicable,Relatively Moderate,Relatively Low,Relatively High,Very Low,Very High,Relatively Low,Relatively Moderate,Not Applicable,Relatively Moderate
Oklahoma,OK,Canadian,County,,Not Applicable,Relatively High,Relatively Low,Relatively Moderate,Very Low,Relatively High,Relatively Moderate,Relatively High,Not Applicable,Relatively Low
Oklahoma,OK,Cleveland,County,,Not Applicable,Very High,Relatively Low,Relatively Moderate,Very Low,Relatively High,Relatively Low,Relatively High,Not Applicable,Relatively Low
Oklahoma,OK,Oklahoma,County,,Not Applicable,Relatively High,Relatively Moderate,Very High,Very Low,Very High,Relatively High,Very High,Not Applicable,Relatively Low
Oklahoma,OK,Tulsa,County,,Not Applicable,Relatively High,Relatively Low,Very High,Very Low,Very High,Relatively Moderate,Relatively High,Not Applicable,Relatively Moderate
Oregon,OR,Harney,County,,Not Applicable,Very Low,Very Low,Very Low,Not Applicable,Very Low,Very Low,Very Low,Not Applicable,Relatively Moderate
Oregon,OR,Wheeler,County,,Not Applicable,Relatively Low,Very Low,Very Low,Not Applicable,Very Low,Very Low,Very Low,Not Applicable,Relatively Low
Oregon,OR,Lake,County,,Not Applicable,Relatively Moderate,Relatively Low,Very Low,Not Applicable,Very Low,Relatively Moderate,Very Low,Not Applicable,Relatively Low
Oregon,OR,Grant,County,,Not Applicable,Relatively Low,Very Low,Relatively Low,Not Applicable,Very Low,Relatively Low,Very Low,Not Applicable,Relatively Moderate
Oregon,OR,Gilliam,County,,Not Applicable,Relatively Low,Very Low,Very Low,Not Applicable,Very Low,Very Low,Very Low,Not Applicable,Relatively Low
Oregon,OR,Sherman,County,,Not Applicable,Relatively Low,Very Low,Very Low,Not Applicable,Very Low,Very Low,Very Low,Not Applicable,Relatively Moderate
Oregon,OR,Wallowa,County,,Not Applicable,Relatively Low,Very Low,Relatively Low,Not Applicable,Very Low,Relatively Moderate,Very Low,Not Applicable,Relatively Moderate
Oregon,OR,Malheur,County,,Not Applicable,Relatively Moderate,Relatively Low,Relatively Moderate,Not Applicable,Very Low,Very Low,Very Low,Not Applicable,Relatively Moderate
Oregon,OR,Baker,County,,Not Applicable,Relatively Low,Relatively Low,Relatively Low,Not Applicable,Very Low,Very Low,Very Low,Not Applicable,Relatively Moderate
Oregon,OR,Morrow,County,,Not Applicable,Relatively High,Relatively Low,Relatively Low,Not Applicable,Relatively Moderate,Very Low,Very Low,Not Applicable,Relatively Moderate
Oregon,OR,Crook,County,,Not Applicable,Relatively Low,Relatively Low,Very Low,Not Applicable,Very Low,Very Low,Very Low,Not Applicable,Relatively Moderate
Oregon,OR,Wasco,County,,Not Applicable,Relatively Moderate,Relatively Low,Relatively Low,Not Applicable,Relatively High,Very Low,Very Low,Not Applicable,Relatively High
Oregon,OR,Klamath,County,,Not Applicable,Relatively Moderate,Relatively Moderate,Relatively Low,Not Applicable,Very Low,Relatively Moderate,Very Low,Not Applicable,Relatively Low
Oregon,OR,Union,County,,Not Applicable,Relatively High,Relatively Low,Relatively Low,Not Applicable,Relatively Low,Relatively Low,Very Low,Not Applicable,Relatively Moderate
Oregon,OR,Jefferson,County,,Not Applicable,Relatively Low,Relatively Low,Very Low,Not Applicable,Very Low,Very Low,Very Low,Not Applicable,Relatively Moderate
Oregon,OR,Curry,County,,Relatively Low,No Rating,Relatively Moderate,Relatively Low,Not Applicable,Very Low,Relatively Moderate,Very Low,Relatively Moderate,Relatively Low
Oregon,OR,Douglas,County,,Relatively Moderate,Very Low,Relatively Moderate,Relatively Moderate,Not Applicable,Relatively Low,Relatively High,Very Low,Relatively Low,Relatively Moderate
Oregon,OR,Tillamook,County,,Relatively Moderate,No Rating,Relatively Moderate,Very Low,Not Applicable,Very Low,Relatively Moderate,Very Low,Relatively Moderate,Very Low
Oregon,OR,Umatilla,County,,Not Applicable,Relatively High,Relatively Low,Relatively Moderate,Not Applicable,Very High,Relatively Moderate,Very Low,Not Applicable,Relatively Moderate
Oregon,OR,Coos,County,,Relatively High,No Rating,Relatively High,Relatively Low,Not Applicable,Very Low,Relatively Moderate,Very Low,Relatively Moderate,Very Low
Oregon,OR,Hood River,County,,Not Applicable,Very Low,Relatively Low,Relatively Low,Not Applicable,Relatively Low,Relatively Low,Very Low,Not Applicable,Relatively Moderate
Oregon,OR,Clatsop,County,,Relatively High,No Rating,Relatively Moderate,Very Low,Not Applicable,Very Low,Relatively Moderate,Very Low,Relatively Moderate,Very Low
Oregon,OR,Lincoln,County,,Relatively Moderate,No Rating,Relatively Moderate,Relatively Low,Not Applicable,Relatively Moderate,Relatively Moderate,Very Low,Relatively Moderate,Very Low
Oregon,OR,Josephine,County,,Not Applicable,No Rating,Relatively Moderate,Relatively Moderate,Not Applicable,Very Low,Relatively Moderate,Very Low,Not Applicable,Relatively High
Oregon,OR,Linn,County,,Not Applicable,Very Low,Relatively Moderate,Relatively Low,Not Applicable,Relatively High,Relatively Moderate,Very Low,Not Applicable,Very Low
Oregon,OR,Deschutes,County,,Not Applicable,Relatively Moderate,Relatively Low,Relatively Low,Not Applicable,Relatively Low,Very Low,Very Low,Not Applicable,Relatively High
Oregon,OR,Columbia,County,,Relatively Low,No Rating,Relatively Moderate,Relatively Low,Not Applicable,Relatively Low,Relatively Moderate,Very Low,No Rating,Very Low
Oregon,OR,Jackson,County,,Not Applicable,No Rating,Relatively Moderate,Relatively Moderate,Not Applicable,Relatively Low,Relatively Moderate,Very Low,Not Applicable,Relatively Moderate
Oregon,OR,Lane,County,,Relatively Moderate,Very Low,Relatively High,Relatively Low,Not Applicable,Relatively High,Relatively Moderate,Very Low,Relatively Low,Very Low
Oregon,OR,Polk,County,,No Rating,No Rating,Relatively Moderate,Relatively Low,Not Applicable,Relatively Low,Relatively Low,Very Low,Not Applicable,Very Low
Oregon,OR,Benton,County,,No Rating,No Rating,Relatively Moderate,Relatively Moderate,Not Applicable,Relatively Moderate,Relatively Moderate,Very Low,Not Applicable,Very Low
Oregon,OR,Yamhill,County,,No Rating,No Rating,Relatively Moderate,Relatively Low,Not Applicable,Relatively Low,Relatively Low,Very Low,Not Applicable,Very Low
Oregon,OR,Clackamas,County,,Very Low,Relatively Low,Relatively High,Relatively Moderate,Not Applicable,Relatively High,Relatively Moderate,Relatively Low,Not Applicable,Relatively Low
Oregon,OR,Marion,County,,Not Applicable,Very Low,Relatively High,Relatively Low,Not Applicable,Relatively Low,Relatively Moderate,Very Low,Not Applicable,Very Low
Oregon,OR,Washington,County,,No Rating,No Rating,Relatively High,Relatively Moderate,Not Applicable,Relatively Low,Relatively Moderate,Relatively Low,Not Applicable,Very Low
Oregon,OR,Multnomah,County,,Relatively Low,Very Low,Relatively High,Relatively Moderate,Not Applicable,Relatively Low,Relatively Moderate,Relatively Low,Not Applicable,Very Low
Pennsylvania,PA,Cameron,County,,Not Applicable,Relatively Low,Very Low,No Rating,Very Low,Very Low,Very Low,Very Low,Not Applicable,Very Low
Pennsylvania,PA,Sullivan,County,,Not Applicable,Relatively Low,Very Low,Very Low,Very Low,Very Low,Relatively Low,Very Low,Not Applicable,Very Low
Pennsylvania,PA,Potter,County,,Not Applicable,Relatively Moderate,Very Low,No Rating,Very Low,Very Low,Very Low,Very Low,Not Applicable,Very Low
Pennsylvania,PA,Forest,County,,Not Applicable,Relatively Low,Very Low,No Rating,Very Low,Very Low,Very Low,Very Low,Not Applicable,Very Low
Pennsylvania,PA,Fulton,County,,Not Applicable,Relatively Low,Very Low,Very Low,Relatively Low,Very Low,Very Low,Very Low,Not Applicable,Very Low
Pennsylvania,PA,Tioga,County,,Not Applicable,Relatively Moderate,Very Low,No Rating,Relatively Low,Very Low,Relatively Low,Very Low,Not Applicable,Very Low
Pennsylvania,PA,Elk,County,,Not Applicable,Relatively Moderate,Very Low,No Rating,Relatively Low,Very Low,Very Low,Very Low,Not Applicable,Very Low
Pennsylvania,PA,McKean,County,,Not Applicable,Relatively Moderate,Very Low,No Rating,Very Low,Very Low,Relatively Moderate,Very Low,Not Applicable,Very Low
Pennsylvania,PA,Clinton,County,,Not Applicable,Relatively Low,Very Low,Relatively Low,Relatively Low,Very Low,Relatively Low,Very Low,Not Applicable,Very Low
Pennsylvania,PA,Warren,County,,Not Applicable,Relatively Moderate,Very Low,Very Low,Very Low,Relatively Low,Relatively Moderate,Very Low,Not Applicable,Very Low
Pennsylvania,PA,Susquehanna,County,,Not Applicable,Relatively Low,Very Low,Very Low,Relatively Low,Relatively Moderate,Relatively Moderate,Relatively Low,Not Applicable,Very Low
Pennsylvania,PA,Bedford,County,,Not Applicable,Relatively Low,Very Low,Very Low,Relatively Low,Very Low,Relatively Low,Very Low,Not Applicable,Very Low
Pennsylvania,PA,Huntingdon,County,,Not Applicable,Relatively Low,Very Low,Very Low,Relatively Low,Very Low,Relatively Low,Very Low,Not Applicable,Very Low
Pennsylvania,PA,Bradford,County,,Not Applicable,Relatively Moderate,Very Low,Relatively Low,Relatively Low,Relatively Low,Relatively High,Relatively Low,Not Applicable,Very Low
Pennsylvania,PA,Juniata,County,,Not Applicable,Relatively Low,Very Low,Relatively Low,Relatively Low,Very Low,Relatively Low,Very Low,Not Applicable,Very Low
Pennsylvania,PA,Clarion,County,,Not Applicable,Relatively Low,Very Low,Very Low,Very Low,Very Low,Relatively Low,Very Low,Not Applicable,Very Low
Pennsylvania,PA,Greene,County,,Not Applicable,Relatively Low,Very Low,Relatively Low,Very Low,Relatively Moderate,Relatively Low,Relatively Low,Not Applicable,Very Low
Pennsylvania,PA,Wyoming,County,,Not Applicable,Relatively Low,Very Low,Very Low,Very Low,Very Low,Relatively Moderate,Very Low,Not Applicable,Very Low
Pennsylvania,PA,Jefferson,County,,Not Applicable,Relatively Low,Very Low,No Rating,Very Low,Very Low,Relatively Moderate,Very Low,Not Applicable,Very Low
Pennsylvania,PA,Somerset,County,,Not Applicable,Relatively Moderate,Very Low,No Rating,Relatively Low,Very Low,Relatively Low,Relatively Low,Not Applicable,Very Low
Pennsylvania,PA,Clearfield,County,,Not Applicable,Relatively Moderate,Very Low,No Rating,Relatively Low,Relatively Low,Relatively Low,Relatively Low,Not Applicable,Very Low
Pennsylvania,PA,Wayne,County,,Not Applicable,Relatively Low,Very Low,Relatively Low,Relatively Low,Very Low,Relatively Moderate,Relatively Low,Not Applicable,Very Low
Pennsylvania,PA,Venango,County,,Not Applicable,Relatively Low,Very Low,Very Low,Very Low,Very Low,Relatively Moderate,Relatively Low,Not Applicable,Very Low
Pennsylvania,PA,Crawford,County,,Not Applicable,Relatively Moderate,Very Low,Relatively Low,Relatively Low,Relatively Moderate,Relatively High,Relatively Low,Not Applicable,Very Low
Pennsylvania,PA,Perry,County,,Not Applicable,Relatively Low,Very Low,Relatively Low,Relatively Low,Relatively Low,Relatively Low,Relatively Low,Not Applicable,Very Low
Pennsylvania,PA,Lycoming,County,,Not Applicable,Relatively Moderate,Very Low,Relatively Low,Relatively Low,Very Low,Relatively Moderate,Relatively Low,Not Applicable,Very Low
Pennsylvania,PA,Armstrong,County,,Not Applicable,Relatively Moderate,Very Low,Very Low,Very Low,Very Low,Relatively Low,Relatively Low,Not Applicable,Very Low
Pennsylvania,PA,Indiana,County,,Not Applicable,Relatively Moderate,Very Low,Relatively Low,Relatively Low,Relatively Low,Relatively Low,Relatively Low,Not Applicable,Very Low
Pennsylvania,PA,Pike,County,,Not Applicable,Relatively Low,Very Low,Relatively Low,Relatively Low,Relatively Low,Relatively Low,Very Low,Not Applicable,Relatively Low
Pennsylvania,PA,Mifflin,County,,Not Applicable,Relatively Low,Very Low,Relatively Low,Relatively Low,Very Low,Relatively Low,Relatively Low,Not Applicable,Very Low
Pennsylvania,PA,Snyder,County,,Not Applicable,Relatively Low,Very Low,Relatively Low,Relatively Low,Very Low,Relatively Low,Relatively Low,Not Applicable,Very Low
Pennsylvania,PA,Columbia,County,,Not Applicable,Relatively Low,Very Low,Relatively Low,Relatively Low,Relatively Low,Relatively Moderate,Relatively Low,Not Applicable,Very Low
Pennsylvania,PA,Union,County,,Not Applicable,Relatively Low,Very Low,Relatively Low,Relatively Low,Very Low,Relatively Moderate,Relatively Low,Not Applicable,Very Low
Pennsylvania,PA,Montour,County,,Not Applicable,Relatively Low,Very Low,Relatively Low,Very Low,Very Low,Very Low,Very Low,Not Applicable,Very Low
Pennsylvania,PA,Centre,County,,Not Applicable,Relatively Moderate,Very Low,Relatively Low,Relatively Low,Very Low,Relatively Low,Relatively Low,Not Applicable,Very Low
Pennsylvania,PA,Fayette,County,,Not Applicable,Relatively Moderate,Very Low,Relatively Low,Relatively Low,Relatively High,Relatively Moderate,Relatively Low,Not Applicable,Very Low
Pennsylvania,PA,Mercer,County,,Not Applicable,Relatively Moderate,Very Low,Relatively Low,Very Low,Very Low,Relatively Low,Relatively Low,Not Applicable,Very Low
Pennsylvania,PA,Carbon,County,,Not Applicable,Relatively Moderate,Very Low,Relatively Low,Relatively Low,Relatively Low,Relatively Low,Relatively Low,Not Applicable,Very Low
Pennsylvania,PA,Schuylkill,County,,Not Applicable,Relatively Moderate,Very Low,Relatively Low,Relatively Low,Relatively Moderate,Relatively Low,Relatively Low,Not Applicable,Very Low
Pennsylvania,PA,Cambria,County,,Not Applicable,Relatively High,Very Low,No Rating,Relatively Low,Relatively Low,Relatively Low,Relatively Low,Not Applicable,Very Low
Pennsylvania,PA,Adams,County,,Not Applicable,Relatively Low,Very Low,Relatively Moderate,Relatively Low,Relatively Low,Very Low,Relatively Low,Not Applicable,Very Low
Pennsylvania,PA,Northumberland,County,,Not Applicable,Relatively Low,Very Low,Relatively Low,Relatively Low,Relatively Low,Relatively Low,Relatively Low,Not Applicable,Very Low
Pennsylvania,PA,Franklin,County,,Not Applicable,Relatively Moderate,Very Low,Relatively Moderate,Relatively Low,Relatively Low,Relatively Low,Relatively Low,Not Applicable,Very Low
Pennsylvania,PA,Blair,County,,Not Applicable,Relatively Moderate,Very Low,Relatively Low,Relatively Low,Relatively Low,Relatively Low,Relatively Low,Not Applicable,Very Low
Pennsylvania,PA,Lawrence,County,,Not Applicable,Relatively Moderate,Very Low,Relatively Low,Very Low,Relatively Low,Relatively Low,Relatively Low,Not Applicable,Very Low
Pennsylvania,PA,Washington,County,,Not Applicable,Relatively Moderate,Very Low,Relatively Low,Relatively Low,Relatively Low,Relatively Moderate,Relatively Low,Not Applicable,Very Low
Pennsylvania,PA,Butler,County,,Not Applicable,Relatively Moderate,Very Low,Relatively Low,Very Low,Relatively Low,Relatively Moderate,Relatively Low,Not Applicable,Very Low
Pennsylvania,PA,Monroe,County,,Not Applicable,Relatively High,Very Low,Relatively Moderate,Relatively Low,Relatively Moderate,Relatively High,Relatively Low,Not Applicable,Very Low
Pennsylvania,PA,Erie,County,,Very Low,Very High,Very Low,Relatively Low,Relatively Low,Relatively Moderate,Relatively Moderate,Relatively Low,Insufficient Data,Very Low
Pennsylvania,PA,Westmoreland,County,,Not Applicable,Relatively High,Very Low,Relatively Low,Relatively Low,Relatively Low,Relatively Moderate,Relatively Low,Not Applicable,Very Low
Pennsylvania,PA,Luzerne,County,,Not Applicable,Relatively High,Very Low,Relatively Low,Relatively Low,Relatively Moderate,Relatively High,Relatively Moderate,Not Applicable,Very Low
Pennsylvania,PA,Beaver,County,,Not Applicable,Relatively Moderate,Very Low,Relatively Low,Very Low,Relatively Low,Relatively Moderate,Relatively Low,Not Applicable,Very Low
Pennsylvania,PA,Lebanon,County,,Not Applicable,Relatively Moderate,Very Low,Relatively Moderate,Relatively Low,Relatively Low,Relatively Low,Relatively Moderate,Not Applicable,Very Low
Pennsylvania,PA,Lackawanna,County,,Not Applicable,Relatively Low,Very Low,Relatively Low,Relatively Low,Relatively Low,Relatively High,Relatively Low,Not Applicable,Very Low
Pennsylvania,PA,Cumberland,County,,Not Applicable,Relatively Moderate,Very Low,Relatively Moderate,Relatively Low,Relatively Low,Relatively Low,Relatively Low,Not Applicable,Very Low
Pennsylvania,PA,Berks,County,,Not Applicable,No Rating,Relatively Low,Relatively High,Relatively Moderate,Relatively Moderate,Relatively Moderate,Relatively Moderate,Not Applicable,Very Low
Pennsylvania,PA,York,County,,Not Applicable,Relatively Moderate,Relatively Low,Relatively Moderate,Relatively Moderate,Relatively Moderate,Relatively Low,Relatively Low,Not Applicable,Very Low
Pennsylvania,PA,Dauphin,County,,Not Applicable,Relatively Moderate,Very Low,Relatively Moderate,Relatively Moderate,Relatively Moderate,Relatively High,Relatively Moderate,Not Applicable,Very Low
Pennsylvania,PA,Lancaster,County,,Not Applicable,Relatively Moderate,Relatively Low,Relatively Moderate,Relatively Moderate,Relatively Moderate,Relatively Moderate,Relatively Moderate,Not Applicable,Very Low
Pennsylvania,PA,Chester,County,,No Rating,No Rating,Relatively Low,Relatively High,Relatively Moderate,Relatively High,Relatively Moderate,Relatively Moderate,Insufficient Data,Very Low
Pennsylvania,PA,Northampton,County,,Not Applicable,No Rating,Relatively Low,Relatively Moderate,Relatively Low,Relatively Moderate,Relatively Moderate,Relatively Moderate,Not Applicable,Very Low
Pennsylvania,PA,Bucks,County,,Relatively Moderate,No Rating,Relatively Low,Relatively High,Relatively Moderate,Relatively High,Relatively High,Relatively Moderate,Insufficient Data,Relatively Low
Pennsylvania,PA,Lehigh,County,,Not Applicable,No Rating,Relatively Low,Relatively High,Relatively Moderate,Relatively Moderate,Relatively Moderate,Relatively Moderate,Not Applicable,Very Low
Pennsylvania,PA,Allegheny,County,,Not Applicable,Relatively High,Relatively Low,Relatively Moderate,Relatively Low,Relatively Moderate,Relatively Moderate,Relatively Moderate,Not Applicable,Relatively Low
Pennsylvania,PA,Montgomery,County,,No Rating,No Rating,Relatively Low,Relatively High,Relatively Moderate,Relatively High,Relatively High,Relatively High,Insufficient Data,Very Low
Pennsylvania,PA,Delaware,County,,Relatively Moderate,No Rating,Relatively Low,Relatively High,Relatively Moderate,Relatively High,Relatively Moderate,Relatively Moderate,Insufficient Data,Very Low
Pennsylvania,PA,Philadelphia,County,,Relatively High,No Rating,Relatively Low,Very High,Relatively Moderate,Very High,Relatively High,Relatively High,Insufficient Data,Very Low
Rhode Island,RI,Washington,County,,Relatively Moderate,Relatively Low,Very Low,Relatively Low,Relatively Moderate,Relatively Moderate,Relatively Moderate,Relatively Low,Insufficient Data,Very Low
Rhode Island,RI,Newport,County,,Relatively Low,Very Low,Very Low,Very Low,Relatively Low,Relatively Low,Relatively Low,Very Low,Insufficient Data,Very Low
Rhode Island,RI,Kent,County,,Relatively Low,Relatively Low,Very Low,Relatively Low,Relatively Moderate,Relatively High,Relatively Moderate,Relatively Low,Insufficient Data,Very Low
Rhode Island,RI,Providence,County,,Relatively Low,Relatively Moderate,Relatively Low,Relatively High,Relatively Moderate,Relatively High,Relatively Moderate,Relatively Moderate,Insufficient Data,Very Low
Rhode Island,RI,Bristol,County,,Relatively Low,Very Low,Very Low,Very Low,Relatively Low,Very Low,Relatively Low,Very Low,Insufficient Data,Very Low
South Carolina,SC,Allendale,County,,Not Applicable,No Rating,Relatively Low,Relatively Low,Relatively Low,Relatively Low,Very Low,Relatively Low,Not Applicable,Very Low
South Carolina,SC,McCormick,County,,Not Applicable,No Rating,Very Low,Relatively Low,Very Low,Relatively Low,Very Low,Relatively Low,Not Applicable,Very Low
South Carolina,SC,Fairfield,County,,Not Applicable,No Rating,Relatively Low,Relatively Low,Relatively Low,Relatively Low,Very Low,Relatively Low,Not Applicable,Very Low
South Carolina,SC,Hampton,County,,Very Low,No Rating,Relatively Low,Relatively Moderate,Relatively Moderate,Relatively Low,Very Low,Relatively Low,Insufficient Data,Very Low
South Carolina,SC,Williamsburg,County,,Very Low,No Rating,Relatively Low,Relatively Low,Relatively Moderate,Relatively Moderate,Relatively Low,Relatively Low,Insufficient Data,Relatively Low
South Carolina,SC,Bamberg,County,,Not Applicable,No Rating,Relatively Low,Relatively Low,Relatively Low,Relatively Low,Very Low,Relatively Low,Not Applicable,Very Low
South Carolina,SC,Colleton,County,,Very Low,No Rating,Relatively Moderate,Relatively Moderate,Relatively Moderate,Relatively Low,Relatively Low,Relatively Low,Insufficient Data,Relatively Low
South Carolina,SC,Calhoun,County,,Not Applicable,No Rating,Relatively Low,Relatively Low,Relatively Low,Relatively Moderate,Very Low,Relatively Low,Not Applicable,Very Low
South Carolina,SC,Barnwell,County,,Not Applicable,No Rating,Relatively Low,Relatively Low,Relatively Low,Relatively Moderate,Very Low,Relatively Low,Not Applicable,Very Low
South Carolina,SC,Lee,County,,Not Applicable,No Rating,Relatively Low,Relatively Low,Relatively Low,Very Low,Very Low,Relatively Low,Not Applicable,Very Low
South Carolina,SC,Saluda,County,,Not Applicable,No Rating,Relatively Low,Relatively Low,Relatively Low,Relatively Moderate,Very Low,Relatively Low,Not Applicable,Very Low
South Carolina,SC,Jasper,County,,Very Low,No Rating,Relatively Low,Relatively Moderate,Relatively Moderate,Relatively Low,Relatively Low,Relatively Low,Insufficient Data,Relatively Low
South Carolina,SC,Abbeville,County,,Not Applicable,No Rating,Relatively Low,Relatively Low,Relatively Low,Relatively High,Very Low,Relatively Low,Not Applicable,Very Low
South Carolina,SC,Edgefield,County,,Not Applicable,No Rating,Relatively Low,Relatively Low,Relatively Low,Relatively Moderate,Very Low,Relatively Low,Not Applicable,Very Low
South Carolina,SC,Clarendon,County,,No Rating,No Rating,Relatively Low,Relatively Low,Relatively Moderate,Relatively Moderate,Relatively Low,Relatively Low,Insufficient Data,Very Low
South Carolina,SC,Union,County,,Not Applicable,No Rating,Relatively Low,Relatively Low,Relatively Low,Relatively High,Very Low,Relatively Moderate,Not Applicable,Very Low
South Carolina,SC,Chesterfield,County,,Not Applicable,No Rating,Relatively Low,Relatively Low,Relatively Moderate,Relatively High,Very Low,Relatively Moderate,Not Applicable,Relatively Low
South Carolina,SC,Marlboro,County,,Not Applicable,No Rating,Relatively Low,Relatively Low,Relatively Low,Relatively Moderate,Relatively Low,Relatively Low,Not Applicable,Very Low
South Carolina,SC,Chester,County,,Not Applicable,No Rating,Relatively Low,Relatively Low,Relatively Low,Relatively High,Very Low,Relatively Moderate,Not Applicable,Very Low
South Carolina,SC,Marion,County,,Very Low,No Rating,Relatively Low,Relatively Moderate,Relatively Moderate,Relatively High,Relatively Low,Relatively Moderate,Insufficient Data,Very Low
South Carolina,SC,Newberry,County,,Not Applicable,No Rating,Relatively Low,Relatively Low,Relatively Low,Relatively Low,Very Low,Relatively Moderate,Not Applicable,Very Low
South Carolina,SC,Dillon,County,,No Rating,No Rating,Relatively Low,Relatively Moderate,Relatively Moderate,Relatively High,Relatively Low,Relatively Moderate,Insufficient Data,Very Low
South Carolina,SC,Orangeburg,County,,Not Applicable,No Rating,Relatively Moderate,Relatively Low,Relatively Moderate,Relatively High,Relatively Low,Relatively Low,Not Applicable,Relatively Low
South Carolina,SC,Georgetown,County,,Relatively Low,No Rating,Relatively Low,Relatively Moderate,Relatively High,Relatively Moderate,Relatively Low,Relatively Low,Insufficient Data,Relatively Moderate
South Carolina,SC,Kershaw,County,,Not Applicable,No Rating,Relatively Low,Relatively Moderate,Relatively Low,Relatively Moderate,Relatively Low,Relatively Moderate,Not Applicable,Very Low
South Carolina,SC,Laurens,County,,Not Applicable,No Rating,Relatively Low,Relatively Low,Relatively Low,Relatively High,Very Low,Relatively Low,Not Applicable,Very Low
South Carolina,SC,Darlington,County,,Not Applicable,No Rating,Relatively Low,Relatively Moderate,Relatively Low,Relatively High,Very Low,Relatively Moderate,Not Applicable,Very Low
South Carolina,SC,Oconee,County,,Not Applicable,Very Low,Relatively Low,No Rating,Relatively Low,Relatively High,Relatively Low,Relatively Moderate,Not Applicable,Very Low
South Carolina,SC,Cherokee,County,,Not Applicable,No Rating,Relatively Low,Relatively Low,Relatively Low,Very High,Very Low,Relatively Moderate,Not Applicable,Very Low
South Carolina,SC,Greenwood,County,,Not Applicable,No Rating,Relatively Low,Relatively Low,Relatively Low,Very High,Very Low,Relatively Moderate,Not Applicable,Very Low
South Carolina,SC,Aiken,County,,Not Applicable,No Rating,Relatively Low,Relatively Moderate,Relatively Moderate,Very High,Very Low,Relatively Moderate,Not Applicable,Very Low
South Carolina,SC,Sumter,County,,Not Applicable,No Rating,Relatively Low,Relatively Moderate,Relatively Moderate,Relatively High,Relatively Low,Relatively Moderate,Not Applicable,Very Low
South Carolina,SC,Florence,County,,No Rating,No Rating,Relatively Low,Relatively Moderate,Relatively Moderate,Relatively High,Relatively Low,Relatively High,Insufficient Data,Relatively Low
South Carolina,SC,Lancaster,County,,Not Applicable,No Rating,Relatively Low,Relatively Low,Relatively Low,Relatively Moderate,Relatively Low,Relatively Moderate,Not Applicable,Very Low
South Carolina,SC,Berkeley,County,,Relatively Low,No Rating,Relatively Moderate,Relatively Moderate,Relatively High,Relatively Moderate,Relatively Low,Relatively Moderate,Insufficient Data,Relatively Moderate
South Carolina,SC,Pickens,County,,Not Applicable,No Rating,Relatively Low,No Rating,Relatively Low,Very High,Relatively Low,Relatively Low,Not Applicable,Very Low
South Carolina,SC,Dorchester,County,,Very Low,No Rating,Relatively Moderate,Relatively Moderate,Relatively High,Relatively High,Relatively Moderate,Relatively Moderate,Insufficient Data,Relatively Low
South Carolina,SC,Anderson,County,,Not Applicable,No Rating,Relatively Low,No Rating,Relatively Low,Very High,Relatively Low,Relatively Moderate,Not Applicable,Very Low
South Carolina,SC,Horry,County,,Relatively Moderate,No Rating,Relatively Moderate,Relatively Moderate,Very High,Relatively High,Relatively Moderate,Relatively High,Insufficient Data,Relatively Moderate
South Carolina,SC,Beaufort,County,,Relatively Low,No Rating,Relatively Moderate,Relatively Moderate,Very High,Relatively High,Relatively Moderate,Relatively Moderate,Insufficient Data,Relatively Moderate
South Carolina,SC,Spartanburg,County,,Not Applicable,No Rating,Relatively Low,No Rating,Relatively Low,Very High,Relatively Low,Relatively Moderate,Not Applicable,Very Low
South Carolina,SC,York,County,,Not Applicable,No Rating,Relatively Low,Relatively Moderate,Relatively Low,Very High,Relatively Low,Relatively High,Not Applicable,Very Low
South Carolina,SC,Lexington,County,,Not Applicable,No Rating,Relatively Low,Relatively Moderate,Relatively Moderate,Very High,Relatively Moderate,Relatively High,Not Applicable,Very Low
South Carolina,SC,Charleston,County,,Relatively Low,No Rating,Relatively High,Relatively Moderate,Very High,Relatively Moderate,Relatively Moderate,Relatively Moderate,Insufficient Data,Relatively Moderate
South Carolina,SC,Richland,County,,Not Applicable,No Rating,Relatively Moderate,Relatively Moderate,Relatively Moderate,Very High,Relatively Moderate,Relatively High,Not Applicable,Very Low
South Carolina,SC,Greenville,County,,Not Applicable,Very Low,Relatively Moderate,No Rating,Relatively Low,Very High,Relatively Low,Relatively High,Not Applicable,Very Low
South Dakota,SD,Harding,County,,Not Applicable,Relatively Moderate,Very Low,No Rating,Not Applicable,Very Low,No Rating,Very Low,Not Applicable,Relatively Low
South Dakota,SD,Jones,County,,Not Applicable,Relatively Moderate,Very Low,Very Low,Not Applicable,Very Low,Very Low,Very Low,Not Applicable,Relatively Low
South Dakota,SD,Perkins,County,,Not Applicable,Relatively High,Very Low,Relatively Low,Not Applicable,Relatively Low,Very Low,Very Low,Not Applicable,Relatively Low
South Dakota,SD,Haakon,County,,Not Applicable,Relatively Moderate,Very Low,Relatively Low,Not Applicable,Very Low,Very Low,Very Low,Not Applicable,Relatively Low
South Dakota,SD,Ziebach,County,,Not Applicable,Relatively High,Very Low,Relatively Low,Not Applicable,Relatively Low,Relatively Low,Very Low,Not Applicable,Relatively Low
South Dakota,SD,Sully,County,,Not Applicable,Relatively Moderate,Very Low,Relatively Low,Not Applicable,Very Low,Very Low,Very Low,Not Applicable,Relatively Low
South Dakota,SD,Mellette,County,,Not Applicable,Relatively Moderate,Very Low,Relatively Low,Not Applicable,Relatively Low,No Rating,Very Low,Not Applicable,Relatively Low
South Dakota,SD,Hyde,County,,Not Applicable,Relatively Moderate,Very Low,Very Low,Not Applicable,Relatively Low,Very Low,Very Low,Not Applicable,Relatively Low
South Dakota,SD,Jackson,County,,Not Applicable,Relatively Moderate,Very Low,Relatively Low,Not Applicable,Relatively Low,Very Low,Very Low,Not Applicable,Relatively Low
South Dakota,SD,Corson,County,,Not Applicable,Relatively High,Very Low,Relatively Low,Not Applicable,Relatively Low,Very Low,Very Low,Not Applicable,Relatively Low
South Dakota,SD,Campbell,County,,Not Applicable,Relatively Moderate,Very Low,Relatively Low,Not Applicable,Relatively Low,Very Low,Very Low,Not Applicable,Relatively Low
South Dakota,SD,Stanley,County,,Not Applicable,Relatively Moderate,Very Low,Relatively Low,Not Applicable,Relatively Low,Relatively Low,Very Low,Not Applicable,Very Low
South Dakota,SD,McPherson,County,,Not Applicable,Relatively High,Very Low,Relatively Low,Not Applicable,Relatively Low,Very Low,Very Low,Not Applicable,Relatively Low
South Dakota,SD,Faulk,County,,Not Applicable,Relatively High,Very Low,Relatively Low,Not Applicable,Very Low,Very Low,Very Low,Not Applicable,Relatively Low
South Dakota,SD,Hand,County,,Not Applicable,Relatively Moderate,Very Low,Very Low,Not Applicable,Relatively Low,Very Low,Very Low,Not Applicable,Relatively Low
South Dakota,SD,Lyman,County,,Not Applicable,Relatively Moderate,Very Low,Relatively Low,Not Applicable,Relatively Low,Very Low,Very Low,Not Applicable,Very Low
South Dakota,SD,Dewey,County,,Not Applicable,Relatively High,Very Low,Relatively Low,Not Applicable,Relatively Moderate,Very Low,Very Low,Not Applicable,Relatively Low
South Dakota,SD,Bennett,County,,Not Applicable,Relatively Moderate,Very Low,Relatively Low,Not Applicable,Relatively Low,No Rating,Very Low,Not Applicable,Relatively Low
South Dakota,SD,Potter,County,,Not Applicable,Relatively Moderate,Very Low,Relatively Low,Not Applicable,Relatively Low,No Rating,Very Low,Not Applicable,Very Low
South Dakota,SD,Jerauld,County,,Not Applicable,Relatively Moderate,Very Low,Very Low,Not Applicable,Relatively Low,Very Low,Very Low,Not Applicable,Relatively Low
South Dakota,SD,Tripp,County,,Not Applicable,Relatively High,Very Low,Relatively Low,Not Applicable,Relatively Moderate,Very Low,Relatively Low,Not Applicable,Relatively Low
South Dakota,SD,Edmunds,County,,Not Applicable,Relatively High,Very Low,Relatively Low,Not Applicable,Relatively Low,Very Low,Very Low,Not Applicable,Relatively Low
South Dakota,SD,Aurora,County,,Not Applicable,Relatively Moderate,Very Low,Very Low,Not Applicable,Relatively Moderate,Very Low,Relatively Low,Not Applicable,Relatively Low
South Dakota,SD,Gregory,County,,Not Applicable,Relatively Moderate,Very Low,Very Low,Not Applicable,Relatively Moderate,Very Low,Relatively Low,Not Applicable,Relatively Low
South Dakota,SD,Fall River,County,,Not Applicable,Relatively Moderate,Very Low,No Rating,Not Applicable,Very Low,Relatively Low,Very Low,Not Applicable,Relatively Moderate
South Dakota,SD,Clark,County,,Not Applicable,Relatively High,Very Low,Relatively Low,Not Applicable,Relatively Low,Very Low,Relatively Low,Not Applicable,Very Low
South Dakota,SD,Miner,County,,Not Applicable,Relatively High,Very Low,Very Low,Not Applicable,Relatively Moderate,Very Low,Relatively Low,Not Applicable,Very Low
South Dakota,SD,Sanborn,County,,Not Applicable,Relatively Moderate,Very Low,Very Low,Not Applicable,Relatively Moderate,Relatively Low,Relatively Low,Not Applicable,Relatively Low
South Dakota,SD,Buffalo,County,,Not Applicable,Relatively Moderate,Very Low,Very Low,Not Applicable,Relatively Low,No Rating,Very Low,Not Applicable,Relatively Low
South Dakota,SD,Spink,County,,Not Applicable,Relatively High,Very Low,Relatively Low,Not Applicable,Relatively Moderate,Relatively Moderate,Relatively Low,Not Applicable,Relatively Low
South Dakota,SD,Butte,County,,Not Applicable,Relatively High,Very Low,Very Low,Not Applicable,Very Low,Relatively Low,Very Low,Not Applicable,Relatively Moderate
South Dakota,SD,Marshall,County,,Not Applicable,Relatively High,Very Low,Relatively Low,Not Applicable,Relatively Low,Very Low,Relatively Low,Not Applicable,Relatively Low
South Dakota,SD,Day,County,,Not Applicable,Relatively High,Very Low,Relatively Low,Not Applicable,Relatively Moderate,Relatively Low,Relatively Low,Not Applicable,Relatively Low
South Dakota,SD,Custer,County,,Not Applicable,Relatively Moderate,Very Low,No Rating,Not Applicable,Very Low,Relatively Low,Very Low,Not Applicable,Relatively Moderate
South Dakota,SD,Brule,County,,Not Applicable,Relatively High,Very Low,Very Low,Not Applicable,Relatively Moderate,Very Low,Relatively Low,Not Applicable,Relatively Low
South Dakota,SD,Kingsbury,County,,Not Applicable,Relatively High,Very Low,Relatively Low,Not Applicable,Relatively Moderate,Very Low,Relatively Low,Not Applicable,Very Low
South Dakota,SD,Oglala Lakota,County,,Not Applicable,Relatively High,Very Low,No Rating,Not Applicable,Very Low,Very Low,Relatively Low,Not Applicable,Relatively Moderate
South Dakota,SD,Douglas,County,,Not Applicable,Relatively Moderate,Very Low,Relatively Low,Not Applicable,Relatively Moderate,Very Low,Relatively Low,Not Applicable,Very Low
South Dakota,SD,Todd,County,,Not Applicable,Relatively High,Very Low,Relatively Low,Not Applicable,Relatively Moderate,Very Low,Relatively Low,Not Applicable,Relatively Moderate
South Dakota,SD,Deuel,County,,Not Applicable,Relatively High,Very Low,Relatively Low,Not Applicable,Relatively Moderate,Very Low,Relatively Low,Not Applicable,Relatively Low
South Dakota,SD,Walworth,County,,Not Applicable,Relatively High,Very Low,Relatively Low,Not Applicable,Relatively Low,Very Low,Very Low,Not Applicable,Relatively Low
South Dakota,SD,Hanson,County,,Not Applicable,Relatively Moderate,Very Low,Very Low,Not Applicable,Relatively Moderate,Relatively Low,Relatively Low,Not Applicable,Very Low
South Dakota,SD,Charles Mix,County,,Not Applicable,Relatively Low,Very Low,Relatively Low,Not Applicable,Relatively Moderate,Relatively Low,Relatively Low,Not Applicable,Relatively Low
South Dakota,SD,Meade,County,,Not Applicable,Relatively High,Very Low,Very Low,Not Applicable,Relatively Low,Relatively Low,Relatively Low,Not Applicable,Relatively High
South Dakota,SD,Hutchinson,County,,Not Applicable,Relatively High,Very Low,Relatively Low,Not Applicable,Relatively High,Relatively Low,Relatively Moderate,Not Applicable,Very Low
South Dakota,SD,Roberts,County,,Not Applicable,Very High,Very Low,Relatively Low,Not Applicable,Relatively Moderate,Relatively Low,Relatively Low,Not Applicable,Relatively Low
South Dakota,SD,McCook,County,,Not Applicable,Relatively High,Very Low,Relatively Low,Not Applicable,Relatively Moderate,Relatively Low,Relatively Moderate,Not Applicable,Very Low
South Dakota,SD,Grant,County,,Not Applicable,Relatively High,Very Low,Relatively Low,Not Applicable,Relatively Moderate,Relatively Low,Relatively Low,Not Applicable,Very Low
South Dakota,SD,Hamlin,County,,Not Applicable,Relatively High,Very Low,Relatively Low,Not Applicable,Relatively Low,Relatively Low,Relatively Low,Not Applicable,Very Low
South Dakota,SD,Moody,County,,Not Applicable,Relatively High,Very Low,Very Low,Not Applicable,Relatively Moderate,Relatively Low,Relatively Low,Not Applicable,Very Low
South Dakota,SD,Bon Homme,County,,Not Applicable,Relatively Low,Very Low,Relatively Low,Not Applicable,Relatively Moderate,Very Low,Relatively Low,Not Applicable,Very Low
South Dakota,SD,Turner,County,,Not Applicable,Relatively High,Very Low,Relatively Low,Not Applicable,Relatively Moderate,Relatively Moderate,Relatively Moderate,Not Applicable,Very Low
South Dakota,SD,Beadle,County,,Not Applicable,Very High,Very Low,Relatively Low,Not Applicable,Relatively Moderate,Relatively Low,Relatively Low,Not Applicable,Relatively Low
South Dakota,SD,Lake,County,,Not Applicable,Relatively High,Very Low,Relatively Low,Not Applicable,Relatively Moderate,Relatively Low,Relatively Moderate,Not Applicable,Very Low
South Dakota,SD,Brown,County,,Not Applicable,Very High,Very Low,Relatively Moderate,Not Applicable,Relatively High,Relatively Moderate,Relatively Moderate,Not Applicable,Relatively Low
South Dakota,SD,Hughes,County,,Not Applicable,Relatively High,Very Low,Relatively Low,Not Applicable,Relatively Moderate,Relatively Low,Relatively Low,Not Applicable,Relatively Low
South Dakota,SD,Lawrence,County,,Not Applicable,Relatively High,Very Low,No Rating,Not Applicable,Very Low,Relatively Low,Relatively Low,Not Applicable,Relatively Moderate
South Dakota,SD,Clay,County,,Not Applicable,Relatively Low,Very Low,Relatively Low,Not Applicable,Relatively Moderate,Relatively Moderate,Relatively Moderate,Not Applicable,Very Low
South Dakota,SD,Union,County,,Not Applicable,Relatively Low,Very Low,Relatively Low,Not Applicable,Relatively Moderate,Relatively Moderate,Relatively Moderate,Not Applicable,Very Low
South Dakota,SD,Pennington,County,,Not Applicable,Very High,Very Low,No Rating,Not Applicable,Relatively High,Relatively Moderate,Relatively Low,Not Applicable,Relatively High
South Dakota,SD,Codington,County,,Not Applicable,Very High,Very Low,Relatively Moderate,Not Applicable,Relatively Moderate,Relatively Moderate,Relatively Moderate,Not Applicable,Relatively Low
South Dakota,SD,Brookings,County,,Not Applicable,Very High,Very Low,Relatively Low,Not Applicable,Relatively Moderate,Relatively Moderate,Relatively Moderate,Not Applicable,Relatively Low
South Dakota,SD,Yankton,County,,Not Applicable,Relatively Moderate,Very Low,Relatively Low,Not Applicable,Relatively Moderate,Relatively Moderate,Relatively Moderate,Not Applicable,Relatively Low
South Dakota,SD,Davison,County,,Not Applicable,Relatively High,Very Low,Relatively Low,Not Applicable,Relatively High,Relatively Low,Relatively Moderate,Not Applicable,Relatively Low
South Dakota,SD,Lincoln,County,,Not Applicable,Very High,Very Low,Relatively Low,Not Applicable,Relatively High,Relatively Moderate,Relatively High,Not Applicable,Very Low
South Dakota,SD,Minnehaha,County,,Not Applicable,Very High,Very Low,Relatively Moderate,Not Applicable,Relatively Moderate,Relatively Moderate,Relatively High,Not Applicable,Very Low
Tennessee,TN,Perry,County,,Not Applicable,Very Low,Relatively Low,Relatively Low,Very Low,Very Low,Relatively Low,Relatively Low,Not Applicable,Very Low
Tennessee,TN,Wayne,County,,Not Applicable,No Rating,Relatively Low,Relatively Low,Very Low,Very Low,Relatively Low,Relatively Low,Not Applicable,Very Low
Tennessee,TN,Van Buren,County,,Not Applicable,No Rating,Very Low,No Rating,Very Low,Very Low,Very Low,Relatively Low,Not Applicable,Very Low
Tennessee,TN,Stewart,County,,Not Applicable,Relatively Low,Relatively Low,Relatively Low,Very Low,Very Low,Relatively Low,Relatively Low,Not Applicable,Very Low
Tennessee,TN,Hancock,County,,Not Applicable,Relatively Low,Very Low,No Rating,Very Low,Very Low,Very Low,Very Low,Not Applicable,Very Low
Tennessee,TN,Pickett,County,,Not Applicable,No Rating,Very Low,No Rating,Very Low,Relatively Low,Very Low,Very Low,Not Applicable,Very Low
Tennessee,TN,Clay,County,,Not Applicable,No Rating,Very Low,No Rating,Very Low,Relatively Low,Very Low,Relatively Low,Not Applicable,Very Low
Tennessee,TN,Haywood,County,,Not Applicable,No Rating,Relatively Moderate,Relatively Moderate,Very Low,Very Low,Relatively Low,Relatively Low,Not Applicable,Very Low
Tennessee,TN,Decatur,County,,Not Applicable,Very Low,Relatively Low,Relatively Low,Very Low,Very Low,Relatively Low,Relatively Low,Not Applicable,Very Low
Tennessee,TN,Hardeman,County,,Not Applicable,No Rating,Relatively Low,Relatively Moderate,Very Low,Very Low,Very Low,Relatively Moderate,Not Applicable,Very Low
Tennessee,TN,Humphreys,County,,Not Applicable,Relatively Low,Relatively Low,Relatively Low,Very Low,Very Low,Relatively Low,Relatively Moderate,Not Applicable,Very Low
Tennessee,TN,Bledsoe,County,,Not Applicable,Relatively Low,Very Low,No Rating,Very Low,Relatively Low,Very Low,Relatively Low,Not Applicable,Very Low
Tennessee,TN,Fentress,County,,Not Applicable,No Rating,Very Low,No Rating,Very Low,Relatively Moderate,Very Low,Relatively Low,Not Applicable,Relatively Low
Tennessee,TN,Grundy,County,,Not Applicable,No Rating,Very Low,No Rating,Very Low,Very Low,Very Low,Relatively Low,Not Applicable,Very Low
Tennessee,TN,Jackson,County,,Not Applicable,No Rating,Very Low,No Rating,Very Low,Relatively Low,Relatively Low,Relatively Low,Not Applicable,Very Low
Tennessee,TN,Benton,County,,Not Applicable,Relatively Low,Relatively Low,Relatively Low,Very Low,Very Low,Very Low,Relatively Low,Not Applicable,Very Low
Tennessee,TN,Morgan,County,,Not Applicable,Relatively Low,Very Low,No Rating,Very Low,Relatively Moderate,Relatively Low,Relatively Low,Not Applicable,Relatively Low
Tennessee,TN,Polk,County,,Not Applicable,Relatively Low,Relatively Low,No Rating,Very Low,Relatively Low,Relatively Low,Relatively Low,Not Applicable,Very Low
Tennessee,TN,Hickman,County,,Not Applicable,No Rating,Relatively Low,Relatively Low,Very Low,Very Low,Relatively Low,Relatively Moderate,Not Applicable,Very Low
Tennessee,TN,Scott,County,,Not Applicable,Relatively Low,Very Low,No Rating,Very Low,Relatively Moderate,Relatively Low,Relatively Low,Not Applicable,Relatively Low
Tennessee,TN,Houston,County,,Not Applicable,Relatively Low,Relatively Low,Relatively Low,Very Low,Relatively Low,Relatively Low,Relatively Low,Not Applicable,Very Low
Tennessee,TN,Lake,County,,Not Applicable,No Rating,Relatively Low,Relatively Low,Very Low,Very Low,Very Low,Relatively Low,Not Applicable,Very Low
Tennessee,TN,Lewis,County,,Not Applicable,No Rating,Relatively Low,Relatively Low,Very Low,Very Low,Very Low,Relatively Low,Not Applicable,Very Low
Tennessee,TN,McNairy,County,,Not Applicable,No Rating,Relatively Low,Relatively Moderate,Very Low,Very Low,Relatively Low,Relatively Low,Not Applicable,Very Low
Tennessee,TN,Hardin,County,,Not Applicable,No Rating,Relatively Low,Relatively Low,Very Low,Very Low,Relatively Low,Relatively Low,Not Applicable,Very Low
Tennessee,TN,Carroll,County,,Not Applicable,No Rating,Relatively Low,Relatively Moderate,Very Low,Relatively Low,Relatively Low,Relatively Moderate,Not Applicable,Very Low
Tennessee,TN,Giles,County,,Not Applicable,No Rating,Relatively Low,Relatively Low,Very Low,Very Low,Relatively Low,Relatively Moderate,Not Applicable,Very Low
Tennessee,TN,Moore,County,,Not Applicable,Relatively Low,Very Low,Very Low,Very Low,Relatively Low,Very Low,Relatively Low,Not Applicable,Very Low
Tennessee,TN,Overton,County,,Not Applicable,No Rating,Very Low,No Rating,Very Low,Relatively Moderate,Relatively Low,Relatively Low,Not Applicable,Very Low
Tennessee,TN,Crockett,County,,Not Applicable,No Rating,Relatively Low,Relatively Low,Very Low,Very Low,Relatively Low,Relatively Low,Not Applicable,Very Low
Tennessee,TN,Lauderdale,County,,Not Applicable,No Rating,Relatively Moderate,Relatively Moderate,Very Low,Very Low,Relatively Low,Relatively Moderate,Not Applicable,Very Low
Tennessee,TN,Henderson,County,,Not Applicable,No Rating,Relatively Low,Relatively Moderate,Very Low,Very Low,Relatively Low,Relatively Moderate,Not Applicable,Very Low
Tennessee,TN,Cannon,County,,Not Applicable,No Rating,Very Low,No Rating,Very Low,Relatively Low,Relatively Low,Relatively Low,Not Applicable,Very Low
Tennessee,TN,Obion,County,,Not Applicable,No Rating,Relatively Moderate,Relatively Moderate,Very Low,Relatively Low,Relatively Low,Relatively Low,Not Applicable,Very Low
Tennessee,TN,Weakley,County,,Not Applicable,No Rating,Relatively Moderate,Relatively Moderate,Very Low,Relatively Low,Very Low,Relatively Moderate,Not Applicable,Very Low
Tennessee,TN,Henry,County,,Not Applicable,Very Low,Relatively Low,Relatively Moderate,Very Low,Relatively Low,Very Low,Relatively Moderate,Not Applicable,Very Low
Tennessee,TN,Marion,County,,Not Applicable,Relatively Low,Relatively Low,No Rating,Very Low,Relatively Low,Relatively Moderate,Relatively Moderate,Not Applicable,Very Low
Tennessee,TN,Fayette,County,,Not Applicable,No Rating,Relatively Moderate,Relatively Moderate,Very Low,Very Low,Relatively Low,Relatively Moderate,Not Applicable,Very Low
Tennessee,TN,Sequatchie,County,,Not Applicable,Relatively Low,Very Low,No Rating,Very Low,Relatively Low,Relatively Low,Relatively Low,Not Applicable,Very Low
Tennessee,TN,Johnson,County,,Not Applicable,Relatively Moderate,Very Low,No Rating,Very Low,Very Low,Relatively Low,Very Low,Not Applicable,Very Low
Tennessee,TN,Chester,County,,Not Applicable,No Rating,Relatively Low,Relatively Low,Very Low,Very Low,Very Low,Relatively Moderate,Not Applicable,Very Low
Tennessee,TN,Lincoln,County,,Not Applicable,Relatively Moderate,Relatively Low,Relatively Low,Very Low,Relatively Moderate,Relatively Low,Relatively Moderate,Not Applicable,Very Low
Tennessee,TN,Smith,County,,Not Applicable,No Rating,Very Low,No Rating,Very Low,Relatively Moderate,Relatively Low,Relatively Low,Not Applicable,Very Low
Tennessee,TN,Meigs,County,,Not Applicable,No Rating,Very Low,No Rating,Very Low,Very Low,Very Low,Relatively Low,Not Applicable,Very Low
Tennessee,TN,DeKalb,County,,Not Applicable,No Rating,Relatively Low,No Rating,Very Low,Relatively Moderate,Very Low,Relatively Low,Not Applicable,Very Low
Tennessee,TN,Lawrence,County,,Not Applicable,No Rating,Relatively Low,Relatively Low,Very Low,Relatively Low,Relatively Low,Relatively Moderate,Not Applicable,Very Low
Tennessee,TN,Dyer,County,,Not Applicable,No Rating,Relatively Moderate,Relatively Moderate,Very Low,Very Low,Relatively Low,Relatively Moderate,Not Applicable,Very Low
Tennessee,TN,White,County,,Not Applicable,No Rating,Relatively Low,No Rating,Very Low,Very Low,Very Low,Relatively Low,Not Applicable,Very Low
Tennessee,TN,Monroe,County,,Not Applicable,Relatively Low,Relatively Low,No Rating,Very Low,Very Low,Relatively Low,Relatively Low,Not Applicable,Very Low
Tennessee,TN,Claiborne,County,,Not Applicable,Relatively Low,Relatively Low,No Rating,Very Low,Relatively Low,Relatively Low,Relatively Low,Not Applicable,Relatively Moderate
Tennessee,TN,Franklin,County,,Not Applicable,Relatively Moderate,Relatively Low,Relatively Low,Very Low,Relatively Moderate,Relatively Low,Relatively Moderate,Not Applicable,Very Low
Tennessee,TN,Campbell,County,,Not Applicable,Relatively Low,Relatively Low,No Rating,Very Low,Relatively Moderate,Relatively Low,Relatively Low,Not Applicable,Relatively Low
Tennessee,TN,Macon,County,,Not Applicable,No Rating,Relatively Low,No Rating,Very Low,Relatively Moderate,Relatively Low,Relatively Low,Not Applicable,Very Low
Tennessee,TN,Cocke,County,,Not Applicable,Relatively Low,Relatively Low,No Rating,Very Low,Very Low,Relatively Low,Relatively Low,Not Applicable,Very Low
Tennessee,TN,Gibson,County,,Not Applicable,No Rating,Relatively Moderate,Relatively Moderate,Very Low,Very Low,Relatively Moderate,Relatively Moderate,Not Applicable,Very Low
Tennessee,TN,Grainger,County,,Not Applicable,No Rating,Very Low,No Rating,Very Low,Relatively Low,Very Low,Relatively Low,Not Applicable,Very Low
Tennessee,TN,Union,County,,Not Applicable,No Rating,Very Low,No Rating,Very Low,Relatively Low,Very Low,Relatively Low,Not Applicable,Very Low
Tennessee,TN,Cumberland,County,,Not Applicable,No Rating,Relatively Low,No Rating,Very Low,Relatively Moderate,Very Low,Relatively Moderate,Not Applicable,Relatively Low
Tennessee,TN,Marshall,County,,Not Applicable,No Rating,Relatively Low,Relatively Low,Very Low,Very Low,Relatively Low,Relatively Moderate,Not Applicable,Very Low
Tennessee,TN,Warren,County,,Not Applicable,No Rating,Relatively Low,No Rating,Very Low,Very Low,Very Low,Relatively Moderate,Not Applicable,Very Low
Tennessee,TN,Unicoi,County,,Not Applicable,Relatively Low,Very Low,No Rating,Very Low,Very Low,Very Low,Very Low,Not Applicable,Very Low
Tennessee,TN,Trousdale,County,,Not Applicable,No Rating,Very Low,No Rating,Very Low,Relatively Low,Very Low,Relatively Low,Not Applicable,Very Low
Tennessee,TN,Rhea,County,,Not Applicable,No Rating,Relatively Low,No Rating,Very Low,Very Low,Relatively Moderate,Relatively Low,Not Applicable,Very Low
Tennessee,TN,Bedford,County,,Not Applicable,No Rating,Relatively Low,Relatively Low,Very Low,Very Low,Relatively Low,Relatively Moderate,Not Applicable,Very Low
Tennessee,TN,Dickson,County,,Not Applicable,Relatively Low,Relatively Low,Relatively Low,Very Low,Relatively Low,Relatively Low,Relatively Moderate,Not Applicable,Very Low
Tennessee,TN,Greene,County,,Not Applicable,Relatively Moderate,Relatively Low,No Rating,Very Low,Relatively Moderate,Relatively Low,Relatively Low,Not Applicable,Very Low
Tennessee,TN,Hawkins,County,,Not Applicable,Relatively Low,Relatively Low,No Rating,Very Low,Relatively Low,Very Low,Relatively Low,Not Applicable,Very Low
Tennessee,TN,McMinn,County,,Not Applicable,No Rating,Relatively Low,No Rating,Very Low,Relatively Moderate,Relatively Low,Relatively Moderate,Not Applicable,Very Low
Tennessee,TN,Tipton,County,,Not Applicable,No Rating,Relatively Moderate,Relatively Moderate,Very Low,Very Low,Relatively Low,Relatively Moderate,Not Applicable,Very Low
Tennessee,TN,Coffee,County,,Not Applicable,No Rating,Relatively Low,No Rating,Very Low,Relatively Low,Relatively Low,Relatively Moderate,Not Applicable,Very Low
Tennessee,TN,Cheatham,County,,Not Applicable,Relatively Low,Relatively Low,Relatively Low,Very Low,Very Low,Relatively Low,Relatively Moderate,Not Applicable,Very Low
Tennessee,TN,Roane,County,,Not Applicable,No Rating,Relatively Low,No Rating,Very Low,Very Low,Relatively Low,Relatively Low,Not Applicable,Very Low
Tennessee,TN,Robertson,County,,Not Applicable,Relatively Low,Relatively Low,Relatively Low,Very Low,Relatively Low,Very Low,Relatively Moderate,Not Applicable,Very Low
Tennessee,TN,Maury,County,,Not Applicable,No Rating,Relatively Low,Relatively Low,Very Low,Relatively Low,Relatively Low,Relatively High,Not Applicable,Very Low
Tennessee,TN,Carter,County,,Not Applicable,Relatively Low,Very Low,No Rating,Very Low,Relatively Low,Relatively Moderate,Relatively Low,Not Applicable,Very Low
Tennessee,TN,Sevier,County,,Not Applicable,Relatively Low,Relatively Low,No Rating,Very Low,Very Low,Relatively Moderate,Relatively Moderate,Not Applicable,Very Low
Tennessee,TN,Madison,County,,Not Applicable,No Rating,Relatively Moderate,Relatively Moderate,Very Low,Relatively Low,Relatively Moderate,Relatively High,Not Applicable,Very Low
Tennessee,TN,Jefferson,County,,Not Applicable,No Rating,Relatively Low,No Rating,Very Low,Very Low,Relatively Low,Relatively Low,Not Applicable,Very Low
Tennessee,TN,Putnam,County,,Not Applicable,No Rating,Relatively Low,No Rating,Very Low,Relatively Low,Relatively Low,Relatively Moderate,Not Applicable,Very Low
Tennessee,TN,Anderson,County,,Not Applicable,No Rating,Relatively Low,No Rating,Very Low,Relatively Low,Relatively Low,Relatively Moderate,Not Applicable,Very Low
Tennessee,TN,Loudon,County,,Not Applicable,No Rating,Relatively Low,No Rating,Very Low,Very Low,Relatively Low,Relatively Low,Not Applicable,Very Low
Tennessee,TN,Blount,County,,Not Applicable,Very Low,Relatively Low,No Rating,Very Low,Very Low,Relatively Low,Relatively Moderate,Not Applicable,Very Low
Tennessee,TN,Wilson,County,,Not Applicable,No Rating,Relatively Low,Relatively Low,Very Low,Relatively High,Relatively Moderate,Relatively Moderate,Not Applicable,Very Low
Tennessee,TN,Bradley,County,,Not Applicable,No Rating,Relatively Low,No Rating,Very Low,Relatively Moderate,Relatively Moderate,Relatively Moderate,Not Applicable,Very Low
Tennessee,TN,Sumner,County,,Not Applicable,Relatively High,Relatively Low,Relatively Low,Very Low,Very High,Relatively Low,Relatively High,Not Applicable,Very Low
Tennessee,TN,Sullivan,County,,Not Applicable,Relatively Low,Relatively Low,No Rating,Very Low,Relatively Low,Relatively Low,Relatively Low,Not Applicable,Very Low
Tennessee,TN,Hamblen,County,,Not Applicable,Very Low,Relatively Low,No Rating,Very Low,Relatively Moderate,Very Low,Relatively Low,Not Applicable,Very Low
Tennessee,TN,Washington,County,,Not Applicable,Relatively Low,Relatively Low,No Rating,Very Low,Relatively Moderate,Relatively Low,Relatively Low,Not Applicable,Very Low
Tennessee,TN,Montgomery,County,,Not Applicable,Relatively Moderate,Relatively Moderate,Relatively Moderate,Very Low,Relatively Low,Relatively Low,Relatively High,Not Applicable,Very Low
Tennessee,TN,Williamson,County,,Not Applicable,No Rating,Relatively Moderate,Relatively Low,Very Low,Relatively Low,Relatively Low,Relatively Moderate,Not Applicable,Very Low
Tennessee,TN,Rutherford,County,,Not Applicable,No Rating,Relatively Moderate,Relatively Moderate,Very Low,Relatively High,Relatively Moderate,Relatively High,Not Applicable,Very Low
Tennessee,TN,Hamilton,County,,Not Applicable,No Rating,Relatively Moderate,No Rating,Very Low,Relatively High,Relatively Moderate,Relatively High,Not Applicable,Very Low
Tennessee,TN,Knox,County,,Not Applicable,No Rating,Relatively Moderate,No Rating,Very Low,Very High,Relatively Moderate,Relatively High,Not Applicable,Very Low
Tennessee,TN,Shelby,County,,Not Applicable,No Rating,Relatively High,Very High,Relatively Low,Relatively High,Very High,Very High,Not Applicable,Very Low
Tennessee,TN,Davidson,County,,Not Applicable,Relatively Moderate,Relatively Moderate,Relatively Moderate,Very Low,Relatively Low,Very High,Relatively High,Not Applicable,Relatively Low
Texas,TX,Loving,County,,Not Applicable,Very Low,Very Low,Very Low,Very Low,Very Low,No Rating,Very Low,Not Applicable,Very Low
Texas,TX,Kenedy,County,,No Rating,Relatively Low,Very Low,Very Low,Relatively Low,Very Low,Very Low,Very Low,Insufficient Data,Very Low
Texas,TX,King,County,,Not Applicable,Relatively Low,Very Low,No Rating,Very Low,Very Low,No Rating,Very Low,Not Applicable,Very Low
Texas,TX,Terrell,County,,Not Applicable,No Rating,Very Low,Very Low,Very Low,Very Low,Relatively Low,Very Low,Not Applicable,Very Low
Texas,TX,McMullen,County,,Not Applicable,Relatively Low,Very Low,Very Low,Very Low,Very Low,Very Low,Very Low,Not Applicable,Very Low
Texas,TX,Culberson,County,,Not Applicable,Relatively Low,Very Low,Very Low,Very Low,Relatively High,Very Low,Very Low,Not Applicable,Relatively Low
Texas,TX,Edwards,County,,Not Applicable,Relatively Low,Very Low,Very Low,Very Low,Very Low,Relatively Low,Very Low,Not Applicable,Relatively Low
Texas,TX,Borden,County,,Not Applicable,Relatively Low,Very Low,Very Low,Very Low,Very Low,No Rating,Very Low,Not Applicable,Relatively Low
Texas,TX,Hudspeth,County,,Not Applicable,Very Low,Very Low,No Rating,Very Low,Relatively Moderate,Very Low,Very Low,Not Applicable,Very Low
Texas,TX,Kent,County,,Not Applicable,Relatively Low,Very Low,No Rating,Very Low,Very Low,No Rating,Very Low,Not Applicable,Relatively Low
Texas,TX,Jeff Davis,County,,Not Applicable,Relatively Low,Very Low,Very Low,Very Low,Relatively Moderate,Very Low,Very Low,Not Applicable,Relatively Moderate
Texas,TX,Roberts,County,,Not Applicable,Relatively Low,Very Low,No Rating,Very Low,Very Low,No Rating,Very Low,Not Applicable,Relatively Low
Texas,TX,Motley,County,,Not Applicable,Relatively Low,Very Low,No Rating,Very Low,Very Low,Very Low,Very Low,Not Applicable,Relatively Low
Texas,TX,Crockett,County,,Not Applicable,Relatively Low,Very Low,Relatively Low,Very Low,Very Low,Relatively Low,Very Low,Not Applicable,Relatively Low
Texas,TX,Oldham,County,,Not Applicable,Relatively Moderate,Very Low,No Rating,Not Applicable,Very Low,Very Low,Very Low,Not Applicable,Relatively Low
Texas,TX,Glasscock,County,,Not Applicable,Relatively Low,Very Low,Very Low,Very Low,Very Low,Very Low,Very Low,Not Applicable,Relatively Low
Texas,TX,Stonewall,County,,Not Applicable,Relatively Low,Very Low,No Rating,Very Low,Very Low,Very Low,Very Low,Not Applicable,Relatively Low
Texas,TX,Irion,County,,Not Applicable,Relatively Low,Very Low,Relatively Low,Very Low,Very Low,Very Low,Very Low,Not Applicable,Relatively Moderate
Texas,TX,Sterling,County,,Not Applicable,Relatively Low,Very Low,Very Low,Very Low,Very Low,No Rating,Very Low,Not Applicable,Relatively Low
Texas,TX,Cottle,County,,Not Applicable,Relatively Low,Very Low,No Rating,Very Low,Very Low,No Rating,Very Low,Not Applicable,Relatively Low
Texas,TX,Brewster,County,,Not Applicable,Relatively Low,Very Low,Relatively Low,Very Low,Very Low,Relatively Moderate,Very Low,Not Applicable,Relatively Moderate
Texas,TX,Foard,County,,Not Applicable,Relatively Low,Very Low,Relatively Low,Very Low,Very Low,Very Low,Very Low,Not Applicable,Very Low
Texas,TX,Throckmorton,County,,Not Applicable,Relatively Low,Very Low,Relatively Low,Very Low,Very Low,Very Low,Very Low,Not Applicable,Relatively Low
Texas,TX,Presidio,County,,Not Applicable,Relatively Low,Very Low,Relatively Low,Very Low,Relatively Low,Relatively Low,Very Low,Not Applicable,Relatively Low
Texas,TX,Briscoe,County,,Not Applicable,Relatively Low,Very Low,No Rating,No Rating,Very Low,Very Low,Very Low,Not Applicable,Relatively Low
Texas,TX,Schleicher,County,,Not Applicable,Relatively Low,Very Low,Relatively Low,Very Low,Very Low,Very Low,Very Low,Not Applicable,Relatively Moderate
Texas,TX,Dickens,County,,Not Applicable,Relatively Low,Very Low,No Rating,Very Low,Very Low,Very Low,Very Low,Not Applicable,Relatively Low
Texas,TX,Armstrong,County,,Not Applicable,Relatively Low,Very Low,Very Low,Not Applicable,Very Low,No Rating,Very Low,Not Applicable,Relatively Low
Texas,TX,Menard,County,,Not Applicable,Relatively Low,Very Low,Relatively Low,Very Low,Very Low,Relatively Low,Very Low,Not Applicable,Relatively Low
Texas,TX,Kinney,County,,Not Applicable,Relatively Low,Very Low,Relatively Low,Very Low,Very Low,Very Low,Very Low,Not Applicable,Very Low
Texas,TX,Sutton,County,,Not Applicable,Relatively Low,Very Low,Relatively Low,Very Low,Very Low,Relatively Moderate,Very Low,Not Applicable,Relatively Moderate
Texas,TX,Concho,County,,Not Applicable,Relatively Low,Very Low,Relatively Low,Very Low,Very Low,Very Low,Very Low,Not Applicable,Relatively Low
Texas,TX,Upton,County,,Not Applicable,Relatively Low,Very Low,Very Low,Very Low,Very Low,Very Low,Very Low,Not Applicable,Very Low
Texas,TX,Reagan,County,,Not Applicable,Relatively Low,Very Low,Very Low,Very Low,Very Low,Very Low,Very Low,Not Applicable,Relatively Low
Texas,TX,Collingsworth,County,,Not Applicable,Relatively Moderate,Very Low,No Rating,Very Low,Very Low,Very Low,Relatively Low,Not Applicable,Relatively Low
Texas,TX,Sherman,County,,Not Applicable,Very High,Very Low,No Rating,Not Applicable,Very Low,No Rating,Very Low,Not Applicable,Relatively Low
Texas,TX,Pecos,County,,Not Applicable,Relatively Low,Very Low,Relatively Low,Very Low,Very Low,Very Low,Very Low,Not Applicable,Relatively Low
Texas,TX,Hall,County,,Not Applicable,Relatively Low,Very Low,No Rating,Very Low,Very Low,Very Low,Relatively Low,Not Applicable,Relatively Low
Texas,TX,Cochran,County,,Not Applicable,Relatively Low,Very Low,Very Low,Very Low,Very Low,Very Low,Very Low,Not Applicable,Relatively Low
Texas,TX,Lipscomb,County,,Not Applicable,Relatively Moderate,Very Low,No Rating,Very Low,Relatively Moderate,Very Low,Relatively Low,Not Applicable,Relatively Low
Texas,TX,Shackelford,County,,Not Applicable,Relatively Low,Very Low,Relatively Low,Very Low,Very Low,Relatively Low,Relatively Low,Not Applicable,Relatively Low
Texas,TX,Kimble,County,,Not Applicable,Relatively Low,Very Low,Relatively Low,Very Low,Very Low,Relatively Moderate,Very Low,Not Applicable,Relatively Low
Texas,TX,Donley,County,,Not Applicable,Relatively Moderate,Very Low,No Rating,Very Low,Relatively Low,Very Low,Relatively Low,Not Applicable,Relatively Moderate
Texas,TX,Coke,County,,Not Applicable,Relatively Low,Very Low,Relatively Low,Very Low,Very Low,Very Low,Very Low,Not Applicable,Relatively Moderate
Texas,TX,Hartley,County,,Not Applicable,Very High,Very Low,No Rating,Not Applicable,Very Low,Very Low,Relatively Low,Not Applicable,Relatively Low
Texas,TX,Hemphill,County,,Not Applicable,Relatively Moderate,Very Low,No Rating,Very Low,Relatively Moderate,Very Low,Relatively Low,Not Applicable,Relatively Moderate
Texas,TX,Knox,County,,Not Applicable,Relatively Low,Very Low,Relatively Low,Very Low,Very Low,Very Low,Very Low,Not Applicable,Very Low
Texas,TX,Real,County,,Not Applicable,Relatively Low,Very Low,Very Low,Very Low,Very Low,Relatively Moderate,Very Low,Not Applicable,Relatively Low
Texas,TX,Baylor,County,,Not Applicable,Relatively Low,Very Low,Relatively Low,Very Low,Very Low,Very Low,Very Low,Not Applicable,Relatively Low
Texas,TX,Fisher,County,,Not Applicable,Relatively Low,Very Low,Relatively Low,Very Low,Very Low,Very Low,Very Low,Not Applicable,Relatively Low
Texas,TX,Jim Hogg,County,,Not Applicable,Relatively Moderate,Very Low,No Rating,Very Low,Relatively Low,Very Low,Very Low,Not Applicable,Very Low
Texas,TX,Mason,County,,Not Applicable,Relatively Low,Very Low,Relatively Low,Very Low,Very Low,Relatively Low,Very Low,Not Applicable,Relatively Low
Texas,TX,La Salle,County,,Not Applicable,Relatively Low,Very Low,Very Low,Very Low,Relatively Low,Relatively Low,Very Low,Not Applicable,Relatively Low
Texas,TX,Dallam,County,,Not Applicable,Relatively High,Very Low,No Rating,Not Applicable,Very Low,Very Low,Relatively Low,Not Applicable,Relatively Low
Texas,TX,San Saba,County,,Not Applicable,Relatively Low,Very Low,Relatively Low,Very Low,Very Low,Relatively Low,Very Low,Not Applicable,Relatively Low
Texas,TX,Hardeman,County,,Not Applicable,Relatively Low,Very Low,Relatively Low,Very Low,Relatively Low,Very Low,Relatively Low,Not Applicable,Relatively Low
Texas,TX,Floyd,County,,Not Applicable,Relatively Low,Very Low,Very Low,Very Low,Very Low,Very Low,Relatively Low,Not Applicable,Relatively Low
Texas,TX,Wheeler,County,,Not Applicable,Relatively Moderate,Very Low,No Rating,Very Low,Relatively Low,Very Low,Relatively Low,Not Applicable,Relatively Moderate
Texas,TX,Duval,County,,Not Applicable,Relatively Low,Very Low,Very Low,Relatively Low,Very Low,Relatively Low,Relatively Low,Not Applicable,Very Low
Texas,TX,Reeves,County,,Not Applicable,Relatively Low,Very Low,Relatively Low,Very Low,Relatively High,Relatively Moderate,Very Low,Not Applicable,Very Low
Texas,TX,Crosby,County,,Not Applicable,Relatively Low,Very Low,Very Low,Very Low,Relatively Low,Very Low,Relatively Low,Not Applicable,Relatively Low
Texas,TX,Martin,County,,Not Applicable,Relatively Low,Very Low,Relatively Low,Very Low,Very Low,Relatively Low,Very Low,Not Applicable,Relatively Low
Texas,TX,Hansford,County,,Not Applicable,Relatively High,Very Low,No Rating,Not Applicable,Relatively Low,Very Low,Relatively Low,Not Applicable,Relatively Low
Texas,TX,Mills,County,,Not Applicable,Relatively Low,Very Low,Relatively Low,Very Low,Very Low,Very Low,Very Low,Not Applicable,Relatively Low
Texas,TX,Crane,County,,Not Applicable,Relatively Low,Very Low,Relatively Low,Very Low,Very Low,No Rating,Very Low,Not Applicable,Very Low
Texas,TX,Haskell,County,,Not Applicable,Relatively Low,Very Low,Relatively Low,Very Low,Relatively Low,Relatively Low,Relatively Low,Not Applicable,Very Low
Texas,TX,Coleman,County,,Not Applicable,Relatively Low,Very Low,Relatively Low,Very Low,Very Low,Relatively Low,Relatively Low,Not Applicable,Relatively Low
Texas,TX,Lynn,County,,Not Applicable,Relatively Low,Very Low,Very Low,Very Low,Relatively Low,Very Low,Relatively Low,Not Applicable,Relatively Low
Texas,TX,Carson,County,,Not Applicable,Relatively Moderate,Very Low,No Rating,Not Applicable,Very Low,Very Low,Relatively Low,Not Applicable,Relatively Moderate
Texas,TX,Dimmit,County,,Not Applicable,Relatively Low,Very Low,Relatively Low,Very Low,Relatively Low,Relatively Moderate,Very Low,Not Applicable,Relatively Low
Texas,TX,Garza,County,,Not Applicable,Relatively Low,Very Low,Very Low,Very Low,Relatively Low,Very Low,Relatively Low,Not Applicable,Relatively Moderate
Texas,TX,McCulloch,County,,Not Applicable,Relatively Low,Very Low,Relatively Low,Very Low,Very Low,Very Low,Relatively Low,Not Applicable,Relatively Low
Texas,TX,Zavala,County,,Not Applicable,Relatively Low,Very Low,Relatively Low,Very Low,Relatively Low,Relatively Moderate,Very Low,Not Applicable,Very Low
Texas,TX,Brooks,County,,Not Applicable,Relatively Moderate,Very Low,Very Low,Relatively Low,Very Low,Relatively Moderate,Very Low,Not Applicable,Relatively Low
Texas,TX,Swisher,County,,Not Applicable,Relatively Moderate,Very Low,No Rating,No Rating,Very Low,Very Low,Relatively Low,Not Applicable,Relatively Low
Texas,TX,Goliad,County,,Not Applicable,Relatively Low,Very Low,No Rating,Relatively Low,Very Low,Relatively Low,Relatively Low,Not Applicable,Very Low
Texas,TX,Castro,County,,Not Applicable,Relatively Moderate,Very Low,No Rating,Not Applicable,Relatively Low,Very Low,Relatively Low,Not Applicable,Very Low
Texas,TX,Bailey,County,,Not Applicable,Relatively Moderate,Very Low,Relatively Low,No Rating,Relatively Low,Relatively Low,Relatively Low,Not Applicable,Relatively Moderate
Texas,TX,Refugio,County,,Relatively Low,Relatively Low,Very Low,No Rating,Relatively Low,Very Low,Relatively Low,Relatively Low,Insufficient Data,Very Low
Texas,TX,Childress,County,,Not Applicable,Relatively Low,Very Low,No Rating,Very Low,Relatively Moderate,Very Low,Relatively Moderate,Not Applicable,Relatively Moderate
Texas,TX,Winkler,County,,Not Applicable,Relatively Low,Very Low,Relatively Low,Very Low,Very Low,Very Low,Very Low,Not Applicable,Very Low
Texas,TX,Jack,County,,Not Applicable,Relatively Low,Very Low,Relatively Low,Very Low,Very Low,Very Low,Relatively Low,Not Applicable,Relatively Moderate
Texas,TX,Clay,County,,Not Applicable,Relatively Low,Very Low,Relatively Low,Very Low,Very Low,Very Low,Relatively Low,Not Applicable,Relatively Moderate
Texas,TX,Runnels,County,,Not Applicable,Relatively Low,Very Low,Relatively Low,Very Low,Very Low,Relatively Low,Relatively Low,Not Applicable,Relatively Low
Texas,TX,Archer,County,,Not Applicable,Relatively Low,Very Low,Relatively Low,Very Low,Very Low,Very Low,Relatively Low,Not Applicable,Relatively Low
Texas,TX,Yoakum,County,,Not Applicable,Relatively Moderate,Very Low,Relatively Low,Very Low,Relatively Low,Very Low,Relatively Low,Not Applicable,Relatively Moderate
Texas,TX,Hamilton,County,,Not Applicable,Relatively Low,Very Low,Relatively Low,Very Low,Very Low,Relatively Low,Relatively Low,Not Applicable,Relatively Low
Texas,TX,Mitchell,County,,Not Applicable,Relatively Low,Very Low,Relatively Low,Very Low,Very Low,Very Low,Relatively Low,Not Applicable,Relatively Moderate
Texas,TX,Stephens,County,,Not Applicable,Relatively Low,Very Low,Relatively Low,Very Low,Very Low,Relatively Low,Relatively Low,Not Applicable,Relatively Low
Texas,TX,Live Oak,County,,Not Applicable,Relatively Low,Very Low,Very Low,Relatively Low,Very Low,Relatively Low,Relatively Low,Not Applicable,Very Low
Texas,TX,Ochiltree,County,,Not Applicable,Relatively High,Very Low,No Rating,Very Low,Relatively Moderate,Very Low,Relatively Low,Not Applicable,Relatively Low
Texas,TX,Red River,County,,Not Applicable,No Rating,Very Low,Relatively Low,Very Low,Relatively High,Very Low,Relatively Low,Not Applicable,Very Low
Texas,TX,Parmer,County,,Not Applicable,Relatively Moderate,Very Low,No Rating,No Rating,Relatively Low,Very Low,Relatively Low,Not Applicable,Relatively Low
Texas,TX,Andrews,County,,Not Applicable,Relatively Low,Very Low,Relatively Low,Very Low,Relatively Low,Very Low,Very Low,Not Applicable,Relatively Moderate
Texas,TX,Deaf Smith,County,,Not Applicable,Very High,Very Low,No Rating,Not Applicable,Very Low,Very Low,Relatively Moderate,Not Applicable,Relatively Low
Texas,TX,Lamb,County,,Not Applicable,Relatively Moderate,Very Low,Relatively Low,No Rating,Very Low,Very Low,Relatively Low,Not Applicable,Relatively Low
Texas,TX,Newton,County,,Very Low,Relatively Low,Very Low,Relatively Low,Relatively Low,Relatively Low,Relatively Moderate,Relatively Low,Insufficient Data,Relatively Low
Texas,TX,Wilbarger,County,,Not Applicable,Relatively Moderate,Very Low,Relatively Low,Very Low,Relatively Low,Very Low,Relatively Low,Not Applicable,Relatively Low
Texas,TX,Terry,County,,Not Applicable,Relatively Moderate,Very Low,Relatively Low,Very Low,Very Low,Relatively Low,Relatively Low,Not Applicable,Very Low
Texas,TX,Dawson,County,,Not Applicable,Relatively Moderate,Very Low,Relatively Low,Very Low,Very Low,Relatively Low,Relatively Low,Not Applicable,Relatively Low
Texas,TX,Zapata,County,,Not Applicable,Relatively Moderate,Very Low,Relatively Low,Relatively Low,Very Low,Relatively Low,Very Low,Not Applicable,Relatively Low
Texas,TX,Ward,County,,Not Applicable,Relatively Low,Very Low,Relatively Low,Very Low,Very Low,Very Low,Very Low,Not Applicable,Relatively Low
Texas,TX,Gaines,County,,Not Applicable,Relatively Moderate,Very Low,Relatively Low,Very Low,Relatively Low,Relatively Low,Relatively Low,Not Applicable,Relatively High
Texas,TX,Comanche,County,,Not Applicable,Relatively Moderate,Very Low,Relatively Low,Very Low,Very Low,Relatively Low,Relatively Low,Not Applicable,Relatively Moderate
Texas,TX,Leon,County,,Not Applicable,Relatively Moderate,Very Low,Relatively Low,Relatively Low,Very Low,Relatively Low,Relatively Low,Not Applicable,Relatively Low
Texas,TX,San Augustine,County,,Not Applicable,No Rating,Very Low,Relatively Low,Relatively Low,Very Low,Relatively Low,Relatively Low,Not Applicable,Very Low
Texas,TX,Val Verde,County,,Not Applicable,Relatively Moderate,Very Low,Relatively Moderate,Very Low,Very Low,Relatively High,Relatively Low,Not Applicable,Relatively Low
Texas,TX,Callahan,County,,Not Applicable,Relatively Low,Very Low,Relatively Low,Very Low,Very Low,Very Low,Relatively Low,Not Applicable,Relatively Low
Texas,TX,Uvalde,County,,Not Applicable,Relatively Moderate,Very Low,Relatively Low,Relatively Low,Very Low,Relatively High,Relatively Low,Not Applicable,Relatively Low
Texas,TX,Blanco,County,,Not Applicable,Relatively Low,Very Low,Relatively Low,Very Low,Very Low,Relatively Moderate,Relatively Low,Not Applicable,Relatively Low
Texas,TX,Nolan,County,,Not Applicable,Relatively Low,Very Low,Relatively Low,Very Low,Very Low,Relatively Low,Relatively Low,Not Applicable,Relatively Moderate
Texas,TX,Frio,County,,Not Applicable,Relatively Moderate,Very Low,Relatively Low,Relatively Low,Relatively Low,Relatively Low,Relatively Low,Not Applicable,Relatively Low
Texas,TX,Houston,County,,Not Applicable,Relatively Moderate,Very Low,No Rating,Relatively Low,Relatively Low,Relatively Low,Relatively Low,Not Applicable,Relatively Low
Texas,TX,Jackson,County,,Relatively Moderate,Relatively Low,Very Low,Relatively Low,Relatively Moderate,Relatively Low,Relatively Moderate,Relatively Low,Insufficient Data,Relatively Low
Texas,TX,Gonzales,County,,Not Applicable,Relatively Moderate,Very Low,Relatively Low,Relatively Low,Relatively Low,Relatively High,Relatively Low,Not Applicable,Relatively Low
Texas,TX,Bosque,County,,Not Applicable,Relatively Low,Very Low,Relatively Low,Very Low,Very Low,Relatively Low,Relatively Low,Not Applicable,Relatively Low
Texas,TX,Scurry,County,,Not Applicable,Relatively Moderate,Very Low,Relatively Low,Very Low,Very Low,Relatively Low,Relatively Low,Not Applicable,Relatively Moderate
Texas,TX,Eastland,County,,Not Applicable,Relatively Low,Very Low,Relatively Low,Very Low,Relatively Low,Relatively Low,Relatively Low,Not Applicable,Relatively Moderate
Texas,TX,Young,County,,Not Applicable,Relatively Low,Very Low,Relatively Moderate,Very Low,Relatively Low,Relatively Low,Relatively Low,Not Applicable,Relatively Moderate
Texas,TX,Robertson,County,,Not Applicable,Relatively Moderate,Very Low,Relatively Low,Relatively Low,Very Low,Relatively Low,Relatively Low,Not Applicable,Very Low
Texas,TX,Trinity,County,,Not Applicable,Relatively Low,Very Low,No Rating,Relatively Low,Relatively Low,Very Low,Relatively Low,Not Applicable,Relatively Low
Texas,TX,Karnes,County,,Not Applicable,Relatively Low,Very Low,Relatively Low,Relatively Low,Relatively Low,Relatively Moderate,Relatively Low,Not Applicable,Relatively Low
Texas,TX,Sabine,County,,Not Applicable,Very Low,Very Low,Relatively Low,Relatively Low,Relatively Moderate,Very Low,Relatively Low,Not Applicable,Relatively Low
Texas,TX,Delta,County,,Not Applicable,Relatively Low,Very Low,Relatively Low,Very Low,Very Low,Very Low,Relatively Low,Not Applicable,Very Low
Texas,TX,Lavaca,County,,Not Applicable,Relatively Low,Very Low,No Rating,Relatively Low,Relatively Low,Relatively Moderate,Relatively Low,Not Applicable,Very Low
Texas,TX,Jones,County,,Not Applicable,Relatively Low,Very Low,Relatively Low,Very Low,Relatively Low,Relatively Moderate,Relatively Low,Not Applicable,Relatively Low
Texas,TX,Tyler,County,,Not Applicable,Relatively Low,Very Low,Relatively Low,Relatively Low,Relatively Moderate,Relatively Moderate,Relatively Low,Not Applicable,Relatively Moderate
Texas,TX,Colorado,County,,Not Applicable,Relatively Low,Very Low,No Rating,Relatively Low,Relatively Low,Relatively Moderate,Relatively Low,Not Applicable,Very Low
Texas,TX,Montague,County,,Not Applicable,Relatively Low,Very Low,Relatively Moderate,Very Low,Relatively Low,Relatively Low,Relatively Moderate,Not Applicable,Relatively Moderate
Texas,TX,DeWitt,County,,Not Applicable,Relatively Low,Very Low,No Rating,Relatively Moderate,Relatively Low,Relatively High,Relatively Low,Not Applicable,Relatively Low
Texas,TX,Freestone,County,,Not Applicable,Relatively Moderate,Very Low,Relatively Low,Relatively Low,Very Low,Relatively Low,Relatively Low,Not Applicable,Relatively Low
Texas,TX,Falls,County,,Not Applicable,Relatively Moderate,Very Low,Relatively Low,Very Low,Very Low,Relatively Low,Relatively Low,Not Applicable,Very Low
Texas,TX,Llano,County,,Not Applicable,Relatively Low,Very Low,Relatively Low,Very Low,Very Low,Relatively High,Relatively Low,Not Applicable,Relatively Low
Texas,TX,Gray,County,,Not Applicable,Relatively High,Very Low,No Rating,Very Low,Relatively Moderate,Very Low,Relatively Moderate,Not Applicable,Relatively Moderate
Texas,TX,Hutchinson,County,,Not Applicable,Relatively Moderate,Very Low,No Rating,Not Applicable,Relatively Low,Very Low,Relatively Moderate,Not Applicable,Relatively Moderate
Texas,TX,Hockley,County,,Not Applicable,Relatively Moderate,Very Low,Relatively Moderate,Very Low,Relatively Low,Relatively Low,Relatively Moderate,Not Applicable,Relatively Low
Texas,TX,Moore,County,,Not Applicable,Relatively High,Very Low,No Rating,Not Applicable,Relatively Low,Very Low,Relatively Moderate,Not Applicable,Relatively Moderate
Texas,TX,Milam,County,,Not Applicable,Relatively Moderate,Very Low,Relatively Moderate,Relatively Low,Relatively Low,Relatively Low,Relatively Moderate,Not Applicable,Relatively Low
Texas,TX,Limestone,County,,Not Applicable,Relatively Moderate,Very Low,Relatively Low,Relatively Low,Very Low,Relatively Low,Relatively Low,Not Applicable,Relatively Low
Texas,TX,Gillespie,County,,Not Applicable,Relatively Moderate,Very Low,Relatively Low,Very Low,Very Low,Relatively Moderate,Relatively Moderate,Not Applicable,Relatively Moderate
Texas,TX,Marion,County,,Not Applicable,No Rating,Very Low,Relatively Low,Very Low,Very Low,Very Low,Relatively Low,Not Applicable,Very Low
Texas,TX,Fayette,County,,Not Applicable,Relatively Low,Very Low,Relatively Low,Relatively Low,Relatively Low,Relatively Low,Relatively Low,Not Applicable,Very Low
Texas,TX,Bandera,County,,Not Applicable,Relatively Low,Very Low,Relatively Low,Very Low,Very Low,Relatively Moderate,Relatively Low,Not Applicable,Relatively Moderate
Texas,TX,Burleson,County,,Not Applicable,Relatively Low,Very Low,No Rating,Relatively Low,Relatively Low,Relatively Low,Relatively Low,Not Applicable,Very Low
Texas,TX,Panola,County,,Not Applicable,No Rating,Very Low,Relatively Moderate,Relatively Low,Relatively Low,Very Low,Relatively Moderate,Not Applicable,Relatively Low
Texas,TX,Lee,County,,Not Applicable,Relatively Low,Very Low,Relatively Low,Relatively Low,Relatively Low,Relatively Low,Relatively Low,Not Applicable,Very Low
Texas,TX,Madison,County,,Not Applicable,Relatively Moderate,Very Low,No Rating,Relatively Low,Relatively Moderate,Very Low,Relatively Low,Not Applicable,Very Low
Texas,TX,Palo Pinto,County,,Not Applicable,Relatively Moderate,Very Low,Relatively Moderate,Very Low,Relatively Low,Relatively Moderate,Relatively Low,Not Applicable,Relatively Moderate
Texas,TX,Shelby,County,,Not Applicable,No Rating,Very Low,Relatively Moderate,Relatively Low,Relatively Low,Relatively Low,Relatively Moderate,Not Applicable,Relatively Low
Texas,TX,Cass,County,,Not Applicable,No Rating,Very Low,Relatively Low,Very Low,Very High,Relatively Low,Relatively Low,Not Applicable,Relatively Low
Texas,TX,Lampasas,County,,Not Applicable,Relatively Low,Very Low,Relatively Low,Very Low,Very Low,Relatively Low,Relatively Low,Not Applicable,Relatively Moderate
Texas,TX,Hale,County,,Not Applicable,Relatively High,Very Low,Relatively Low,Very Low,Relatively Low,Relatively Moderate,Relatively Moderate,Not Applicable,Relatively Low
Texas,TX,Matagorda,County,,Relatively Low,Relatively Moderate,Very Low,Relatively Low,Relatively Moderate,Relatively Low,Relatively Moderate,Relatively Low,Insufficient Data,Relatively Low
Texas,TX,Willacy,County,,Relatively Low,Very High,Very Low,Relatively Low,Relatively Moderate,Very Low,Relatively High,Very Low,Insufficient Data,Very Low
Texas,TX,Jasper,County,,Very Low,Relatively Moderate,Very Low,Relatively Low,Relatively Low,Relatively Moderate,Relatively Moderate,Relatively Low,Insufficient Data,Relatively Moderate
Texas,TX,Kleberg,County,,Relatively Low,Relatively Moderate,Very Low,Relatively Moderate,Relatively Moderate,Relatively Low,Relatively Moderate,Relatively Low,Insufficient Data,Relatively Low
Texas,TX,Bee,County,,Not Applicable,Relatively Moderate,Very Low,No Rating,Relatively Moderate,Relatively Low,Relatively Moderate,Relatively Low,Not Applicable,Very Low
Texas,TX,Franklin,County,,Not Applicable,No Rating,Very Low,Relatively Low,Very Low,Relatively High,Very Low,Relatively Low,Not Applicable,Relatively Low
Texas,TX,Grimes,County,,Not Applicable,Relatively Moderate,Very Low,No Rating,Relatively Low,Relatively Moderate,Relatively Moderate,Relatively Moderate,Not Applicable,Relatively Low
Texas,TX,Hill,County,,Not Applicable,Relatively Moderate,Very Low,Relatively Moderate,Very Low,Relatively Low,Relatively Low,Relatively Moderate,Not Applicable,Relatively Low
Texas,TX,Medina,County,,Not Applicable,Relatively Moderate,Very Low,Relatively Moderate,Very Low,Very Low,Relatively Moderate,Relatively Low,Not Applicable,Relatively Moderate
Texas,TX,Wharton,County,,No Rating,Relatively Moderate,Very Low,Relatively Low,Relatively Moderate,Relatively Low,Relatively High,Relatively Moderate,Insufficient Data,Relatively Low
Texas,TX,Howard,County,,Not Applicable,Relatively Moderate,Very Low,Relatively Low,Very Low,Very Low,Relatively Low,Relatively Low,Not Applicable,Relatively Moderate
Texas,TX,Erath,County,,Not Applicable,Relatively Moderate,Very Low,Relatively Low,Very Low,Relatively Low,Relatively Low,Relatively Moderate,Not Applicable,Relatively High
Texas,TX,Calhoun,County,,Relatively Moderate,Relatively Moderate,Very Low,Very Low,Relatively Moderate,Relatively Low,Relatively Low,Relatively Low,Insufficient Data,Relatively Low
Texas,TX,Fannin,County,,Not Applicable,Relatively Moderate,Very Low,Relatively Moderate,Very Low,Relatively Low,Relatively Low,Relatively Moderate,Not Applicable,Relatively Low
Texas,TX,Atascosa,County,,Not Applicable,Relatively Moderate,Very Low,Relatively Moderate,Relatively Low,Relatively Low,Relatively Moderate,Relatively Moderate,Not Applicable,Relatively Low
Texas,TX,Brown,County,,Not Applicable,Relatively Moderate,Very Low,Relatively Moderate,Very Low,Very Low,Relatively High,Relatively Low,Not Applicable,Relatively Moderate
Texas,TX,Jim Wells,County,,Not Applicable,Relatively Moderate,Very Low,Relatively Moderate,Relatively Moderate,Relatively Low,Relatively Moderate,Relatively Low,Not Applicable,Relatively Low
Texas,TX,Maverick,County,,Not Applicable,Relatively Moderate,Very Low,Relatively Moderate,Relatively Low,Relatively Low,Relatively Moderate,Relatively Low,Not Applicable,Very Low
Texas,TX,Austin,County,,Not Applicable,Relatively Moderate,Very Low,No Rating,Relatively Low,Relatively Low,Relatively Moderate,Relatively Moderate,Not Applicable,Relatively Low
Texas,TX,Polk,County,,Not Applicable,Relatively Moderate,Very Low,No Rating,Relatively Moderate,Relatively Moderate,Relatively Moderate,Relatively Moderate,Not Applicable,Relatively Low
Texas,TX,Morris,County,,Not Applicable,No Rating,Very Low,Relatively Low,Relatively Low,Very High,Very Low,Relatively Moderate,Not Applicable,Relatively Moderate
Texas,TX,Cooke,County,,Not Applicable,Relatively Moderate,Very Low,Relatively Moderate,Very Low,Relatively Low,Relatively Moderate,Relatively Moderate,Not Applicable,Relatively Moderate
Texas,TX,Kerr,County,,Not Applicable,Relatively Moderate,Very Low,Relatively Low,Very Low,Very Low,Relatively Moderate,Relatively Moderate,Not Applicable,Relatively Moderate
Texas,TX,Cherokee,County,,Not Applicable,No Rating,Very Low,Relatively Moderate,Relatively Low,Relatively Low,Relatively Low,Relatively Moderate,Not Applicable,Relatively Low
Texas,TX,Hopkins,County,,Not Applicable,Relatively Moderate,Very Low,Relatively Moderate,Very Low,Relatively Moderate,Relatively Low,Relatively Moderate,Not Applicable,Relatively Low
Texas,TX,San Jacinto,County,,Not Applicable,Relatively Low,Very Low,No Rating,Relatively Low,Relatively Low,Relatively Moderate,Relatively Moderate,Not Applicable,Relatively Low
Texas,TX,Burnet,County,,Not Applicable,Relatively Moderate,Very Low,Relatively Moderate,Very Low,Relatively Low,Relatively High,Relatively Moderate,Not Applicable,Relatively Moderate
Texas,TX,Somervell,County,,Not Applicable,Relatively Low,Very Low,Relatively Low,Very Low,Very Low,Relatively Low,Relatively Low,Not Applicable,Relatively Low
Texas,TX,Navarro,County,,Not Applicable,Relatively Moderate,Very Low,Relatively Moderate,Very Low,Relatively Low,Relatively High,Relatively High,Not Applicable,Relatively Low
Texas,TX,Rains,County,,Not Applicable,Relatively Low,Very Low,Relatively Low,Very Low,Very Low,Very Low,Relatively Low,Not Applicable,Very Low
Texas,TX,Starr,County,,Not Applicable,Very High,Very Low,Relatively Moderate,Relatively Low,Relatively Moderate,Relatively High,Relatively Low,Not Applicable,Relatively Low
Texas,TX,Anderson,County,,Not Applicable,Relatively Moderate,Very Low,Relatively Moderate,Relatively Low,Relatively Low,Relatively Moderate,Relatively Moderate,Not Applicable,Relatively Low
Texas,TX,Lamar,County,,Not Applicable,Relatively Moderate,Relatively Low,Relatively Moderate,Very Low,Very High,Relatively Moderate,Relatively High,Not Applicable,Relatively Moderate
Texas,TX,Rusk,County,,Not Applicable,No Rating,Very Low,Relatively Moderate,Relatively Low,Relatively Low,Relatively Low,Relatively Moderate,Not Applicable,Relatively Low
Texas,TX,Washington,County,,Not Applicable,Relatively Moderate,Very Low,No Rating,Relatively Low,Relatively Moderate,Relatively Moderate,Relatively Moderate,Not Applicable,Very Low
Texas,TX,Wilson,County,,Not Applicable,Relatively Low,Very Low,Relatively Low,Relatively Low,Relatively Low,Relatively High,Relatively Moderate,Not Applicable,Relatively Low
Texas,TX,Hardin,County,,Very Low,Relatively Moderate,Very Low,Relatively Low,Relatively Low,Relatively Moderate,Relatively High,Relatively Moderate,Insufficient Data,Relatively Moderate
Texas,TX,Camp,County,,Not Applicable,No Rating,Very Low,Relatively Low,Very Low,Relatively High,Very Low,Relatively Moderate,Not Applicable,Relatively Low
Texas,TX,Kendall,County,,Not Applicable,Relatively Moderate,Very Low,Relatively Low,Very Low,Very Low,Relatively Moderate,Relatively Moderate,Not Applicable,Relatively Moderate
Texas,TX,Nacogdoches,County,,Not Applicable,No Rating,Relatively Low,Relatively Moderate,Relatively Moderate,Relatively Low,Relatively Low,Relatively High,Not Applicable,Relatively Moderate
Texas,TX,Wood,County,,Not Applicable,No Rating,Very Low,Relatively Moderate,Very Low,Relatively Low,Relatively Low,Relatively Low,Not Applicable,Relatively Low
Texas,TX,Upshur,County,,Not Applicable,No Rating,Very Low,Relatively Moderate,Very Low,Relatively Low,Relatively Low,Relatively Moderate,Not Applicable,Relatively Low
Texas,TX,Van Zandt,County,,Not Applicable,Relatively Moderate,Very Low,Relatively Moderate,Very Low,Relatively Low,Relatively Low,Relatively Moderate,Not Applicable,Relatively Low
Texas,TX,Wise,County,,Not Applicable,Relatively Moderate,Very Low,Relatively High,Very Low,Relatively Low,Relatively Moderate,Relatively Moderate,Not Applicable,Relatively High
Texas,TX,Harrison,County,,Not Applicable,No Rating,Very Low,Relatively Moderate,Relatively Low,Relatively Moderate,Relatively Low,Relatively High,Not Applicable,Relatively Low
Texas,TX,Titus,County,,Not Applicable,No Rating,Very Low,Relatively Moderate,Very Low,Very High,Relatively Low,Relatively Moderate,Not Applicable,Relatively Low
Texas,TX,Chambers,County,,Relatively Low,Relatively Moderate,Very Low,Relatively Low,Relatively Moderate,Relatively Moderate,Relatively Moderate,Relatively Moderate,Insufficient Data,Relatively Moderate
Texas,TX,Coryell,County,,Not Applicable,Relatively Moderate,Very Low,Relatively Moderate,Very Low,Relatively Low,Relatively Moderate,Relatively Moderate,Not Applicable,Relatively Low
Texas,TX,Tom Green,County,,Not Applicable,Relatively High,Very Low,Relatively High,Very Low,Relatively Low,Relatively Low,Relatively Moderate,Not Applicable,Relatively Moderate
Texas,TX,Liberty,County,,Very Low,Relatively Moderate,Very Low,Very Low,Relatively Moderate,Relatively Moderate,Relatively High,Relatively High,Insufficient Data,Relatively Moderate
Texas,TX,Webb,County,,Not Applicable,Very High,Very Low,Relatively Moderate,Relatively Low,Relatively Moderate,Relatively Moderate,Relatively Moderate,Not Applicable,Relatively Low
Texas,TX,Caldwell,County,,Not Applicable,Relatively Moderate,Very Low,Relatively Low,Very Low,Relatively Low,Relatively High,Relatively Moderate,Not Applicable,Relatively Low
Texas,TX,Henderson,County,,Not Applicable,Relatively Moderate,Very Low,Relatively Moderate,Relatively Low,Relatively Low,Relatively Moderate,Relatively Moderate,Not Applicable,Relatively Low
Texas,TX,Aransas,County,,Relatively High,Relatively Low,Very Low,No Rating,Relatively Moderate,Relatively Low,Relatively Moderate,Relatively Low,Insufficient Data,Very Low
Texas,TX,Walker,County,,Not Applicable,Relatively Moderate,Very Low,No Rating,Relatively Low,Relatively High,Relatively Moderate,Relatively Moderate,Not Applicable,Relatively Low
Texas,TX,San Patricio,County,,Relatively Moderate,Relatively High,Very Low,Very Low,Relatively Moderate,Relatively Moderate,Relatively Moderate,Relatively Moderate,Insufficient Data,Very Low
Texas,TX,Victoria,County,,Very Low,Relatively Moderate,Very Low,Very Low,Relatively Moderate,Relatively Moderate,Relatively Moderate,Relatively Moderate,Insufficient Data,Relatively Low
Texas,TX,Bowie,County,,Not Applicable,No Rating,Relatively Low,Relatively Moderate,Very Low,Very High,Relatively Moderate,Relatively High,Not Applicable,Relatively Low
Texas,TX,Angelina,County,,Not Applicable,Very Low,Very Low,Relatively High,Relatively Low,Relatively Low,Relatively Moderate,Relatively Moderate,Not Applicable,Relatively Moderate
Texas,TX,Bastrop,County,,Not Applicable,Relatively Moderate,Very Low,Relatively Moderate,Relatively Low,Relatively Moderate,Relatively Moderate,Relatively Moderate,Not Applicable,Relatively Low
Texas,TX,Waller,County,,Not Applicable,Relatively Moderate,Very Low,No Rating,Relatively Low,Relatively Moderate,Relatively Moderate,Relatively Moderate,Not Applicable,Relatively Low
Texas,TX,Hunt,County,,Not Applicable,Relatively Moderate,Relatively Low,Relatively Moderate,Very Low,Relatively Moderate,Relatively Moderate,Relatively High,Not Applicable,Relatively Low
Texas,TX,Potter,County,,Not Applicable,Relatively High,Relatively Low,No Rating,Not Applicable,Relatively Low,Relatively Moderate,Relatively High,Not Applicable,Relatively Moderate
Texas,TX,Grayson,County,,Not Applicable,Relatively High,Relatively Low,Relatively Moderate,Very Low,Relatively Moderate,Relatively Moderate,Relatively High,Not Applicable,Relatively Moderate
Texas,TX,Hood,County,,Not Applicable,Relatively Moderate,Very Low,Relatively Moderate,Very Low,Relatively Low,Relatively Moderate,Relatively Moderate,Not Applicable,Relatively Moderate
Texas,TX,Randall,County,,Not Applicable,Relatively High,Very Low,Relatively Low,Not Applicable,Relatively Low,Relatively Moderate,Relatively High,Not Applicable,Relatively Moderate
Texas,TX,Taylor,County,,Not Applicable,Relatively High,Very Low,Relatively Moderate,Very Low,Relatively Moderate,Relatively Moderate,Relatively Moderate,Not Applicable,Relatively Moderate
Texas,TX,Parker,County,,Not Applicable,Relatively High,Very Low,Relatively High,Very Low,Relatively Low,Relatively Moderate,Relatively High,Not Applicable,Relatively High
Texas,TX,Ector,County,,Not Applicable,Relatively High,Very Low,Relatively Moderate,Very Low,Relatively Moderate,Relatively Moderate,Relatively Moderate,Not Applicable,Relatively Moderate
Texas,TX,Kaufman,County,,Not Applicable,Relatively High,Very Low,Relatively High,Very Low,Relatively Low,Relatively Moderate,Relatively Moderate,Not Applicable,Relatively Low
Texas,TX,Midland,County,,Not Applicable,Relatively High,Very Low,Relatively Moderate,Very Low,Relatively Low,Relatively Low,Relatively High,Not Applicable,Relatively High
Texas,TX,Ellis,County,,Not Applicable,Relatively High,Very Low,Relatively High,Very Low,Relatively Low,Relatively Moderate,Relatively Moderate,Not Applicable,Relatively Moderate
Texas,TX,Wichita,County,,Not Applicable,Relatively High,Relatively Low,Relatively Moderate,Very Low,Relatively Moderate,Relatively Moderate,Relatively Moderate,Not Applicable,Relatively Moderate
Texas,TX,Guadalupe,County,,Not Applicable,Relatively Moderate,Very Low,Relatively Moderate,Relatively Low,Relatively Low,Relatively High,Relatively High,Not Applicable,Relatively Low
Texas,TX,Johnson,County,,Not Applicable,Relatively High,Very Low,Relatively High,Very Low,Relatively Moderate,Relatively Moderate,Relatively High,Not Applicable,Relatively Moderate
Texas,TX,McLennan,County,,Not Applicable,Relatively High,Very Low,Relatively High,Relatively Low,Relatively Low,Relatively Moderate,Relatively High,Not Applicable,Relatively Moderate
Texas,TX,Smith,County,,Not Applicable,No Rating,Relatively Low,Relatively Moderate,Relatively Low,Relatively Moderate,Very Low,Relatively Low,Not Applicable,Relatively Low
Texas,TX,Orange,County,,Relatively Low,Very Low,Very Low,Relatively Low,Relatively Moderate,Relatively High,Very High,Relatively Moderate,Insufficient Data,Relatively Moderate
Texas,TX,Brazoria,County,,Relatively Moderate,Relatively High,Very Low,Relatively Moderate,Relatively High,Relatively Low,Very High,Relatively High,Insufficient Data,Relatively Moderate
Texas,TX,Comal,County,,Not Applicable,Relatively High,Very Low,Relatively Moderate,Relatively Low,Relatively Moderate,Relatively High,Relatively High,Not Applicable,Relatively Moderate
Texas,TX,Jefferson,County,,Relatively Low,Very Low,Very Low,Relatively Moderate,Relatively High,Relatively High,Very High,Relatively High,Insufficient Data,Relatively Moderate
Texas,TX,Lubbock,County,,Not Applicable,Relatively High,Very Low,Relatively Moderate,Very Low,Relatively High,Relatively High,Relatively High,Not Applicable,Relatively Moderate
Texas,TX,Bell,County,,Not Applicable,Relatively High,Very Low,Relatively High,Relatively Low,Relatively Moderate,Relatively Moderate,Relatively High,Not Applicable,Relatively Moderate
Texas,TX,Hays,County,,Not Applicable,Relatively High,Very Low,Relatively Moderate,Relatively Low,Relatively Moderate,Relatively High,Relatively High,Not Applicable,Relatively Moderate
Texas,TX,Brazos,County,,Not Applicable,Relatively High,Very Low,No Rating,Relatively Low,Relatively Moderate,Relatively Moderate,Relatively High,Not Applicable,Relatively Low
Texas,TX,Nueces,County,,Relatively Moderate,Very High,Very Low,Relatively High,Relatively High,Relatively High,Very Low,Relatively High,Insufficient Data,Relatively Low
Texas,TX,Gregg,County,,Not Applicable,No Rating,Relatively Low,Relatively Moderate,Relatively Low,Relatively Moderate,Relatively Moderate,Relatively High,Not Applicable,Relatively Low
Texas,TX,Cameron,County,,Relatively High,Relatively High,Very Low,Relatively High,Relatively High,Relatively Moderate,Relatively High,Relatively Moderate,Insufficient Data,Very Low
Texas,TX,Williamson,County,,Not Applicable,Relatively High,Very Low,Relatively High,Relatively Low,Relatively High,Relatively Moderate,Relatively High,Not Applicable,Relatively Moderate
Texas,TX,Hidalgo,County,,Not Applicable,Relatively High,Very Low,Relatively High,Very High,Relatively Moderate,Relatively High,Relatively High,Not Applicable,Relatively Low
Texas,TX,Montgomery,County,,Not Applicable,Very High,Very Low,No Rating,Relatively High,Relatively Low,Relatively High,Very High,Not Applicable,Relatively Low
Texas,TX,Rockwall,County,,Not Applicable,Relatively Moderate,Very Low,Relatively Moderate,Very Low,Relatively Low,Relatively Low,Relatively High,Not Applicable,Relatively Low
Texas,TX,El Paso,County,,Not Applicable,No Rating,Relatively Moderate,Relatively High,Very Low,Relatively High,Relatively High,Relatively Low,Not Applicable,Relatively Low
Texas,TX,Galveston,County,,Relatively Low,Very High,Very Low,Relatively High,Relatively High,Relatively Low,Very High,Relatively High,Insufficient Data,Relatively Moderate
Texas,TX,Fort Bend,County,,Very Low,Very High,Very Low,Relatively Moderate,Very High,Relatively Low,Relatively High,Very High,Insufficient Data,Relatively Moderate
Texas,TX,Denton,County,,Not Applicable,Very High,Relatively Low,Relatively High,Relatively Low,Relatively High,Relatively Moderate,Very High,Not Applicable,Relatively High
Texas,TX,Collin,County,,Not Applicable,Relatively High,Relatively Low,Relatively High,Relatively Low,Relatively Moderate,Relatively High,Very High,Not Applicable,Relatively Moderate
Texas,TX,Travis,County,,Not Applicable,Relatively High,Very Low,Relatively High,Relatively Low,Relatively High,Relatively High,Very High,Not Applicable,Relatively Moderate
Texas,TX,Bexar,County,,Not Applicable,Relatively High,Very Low,Relatively High,Relatively Moderate,Relatively High,Relatively High,Very High,Not Applicable,Relatively Moderate
Texas,TX,Tarrant,County,,Not Applicable,Very High,Relatively Low,Very High,Relatively Low,Relatively High,Relatively High,Very High,Not Applicable,Relatively Moderate
Texas,TX,Harris,County,,Relatively Low,Very High,Relatively Low,Relatively High,Very High,Relatively Low,Very High,Very High,Insufficient Data,Relatively Moderate
Texas,TX,Dallas,County,,Not Applicable,Very High,Relatively Low,Very High,Relatively Low,Relatively High,Relatively High,Very High,Not Applicable,Relatively Low
Utah,UT,Garfield,County,,Not Applicable,No Rating,Very Low,Relatively Low,Not Applicable,Very Low,Relatively Low,Very Low,Not Applicable,Relatively Low
Utah,UT,Wayne,County,,Not Applicable,No Rating,Very Low,Relatively Low,Not Applicable,Very Low,Relatively Low,Very Low,Not Applicable,Very Low
Utah,UT,Daggett,County,,Not Applicable,Very Low,Very Low,No Rating,Not Applicable,Very Low,Very Low,Very Low,Not Applicable,Relatively Low
Utah,UT,San Juan,County,,Not Applicable,Very Low,Very Low,Relatively Low,Not Applicable,Very Low,No Rating,Very Low,Not Applicable,Relatively Low
Utah,UT,Piute,County,,Not Applicable,No Rating,Very Low,No Rating,Not Applicable,Very Low,Very Low,Very Low,Not Applicable,Very Low
Utah,UT,Millard,County,,Not Applicable,Very Low,Relatively Low,Relatively Low,Not Applicable,Very Low,Very Low,Very Low,Not Applicable,Relatively Moderate
Utah,UT,Kane,County,,Not Applicable,Very Low,Very Low,Relatively Moderate,Not Applicable,Very Low,Relatively Low,Very Low,Not Applicable,Relatively Moderate
Utah,UT,Emery,County,,Not Applicable,Very Low,Very Low,Relatively Low,Not Applicable,Very Low,Very Low,Very Low,Not Applicable,Very Low
Utah,UT,Rich,County,,Not Applicable,Relatively Low,Very Low,No Rating,Not Applicable,Very Low,Very Low,Very Low,Not Applicable,Relatively Low
Utah,UT,Grand,County,,Not Applicable,Very Low,Very Low,Relatively Low,Not Applicable,Very Low,Relatively Low,Very Low,Not Applicable,Very Low
Utah,UT,Beaver,County,,Not Applicable,Very Low,Very Low,Relatively Low,Not Applicable,Very Low,Very Low,Very Low,Not Applicable,Relatively Low
Utah,UT,Juab,County,,Not Applicable,No Rating,Relatively Low,Relatively Low,Not Applicable,Very Low,Very Low,Very Low,Not Applicable,Relatively Moderate
Utah,UT,Duchesne,County,,Not Applicable,Very Low,Very Low,Relatively Low,Not Applicable,Relatively Low,Very Low,Very Low,Not Applicable,Relatively Low
Utah,UT,Uintah,County,,Not Applicable,Relatively Low,Very Low,Relatively Moderate,Not Applicable,Relatively Low,Relatively Low,Very Low,Not Applicable,Relatively Low
Utah,UT,Box Elder,County,,Not Applicable,Relatively Low,Relatively Moderate,Relatively Moderate,Not Applicable,Relatively Low,Very Low,Very Low,Not Applicable,Relatively Moderate
Utah,UT,Tooele,County,,Not Applicable,Very Low,Relatively Low,Relatively Low,Not Applicable,Relatively Low,Very Low,Very Low,Not Applicable,Relatively High
Utah,UT,Sevier,County,,Not Applicable,No Rating,Relatively Low,Relatively Moderate,Not Applicable,Very Low,Relatively Low,Very Low,Not Applicable,Relatively Low
Utah,UT,Carbon,County,,Not Applicable,Very Low,Very Low,Relatively Moderate,Not Applicable,Very Low,Relatively Low,Very Low,Not Applicable,Relatively Low
Utah,UT,Iron,County,,Not Applicable,Very Low,Relatively Low,Relatively Low,Not Applicable,Relatively Low,Relatively Moderate,Very Low,Not Applicable,Relatively High
Utah,UT,Sanpete,County,,Not Applicable,No Rating,Relatively Low,Relatively Low,Not Applicable,Relatively Low,Relatively Low,Very Low,Not Applicable,Relatively Moderate
Utah,UT,Morgan,County,,Not Applicable,Very Low,Very Low,No Rating,Not Applicable,Very Low,Very Low,Very Low,Not Applicable,Relatively Low
Utah,UT,Summit,County,,Not Applicable,Relatively Low,Very Low,No Rating,Not Applicable,Relatively Low,Very Low,Very Low,Not Applicable,Relatively High
Utah,UT,Wasatch,County,,Not Applicable,No Rating,Relatively Low,No Rating,Not Applicable,Very Low,Very Low,Very Low,Not Applicable,Relatively Moderate
Utah,UT,Washington,County,,Not Applicable,Very Low,Relatively Low,Relatively High,Not Applicable,Relatively Moderate,Relatively High,Very Low,Not Applicable,Relatively High
Utah,UT,Cache,County,,Not Applicable,Very Low,Relatively Moderate,Relatively Moderate,Not Applicable,Relatively Low,Relatively Low,Very Low,Not Applicable,Relatively Low
Utah,UT,Utah,County,,Not Applicable,No Rating,Relatively High,Relatively High,Not Applicable,Relatively Moderate,Relatively Moderate,Relatively Low,Not Applicable,Relatively High
Utah,UT,Weber,County,,Not Applicable,Relatively Low,Relatively High,Relatively High,Not Applicable,Relatively Moderate,Relatively Low,Relatively Low,Not Applicable,Relatively Moderate
Utah,UT,Davis,County,,No Rating,Very Low,Relatively High,Relatively High,Not Applicable,Relatively Moderate,Relatively Low,Relatively Low,Not Applicable,Relatively Moderate
Utah,UT,Salt Lake,County,,No Rating,Very Low,Relatively High,Relatively Moderate,Not Applicable,Very Low,Relatively Moderate,Relatively Moderate,Not Applicable,Relatively High
Virginia,VA,Highland,County,,Not Applicable,Relatively Low,Very Low,Very Low,Very Low,Very Low,Very Low,Very Low,Not Applicable,Very Low
Virginia,VA,Bath,County,,Not Applicable,Relatively Low,Very Low,Very Low,Very Low,Very Low,Relatively Low,Very Low,Not Applicable,Very Low
Virginia,VA,Craig,County,,Not Applicable,Relatively Low,Very Low,No Rating,Very Low,Very Low,Very Low,Very Low,Not Applicable,Very Low
Virginia,VA,Bland,County,,Not Applicable,Relatively Low,Very Low,No Rating,Very Low,Relatively Low,Very Low,Very Low,Not Applicable,Very Low
Virginia,VA,King and Queen,County,,Relatively Low,No Rating,Very Low,Relatively Low,Relatively Low,Relatively Low,Very Low,Very Low,Insufficient Data,Very Low
Virginia,VA,Sussex,County,,Not Applicable,No Rating,Very Low,Relatively Low,Relatively Low,Relatively Low,Relatively Low,Very Low,Not Applicable,Very Low
Virginia,VA,Surry,County,,Relatively Low,No Rating,Very Low,Relatively Low,Relatively Low,Relatively Low,Very Low,Very Low,Insufficient Data,Very Low
Virginia,VA,Charlotte,County,,Not Applicable,No Rating,Very Low,Relatively Low,Relatively Low,Very Low,Relatively Low,Very Low,Not Applicable,Very Low
Virginia,VA,Rappahannock,County,,Not Applicable,Relatively Low,Very Low,Relatively Low,Very Low,Very Low,Relatively Low,Very Low,Not Applicable,Very Low
Virginia,VA,Lunenburg,County,,Not Applicable,No Rating,Very Low,Relatively Low,Relatively Low,Relatively Low,Very Low,Very Low,Not Applicable,Very Low
Virginia,VA,Brunswick,County,,Not Applicable,No Rating,Very Low,Relatively Low,Relatively Low,Relatively Low,Very Low,Very Low,Not Applicable,Very Low
Virginia,VA,Buckingham,County,,Not Applicable,Very Low,Very Low,Relatively Low,Relatively Low,Very Low,Very Low,Very Low,Not Applicable,Very Low
Virginia,VA,Southampton,County,,Very Low,No Rating,Very Low,Relatively Low,Relatively Low,Relatively Low,Relatively Low,Very Low,Insufficient Data,Very Low
Virginia,VA,Nelson,County,,Not Applicable,Relatively Low,Very Low,Relatively Low,Very Low,Very Low,Very Low,Very Low,Not Applicable,Very Low
Virginia,VA,Cumberland,County,,Not Applicable,No Rating,Very Low,Relatively Low,Relatively Low,Relatively Low,Very Low,Very Low,Not Applicable,Very Low
Virginia,VA,Alleghany,County,,Not Applicable,Relatively Low,Very Low,No Rating,Very Low,Very Low,Relatively Low,Very Low,Not Applicable,Very Low
Virginia,VA,Grayson,County,,Not Applicable,Relatively Low,Very Low,No Rating,Very Low,Very Low,Very Low,Very Low,Not Applicable,Very Low
Virginia,VA,Patrick,County,,Not Applicable,Very Low,Very Low,No Rating,Very Low,Very Low,Relatively Low,Very Low,Not Applicable,Very Low
Virginia,VA,Charles City,County,,Relatively Low,No Rating,Very Low,Relatively Low,Relatively Low,Relatively Low,Very Low,Very Low,Insufficient Data,Very Low
Virginia,VA,Amelia,County,,Not Applicable,No Rating,Very Low,Relatively Low,Very Low,Relatively Low,Very Low,Very Low,Not Applicable,Very Low
Virginia,VA,Rockbridge,County,,Not Applicable,Relatively Low,Very Low,Very Low,Relatively Low,Very Low,Relatively Low,Very Low,Not Applicable,Relatively Low
Virginia,VA,Greensville,County,,Not Applicable,No Rating,Very Low,Relatively Low,Relatively Low,Relatively Low,Very Low,Very Low,Not Applicable,Very Low
Virginia,VA,Scott,County,,Not Applicable,Relatively Low,Very Low,No Rating,Very Low,Very Low,Relatively Low,Very Low,Not Applicable,Very Low
Virginia,VA,Buchanan,County,,Not Applicable,Relatively Low,Very Low,No Rating,Very Low,Very Low,Relatively Moderate,Very Low,Not Applicable,Relatively Low
Virginia,VA,Floyd,County,,Not Applicable,Relatively Low,Very Low,No Rating,Very Low,Very Low,Very Low,Very Low,Not Applicable,Very Low
Virginia,VA,Essex,County,,Relatively Moderate,No Rating,Very Low,Relatively Low,Relatively Low,Relatively Low,Very Low,Very Low,Insufficient Data,Very Low
Virginia,VA,Halifax,County,,Not Applicable,No Rating,Very Low,Relatively Low,Relatively Low,Very Low,Relatively Moderate,Relatively Low,Not Applicable,Very Low
Virginia,VA,Dickenson,County,,Not Applicable,Relatively Low,Very Low,No Rating,Very Low,Very Low,Relatively Low,Very Low,Not Applicable,Relatively Moderate
Virginia,VA,Madison,County,,Not Applicable,Relatively Low,Very Low,Relatively Low,Relatively Low,Very Low,Relatively Low,Very Low,Not Applicable,Very Low
Virginia,VA,Richmond,County,,Relatively Low,No Rating,Very Low,Relatively Low,Relatively Low,Relatively Low,Very Low,Very Low,Insufficient Data,Very Low
Virginia,VA,Giles,County,,Not Applicable,Relatively Low,Very Low,No Rating,Very Low,Very Low,Relatively Low,Very Low,Not Applicable,Very Low
Virginia,VA,Mecklenburg,County,,Not Applicable,No Rating,Very Low,Relatively Low,Relatively Low,Relatively Moderate,Very Low,Relatively Low,Not Applicable,Very Low
Virginia,VA,Appomattox,County,,Not Applicable,Very Low,Very Low,Relatively Low,Very Low,Very Low,Very Low,Very Low,Not Applicable,Very Low
Virginia,VA,Nottoway,County,,Not Applicable,No Rating,Very Low,Relatively Low,Relatively Low,Relatively Low,Very Low,Very Low,Not Applicable,Very Low
Virginia,VA,Lee,County,,Not Applicable,Relatively Low,Very Low,No Rating,Very Low,Relatively Low,Very Low,Relatively Low,Not Applicable,Relatively Low
Virginia,VA,Russell,County,,Not Applicable,Relatively Low,Very Low,No Rating,Very Low,Relatively Low,Very Low,Very Low,Not Applicable,Very Low
Virginia,VA,Dinwiddie,County,,Not Applicable,No Rating,Very Low,Relatively Low,Relatively Low,Relatively Low,Very Low,Relatively Low,Not Applicable,Very Low
Virginia,VA,Northampton,County,,Relatively Moderate,No Rating,Very Low,Relatively Low,Relatively Moderate,Very Low,Relatively Low,Very Low,Insufficient Data,Very Low
Virginia,VA,Caroline,County,,Very Low,Very Low,Very Low,Relatively Low,Relatively Low,Relatively Low,Very Low,Relatively Low,Insufficient Data,Very Low
Virginia,VA,Prince Edward,County,,Not Applicable,No Rating,Very Low,Relatively Low,Relatively Low,Relatively Low,Very Low,Very Low,Not Applicable,Very Low
Virginia,VA,Wythe,County,,Not Applicable,Relatively Low,Very Low,No Rating,Very Low,Very Low,Relatively Low,Very Low,Not Applicable,Very Low
Virginia,VA,Carroll,County,,Not Applicable,Relatively Low,Very Low,No Rating,Very Low,Very Low,Very Low,Very Low,Not Applicable,Very Low
Virginia,VA,Northumberland,County,,Relatively Moderate,No Rating,Very Low,Relatively Low,Relatively Low,Relatively Low,Relatively Low,Very Low,Insufficient Data,Very Low
Virginia,VA,Botetourt,County,,Not Applicable,Relatively Low,Very Low,No Rating,Very Low,Very Low,Relatively Low,Very Low,Not Applicable,Very Low
Virginia,VA,Pittsylvania,County,,Not Applicable,No Rating,Very Low,Relatively Low,Relatively Low,Very Low,Relatively Low,Relatively Low,Not Applicable,Very Low
Virginia,VA,King William,County,,Relatively Low,No Rating,Very Low,Relatively Low,Relatively Low,Relatively Low,Very Low,Very Low,Insufficient Data,Very Low
Virginia,VA,Smyth,County,,Not Applicable,Relatively Low,Very Low,No Rating,Very Low,Relatively Low,Relatively Low,Very Low,Not Applicable,Very Low
Virginia,VA,Amherst,County,,Not Applicable,Relatively Low,Very Low,Very Low,Very Low,Relatively Low,Very Low,Very Low,Not Applicable,Very Low
Virginia,VA,Accomack,County,,Relatively High,No Rating,Very Low,Relatively Low,Relatively Moderate,Relatively Low,Relatively Moderate,Very Low,Insufficient Data,Relatively Low
Virginia,VA,Louisa,County,,Not Applicable,Very Low,Very Low,Relatively Low,Relatively Low,Relatively Moderate,Very Low,Relatively Low,Not Applicable,Very Low
Virginia,VA,Page,County,,Not Applicable,Relatively Low,Very Low,Relatively Low,Relatively Low,Very Low,Relatively Low,Very Low,Not Applicable,Relatively Low
Virginia,VA,Tazewell,County,,Not Applicable,Relatively Low,Very Low,No Rating,Very Low,Relatively Moderate,Relatively Moderate,Very Low,Not Applicable,Very Low
Virginia,VA,Franklin,County,,Not Applicable,Very Low,Very Low,Very Low,Relatively Low,Very Low,Very Low,Very Low,Not Applicable,Very Low
Virginia,VA,Augusta,County,,Not Applicable,Relatively Low,Very Low,Relatively Low,Relatively Low,Very Low,Relatively Low,Relatively Low,Not Applicable,Relatively Low
Virginia,VA,Westmoreland,County,,Relatively Low,No Rating,Very Low,Relatively Low,Relatively Moderate,Relatively Low,Very Low,Very Low,Insufficient Data,Very Low
Virginia,VA,Middlesex,County,,Relatively Moderate,No Rating,Very Low,Relatively Low,Relatively Low,Relatively Low,Very Low,Very Low,Insufficient Data,Very Low
Virginia,VA,Lancaster,County,,Relatively Moderate,No Rating,Very Low,Relatively Low,Relatively Low,Relatively Low,Relatively Low,Very Low,Insufficient Data,Very Low
Virginia,VA,Clarke,County,,Not Applicable,Relatively Low,Very Low,Relatively Low,Very Low,Very Low,Relatively Low,Very Low,Not Applicable,Very Low
Virginia,VA,Shenandoah,County,,Not Applicable,Relatively Low,Very Low,Relatively Low,Relatively Low,Very Low,Relatively Moderate,Very Low,Not Applicable,Relatively Low
Virginia,VA,Goochland,County,,Not Applicable,No Rating,Very Low,Relatively Low,Relatively Low,Relatively Low,Very Low,Very Low,Not Applicable,Very Low
Virginia,VA,Wise,County,,Not Applicable,Relatively Low,Very Low,No Rating,Very Low,Relatively Low,Relatively Low,Very Low,Not Applicable,Relatively Moderate
Virginia,VA,Fluvanna,County,,Not Applicable,Very Low,Very Low,Relatively Low,Relatively Low,Relatively Low,Very Low,Very Low,Not Applicable,Very Low
Virginia,VA,Washington,County,,Not Applicable,Relatively Moderate,Relatively Low,No Rating,Very Low,Relatively Low,Very Low,Very Low,Not Applicable,Very Low
Virginia,VA,Rockingham,County,,Not Applicable,Relatively Low,Very Low,Relatively Low,Relatively Low,Very Low,Relatively Moderate,Relatively Low,Not Applicable,Relatively Low
Virginia,VA,Mathews,County,,Relatively Moderate,No Rating,Very Low,Relatively Low,Relatively Low,Relatively Low,Relatively Moderate,Very Low,Insufficient Data,Very Low
Virginia,VA,Bedford,County,,Not Applicable,Very Low,Very Low,Very Low,Relatively Low,Very Low,Very Low,Very Low,Not Applicable,Relatively Low
Virginia,VA,Pulaski,County,,Not Applicable,Relatively Low,Very Low,No Rating,Very Low,Relatively Moderate,Very Low,Very Low,Not Applicable,Very Low
Virginia,VA,Orange,County,,Not Applicable,Relatively Low,Very Low,Relatively Low,Relatively Low,Very Low,Relatively Low,Relatively Low,Not Applicable,Very Low
Virginia,VA,New Kent,County,,Relatively Low,No Rating,Very Low,Relatively Low,Relatively Low,Relatively Low,Very Low,Very Low,Insufficient Data,Very Low
Virginia,VA,Campbell,County,,Not Applicable,No Rating,Very Low,Very Low,Relatively Low,Very Low,Relatively Low,Very Low,Not Applicable,Very Low
Virginia,VA,Fauquier,County,,Not Applicable,Relatively Low,Very Low,Relatively Moderate,Relatively Low,Very Low,Relatively Low,Very Low,Not Applicable,Very Low
Virginia,VA,Powhatan,County,,Not Applicable,No Rating,Very Low,Relatively Low,Relatively Low,Relatively Low,Very Low,Very Low,Not Applicable,Very Low
Virginia,VA,Isle of Wight,County,,Relatively Low,No Rating,Very Low,Relatively Low,Relatively Moderate,Relatively Moderate,Relatively Low,Relatively Low,Insufficient Data,Very Low
Virginia,VA,Greene,County,,Not Applicable,Relatively Low,Very Low,Relatively Low,Very Low,Very Low,Relatively Low,Very Low,Not Applicable,Very Low
Virginia,VA,Henry,County,,Not Applicable,No Rating,Very Low,Very Low,Relatively Low,Relatively Low,Relatively Moderate,Relatively Low,Not Applicable,Very Low
Virginia,VA,Culpeper,County,,Not Applicable,Relatively Moderate,Very Low,Relatively Low,Relatively Low,Very Low,Relatively Low,Relatively Low,Not Applicable,Very Low
Virginia,VA,King George,County,,Very Low,Relatively Low,Very Low,Relatively Low,Relatively Low,Very Low,Very Low,Very Low,Insufficient Data,Very Low
Virginia,VA,Albemarle,County,,Not Applicable,Relatively Low,Relatively Low,Relatively Low,Relatively Low,Relatively Moderate,Relatively Low,Relatively Low,Not Applicable,Relatively Low
Virginia,VA,Prince George,County,,Relatively Low,No Rating,Very Low,Relatively Low,Relatively Low,Relatively Low,Very Low,Relatively Low,Insufficient Data,Very Low
Virginia,VA,Gloucester,County,,Relatively Moderate,No Rating,Very Low,Relatively Low,Relatively Low,Relatively Low,Relatively Low,Relatively Low,Insufficient Data,Very Low
Virginia,VA,Warren,County,,Not Applicable,Relatively Low,Very Low,Relatively Low,Relatively Low,Very Low,Relatively Moderate,Relatively Low,Not Applicable,Very Low
Virginia,VA,Frederick,County,,Not Applicable,Relatively Low,Very Low,Relatively Moderate,Relatively Low,Very Low,Relatively Low,Relatively Low,Not Applicable,Relatively Low
Virginia,VA,Hanover,County,,Very Low,Very Low,Relatively Low,Relatively Low,Relatively Low,Relatively Low,Relatively Low,Relatively Low,Insufficient Data,Very Low
Virginia,VA,Suffolk,City,,Relatively Low,No Rating,Very Low,Relatively Moderate,Relatively Moderate,Relatively Low,Very Low,Relatively Low,Insufficient Data,Very Low
Virginia,VA,Montgomery,County,,Not Applicable,Relatively Low,Relatively Low,No Rating,Very Low,Very Low,Relatively Low,Very Low,Not Applicable,Very Low
Virginia,VA,Spotsylvania,County,,Very Low,Relatively Low,Very Low,Relatively Low,Relatively Low,Very Low,Relatively Low,Relatively Low,Insufficient Data,Very Low
Virginia,VA,Roanoke,County,,Not Applicable,Relatively Low,Very Low,No Rating,Relatively Low,Very Low,Relatively Low,Very Low,Not Applicable,Very Low
Virginia,VA,Norton,City,,Not Applicable,Relatively Low,Very Low,No Rating,Very Low,Very Low,Very Low,Very Low,Not Applicable,Very Low
Virginia,VA,James City,County,,Relatively Low,No Rating,Very Low,Relatively Low,Relatively Moderate,Relatively Low,Very Low,Relatively Low,Insufficient Data,Very Low
Virginia,VA,Stafford,County,,Relatively Low,Relatively Low,Very Low,Relatively Low,Relatively Moderate,Relatively Low,Relatively Low,Relatively Low,Insufficient Data,Very Low
Virginia,VA,York,County,,Relatively Moderate,No Rating,Very Low,Relatively Low,Relatively Moderate,Relatively Low,Relatively Low,Relatively Low,Insufficient Data,Very Low
Virginia,VA,Chesapeake,City,,Relatively Low,No Rating,Very Low,Relatively Moderate,Relatively Moderate,Relatively High,Relatively Moderate,Relatively Moderate,Insufficient Data,Very Low
Virginia,VA,Poquoson,City,,Relatively Moderate,No Rating,Very Low,Relatively Low,Relatively Low,Relatively Low,Very Low,Very Low,Insufficient Data,Very Low
Virginia,VA,Loudoun,County,,Not Applicable,Relatively Moderate,Relatively Low,Relatively Moderate,Relatively Moderate,Relatively Low,Very Low,Relatively Moderate,Not Applicable,Very Low
Virginia,VA,Galax,City,,Not Applicable,Relatively Low,Very Low,No Rating,Very Low,Very Low,Relatively Low,Very Low,Not Applicable,Very Low
Virginia,VA,Emporia,City,,Not Applicable,No Rating,Very Low,Relatively Low,Relatively Low,Relatively Low,Very Low,Very Low,Not Applicable,Very Low
Virginia,VA,Chesterfield,County,,Relatively Low,No Rating,Relatively Low,Relatively Moderate,Relatively Moderate,Relatively Low,Relatively Low,Relatively Moderate,Insufficient Data,Very Low
Virginia,VA,Franklin,City,,Very Low,No Rating,Very Low,Relatively Low,Relatively Low,Relatively Low,Relatively Low,Very Low,Insufficient Data,Very Low
Virginia,VA,Danville,City,,Not Applicable,No Rating,Very Low,Relatively Low,Relatively Low,Relatively Low,Relatively Moderate,Relatively Low,Not Applicable,Very Low
Virginia,VA,Buena Vista,City,,Not Applicable,Relatively Low,Very Low,Very Low,Very Low,Very Low,Very Low,Very Low,Not Applicable,Very Low
Virginia,VA,Covington,City,,Not Applicable,Relatively Low,Very Low,No Rating,Very Low,Very Low,Very Low,Very Low,Not Applicable,Very Low
Virginia,VA,Martinsville,City,,Not Applicable,No Rating,Very Low,Very Low,Very Low,Relatively Low,Very Low,Very Low,Not Applicable,Very Low
Virginia,VA,Staunton,City,,Not Applicable,Relatively Low,Very Low,Relatively Low,Very Low,Very Low,Relatively Low,Very Low,Not Applicable,Very Low
Virginia,VA,Bristol,City,,Not Applicable,Relatively Low,Very Low,No Rating,Very Low,Very Low,Very Low,Very Low,Not Applicable,Very Low
Virginia,VA,Henrico,County,,Very Low,No Rating,Relatively Low,Relatively Moderate,Relatively Moderate,Relatively Low,Relatively Low,Relatively Moderate,Insufficient Data,Very Low
Virginia,VA,Prince William,County,,Relatively Low,Relatively Moderate,Relatively Low,Relatively Moderate,Relatively Moderate,Relatively Low,Relatively Low,Relatively Moderate,Insufficient Data,Very Low
Virginia,VA,Petersburg,City,,Relatively Low,No Rating,Very Low,Relatively Low,Relatively Low,Relatively Low,Very Low,Relatively Low,Insufficient Data,Very Low
Virginia,VA,Waynesboro,City,,Not Applicable,Relatively Low,Very Low,Relatively Low,Relatively Low,Very Low,Relatively Low,Very Low,Not Applicable,Very Low
Virginia,VA,Lynchburg,City,,Not Applicable,No Rating,Very Low,Very Low,Relatively Low,Very Low,Relatively Low,Relatively Low,Not Applicable,Very Low
Virginia,VA,Radford,City,,Not Applicable,Relatively Low,Very Low,No Rating,Very Low,Very Low,Very Low,Very Low,Not Applicable,Very Low
Virginia,VA,Williamsburg,City,,Relatively Low,No Rating,Very Low,Relatively Low,Relatively Low,Relatively Moderate,Very Low,Very Low,Insufficient Data,Very Low
Virginia,VA,Salem,City,,Not Applicable,Relatively Low,Very Low,No Rating,Very Low,Very Low,Relatively Low,Very Low,Not Applicable,Very Low
Virginia,VA,Virginia Beach,City,,Relatively Moderate,No Rating,Very Low,Relatively Moderate,Relatively Moderate,Relatively Low,Relatively Moderate,Relatively Moderate,Insufficient Data,Very Low
Virginia,VA,Hopewell,City,,Relatively Low,No Rating,Very Low,Relatively Low,Relatively Low,Relatively Low,Very Low,Relatively Low,Insufficient Data,Very Low
Virginia,VA,Roanoke,City,,Not Applicable,Relatively Moderate,Relatively Low,No Rating,Relatively Low,Relatively Low,Relatively Low,Relatively Low,Not Applicable,Very Low
Virginia,VA,Colonial Heights,City,,Relatively Low,No Rating,Very Low,Relatively Low,Relatively Low,Relatively Low,Very Low,Very Low,Insufficient Data,Very Low
Virginia,VA,Hampton,City,,Relatively Moderate,No Rating,Very Low,Relatively Moderate,Relatively Moderate,Relatively Low,Relatively Moderate,Relatively Low,Insufficient Data,Very Low
Virginia,VA,Fredericksburg,City,,Very Low,Relatively Low,Very Low,Relatively Low,Relatively Low,Very Low,Relatively Low,Relatively Low,Insufficient Data,Very Low
Virginia,VA,Newport News,City,,Relatively Moderate,No Rating,Very Low,Relatively Moderate,Relatively Moderate,Relatively Moderate,Relatively Low,Relatively Moderate,Insufficient Data,Very Low
Virginia,VA,Lexington,City,,Not Applicable,Relatively Low,Very Low,Very Low,Very Low,Very Low,Very Low,Very Low,Not Applicable,Very Low
Virginia,VA,Fairfax,County,,Relatively Low,Relatively Moderate,Relatively Low,Relatively Moderate,Relatively High,Relatively Moderate,Relatively Moderate,Relatively Low,Insufficient Data,Very Low
Virginia,VA,Portsmouth,City,,Relatively Moderate,No Rating,Very Low,Relatively Moderate,Relatively Moderate,Relatively Moderate,Relatively Moderate,Relatively Low,Insufficient Data,Very Low
Virginia,VA,Harrisonburg,City,,Not Applicable,Relatively Low,Very Low,Relatively Low,Relatively Low,Very Low,Relatively Low,Very Low,Not Applicable,Very Low
Virginia,VA,Winchester,City,,Not Applicable,Relatively Low,Very Low,Relatively Low,Relatively Low,Very Low,Relatively Low,Very Low,Not Applicable,Very Low
Virginia,VA,Richmond,City,,Relatively Low,No Rating,Relatively Low,Relatively Moderate,Relatively Low,Relatively Moderate,Relatively Moderate,Relatively Low,Insufficient Data,Very Low
Virginia,VA,Fairfax,City,,Not Applicable,Relatively Low,Very Low,Relatively Low,Relatively Low,Very Low,Very Low,Very Low,Not Applicable,Very Low
Virginia,VA,Manassas,City,,Not Applicable,Relatively Low,Very Low,Relatively Low,Relatively Low,Very Low,Very Low,Relatively Low,Not Applicable,Very Low
Virginia,VA,Norfolk,City,,Relatively Moderate,No Rating,Very Low,Relatively Moderate,Relatively Moderate,Relatively Low,Relatively Moderate,Relatively Moderate,Insufficient Data,Very Low
Virginia,VA,Charlottesville,City,,Not Applicable,Relatively Low,Very Low,Relatively Low,Relatively Low,Relatively Low,Very Low,Very Low,Not Applicable,Very Low
Virginia,VA,Manassas Park,City,,Not Applicable,Relatively Low,Very Low,Relatively Low,Relatively Low,Very Low,Very Low,Very Low,Not Applicable,Very Low
Virginia,VA,Falls Church,City,,Not Applicable,Very Low,Very Low,Relatively Low,Relatively Low,Very Low,Relatively Low,Very Low,Not Applicable,Very Low
Virginia,VA,Arlington,County,,Very Low,Relatively Low,Very Low,Relatively Moderate,Relatively Moderate,Very Low,Relatively Low,Relatively Low,Insufficient Data,Very Low
Virginia,VA,Alexandria,City,,Relatively Low,Relatively Low,Very Low,Relatively Moderate,Relatively Low,Very Low,Relatively Low,Relatively Low,Insufficient Data,Very Low
Vermont,VT,Essex,County,,Not Applicable,Relatively Low,Very Low,No Rating,Very Low,Very Low,Relatively Low,Very Low,Not Applicable,Very Low
Vermont,VT,Orleans,County,,Not Applicable,Relatively Moderate,Very Low,No Rating,Very Low,Relatively Moderate,Relatively Moderate,Very Low,Not Applicable,Very Low
Vermont,VT,Orange,County,,Not Applicable,Relatively Low,Very Low,Very Low,Relatively Low,Very Low,Relatively Low,Very Low,Not Applicable,Very Low
Vermont,VT,Caledonia,County,,Not Applicable,Relatively Moderate,Very Low,No Rating,Relatively Low,Very Low,Relatively Low,Very Low,Not Applicable,Very Low
Vermont,VT,Addison,County,,Not Applicable,Relatively Low,Very Low,Relatively Low,Relatively Low,Relatively Moderate,Very Low,Very Low,Not Applicable,Very Low
Vermont,VT,Bennington,County,,Not Applicable,Relatively Low,Very Low,Very Low,Relatively Low,Relatively Low,Relatively Low,Very Low,Not Applicable,Very Low
Vermont,VT,Lamoille,County,,Not Applicable,Relatively Low,Very Low,Very Low,Very Low,Relatively Low,Relatively Low,Very Low,Not Applicable,Very Low
Vermont,VT,Windham,County,,Not Applicable,Relatively Moderate,Very Low,Very Low,Relatively Low,Relatively High,Relatively Low,Relatively Low,Not Applicable,Very Low
Vermont,VT,Windsor,County,,Not Applicable,Relatively Low,Very Low,Relatively Low,Relatively Low,Very Low,Relatively Moderate,Relatively Low,Not Applicable,Very Low
Vermont,VT,Rutland,County,,Not Applicable,Relatively Low,Very Low,Relatively Low,Relatively Low,Relatively Low,Relatively Moderate,Very Low,Not Applicable,Very Low
Vermont,VT,Franklin,County,,Not Applicable,Relatively Moderate,Very Low,Very Low,Very Low,Relatively High,Relatively Low,Very Low,Not Applicable,Very Low
Vermont,VT,Washington,County,,Not Applicable,Relatively Low,Very Low,No Rating,Relatively Low,Relatively Low,Relatively Moderate,Very Low,Not Applicable,Very Low
Vermont,VT,Grand Isle,County,,Not Applicable,Relatively Low,Very Low,Very Low,Very Low,Relatively Low,Very Low,Very Low,Not Applicable,Very Low
Vermont,VT,Chittenden,County,,Not Applicable,Relatively Moderate,Relatively Low,Relatively Low,Relatively Low,Relatively Moderate,Relatively Low,Relatively Low,Not Applicable,Very Low
Washington,WA,Garfield,County,,Not Applicable,Very Low,Very Low,Relatively Low,Not Applicable,Very Low,Very Low,Very Low,Not Applicable,Relatively Low
Washington,WA,Ferry,County,,Not Applicable,Relatively Low,Very Low,Relatively Low,Not Applicable,Very Low,Relatively Low,Very Low,Not Applicable,Relatively Moderate
Washington,WA,Columbia,County,,Not Applicable,Relatively Low,Very Low,Relatively Low,Not Applicable,Very Low,Very Low,Very Low,Not Applicable,Relatively Low
Washington,WA,Lincoln,County,,Not Applicable,Relatively Moderate,Relatively Low,Relatively Moderate,Not Applicable,Very Low,Very Low,Very Low,Not Applicable,Relatively Moderate
Washington,WA,Skamania,County,,Very Low,Very Low,Relatively Moderate,Very Low,Not Applicable,Relatively Low,Very Low,Very Low,No Rating,Relatively Low
Washington,WA,Okanogan,County,,Not Applicable,Very High,Relatively Low,Relatively Moderate,Not Applicable,Very Low,Relatively Low,Very Low,Not Applicable,Relatively High
Washington,WA,Pend Oreille,County,,Not Applicable,Relatively Low,Very Low,Relatively Low,Not Applicable,Relatively Low,Very Low,Very Low,Not Applicable,Relatively Low
Washington,WA,Adams,County,,Not Applicable,Relatively High,Relatively Low,Relatively Moderate,Not Applicable,Very Low,Very Low,Very Low,Not Applicable,Relatively Low
Washington,WA,Klickitat,County,,Not Applicable,Relatively Moderate,Relatively Low,Relatively Low,Not Applicable,Very Low,Very Low,Very Low,Not Applicable,Relatively High
Washington,WA,Wahkiakum,County,,Relatively Moderate,No Rating,Relatively Low,Very Low,Not Applicable,Very Low,Very Low,Very Low,Relatively Low,Very Low
Washington,WA,Jefferson,County,,Relatively Low,No Rating,Relatively Moderate,Very Low,Not Applicable,Very Low,Very Low,Very Low,Relatively Low,Very Low
Washington,WA,Stevens,County,,Not Applicable,Relatively Moderate,Relatively Low,Relatively Low,Not Applicable,Relatively Low,Very Low,Very Low,Not Applicable,Relatively Moderate
Washington,WA,Kittitas,County,,Not Applicable,Relatively Moderate,Relatively Low,Relatively Low,Not Applicable,Very Low,Relatively Moderate,Very Low,Not Applicable,Relatively High
Washington,WA,Whitman,County,,Not Applicable,Relatively Moderate,Relatively Low,Relatively Moderate,Not Applicable,Relatively Low,Relatively Low,Very Low,Not Applicable,Very Low
Washington,WA,Douglas,County,,Not Applicable,Relatively High,Relatively Low,Relatively High,Not Applicable,Very Low,Very Low,Very Low,Not Applicable,Relatively Moderate
Washington,WA,Pacific,County,,Relatively Moderate,No Rating,Relatively Moderate,Very Low,Not Applicable,Very Low,Very Low,Very Low,Relatively Moderate,Very Low
Washington,WA,Chelan,County,,Not Applicable,Very Low,Relatively Low,Relatively High,Not Applicable,Very Low,Relatively Low,Very Low,Not Applicable,Relatively High
Washington,WA,Lewis,County,,Not Applicable,Very Low,Relatively Moderate,Relatively Low,Not Applicable,Relatively Low,Relatively Moderate,Very Low,Not Applicable,Very Low
Washington,WA,Asotin,County,,Not Applicable,Very Low,Very Low,Relatively Low,Not Applicable,Very Low,Very Low,Very Low,Not Applicable,Relatively Low
Washington,WA,Grant,County,,Not Applicable,Very High,Relatively Moderate,Relatively High,Not Applicable,Very Low,Very Low,Very Low,Not Applicable,Relatively Moderate
Washington,WA,Grays Harbor,County,,Relatively High,No Rating,Relatively Moderate,Very Low,Not Applicable,Relatively Low,Very Low,Very Low,Relatively Moderate,Very Low
Washington,WA,Clallam,County,,Relatively Low,No Rating,Relatively Moderate,Very Low,Not Applicable,Very Low,Very Low,Very Low,Relatively Moderate,Very Low
Washington,WA,Walla Walla,County,,Not Applicable,Relatively High,Relatively Moderate,Relatively High,Not Applicable,Relatively High,Very Low,Very Low,Not Applicable,Relatively Low
Washington,WA,Yakima,County,,Not Applicable,Very High,Relatively Moderate,Relatively Moderate,Not Applicable,Very Low,Relatively Moderate,Very Low,Not Applicable,Relatively High
Washington,WA,Mason,County,,Relatively Low,No Rating,Relatively Moderate,Relatively Low,Not Applicable,Relatively Low,Very Low,Very Low,Very Low,Very Low
Washington,WA,Skagit,County,,Relatively Moderate,Very Low,Relatively Moderate,Relatively Low,Not Applicable,Relatively Low,Relatively Low,Very Low,Relatively Low,Very Low
Washington,WA,Franklin,County,,Not Applicable,Relatively High,Relatively Low,Relatively High,Not Applicable,Relatively Moderate,Very Low,Very Low,Not Applicable,Relatively Low
Washington,WA,Cowlitz,County,,Relatively Low,Very Low,Relatively Moderate,Relatively Low,Not Applicable,Relatively Low,Relatively Low,Very Low,Very Low,Very Low
Washington,WA,San Juan,County,,Relatively Low,Relatively Low,Relatively Low,Very Low,Not Applicable,Very Low,Very Low,Very Low,Relatively Low,Very Low
Washington,WA,Whatcom,County,,Relatively Low,Relatively Moderate,Relatively Moderate,Relatively Low,Not Applicable,Relatively Moderate,Relatively Low,Very Low,Relatively Low,Very Low
Washington,WA,Benton,County,,Not Applicable,Very High,Relatively Moderate,Relatively High,Not Applicable,Relatively High,Very Low,Very Low,Not Applicable,Relatively Moderate
Washington,WA,Spokane,County,,Not Applicable,Very High,Relatively Moderate,Relatively High,Not Applicable,Relatively High,Relatively Low,Relatively Low,Not Applicable,Relatively Moderate
Washington,WA,Snohomish,County,,Relatively Moderate,No Rating,Relatively High,Relatively Moderate,Not Applicable,Relatively Moderate,Relatively Moderate,Relatively Low,Relatively Low,Very Low
Washington,WA,Thurston,County,,Relatively Low,No Rating,Relatively High,Relatively Low,Not Applicable,Relatively Moderate,Very Low,Relatively Low,No Rating,Very Low
Washington,WA,Island,County,,Relatively Low,No Rating,Relatively Moderate,Very Low,Not Applicable,Relatively Low,Very Low,Very Low,Relatively Low,Very Low
Washington,WA,Pierce,County,,Relatively Low,Very Low,Relatively High,Relatively Moderate,Not Applicable,Relatively Moderate,Relatively Low,Relatively Low,Relatively Moderate,Relatively Low
Washington,WA,Kitsap,County,,Relatively Moderate,No Rating,Relatively High,Relatively Moderate,Not Applicable,Relatively Moderate,Very Low,Very Low,No Rating,Very Low
Washington,WA,Clark,County,,Very Low,Very Low,Relatively High,Relatively Low,Not Applicable,Relatively High,Very Low,Relatively Low,No Rating,Very Low
Washington,WA,King,County,,Relatively Low,Very Low,Very High,Relatively Moderate,Not Applicable,Relatively Moderate,Relatively Low,Relatively Moderate,Relatively Moderate,Relatively Low
Wisconsin,WI,Iron,County,,No Rating,Relatively Low,Very Low,Very Low,Not Applicable,Very Low,Relatively Low,Very Low,Insufficient Data,Very Low
Wisconsin,WI,Forest,County,,Not Applicable,Relatively Moderate,Very Low,Very Low,Not Applicable,Very Low,Very Low,Very Low,Not Applicable,Very Low
Wisconsin,WI,Florence,County,,Not Applicable,Relatively Low,Very Low,Very Low,Not Applicable,Very Low,Very Low,Very Low,Not Applicable,Very Low
Wisconsin,WI,Bayfield,County,,Very Low,Relatively Moderate,Very Low,Relatively Low,Not Applicable,Very Low,Relatively Low,Very Low,Insufficient Data,Very Low
Wisconsin,WI,Price,County,,Not Applicable,Relatively Moderate,Very Low,Relatively Low,Not Applicable,Relatively Low,Very Low,Relatively Low,Not Applicable,Very Low
Wisconsin,WI,Menominee,County,,Not Applicable,Relatively Low,Very Low,Very Low,Not Applicable,Very Low,No Rating,Very Low,Not Applicable,Very Low
Wisconsin,WI,Sawyer,County,,Not Applicable,Relatively Moderate,Very Low,Relatively Low,Not Applicable,Relatively Moderate,Very Low,Very Low,Not Applicable,Very Low
Wisconsin,WI,Ashland,County,,No Rating,Relatively Moderate,Very Low,Relatively Low,Not Applicable,Very Low,Very Low,Very Low,Insufficient Data,Very Low
Wisconsin,WI,Rusk,County,,Not Applicable,Relatively Moderate,Very Low,Relatively Low,Not Applicable,Relatively Low,Very Low,Relatively Low,Not Applicable,Very Low
Wisconsin,WI,Buffalo,County,,Not Applicable,Relatively Moderate,Very Low,Relatively Low,Not Applicable,Very Low,Relatively Low,Relatively Low,Not Applicable,Very Low
Wisconsin,WI,Burnett,County,,Not Applicable,Relatively Moderate,Very Low,Relatively Low,Not Applicable,Relatively Moderate,Very Low,Relatively Low,Not Applicable,Relatively Low
Wisconsin,WI,Taylor,County,,Not Applicable,Relatively Moderate,Very Low,Relatively Low,Not Applicable,Relatively Low,Very Low,Relatively Low,Not Applicable,Very Low
Wisconsin,WI,Washburn,County,,Not Applicable,Relatively Moderate,Very Low,Relatively Low,Not Applicable,Relatively Low,Very Low,Relatively Low,Not Applicable,Very Low
Wisconsin,WI,Jackson,County,,Not Applicable,Relatively Moderate,Very Low,Relatively Low,Not Applicable,Relatively Low,Relatively Low,Relatively Low,Not Applicable,Very Low
Wisconsin,WI,Langlade,County,,Not Applicable,Relatively Moderate,Very Low,Very Low,Not Applicable,Relatively Low,Very Low,Relatively Low,Not Applicable,Very Low
Wisconsin,WI,Lafayette,County,,Not Applicable,Relatively Moderate,Very Low,Relatively Low,Very Low,Relatively Low,Relatively Low,Relatively Low,Not Applicable,Very Low
Wisconsin,WI,Vilas,County,,Not Applicable,Relatively Moderate,Very Low,No Rating,Not Applicable,Relatively Low,Very Low,Very Low,Not Applicable,Very Low
Wisconsin,WI,Crawford,County,,Not Applicable,Relatively Moderate,Very Low,Relatively Moderate,Very Low,Relatively Low,Relatively Moderate,Relatively Low,Not Applicable,Very Low
Wisconsin,WI,Clark,County,,Not Applicable,Relatively High,Very Low,Relatively Low,Not Applicable,Relatively Low,Relatively Low,Relatively Low,Not Applicable,Very Low
Wisconsin,WI,Richland,County,,Not Applicable,Relatively Moderate,Very Low,Relatively Moderate,Very Low,Relatively Low,Relatively Low,Relatively Low,Not Applicable,Very Low
Wisconsin,WI,Marinette,County,,No Rating,Relatively Moderate,Very Low,Relatively Low,Not Applicable,Very Low,Relatively Low,Relatively Low,Insufficient Data,Very Low
Wisconsin,WI,Iowa,County,,Not Applicable,Relatively Moderate,Very Low,Relatively Low,Very Low,Relatively Low,Very Low,Relatively Low,Not Applicable,Very Low
Wisconsin,WI,Pepin,County,,Not Applicable,Relatively Low,Very Low,Relatively Low,Not Applicable,Very Low,Relatively Low,Relatively Low,Not Applicable,Very Low
Wisconsin,WI,Adams,County,,Not Applicable,Relatively Moderate,Very Low,Relatively Low,Very Low,Very Low,Relatively Low,Relatively Low,Not Applicable,Very Low
Wisconsin,WI,Lincoln,County,,Not Applicable,Relatively Moderate,Very Low,No Rating,Not Applicable,Relatively Low,Very Low,Relatively Low,Not Applicable,Very Low
Wisconsin,WI,Douglas,County,,Very Low,Relatively High,Very Low,Relatively Low,Not Applicable,Relatively Low,Relatively Low,Relatively Low,Insufficient Data,Very Low
Wisconsin,WI,Oneida,County,,Not Applicable,Relatively High,Very Low,No Rating,Not Applicable,Relatively Low,Very Low,Relatively Low,Not Applicable,Very Low
Wisconsin,WI,Marquette,County,,Not Applicable,Relatively Moderate,Very Low,Relatively Low,Very Low,Very Low,Very Low,Relatively Low,Not Applicable,Very Low
Wisconsin,WI,Juneau,County,,Not Applicable,Relatively Moderate,Very Low,Relatively Moderate,Very Low,Very Low,Relatively Moderate,Relatively Low,Not Applicable,Very Low
Wisconsin,WI,Vernon,County,,Not Applicable,Relatively Moderate,Very Low,Relatively Low,Very Low,Very Low,Relatively Moderate,Relatively Low,Not Applicable,Very Low
Wisconsin,WI,Oconto,County,,Very Low,Relatively Moderate,Very Low,Very Low,Not Applicable,Very Low,Very Low,Relatively Low,Insufficient Data,Very Low
Wisconsin,WI,Waushara,County,,Not Applicable,Relatively Moderate,Very Low,Relatively Low,Very Low,Relatively Low,Very Low,Relatively Low,Not Applicable,Relatively Low
Wisconsin,WI,Trempealeau,County,,Not Applicable,Relatively Moderate,Very Low,Relatively Low,Not Applicable,Relatively Low,Relatively Moderate,Relatively Low,Not Applicable,Very Low
Wisconsin,WI,Grant,County,,Not Applicable,Relatively Moderate,Very Low,Relatively Moderate,Very Low,Relatively Moderate,Relatively Moderate,Relatively Moderate,Not Applicable,Very Low
Wisconsin,WI,Shawano,County,,Not Applicable,Relatively High,Very Low,Relatively Low,Not Applicable,Very Low,Relatively Low,Relatively Moderate,Not Applicable,Very Low
Wisconsin,WI,Polk,County,,Not Applicable,Relatively High,Very Low,Relatively Low,Not Applicable,Relatively Moderate,Very Low,Relatively Moderate,Not Applicable,Relatively Low
Wisconsin,WI,Monroe,County,,Not Applicable,Relatively High,Very Low,Relatively Moderate,Very Low,Relatively Low,Relatively Moderate,Relatively Moderate,Not Applicable,Very Low
Wisconsin,WI,Dunn,County,,Not Applicable,Relatively High,Very Low,Relatively Low,Not Applicable,Relatively High,Very Low,Relatively Moderate,Not Applicable,Very Low
Wisconsin,WI,Barron,County,,Not Applicable,Relatively High,Very Low,Relatively Moderate,Not Applicable,Relatively Moderate,Very Low,Relatively Moderate,Not Applicable,Very Low
Wisconsin,WI,Green Lake,County,,Not Applicable,Relatively Moderate,Very Low,Relatively Low,Very Low,Relatively Low,Very Low,Relatively Low,Not Applicable,Very Low
Wisconsin,WI,Kewaunee,County,,Very Low,Relatively Moderate,Very Low,Relatively Low,Very Low,Very Low,Very Low,Relatively Low,Insufficient Data,Very Low
Wisconsin,WI,Door,County,,Relatively Low,Relatively Moderate,Very Low,No Rating,Not Applicable,Very Low,Very Low,Relatively Low,Insufficient Data,Very Low
Wisconsin,WI,Green,County,,Not Applicable,Relatively Moderate,Very Low,Relatively Low,Very Low,Relatively Moderate,Relatively Low,Relatively Moderate,Not Applicable,Very Low
Wisconsin,WI,Chippewa,County,,Not Applicable,Relatively High,Very Low,Relatively Moderate,Not Applicable,Relatively High,Relatively Low,Relatively Moderate,Not Applicable,Very Low
Wisconsin,WI,Waupaca,County,,Not Applicable,Relatively High,Very Low,Relatively Low,Not Applicable,Relatively Low,Very Low,Relatively Moderate,Not Applicable,Very Low
Wisconsin,WI,Pierce,County,,Not Applicable,Relatively High,Very Low,Relatively Moderate,Not Applicable,Relatively Moderate,Very Low,Relatively Moderate,Not Applicable,Very Low
Wisconsin,WI,Columbia,County,,Not Applicable,Relatively High,Very Low,Relatively Moderate,Very Low,Relatively Moderate,Relatively Low,Relatively Moderate,Not Applicable,Very Low
Wisconsin,WI,Sauk,County,,Not Applicable,Relatively High,Very Low,Relatively Moderate,Very Low,Relatively Moderate,Relatively Moderate,Relatively Moderate,Not Applicable,Very Low
Wisconsin,WI,Portage,County,,Not Applicable,Relatively High,Very Low,Relatively Low,Not Applicable,Relatively Low,Relatively Low,Relatively Moderate,Not Applicable,Very Low
Wisconsin,WI,Marathon,County,,Not Applicable,Relatively High,Very Low,Relatively Moderate,Not Applicable,Relatively High,Relatively Low,Relatively Moderate,Not Applicable,Very Low
Wisconsin,WI,Wood,County,,Not Applicable,Relatively High,Very Low,Relatively Low,Not Applicable,Relatively Low,Relatively Low,Relatively Moderate,Not Applicable,Very Low
Wisconsin,WI,Dodge,County,,Not Applicable,Relatively High,Very Low,Relatively Moderate,Very Low,Very Low,Relatively Low,Relatively Moderate,Not Applicable,Relatively Low
Wisconsin,WI,St. Croix,County,,Not Applicable,Relatively High,Very Low,Relatively Moderate,Not Applicable,Relatively High,Very Low,Relatively Moderate,Not Applicable,Relatively Low
Wisconsin,WI,Manitowoc,County,,No Rating,Relatively High,Very Low,Relatively Moderate,Very Low,Very Low,Relatively Low,Relatively Moderate,Insufficient Data,Very Low
Wisconsin,WI,Fond du Lac,County,,Not Applicable,Relatively High,Very Low,Relatively Moderate,Very Low,Very Low,Relatively Low,Relatively Moderate,Not Applicable,Relatively Low
Wisconsin,WI,Jefferson,County,,Not Applicable,Relatively High,Very Low,Relatively Moderate,Very Low,Relatively Low,Relatively Moderate,Relatively Moderate,Not Applicable,Very Low
Wisconsin,WI,Calumet,County,,Not Applicable,Relatively Moderate,Very Low,Relatively Moderate,Very Low,Relatively Low,Relatively Low,Relatively Low,Not Applicable,Very Low
Wisconsin,WI,Eau Claire,County,,Not Applicable,Relatively High,Very Low,Relatively Moderate,Not Applicable,Relatively High,Relatively Low,Relatively Moderate,Not Applicable,Very Low
Wisconsin,WI,Walworth,County,,Not Applicable,Relatively High,Very Low,Relatively Moderate,Very Low,Relatively Low,Relatively Low,Relatively Moderate,Not Applicable,Very Low
Wisconsin,WI,Rock,County,,Not Applicable,Very High,Very Low,Relatively Moderate,Very Low,Relatively High,Relatively Low,Relatively High,Not Applicable,Very Low
Wisconsin,WI,Sheboygan,County,,Very Low,Relatively High,Very Low,Relatively Low,Very Low,Relatively Low,Relatively Low,Relatively Moderate,Insufficient Data,Very Low
Wisconsin,WI,La Crosse,County,,Not Applicable,Relatively High,Very Low,Relatively Moderate,Not Applicable,Relatively Low,Relatively Moderate,Relatively Moderate,Not Applicable,Very Low
Wisconsin,WI,Outagamie,County,,Not Applicable,Relatively High,Very Low,Relatively Moderate,Very Low,Very Low,Relatively Low,Relatively Moderate,Not Applicable,Very Low
Wisconsin,WI,Washington,County,,Not Applicable,Relatively High,Very Low,Relatively Moderate,Very Low,Very Low,Relatively Low,Relatively Moderate,Not Applicable,Relatively Low
Wisconsin,WI,Ozaukee,County,,Very Low,Relatively Moderate,Very Low,Relatively Low,Very Low,Relatively Low,Relatively Low,Relatively Moderate,Insufficient Data,Very Low
Wisconsin,WI,Winnebago,County,,Not Applicable,Relatively High,Very Low,Relatively Moderate,Very Low,Relatively Low,Relatively Moderate,Relatively Moderate,Not Applicable,Very Low
Wisconsin,WI,Dane,County,,Not Applicable,Very High,Relatively Low,Relatively High,Very Low,Very High,Relatively Moderate,Relatively High,Not Applicable,Relatively Low
Wisconsin,WI,Brown,County,,Relatively Low,Very High,Very Low,Relatively Low,Very Low,Relatively Low,Relatively Moderate,Relatively High,Insufficient Data,Very Low
Wisconsin,WI,Racine,County,,Very Low,Relatively High,Very Low,Relatively Moderate,Very Low,Relatively Low,Relatively Low,Relatively High,Insufficient Data,Very Low
Wisconsin,WI,Kenosha,County,,Very Low,Very High,Very Low,Relatively Moderate,Very Low,Relatively Low,Relatively Low,Relatively High,Insufficient Data,Very Low
Wisconsin,WI,Waukesha,County,,Not Applicable,Very High,Very Low,Relatively Moderate,Very Low,Relatively Moderate,Relatively Moderate,Relatively High,Not Applicable,Relatively Low
Wisconsin,WI,Milwaukee,County,,Very Low,Very High,Relatively Low,Relatively High,Very Low,Relatively Low,Relatively Moderate,Relatively High,Insufficient Data,Very Low
West Virginia,WV,Pocahontas,County,,Not Applicable,Relatively Low,Very Low,No Rating,Very Low,Very Low,Relatively Low,Very Low,Not Applicable,Very Low
West Virginia,WV,Pendleton,County,,Not Applicable,Relatively Low,Very Low,Very Low,Very Low,Very Low,Relatively Low,Very Low,Not Applicable,Very Low
West Virginia,WV,Webster,County,,Not Applicable,Relatively Low,Very Low,No Rating,Very Low,Very Low,Relatively Low,Very Low,Not Applicable,Very Low
West Virginia,WV,Tucker,County,,Not Applicable,Relatively Low,Very Low,No Rating,Very Low,Very Low,Relatively Low,Very Low,Not Applicable,Very Low
West Virginia,WV,Ritchie,County,,Not Applicable,Very Low,Very Low,Very Low,Very Low,Very Low,Relatively Low,Very Low,Not Applicable,Very Low
West Virginia,WV,Gilmer,County,,Not Applicable,Very Low,Very Low,Very Low,Very Low,Very Low,Relatively Low,Very Low,Not Applicable,Very Low
West Virginia,WV,Calhoun,County,,Not Applicable,Very Low,Very Low,Very Low,Very Low,Very Low,Relatively Low,Very Low,Not Applicable,Very Low
West Virginia,WV,Wirt,County,,Not Applicable,Very Low,Very Low,Very Low,Very Low,Very Low,Relatively Low,Very Low,Not Applicable,Very Low
West Virginia,WV,Grant,County,,Not Applicable,Relatively Low,Very Low,No Rating,Very Low,Very Low,Relatively Low,Very Low,Not Applicable,Relatively Low
West Virginia,WV,Clay,County,,Not Applicable,Very Low,Very Low,Very Low,Very Low,Very Low,Relatively Low,Very Low,Not Applicable,Very Low
West Virginia,WV,Braxton,County,,Not Applicable,Relatively Low,Very Low,Very Low,Very Low,Very Low,Relatively Low,Very Low,Not Applicable,Very Low
West Virginia,WV,Doddridge,County,,Not Applicable,Very Low,Very Low,Very Low,Very Low,Relatively Low,Relatively Low,Very Low,Not Applicable,Very Low
West Virginia,WV,Hardy,County,,Not Applicable,Relatively Low,Very Low,Very Low,Relatively Low,Very Low,Relatively Moderate,Very Low,Not Applicable,Relatively Low
West Virginia,WV,Monroe,County,,Not Applicable,Relatively Low,Very Low,No Rating,Very Low,Very Low,Relatively Low,Very Low,Not Applicable,Very Low
West Virginia,WV,Randolph,County,,Not Applicable,Relatively Low,Very Low,No Rating,Very Low,Very Low,Relatively Low,Very Low,Not Applicable,Very Low
West Virginia,WV,Roane,County,,Not Applicable,Relatively Low,Very Low,Very Low,Very Low,Relatively Low,Relatively Moderate,Very Low,Not Applicable,Very Low
West Virginia,WV,Greenbrier,County,,Not Applicable,Relatively Moderate,Very Low,No Rating,Very Low,Relatively Moderate,Relatively Moderate,Very Low,Not Applicable,Very Low
West Virginia,WV,Tyler,County,,Not Applicable,Very Low,Very Low,Very Low,Very Low,Relatively Low,Relatively Low,Very Low,Not Applicable,Very Low
West Virginia,WV,Summers,County,,Not Applicable,Relatively Low,Very Low,No Rating,Very Low,Relatively Low,Relatively Low,Very Low,Not Applicable,Very Low
West Virginia,WV,McDowell,County,,Not Applicable,Relatively Low,Very Low,No Rating,Very Low,Very Low,Relatively High,Very Low,Not Applicable,Relatively Low
West Virginia,WV,Hampshire,County,,Not Applicable,Relatively Low,Very Low,Very Low,Very Low,Very Low,Relatively Low,Very Low,Not Applicable,Relatively Low
West Virginia,WV,Nicholas,County,,Not Applicable,Relatively Low,Very Low,No Rating,Very Low,Relatively Low,Relatively Moderate,Very Low,Not Applicable,Very Low
West Virginia,WV,Wetzel,County,,Not Applicable,Relatively Low,Very Low,Relatively Low,Very Low,Relatively Low,Relatively Moderate,Very Low,Not Applicable,Very Low
West Virginia,WV,Wyoming,County,,Not Applicable,Relatively Low,Very Low,No Rating,Very Low,Very Low,Relatively Moderate,Very Low,Not Applicable,Relatively Low
West Virginia,WV,Boone,County,,Not Applicable,Relatively Low,Very Low,Very Low,Very Low,Relatively Low,Relatively Moderate,Very Low,Not Applicable,Relatively Low
West Virginia,WV,Lewis,County,,Not Applicable,Very Low,Very Low,Very Low,Very Low,Very Low,Relatively Low,Very Low,Not Applicable,Very Low
West Virginia,WV,Barbour,County,,Not Applicable,Relatively Low,Very Low,No Rating,Very Low,Very Low,Relatively Low,Very Low,Not Applicable,Very Low
West Virginia,WV,Lincoln,County,,Not Applicable,Relatively Low,Very Low,Relatively Low,Very Low,Relatively Low,Relatively Moderate,Very Low,Not Applicable,Relatively Low
West Virginia,WV,Preston,County,,Not Applicable,Relatively Moderate,Very Low,No Rating,Very Low,Relatively Moderate,Relatively Low,Very Low,Not Applicable,Very Low
West Virginia,WV,Mingo,County,,Not Applicable,Relatively Low,Very Low,Very Low,Very Low,Very Low,Relatively Moderate,Very Low,Not Applicable,Relatively Low
West Virginia,WV,Pleasants,County,,Not Applicable,Very Low,Very Low,Very Low,Very Low,Relatively Low,Very Low,Very Low,Not Applicable,Very Low
West Virginia,WV,Mason,County,,Not Applicable,Very Low,Very Low,Relatively Low,Very Low,Relatively Low,Relatively Low,Very Low,Not Applicable,Very Low
West Virginia,WV,Jackson,County,,Not Applicable,Very Low,Very Low,Relatively Low,Very Low,Relatively Low,Relatively Low,Very Low,Not Applicable,Very Low
West Virginia,WV,Fayette,County,,Not Applicable,Relatively Low,Very Low,No Rating,Very Low,Very Low,Relatively Low,Very Low,Not Applicable,Very Low
West Virginia,WV,Upshur,County,,Not Applicable,Relatively Low,Very Low,No Rating,Very Low,Very Low,Relatively Low,Very Low,Not Applicable,Very Low
West Virginia,WV,Logan,County,,Not Applicable,Relatively Low,Very Low,Relatively Low,Very Low,Relatively Low,Relatively Moderate,Very Low,Not Applicable,Relatively Moderate
West Virginia,WV,Morgan,County,,Not Applicable,Relatively Low,Very Low,Relatively Low,Very Low,Very Low,Relatively Low,Very Low,Not Applicable,Very Low
West Virginia,WV,Wayne,County,,Not Applicable,Relatively Low,Very Low,Relatively Low,Very Low,Relatively Low,Relatively Moderate,Relatively Low,Not Applicable,Relatively Low
West Virginia,WV,Mineral,County,,Not Applicable,Relatively Low,Very Low,Very Low,Very Low,Very Low,Relatively Low,Very Low,Not Applicable,Very Low
West Virginia,WV,Taylor,County,,Not Applicable,Relatively Low,Very Low,Very Low,Very Low,Relatively Low,Relatively Low,Very Low,Not Applicable,Very Low
West Virginia,WV,Marshall,County,,Not Applicable,Relatively Low,Very Low,Relatively Low,Very Low,Relatively Moderate,Relatively Moderate,Relatively Low,Not Applicable,Very Low
West Virginia,WV,Raleigh,County,,Not Applicable,Relatively Moderate,Very Low,No Rating,Very Low,Relatively Low,Relatively Moderate,Very Low,Not Applicable,Relatively Low
West Virginia,WV,Mercer,County,,Not Applicable,Relatively Low,Very Low,No Rating,Very Low,Very Low,Relatively Moderate,Very Low,Not Applicable,Relatively Low
West Virginia,WV,Harrison,County,,Not Applicable,Relatively Low,Very Low,Very Low,Very Low,Relatively Moderate,Relatively Low,Relatively Low,Not Applicable,Very Low
West Virginia,WV,Putnam,County,,Not Applicable,Relatively Low,Very Low,Relatively Low,Very Low,Relatively Low,Relatively Low,Very Low,Not Applicable,Relatively Low
West Virginia,WV,Marion,County,,Not Applicable,Relatively Low,Very Low,Relatively Low,Very Low,Relatively Moderate,Relatively Low,Relatively Low,Not Applicable,Very Low
West Virginia,WV,Kanawha,County,,Not Applicable,Relatively Moderate,Relatively Low,Relatively Low,Relatively Low,Relatively High,Relatively High,Relatively Low,Not Applicable,Relatively Low
West Virginia,WV,Wood,County,,Not Applicable,Relatively Low,Very Low,Relatively Low,Very Low,Relatively Moderate,Relatively Low,Relatively Low,Not Applicable,Very Low
West Virginia,WV,Brooke,County,,Not Applicable,Relatively Low,Very Low,Relatively Low,Very Low,Very Low,Relatively Moderate,Very Low,Not Applicable,Very Low
West Virginia,WV,Jefferson,County,,Not Applicable,Relatively Low,Very Low,Relatively Low,Relatively Low,Very Low,Relatively Low,Relatively Low,Not Applicable,Very Low
West Virginia,WV,Monongalia,County,,Not Applicable,Relatively Low,Very Low,Relatively Low,Relatively Low,Relatively Moderate,Relatively Low,Relatively Low,Not Applicable,Very Low
West Virginia,WV,Cabell,County,,Not Applicable,Relatively Low,Relatively Low,Relatively Low,Very Low,Relatively Moderate,Very Low,Relatively Low,Not Applicable,Relatively Low
West Virginia,WV,Hancock,County,,Not Applicable,Relatively Low,Very Low,Relatively Low,Very Low,Very Low,Relatively Moderate,Very Low,Not Applicable,Very Low
West Virginia,WV,Berkeley,County,,Not Applicable,Relatively Moderate,Very Low,Relatively Low,Relatively Low,Relatively Low,Relatively Low,Relatively Low,Not Applicable,Very Low
West Virginia,WV,Ohio,County,,Not Applicable,Relatively Low,Very Low,Relatively Low,Very Low,Relatively Moderate,Relatively Moderate,Relatively Low,Not Applicable,Very Low
Wyoming,WY,Niobrara,County,,Not Applicable,Relatively Moderate,Very Low,No Rating,Not Applicable,Very Low,Very Low,Very Low,Not Applicable,Relatively Low
Wyoming,WY,Sublette,County,,Not Applicable,Relatively Low,Relatively Low,No Rating,Not Applicable,Very Low,Very Low,Very Low,Not Applicable,Relatively Moderate
Wyoming,WY,Carbon,County,,Not Applicable,Relatively Moderate,Very Low,No Rating,Not Applicable,Relatively Low,Relatively Low,Very Low,Not Applicable,Relatively Low
Wyoming,WY,Johnson,County,,Not Applicable,Relatively Low,Very Low,Very Low,Not Applicable,Very Low,Relatively Low,Very Low,Not Applicable,Relatively Low
Wyoming,WY,Hot Springs,County,,Not Applicable,Relatively Low,Very Low,No Rating,Not Applicable,Very Low,Very Low,Very Low,Not Applicable,Very Low
Wyoming,WY,Crook,County,,Not Applicable,Relatively Moderate,Very Low,No Rating,Not Applicable,Very Low,Very Low,Very Low,Not Applicable,Relatively Low
Wyoming,WY,Weston,County,,Not Applicable,Relatively Moderate,Very Low,No Rating,Not Applicable,Very Low,Very Low,Very Low,Not Applicable,Relatively Low
Wyoming,WY,Converse,County,,Not Applicable,Relatively High,Very Low,No Rating,Not Applicable,Very Low,Very Low,Very Low,Not Applicable,Relatively Moderate
Wyoming,WY,Washakie,County,,Not Applicable,Relatively Low,Very Low,No Rating,Not Applicable,Very Low,Very Low,Very Low,Not Applicable,Very Low
Wyoming,WY,Big Horn,County,,Not Applicable,Relatively Moderate,Very Low,Very Low,Not Applicable,Very Low,Relatively Low,Very Low,Not Applicable,Very Low
Wyoming,WY,Sweetwater,County,,Not Applicable,Relatively Moderate,Very Low,No Rating,Not Applicable,Relatively Low,Relatively Low,Very Low,Not Applicable,Very Low
Wyoming,WY,Platte,County,,Not Applicable,Relatively High,Very Low,No Rating,Not Applicable,Very Low,Very Low,Very Low,Not Applicable,Relatively Low
Wyoming,WY,Park,County,,Not Applicable,Relatively High,Relatively Low,Very Low,Not Applicable,Relatively Low,Relatively Low,Very Low,Not Applicable,Relatively Low
Wyoming,WY,Fremont,County,,Not Applicable,Relatively Moderate,Relatively Low,No Rating,Not Applicable,Relatively Low,Relatively Low,Very Low,Not Applicable,Relatively Moderate
Wyoming,WY,Lincoln,County,,Not Applicable,Relatively Low,Relatively Moderate,No Rating,Not Applicable,Relatively Low,Relatively Low,Very Low,Not Applicable,Relatively Low
Wyoming,WY,Goshen,County,,Not Applicable,Relatively High,Very Low,No Rating,Not Applicable,Very Low,No Rating,Relatively Low,Not Applicable,Very Low
Wyoming,WY,Teton,County,,Not Applicable,Relatively Low,Relatively Low,No Rating,Not Applicable,Relatively Low,Very Low,Very Low,Not Applicable,Relatively Moderate
Wyoming,WY,Albany,County,,Not Applicable,Very High,Very Low,No Rating,Not Applicable,Relatively Low,Relatively Low,Relatively Low,Not Applicable,Relatively Low
Wyoming,WY,Campbell,County,,Not Applicable,Relatively High,Very Low,Very Low,Not Applicable,Relatively Low,Relatively Low,Relatively Low,Not Applicable,Relatively Moderate
Wyoming,WY,Uinta,County,,Not Applicable,Relatively Moderate,Relatively Low,No Rating,Not Applicable,Very Low,Very Low,Very Low,Not Applicable,Relatively Low
Wyoming,WY,Sheridan,County,,Not Applicable,Relatively Low,Very Low,Relatively Moderate,Not Applicable,Relatively Low,Relatively Low,Very Low,Not Applicable,Relatively Low
Wyoming,WY,Natrona,County,,Not Applicable,Relatively High,Relatively Low,No Rating,Not Applicable,Relatively Moderate,Relatively Low,Relatively Low,Not Applicable,Relatively Moderate
Wyoming,WY,Laramie,County,,Not Applicable,Very High,Very Low,No Rating,Not Applicable,Relatively Moderate,Relatively Moderate,Relatively Moderate,Not Applicable,Relatively Low