{"type":"FeatureCollection","features":[{"type":"Feature","properties":{"name":"Fort Bend County","fips":"48157"},"geometry":{"type":"Polygon","coordinates":[[[-95.5771,29.3681],[-95.5673,29.3897],[-95.5476,29.3952],[-95.546,29.4086],[-95.5564,29.4246],[-95.5506,29.4383],[-95.4626,29.4392],[-95.4242,29.5807],[-95.6055,29.6645],[-95.826,29.7886],[-95.9509,29.7408],[-95.9713,29.7405],[-95.9709,29.7286],[-96.0327,29.7279],[-96.0321,29.7173],[-96.0071,29.7167],[-96.006,29.7039],[-96.0228,29.7045],[-96.0145,29.6936],[-96.0156,29.6814],[-96.0214,29.6789],[-96.0359,29.6884],[-96.0601,29.6763],[-96.0461,29.6655],[-96.0309,29.6752],[-96.0168,29.6675],[-96.02,29.6592],[-96.0332,29.6582],[-96.0148,29.6417],[-96.0164,29.6271],[-96.0242,29.622],[-96.0248,29.6029],[-96.0889,29.6017],[-96.0621,29.5914],[-96.06,29.5687],[-96.0445,29.5621],[-96.0409,29.5408],[-96.0564,29.5394],[-96.0507,29.5236],[-96.0542,29.5122],[-96.0272,29.5088],[-96.0223,29.5023],[-96.0348,29.4925],[-96.0596,29.492],[-96.06,29.4736],[-96.0499,29.4721],[-96.0485,29.4622],[-96.0295,29.4522],[-96.0353,29.443],[-96.0205,29.4412],[-96.0069,29.429],[-95.992,29.4339],[-95.9881,29.418],[-95.9708,29.4084],[-95.9674,29.382],[-95.9549,29.3796],[-95.9441,29.3612],[-95.9365,29.3587],[-95.9526,29.348],[-95.9506,29.3366],[-95.8941,29.3146],[-95.8975,29.2993],[-95.8792,29.2664],[-95.8576,29.2681],[-95.8477,29.2626],[-95.7978,29.308],[-95.784,29.2962],[-95.7529,29.3245],[-95.6651,29.2989],[-95.6555,29.2912],[-95.6388,29.2972],[-95.6262,29.293],[-95.6208,29.2998],[-95.6258,29.313],[-95.605,29.3307],[-95.5908,29.3275],[-95.5792,29.3406],[-95.5827,29.3504],[-95.5741,29.3547],[-95.5808,29.3619],[-95.5771,29.3681]]]}},{"type":"Feature","properties":{"name":"Presidio County","fips":"48377"},"geometry":{"type":"Polygon","coordinates":[[[-104.9808,30.6255],[-104.9675,30.6079],[-104.9596,30.6106],[-104.931,30.5991],[-104.9247,30.6051],[-104.9188,30.5855],[-104.9096,30.5852],[-104.8988,30.5705],[-104.898,30.5546],[-104.8806,30.5298],[-104.8857,30.5183],[-104.8733,30.5136],[-104.874,30.4953],[-104.8666,30.4943],[-104.8717,30.4803],[-104.8659,30.4669],[-104.8679,30.4411],[-104.8583,30.4376],[-104.8613,30.4261],[-104.8479,30.42],[-104.8477,30.4138],[-104.8572,30.4089],[-104.8593,30.3903],[-104.8374,30.3738],[-104.8164,30.3752],[-104.8197,30.3687],[-104.811,30.3625],[-104.8226,30.3506],[-104.81,30.3415],[-104.8116,30.3328],[-104.7914,30.3255],[-104.7768,30.3103],[-104.7793,30.3033],[-104.7667,30.306],[-104.7581,30.2864],[-104.7632,30.2748],[-104.7486,30.2744],[-104.7507,30.2622],[-104.7366,30.2559],[-104.7337,30.2614],[-104.7063,30.2348],[-104.7113,30.2231],[-104.6863,30.1733],[-104.6901,30.1492],[-104.6853,30.1447],[-104.6967,30.1345],[-104.6951,30.1178],[-104.6855,30.11],[-104.6944,30.102],[-104.689,30.0953],[-104.6851,30.0998],[-104.6899,30.0893],[-104.685,30.0853],[-104.688,30.0738],[-104.7037,30.0642],[-104.7073,30.0499],[-104.6957,30.0377],[-104.7038,30.0234],[-104.6895,30.0151],[-104.6941,30.0025],[-104.6875,29.9957],[-104.6932,29.9935],[-104.6857,29.9871],[-104.6931,29.9755],[-104.6802,29.977],[-104.6853,29.9567],[-104.6732,29.955],[-104.6807,29.9473],[-104.6833,29.9291],[-104.6656,29.9017],[-104.6551,29.9054],[-104.6583,29.8908],[-104.6517,29.8924],[-104.6461,29.8785],[-104.6334,29.8708],[-104.6293,29.8522],[-104.6216,29.8496],[-104.6248,29.8428],[-104.6154,29.8466],[-104.6094,29.8398],[-104.6196,29.8302],[-104.6085,29.8279],[-104.6101,29.8194],[-104.5949,29.8053],[-104.5913,29.8098],[-104.586,29.802],[-104.5909,29.7981],[-104.5815,29.7951],[-104.5789,29.7828],[-104.5659,29.7715],[-104.5639,29.7613],[-104.5699,29.7526],[-104.5498,29.7409],[-104.5604,29.7352],[-104.5493,29.7306],[-104.5523,29.7173],[-104.5449,29.7161],[-104.5438,29.6963],[-104.5302,29.6905],[-104.5441,29.6807],[-104.5356,29.6666],[-104.5254,29.6678],[-104.5176,29.6474],[-104.5098,29.644],[-104.5156,29.6403],[-104.5079,29.6324],[-104.498,29.6397],[-104.4861,29.6287],[-104.476,29.628],[-104.4734,29.6179],[-104.4654,29.6182],[-104.4665,29.6092],[-104.4564,29.6087],[-104.3989,29.5719],[-104.3943,29.5552],[-104.3816,29.5434],[-104.3704,29.5431],[-104.3382,29.5202],[-104.3215,29.5219],[-104.3155,29.5328],[-104.3115,29.5232],[-104.2622,29.5135],[-104.2607,29.5067],[-104.2371,29.4976],[-104.2307,29.4787],[-104.21,29.4822],[-104.2177,29.4566],[-104.1811,29.4265],[-104.1839,29.4172],[-104.1648,29.4015],[-104.1674,29.3947],[-104.1604,29.3898],[-104.1552,29.3946],[-104.1484,29.3851],[-104.1433,29.3883],[-104.1412,29.3778],[-104.1349,29.3842],[-104.1229,29.3803],[-104.1213,29.3714],[-104.1066,29.3733],[-104.0823,29.3461],[-104.0561,29.3377],[-104.0552,29.3304],[-104.0375,29.3197],[-103.9758,29.2962],[-103.9676,29.3],[-103.9257,29.2944],[-103.9189,29.2848],[-103.8993,29.2874],[-103.8894,29.2788],[-103.8801,29.2851],[-103.8543,29.2815],[-103.8262,29.2692],[-103.8135,29.274],[-103.8064,29.2611],[-103.7959,29.2597],[-103.7928,29.5002],[-103.8007,30.4125],[-103.901,30.4122],[-104.9766,30.6289],[-104.9808,30.6255]]]}},{"type":"Feature","properties":{"name":"Willacy County","fips":"48489"},"geometry":{"type":"Polygon","coordinates":[[[-97.8619,26.3483],[-97.5276,26.2993],[-97.5213,26.3258],[-97.5066,26.3208],[-97.5123,26.313],[-97.5008,26.3189],[-97.5077,26.3347],[-97.4855,26.3371],[-97.4697,26.3299],[-97.475,26.3407],[-97.4679,26.3429],[-97.4657,26.3324],[-97.4454,26.3258],[-97.4309,26.3633],[-97.4118,26.3734],[-97.3865,26.4104],[-97.1673,26.4127],[-97.2254,26.6002],[-97.8617,26.598],[-97.9574,26.6118],[-97.9701,26.5523],[-97.9639,26.5335],[-97.9844,26.5366],[-98.0042,26.4488],[-97.9085,26.4332],[-97.8619,26.4336],[-97.8619,26.3483]]]}},{"type":"Feature","properties":{"name":"Starr County","fips":"48427"},"geometry":{"type":"Polygon","coordinates":[[[-99.1718,26.5455],[-99.1667,26.5361],[-99.1278,26.5252],[-99.1049,26.5004],[-99.092,26.4724],[-99.1024,26.4427],[-99.1135,26.4325],[-99.0836,26.3974],[-99.0621,26.3974],[-99.0349,26.4134],[-99.0219,26.4079],[-99.0106,26.3921],[-98.9891,26.3917],[-98.9752,26.4011],[-98.9573,26.3963],[-98.956,26.3773],[-98.9422,26.3697],[-98.9351,26.373],[-98.9356,26.385],[-98.9259,26.3944],[-98.9174,26.3745],[-98.9017,26.3712],[-98.8967,26.3533],[-98.8619,26.366],[-98.8441,26.3587],[-98.8246,26.3708],[-98.8073,26.3694],[-98.7982,26.3602],[-98.789,26.3304],[-98.7713,26.3251],[-98.7511,26.3316],[-98.7362,26.3092],[-98.7404,26.3028],[-98.7542,26.3079],[-98.751,26.2963],[-98.7278,26.2988],[-98.7162,26.2862],[-98.7025,26.287],[-98.701,26.278],[-98.7173,26.278],[-98.72,26.2728],[-98.6807,26.2626],[-98.6731,26.2384],[-98.6566,26.2357],[-98.6346,26.2423],[-98.6233,26.2599],[-98.616,26.2465],[-98.6116,26.2533],[-98.5864,26.2578],[-98.3207,26.7831],[-98.9542,26.7857],[-99.0111,26.675],[-99.1694,26.5717],[-99.1718,26.5455]]]}},{"type":"Feature","properties":{"name":"Archer County","fips":"48009"},"geometry":{"type":"Polygon","coordinates":[[[-98.9539,33.4045],[-98.9539,33.3975],[-98.4207,33.3962],[-98.4236,33.836],[-98.9532,33.834],[-98.9539,33.4045]]]}},{"type":"Feature","properties":{"name":"Baylor County","fips":"48023"},"geometry":{"type":"Polygon","coordinates":[[[-99.4756,33.834],[-99.4724,33.399],[-98.9539,33.3975],[-98.9532,33.834],[-99.4756,33.834]]]}},{"type":"Feature","properties":{"name":"San Augustine County","fips":"48405"},"geometry":{"type":"Polygon","coordinates":[[[-94.3998,31.6495],[-94.395,31.6384],[-94.3746,31.639],[-94.3662,31.6332],[-94.3674,31.6242],[-94.3567,31.6226],[-94.3504,31.6065],[-94.34,31.6088],[-94.328,31.592],[-94.3109,31.5892],[-94.3136,31.5757],[-94.3054,31.5711],[-94.3077,31.5382],[-94.3024,31.5339],[-94.3071,31.5308],[-94.3,31.5269],[-94.3094,31.5242],[-94.3101,31.517],[-94.306,31.5187],[-94.3106,31.5159],[-94.3043,31.5148],[-94.3021,31.5053],[-94.3116,31.4944],[-94.3076,31.4923],[-94.3161,31.4958],[-94.3191,31.4789],[-94.3118,31.4688],[-94.3135,31.4555],[-94.325,31.4394],[-94.3049,31.4218],[-94.3142,31.4029],[-94.3269,31.4],[-94.323,31.3854],[-94.3278,31.3841],[-94.3246,31.3757],[-94.3312,31.363],[-94.3134,31.3375],[-94.3226,31.3218],[-94.3149,31.3081],[-94.327,31.2914],[-94.3222,31.2855],[-94.3396,31.2633],[-94.3289,31.2507],[-94.3398,31.2408],[-94.3248,31.2309],[-94.3265,31.2246],[-94.3126,31.2237],[-94.3124,31.2179],[-94.2944,31.2126],[-94.2886,31.2016],[-94.2699,31.1962],[-94.2622,31.1803],[-94.2506,31.1883],[-94.2489,31.1772],[-94.2388,31.1803],[-94.219,31.1733],[-94.2196,31.1644],[-94.2029,31.154],[-94.2071,31.1505],[-94.1894,31.1394],[-94.1927,31.1355],[-94.1885,31.1375],[-94.1781,31.1237],[-94.1615,31.1224],[-94.1576,31.1146],[-94.1442,31.1152],[-94.1405,31.1048],[-94.1332,31.1075],[-94.1296,31.0993],[-94.0454,31.1167],[-94.0378,31.1294],[-94.0488,31.1503],[-94.0387,31.1761],[-94.0386,31.2177],[-94.029,31.2502],[-94.0384,31.2869],[-94.0473,31.2982],[-94.037,31.3323],[-94.0416,31.3405],[-94.0217,31.3659],[-94.0442,31.41],[-93.9832,31.4661],[-93.9845,31.5694],[-94.0907,31.6206],[-94.3991,31.6536],[-94.3998,31.6495]]]}},{"type":"Feature","properties":{"name":"Madison County","fips":"48313"},"geometry":{"type":"Polygon","coordinates":[[[-95.9059,31.0928],[-95.9752,31.092],[-96.0175,31.07],[-96.0463,31.0694],[-96.1709,30.9944],[-96.241,30.9737],[-96.2378,30.9606],[-96.2078,30.9474],[-96.1982,30.9321],[-96.203,30.9329],[-96.2127,30.9053],[-96.2034,30.9012],[-96.2002,30.8855],[-96.193,30.8812],[-96.1957,30.871],[-96.1741,30.8531],[-96.1744,30.8267],[-96.1252,30.8266],[-95.8504,30.8677],[-95.8491,30.863],[-95.8296,30.8621],[-95.7849,30.879],[-95.7595,30.8989],[-95.7333,30.9001],[-95.7165,30.9114],[-95.7096,30.9055],[-95.6957,30.9072],[-95.6916,30.9011],[-95.6664,30.905],[-95.6545,30.8932],[-95.6298,30.8999],[-95.628,30.9104],[-95.6141,30.913],[-95.6119,30.9182],[-95.6219,30.9251],[-95.6179,30.9304],[-95.6374,30.9263],[-95.6498,30.936],[-95.665,30.9709],[-95.6812,30.987],[-95.67,30.9942],[-95.6584,31.0163],[-95.6695,31.0246],[-95.6632,31.0332],[-95.6404,31.0425],[-95.6314,31.0368],[-95.6282,31.0433],[-95.6313,31.0529],[-95.6475,31.0554],[-95.6549,31.0673],[-95.6484,31.0699],[-95.6625,31.0836],[-95.6765,31.0759],[-95.6924,31.082],[-95.6985,31.0768],[-95.7041,31.0826],[-95.707,31.0779],[-95.7234,31.0798],[-95.7284,31.0879],[-95.7364,31.0838],[-95.7416,31.0908],[-95.7595,31.0887],[-95.7644,31.0942],[-95.9059,31.0928]]]}},{"type":"Feature","properties":{"name":"Cottle County","fips":"48101"},"geometry":{"type":"Polygon","coordinates":[[[-100.5184,34.1677],[-100.5187,33.8357],[-100.0485,33.836],[-100.047,34.2298],[-100.0428,34.228],[-100.0373,34.2388],[-100.0098,34.242],[-100.0061,34.2257],[-99.9976,34.2244],[-99.9977,34.3118],[-100.5173,34.3141],[-100.5184,34.1677]]]}},{"type":"Feature","properties":{"name":"Young County","fips":"48503"},"geometry":{"type":"Polygon","coordinates":[[[-98.9541,33.3698],[-98.9509,32.9569],[-98.4272,32.9523],[-98.4207,33.3962],[-98.9539,33.3975],[-98.9541,33.3698]]]}},{"type":"Feature","properties":{"name":"Red River County","fips":"48387"},"geometry":{"type":"Polygon","coordinates":[[[-95.3106,33.6084],[-95.3066,33.378],[-95.2991,33.3827],[-95.2901,33.3756],[-95.271,33.3767],[-95.261,33.3669],[-95.2415,33.3678],[-95.2344,33.3738],[-95.2282,33.3707],[-95.2297,33.3756],[-95.2227,33.3783],[-95.2011,33.3809],[-95.1917,33.3738],[-95.1662,33.3855],[-95.1577,33.3838],[-95.1605,33.3799],[-95.1432,33.3831],[-95.1455,33.3882],[-95.1196,33.3859],[-95.0933,33.3976],[-95.0748,33.3859],[-95.0583,33.3921],[-95.0591,33.3861],[-95.052,33.389],[-95.0397,33.3801],[-95.0412,33.3849],[-95.02,33.3809],[-95.0171,33.3909],[-95.0047,33.3954],[-94.9998,33.3942],[-95.0028,33.3902],[-94.983,33.3922],[-94.9793,33.3871],[-94.9615,33.3898],[-94.9552,33.3966],[-94.9525,33.3904],[-94.9083,33.3837],[-94.8893,33.3985],[-94.8762,33.3944],[-94.8576,33.3767],[-94.8576,33.3815],[-94.8492,33.3838],[-94.8463,33.3788],[-94.8392,33.3852],[-94.8354,33.3789],[-94.8339,33.3839],[-94.8127,33.3756],[-94.815,33.3629],[-94.801,33.3655],[-94.7949,33.3601],[-94.7976,33.3553],[-94.7911,33.356],[-94.7974,33.3484],[-94.7899,33.3449],[-94.7858,33.3496],[-94.7819,33.3443],[-94.7894,33.3379],[-94.7769,33.3328],[-94.784,33.3238],[-94.776,33.321],[-94.7814,33.3187],[-94.764,33.3229],[-94.7543,33.318],[-94.7469,33.3289],[-94.7461,33.703],[-94.7538,33.7087],[-94.7361,33.7161],[-94.7329,33.7245],[-94.7421,33.7267],[-94.7514,33.7135],[-94.7577,33.7178],[-94.7477,33.7251],[-94.7518,33.7343],[-94.7687,33.727],[-94.7886,33.7357],[-94.7768,33.7464],[-94.7587,33.7489],[-94.7581,33.7565],[-94.7687,33.761],[-94.7801,33.7445],[-94.8028,33.7327],[-94.817,33.74],[-94.8122,33.7509],[-94.8207,33.769],[-94.8309,33.76],[-94.822,33.7329],[-94.8279,33.7409],[-94.8699,33.7462],[-94.8771,33.7531],[-94.8667,33.7618],[-94.8677,33.7685],[-94.8742,33.7701],[-94.8764,33.7573],[-94.9215,33.7905],[-94.9109,33.8159],[-94.918,33.8268],[-94.9266,33.8276],[-94.9233,33.8087],[-94.9422,33.8058],[-94.9535,33.816],[-94.9439,33.8302],[-94.9644,33.837],[-94.9702,33.8618],[-94.9885,33.851],[-95.0022,33.8637],[-95.0157,33.8577],[-95.0482,33.8635],[-95.0601,33.9019],[-95.0724,33.9027],[-95.0718,33.8956],[-95.076,33.9021],[-95.0637,33.9111],[-95.0673,33.9174],[-95.0787,33.905],[-95.0824,33.8799],[-95.0896,33.8809],[-95.1004,33.8956],[-95.0797,33.9086],[-95.0801,33.921],[-95.1209,33.9045],[-95.1316,33.9139],[-95.1217,33.9258],[-95.1247,33.9347],[-95.157,33.9366],[-95.1715,33.9467],[-95.226,33.9622],[-95.2329,33.9497],[-95.2502,33.9385],[-95.2476,33.9147],[-95.2541,33.8936],[-95.263,33.8883],[-95.2664,33.9085],[-95.276,33.9113],[-95.2856,33.9034],[-95.2782,33.8903],[-95.2791,33.8766],[-95.2943,33.8728],[-95.3105,33.8772],[-95.3106,33.6084]]]}},{"type":"Feature","properties":{"name":"Matagorda County","fips":"48321"},"geometry":{"type":"Polygon","coordinates":[[[-96.3172,28.7926],[-96.3227,28.6429],[-96.3805,28.3809],[-96.3952,28.2797],[-96.3527,28.3129],[-96.3418,28.3424],[-96.3208,28.3629],[-96.2823,28.375],[-96.2671,28.3882],[-96.2582,28.4079],[-96.1822,28.452],[-95.7778,28.6253],[-95.4957,28.7648],[-95.5073,28.8258],[-95.5041,28.8377],[-95.5305,28.8291],[-95.5737,28.8328],[-95.5792,28.8596],[-95.6421,28.9043],[-95.6516,28.92],[-95.6458,28.9389],[-95.6551,28.9515],[-95.6762,28.9648],[-95.6842,28.9605],[-95.6991,28.9695],[-95.7694,28.9711],[-95.7672,28.9916],[-95.7783,28.9971],[-95.7677,29.0038],[-95.7844,29.0075],[-95.7761,29.0179],[-95.782,29.0209],[-95.7793,29.0345],[-95.7855,29.0392],[-95.7651,29.0608],[-95.7934,29.0722],[-95.8059,29.0905],[-95.8291,29.0889],[-95.8419,29.0991],[-95.8464,29.1076],[-95.8378,29.1342],[-95.8505,29.1569],[-95.8384,29.1766],[-95.8578,29.1933],[-95.8447,29.2047],[-95.874,29.2297],[-95.9652,29.1469],[-96.3092,28.9633],[-96.3172,28.7926]]]}},{"type":"Feature","properties":{"name":"Hardeman County","fips":"48197"},"geometry":{"type":"Polygon","coordinates":[[[-99.998,34.3968],[-99.9976,34.2244],[-99.7705,34.0928],[-99.7446,34.1013],[-99.7342,34.0935],[-99.7054,34.0987],[-99.7027,34.0932],[-99.6794,34.0939],[-99.6747,34.0884],[-99.653,34.099],[-99.6287,34.0921],[-99.6243,34.0966],[-99.6174,34.0831],[-99.5848,34.0795],[-99.572,34.0626],[-99.5531,34.0612],[-99.5494,34.0558],[-99.5321,34.0749],[-99.5064,34.0773],[-99.4911,34.0654],[-99.479,34.0757],[-99.4751,34.3959],[-99.5154,34.4143],[-99.5744,34.4183],[-99.5844,34.4082],[-99.5862,34.3874],[-99.6,34.3747],[-99.6242,34.3736],[-99.6465,34.3825],[-99.6627,34.3737],[-99.695,34.3783],[-99.7127,34.3909],[-99.7203,34.4063],[-99.7542,34.4213],[-99.7672,34.4305],[-99.7656,34.4375],[-99.7937,34.4539],[-99.8143,34.4762],[-99.8218,34.4978],[-99.8531,34.5116],[-99.877,34.5401],[-99.9232,34.5746],[-99.9461,34.5791],[-99.9716,34.5622],[-99.9975,34.5606],[-99.998,34.3968]]]}},{"type":"Feature","properties":{"name":"Palo Pinto County","fips":"48363"},"geometry":{"type":"Polygon","coordinates":[[[-98.5757,32.8856],[-98.5763,32.5152],[-98.0685,32.5116],[-98.0561,33.0033],[-98.4266,33.0079],[-98.4272,32.9523],[-98.5756,32.9543],[-98.5757,32.8856]]]}},{"type":"Feature","properties":{"name":"Lubbock County","fips":"48303"},"geometry":{"type":"Polygon","coordinates":[[[-101.7735,33.3931],[-101.5569,33.3948],[-101.5636,33.8305],[-102.0857,33.8247],[-102.0759,33.3896],[-101.7735,33.3931]]]}},{"type":"Feature","properties":{"name":"Jones County","fips":"48253"},"geometry":{"type":"Polygon","coordinates":[[[-99.6121,32.6928],[-99.612,32.957],[-100.1442,32.96],[-100.1465,32.5228],[-99.6308,32.5207],[-99.6296,32.5147],[-99.612,32.5147],[-99.6121,32.6928]]]}},{"type":"Feature","properties":{"name":"Grimes County","fips":"48185"},"geometry":{"type":"Polygon","coordinates":[[[-96.1883,30.5996],[-96.1825,30.5951],[-96.1846,30.5879],[-96.1598,30.5673],[-96.1612,30.5339],[-96.1484,30.5287],[-96.1526,30.5209],[-96.1325,30.4919],[-96.1411,30.4753],[-96.1362,30.4663],[-96.1295,30.4662],[-96.13,30.4526],[-96.1231,30.4551],[-96.1265,30.4495],[-96.1202,30.4418],[-96.1053,30.4444],[-96.1052,30.437],[-96.0928,30.4401],[-96.0868,30.4299],[-96.08,30.4304],[-96.0879,30.4173],[-96.1056,30.4221],[-96.1122,30.4157],[-96.1079,30.407],[-96.1123,30.3944],[-96.1183,30.3993],[-96.1215,30.384],[-96.1294,30.3883],[-96.1473,30.3828],[-96.1416,30.3554],[-96.1497,30.3499],[-96.1398,30.3403],[-96.1544,30.3332],[-96.1195,30.3048],[-96.0944,30.3094],[-96.1003,30.2918],[-96.084,30.2851],[-96.0991,30.2552],[-96.086,30.2525],[-96.0808,30.2443],[-96.0877,30.2378],[-96.0986,30.2427],[-96.1044,30.2315],[-96.0932,30.2252],[-95.8043,30.2456],[-95.8044,30.3387],[-95.8173,30.4987],[-95.8631,30.8641],[-96.1684,30.823],[-96.1755,30.8109],[-96.1725,30.803],[-96.1836,30.7951],[-96.1626,30.7695],[-96.1706,30.7506],[-96.1602,30.7352],[-96.1621,30.7278],[-96.1779,30.7095],[-96.164,30.659],[-96.1695,30.6503],[-96.1656,30.6431],[-96.173,30.6357],[-96.1691,30.6301],[-96.1804,30.6215],[-96.1883,30.5996]]]}},{"type":"Feature","properties":{"name":"Bosque County","fips":"48035"},"geometry":{"type":"Polygon","coordinates":[[[-97.3364,31.717],[-97.2773,31.7455],[-97.3103,31.7616],[-97.3265,31.7884],[-97.282,31.8233],[-97.2772,31.8363],[-97.2821,31.8432],[-97.3027,31.8483],[-97.3298,31.8421],[-97.3524,31.8599],[-97.3828,31.8708],[-97.3818,31.8843],[-97.3594,31.8896],[-97.3983,31.9098],[-97.4094,31.9083],[-97.4227,31.9232],[-97.4395,31.9298],[-97.3773,31.9795],[-97.3813,31.9856],[-97.4056,31.9876],[-97.4218,32.0048],[-97.4264,32.0286],[-97.4477,32.0125],[-97.4749,32.0101],[-97.486,32.0176],[-97.4921,32.0597],[-97.4699,32.0916],[-97.4971,32.1343],[-97.4687,32.1488],[-97.4564,32.1644],[-97.4613,32.1719],[-97.4834,32.1724],[-97.5111,32.1624],[-97.5082,32.1384],[-97.5218,32.1348],[-97.5697,32.1513],[-97.5647,32.1624],[-97.5734,32.1803],[-97.6017,32.1757],[-97.5899,32.1885],[-97.5946,32.202],[-97.6309,32.2074],[-98.0055,32.0179],[-97.7664,31.6725],[-97.6898,31.711],[-97.6052,31.5878],[-97.3364,31.717]]]}},{"type":"Feature","properties":{"name":"Wilson County","fips":"48493"},"geometry":{"type":"Polygon","coordinates":[[[-98.2378,29.318],[-98.4073,29.1144],[-98.191,28.8823],[-97.7284,29.2217],[-97.8588,29.3529],[-97.8404,29.3768],[-98.0847,29.3796],[-98.1131,29.3653],[-98.1305,29.3978],[-98.1342,29.4418],[-98.2378,29.318]]]}},{"type":"Feature","properties":{"name":"Ector County","fips":"48135"},"geometry":{"type":"Polygon","coordinates":[[[-102.3292,31.6513],[-102.2873,31.6513],[-102.287,32.087],[-102.7991,32.0858],[-102.7989,31.6518],[-102.3292,31.6513]]]}},{"type":"Feature","properties":{"name":"Limestone County","fips":"48293"},"geometry":{"type":"Polygon","coordinates":[[[-96.3815,31.6275],[-96.4968,31.7962],[-96.7191,31.8149],[-96.9322,31.7089],[-96.5969,31.2209],[-96.3192,31.3571],[-96.3229,31.3741],[-96.2366,31.4134],[-96.3815,31.6275]]]}},{"type":"Feature","properties":{"name":"Denton County","fips":"48121"},"geometry":{"type":"Polygon","coordinates":[[[-96.8402,33.1751],[-96.8341,33.4055],[-96.8412,33.4056],[-96.8411,33.4134],[-97.3831,33.4304],[-97.3985,32.9916],[-96.8441,32.9874],[-96.8402,33.1751]]]}},{"type":"Feature","properties":{"name":"Kendall County","fips":"48259"},"geometry":{"type":"Polygon","coordinates":[[[-98.9208,30.0313],[-98.9177,29.7814],[-98.7783,29.72],[-98.7382,29.7166],[-98.7288,29.7225],[-98.7341,29.7295],[-98.7172,29.7253],[-98.7,29.7326],[-98.7004,29.7374],[-98.6603,29.7416],[-98.6631,29.7475],[-98.6513,29.754],[-98.6461,29.7452],[-98.414,29.9376],[-98.5879,30.139],[-98.9201,30.1383],[-98.9208,30.0313]]]}},{"type":"Feature","properties":{"name":"Polk County","fips":"48373"},"geometry":{"type":"Polygon","coordinates":[[[-94.6326,30.902],[-94.658,31.012],[-94.5619,31.0634],[-94.5895,31.0661],[-94.5944,31.0728],[-94.5989,31.0686],[-94.6144,31.0852],[-94.6428,31.0878],[-94.6484,31.099],[-94.6583,31.0848],[-94.6709,31.0885],[-94.6709,31.0956],[-94.698,31.0961],[-94.71,31.1055],[-94.7514,31.1054],[-94.797,31.1312],[-94.8139,31.1305],[-94.8223,31.14],[-94.8429,31.1466],[-94.9391,31.042],[-95.2002,30.8246],[-95.181,30.8188],[-95.174,30.8076],[-95.1319,30.7832],[-95.1395,30.7749],[-95.1316,30.7575],[-95.146,30.7424],[-95.1422,30.729],[-95.1471,30.7174],[-95.1349,30.6933],[-95.1099,30.6942],[-95.1195,30.6773],[-95.1107,30.672],[-95.115,30.661],[-95.1017,30.6587],[-95.0927,30.6626],[-95.09,30.6718],[-95.0793,30.6694],[-95.055,30.6803],[-95.0545,30.6714],[-95.0342,30.6742],[-95.0402,30.6633],[-95.0236,30.6602],[-95.0208,30.6544],[-95.0103,30.6567],[-95.0132,30.6485],[-95.0247,30.6485],[-95.0159,30.6271],[-95.0088,30.6276],[-95.0069,30.6081],[-95.0318,30.5973],[-95.029,30.5911],[-95.0359,30.5873],[-95.0297,30.5791],[-94.9657,30.5766],[-94.9373,30.558],[-94.9105,30.5615],[-94.8752,30.5461],[-94.8304,30.5416],[-94.8336,30.5304],[-94.8526,30.5244],[-94.8671,30.5114],[-94.8655,30.495],[-94.7773,30.489],[-94.5379,30.4911],[-94.6326,30.902]]]}},{"type":"Feature","properties":{"name":"Kimble County","fips":"48267"},"geometry":{"type":"Polygon","coordinates":[[[-100.1169,30.3928],[-100.1165,30.2903],[-99.3017,30.2867],[-99.304,30.4998],[-99.4845,30.4996],[-99.4839,30.7108],[-100.1162,30.7104],[-100.1169,30.3928]]]}},{"type":"Feature","properties":{"name":"Hays County","fips":"48209"},"geometry":{"type":"Polygon","coordinates":[[[-97.8492,29.916],[-97.7924,29.9452],[-97.7607,29.9881],[-97.7088,30.0235],[-98.173,30.3563],[-98.2976,30.038],[-98.0305,29.8485],[-97.9993,29.7524],[-97.9436,29.8069],[-97.8753,29.8582],[-97.8843,29.8625],[-97.8896,29.8564],[-97.8991,29.8574],[-97.8944,29.883],[-97.8492,29.916]]]}},{"type":"Feature","properties":{"name":"Live Oak County","fips":"48297"},"geometry":{"type":"Polygon","coordinates":[[[-98.335,28.6127],[-98.3343,28.0578],[-97.8831,28.0569],[-97.9012,28.0678],[-97.9011,28.0759],[-97.8954,28.0759],[-97.9088,28.0919],[-97.8965,28.101],[-97.8978,28.1133],[-97.9041,28.1142],[-97.8088,28.1834],[-98.0898,28.663],[-98.0053,28.6902],[-98.0983,28.7869],[-98.335,28.6127]]]}},{"type":"Feature","properties":{"name":"King County","fips":"48269"},"geometry":{"type":"Polygon","coordinates":[[[-100.5187,33.8357],[-100.5174,33.3979],[-99.991,33.3974],[-99.9964,33.836],[-100.5187,33.8357]]]}},{"type":"Feature","properties":{"name":"Tom Green County","fips":"48451"},"geometry":{"type":"Polygon","coordinates":[[[-100.3163,31.0883],[-100.1152,31.088],[-100.1112,31.5803],[-100.2338,31.5822],[-100.2358,31.693],[-100.8149,31.6959],[-100.8611,31.7054],[-100.8653,31.5623],[-101.2676,31.5565],[-101.2679,31.5287],[-100.6931,31.524],[-100.6888,31.0866],[-100.3163,31.0883]]]}},{"type":"Feature","properties":{"name":"Wharton County","fips":"48481"},"geometry":{"type":"Polygon","coordinates":[[[-96.0386,29.1066],[-95.9652,29.1469],[-95.842,29.2588],[-95.8572,29.2681],[-95.8792,29.2664],[-95.8975,29.2993],[-95.8941,29.3146],[-95.9498,29.3356],[-95.9526,29.348],[-95.9365,29.3587],[-95.9441,29.3612],[-95.9549,29.3796],[-95.9685,29.3835],[-95.9724,29.4107],[-95.9821,29.4108],[-95.992,29.4339],[-96.0069,29.429],[-96.0205,29.4412],[-96.0354,29.4431],[-96.0295,29.4522],[-96.0485,29.4622],[-96.0499,29.4721],[-96.0599,29.4735],[-96.0596,29.492],[-96.0348,29.4925],[-96.0223,29.5023],[-96.0272,29.5088],[-96.0542,29.5122],[-96.0507,29.5236],[-96.0564,29.5393],[-96.0413,29.5404],[-96.0412,29.5475],[-96.0446,29.5622],[-96.06,29.5687],[-96.0598,29.589],[-96.0934,29.6038],[-96.0948,29.6124],[-96.1126,29.6236],[-96.1216,29.6183],[-96.1418,29.6196],[-96.176,29.6335],[-96.3077,29.5145],[-96.3492,29.4061],[-96.6403,29.2478],[-96.3092,28.9633],[-96.0386,29.1066]]]}},{"type":"Feature","properties":{"name":"Floyd County","fips":"48153"},"geometry":{"type":"Polygon","coordinates":[[[-101.5651,34.2064],[-101.5636,33.8305],[-101.0412,33.8336],[-101.0415,34.3124],[-101.5649,34.3125],[-101.5651,34.2064]]]}},{"type":"Feature","properties":{"name":"Grayson County","fips":"48181"},"geometry":{"type":"Polygon","coordinates":[[[-96.9451,33.8528],[-96.9439,33.4164],[-96.8411,33.4134],[-96.8412,33.4056],[-96.3846,33.3978],[-96.3795,33.7258],[-96.4082,33.7505],[-96.4218,33.7752],[-96.448,33.781],[-96.4592,33.7752],[-96.501,33.7728],[-96.5166,33.7883],[-96.5178,33.8069],[-96.532,33.824],[-96.5729,33.8191],[-96.6231,33.8415],[-96.629,33.8524],[-96.5901,33.8807],[-96.5855,33.8913],[-96.6283,33.8945],[-96.6599,33.9167],[-96.6753,33.9091],[-96.6868,33.8576],[-96.7081,33.8331],[-96.7662,33.8255],[-96.7835,33.8635],[-96.8282,33.8746],[-96.8398,33.8684],[-96.8424,33.8518],[-96.8561,33.8475],[-96.883,33.868],[-96.8957,33.8964],[-96.901,33.9388],[-96.9207,33.9595],[-96.9446,33.9492],[-96.9451,33.8528]]]}},{"type":"Feature","properties":{"name":"Crosby County","fips":"48107"},"geometry":{"type":"Polygon","coordinates":[[[-101.2003,33.3969],[-101.0388,33.3972],[-101.0412,33.8336],[-101.5636,33.8305],[-101.5569,33.3948],[-101.2003,33.3969]]]}},{"type":"Feature","properties":{"name":"Lavaca County","fips":"48285"},"geometry":{"type":"Polygon","coordinates":[[[-97.2111,29.4786],[-97.2401,29.3845],[-96.9386,29.0632],[-96.5606,29.3354],[-96.7931,29.5774],[-96.8328,29.5769],[-96.8392,29.5846],[-96.8333,29.5958],[-96.8443,29.6089],[-96.843,29.6164],[-96.865,29.6327],[-97.1426,29.6281],[-97.2041,29.5806],[-97.2023,29.5075],[-97.2111,29.4786]]]}},{"type":"Feature","properties":{"name":"Sherman County","fips":"48421"},"geometry":{"type":"Polygon","coordinates":[[[-101.9544,36.0555],[-101.6235,36.0554],[-101.6239,36.4995],[-102.1625,36.5003],[-102.163,36.0552],[-101.9544,36.0555]]]}},{"type":"Feature","properties":{"name":"Uvalde County","fips":"48463"},"geometry":{"type":"Polygon","coordinates":[[[-99.7553,29.6248],[-100.1121,29.6233],[-100.1114,29.0863],[-99.4139,29.0913],[-99.4118,29.6275],[-99.7553,29.6248]]]}},{"type":"Feature","properties":{"name":"Bailey County","fips":"48017"},"geometry":{"type":"Polygon","coordinates":[[[-103.0439,34.1641],[-103.0474,33.8247],[-102.6154,33.8251],[-102.6152,34.3129],[-103.0438,34.3127],[-103.0439,34.1641]]]}},{"type":"Feature","properties":{"name":"Shelby County","fips":"48419"},"geometry":{"type":"Polygon","coordinates":[[[-93.879,31.8448],[-93.8894,31.8559],[-93.8817,31.8686],[-93.8854,31.8653],[-93.8921,31.8759],[-93.9017,31.8746],[-93.8965,31.8863],[-93.9006,31.8968],[-93.9221,31.886],[-93.9255,31.8946],[-93.9324,31.8932],[-93.9216,31.9044],[-93.9287,31.9126],[-93.9535,31.9106],[-93.9598,31.9232],[-93.9717,31.9204],[-94.0156,31.9799],[-94.5114,31.974],[-94.5113,31.9241],[-94.4806,31.9023],[-94.4778,31.8864],[-94.462,31.8714],[-94.4643,31.8572],[-94.4339,31.8246],[-94.4241,31.8002],[-94.4273,31.7773],[-94.4324,31.7752],[-94.4202,31.7649],[-94.4125,31.7464],[-94.4169,31.7061],[-94.4069,31.6953],[-94.407,31.6651],[-94.3983,31.6612],[-94.4039,31.6596],[-94.3991,31.6536],[-94.0907,31.6206],[-93.9845,31.5694],[-93.9405,31.5903],[-93.9256,31.5909],[-93.8992,31.6117],[-93.8763,31.5968],[-93.8692,31.5992],[-93.8363,31.5857],[-93.8381,31.6068],[-93.8279,31.6166],[-93.8187,31.6146],[-93.8272,31.6203],[-93.8172,31.6219],[-93.818,31.6479],[-93.8115,31.6474],[-93.8265,31.6669],[-93.8221,31.674],[-93.8124,31.6702],[-93.8163,31.6754],[-93.7945,31.7033],[-93.8167,31.7079],[-93.8149,31.7287],[-93.8369,31.7502],[-93.8265,31.7592],[-93.8296,31.7642],[-93.8226,31.7736],[-93.8377,31.7808],[-93.8393,31.8003],[-93.8515,31.8001],[-93.8614,31.8123],[-93.8733,31.8149],[-93.8774,31.8325],[-93.8728,31.8363],[-93.879,31.8448]]]}},{"type":"Feature","properties":{"name":"Hall County","fips":"48191"},"geometry":{"type":"Polygon","coordinates":[[[-100.6552,34.7481],[-100.9449,34.7483],[-100.9461,34.3128],[-100.4178,34.3135],[-100.4159,34.7475],[-100.6552,34.7481]]]}},{"type":"Feature","properties":{"name":"Hood County","fips":"48221"},"geometry":{"type":"Polygon","coordinates":[[[-97.7437,32.3169],[-97.6152,32.3187],[-97.617,32.5555],[-98.0668,32.5588],[-98.0685,32.5116],[-97.9456,32.2335],[-97.7828,32.3165],[-97.7437,32.3169]]]}},{"type":"Feature","properties":{"name":"Freestone County","fips":"48161"},"geometry":{"type":"Polygon","coordinates":[[[-96.0586,31.4951],[-95.7873,31.6184],[-95.7886,31.6271],[-95.7967,31.6311],[-95.7895,31.6475],[-95.7941,31.6603],[-95.7797,31.6846],[-95.7887,31.6923],[-95.7952,31.6752],[-95.8057,31.6711],[-95.8337,31.6951],[-95.8528,31.6978],[-95.862,31.6873],[-95.8809,31.7013],[-95.8749,31.7029],[-95.8752,31.7188],[-95.8666,31.7188],[-95.87,31.7391],[-95.881,31.7351],[-95.8756,31.7434],[-95.8668,31.742],[-95.8747,31.7547],[-95.8939,31.7587],[-95.9001,31.7521],[-95.9033,31.7618],[-95.8973,31.7668],[-95.9246,31.7659],[-95.931,31.7744],[-95.9347,31.7696],[-95.9526,31.7758],[-95.9628,31.7894],[-95.9789,31.7841],[-95.9836,31.788],[-95.973,31.8199],[-95.9785,31.8343],[-95.9945,31.8441],[-95.9769,31.8705],[-95.9681,31.8725],[-95.9703,31.8772],[-95.9909,31.8762],[-95.9891,31.8687],[-95.9941,31.8663],[-96.0047,31.8723],[-96.0069,31.8812],[-96.0192,31.8718],[-96.0276,31.8779],[-96.0138,31.9109],[-96.0083,31.9053],[-96.0014,31.9082],[-96.0134,31.9299],[-96.0105,31.9341],[-96.0209,31.9382],[-96.0145,31.9461],[-96.0219,31.9573],[-96.0408,31.9521],[-96.0415,31.9449],[-96.0619,31.9554],[-96.0559,31.9636],[-96.0429,31.9628],[-96.0648,31.9807],[-96.049,31.9972],[-96.0548,32.0125],[-96.4967,31.7962],[-96.2366,31.4134],[-96.0586,31.4951]]]}},{"type":"Feature","properties":{"name":"Runnels County","fips":"48399"},"geometry":{"type":"Polygon","coordinates":[[[-100.1103,31.5802],[-99.7217,31.5768],[-99.714,32.0821],[-100.2351,32.0824],[-100.235,31.5855],[-100.1103,31.5802]]]}},{"type":"Feature","properties":{"name":"Terrell County","fips":"48443"},"geometry":{"type":"Polygon","coordinates":[[[-102.5671,30.0529],[-102.3208,29.8789],[-102.3006,29.8776],[-102.2809,29.8628],[-102.2652,29.8677],[-102.2615,29.8532],[-102.2532,29.8531],[-102.2469,29.8643],[-102.2449,29.8489],[-102.2318,29.8483],[-102.2235,29.8405],[-102.2099,29.8444],[-102.1961,29.8366],[-102.1865,29.8484],[-102.1785,29.8395],[-102.1796,29.826],[-102.1664,29.8254],[-102.143,29.803],[-102.1289,29.7985],[-102.1198,29.8025],[-102.1157,29.7923],[-102.0844,29.7951],[-102.0732,29.7865],[-102.0514,29.785],[-102.0386,29.7916],[-102.0412,29.7991],[-102.0358,29.8041],[-102.0152,29.7975],[-101.997,29.8061],[-101.9873,29.7968],[-101.9816,29.815],[-101.9763,29.816],[-101.9667,29.8127],[-101.9575,29.7958],[-101.9356,29.7996],[-101.9293,29.7826],[-101.9116,29.798],[-101.8758,29.7938],[-101.8527,29.8078],[-101.8237,29.7874],[-101.8187,29.7915],[-101.8256,29.8071],[-101.8178,29.8116],[-101.8036,29.8034],[-101.8137,29.7939],[-101.8081,29.7816],[-101.7885,29.7793],[-101.7806,29.7894],[-101.7609,29.7818],[-101.7584,30.2897],[-101.7445,30.3013],[-101.7371,30.3269],[-101.7154,30.3398],[-101.6944,30.3468],[-101.6728,30.3395],[-101.6589,30.3426],[-101.6585,30.3579],[-101.6976,30.3808],[-101.6945,30.3933],[-101.7003,30.4013],[-101.7287,30.4083],[-101.7406,30.4217],[-101.7201,30.4428],[-101.7189,30.4548],[-101.7318,30.46],[-101.7318,30.4676],[-101.7219,30.471],[-101.7021,30.4574],[-101.6889,30.4676],[-101.6918,30.4914],[-101.6751,30.502],[-101.6797,30.5225],[-101.6465,30.5511],[-101.6485,30.567],[-101.6635,30.5889],[-101.6562,30.6041],[-101.6599,30.6132],[-101.6524,30.6205],[-101.6698,30.6379],[-101.6892,30.6389],[-101.7116,30.6547],[-101.7516,30.6495],[-101.7607,30.6583],[-101.7684,30.6529],[-102.1378,30.656],[-102.1384,30.5975],[-102.343,30.5988],[-102.3431,30.2841],[-102.5669,30.2833],[-102.5671,30.0529]]]}},{"type":"Feature","properties":{"name":"Edwards County","fips":"48137"},"geometry":{"type":"Polygon","coordinates":[[[-99.968,30.0779],[-99.9676,30.0824],[-99.9175,30.0786],[-99.918,30.0736],[-99.7576,30.0741],[-99.7541,30.2907],[-100.7004,30.2883],[-100.6999,29.6239],[-100.0142,29.6235],[-100.0084,29.6371],[-100.0304,29.664],[-100.0174,29.6776],[-100.0447,29.6938],[-100.0463,29.7065],[-100.0637,29.7111],[-100.0301,29.7211],[-100.0248,29.7281],[-100.0295,29.7371],[-100.0219,29.7455],[-100.0364,29.7771],[-100.0287,29.7894],[-100.0134,29.7959],[-100.0348,29.8441],[-100.0222,29.8541],[-100.0235,29.883],[-100.0023,29.8968],[-99.9897,30.0257],[-99.973,30.0246],[-99.968,30.0779]]]}},{"type":"Feature","properties":{"name":"Donley County","fips":"48129"},"geometry":{"type":"Polygon","coordinates":[[[-101.0908,34.7498],[-100.5407,34.7477],[-100.539,35.1831],[-101.0863,35.1821],[-101.0908,34.7498]]]}},{"type":"Feature","properties":{"name":"Kent County","fips":"48263"},"geometry":{"type":"Polygon","coordinates":[[[-101.0389,33.3177],[-101.0387,32.9702],[-100.9902,32.965],[-100.5192,32.9629],[-100.5174,33.3979],[-101.0388,33.3972],[-101.0389,33.3177]]]}},{"type":"Feature","properties":{"name":"El Paso County","fips":"48141"},"geometry":{"type":"Polygon","coordinates":[[[-106.6456,31.8964],[-106.6292,31.8837],[-106.6359,31.8662],[-106.6148,31.8464],[-106.6017,31.8444],[-106.6028,31.825],[-106.5891,31.8227],[-106.5772,31.8104],[-106.5665,31.8134],[-106.5471,31.8073],[-106.5274,31.79],[-106.5285,31.7814],[-106.5102,31.7613],[-106.4912,31.7493],[-106.4735,31.7503],[-106.4669,31.7596],[-106.4521,31.7645],[-106.38,31.7311],[-106.3723,31.7124],[-106.3491,31.696],[-106.3342,31.6629],[-106.3034,31.6222],[-106.2809,31.5623],[-106.2465,31.5416],[-106.2372,31.5137],[-106.205,31.465],[-106.1751,31.4553],[-106.1574,31.4377],[-106.1325,31.425],[-106.1078,31.4224],[-106.0792,31.3982],[-106.0055,31.3927],[-105.9972,31.3872],[-105.9543,31.4235],[-105.9585,31.4235],[-105.9593,31.4784],[-105.9933,31.4784],[-105.998,32.0024],[-106.6185,32.0005],[-106.6395,31.9803],[-106.6301,31.9713],[-106.6196,31.9716],[-106.6251,31.9545],[-106.6144,31.956],[-106.6143,31.9516],[-106.6237,31.9455],[-106.6225,31.9349],[-106.6297,31.9266],[-106.6129,31.9204],[-106.6456,31.8964]]]}},{"type":"Feature","properties":{"name":"Loving County","fips":"48301"},"geometry":{"type":"Polygon","coordinates":[[[-103.9841,31.9934],[-103.9745,31.9792],[-103.9501,31.9868],[-103.9411,31.9614],[-103.9486,31.9545],[-103.9409,31.9445],[-103.9224,31.9425],[-103.9122,31.9024],[-103.8815,31.8911],[-103.8832,31.8663],[-103.8766,31.8652],[-103.8575,31.8822],[-103.8294,31.888],[-103.8286,31.8623],[-103.8127,31.854],[-103.8213,31.8373],[-103.8084,31.8268],[-103.8095,31.7943],[-103.7972,31.7702],[-103.7831,31.7747],[-103.778,31.7687],[-103.7817,31.7643],[-103.7705,31.7625],[-103.7709,31.7576],[-103.7661,31.7608],[-103.7631,31.7491],[-103.757,31.7514],[-103.7583,31.7448],[-103.7461,31.744],[-103.7457,31.7388],[-103.6912,31.7476],[-103.6691,31.7153],[-103.6264,31.7057],[-103.6208,31.6891],[-103.6356,31.6903],[-103.6354,31.6841],[-103.6323,31.6733],[-103.6192,31.6644],[-103.616,31.6507],[-103.3275,31.6514],[-103.3265,32.0004],[-103.9802,32.0001],[-103.9841,31.9934]]]}},{"type":"Feature","properties":{"name":"Deaf Smith County","fips":"48117"},"geometry":{"type":"Polygon","coordinates":[[[-103.043,34.7485],[-102.1688,34.7466],[-102.1675,35.1832],[-102.6256,35.1873],[-103.0425,35.1832],[-103.043,34.7485]]]}},{"type":"Feature","properties":{"name":"Upshur County","fips":"48459"},"geometry":{"type":"Polygon","coordinates":[[[-94.99,32.5343],[-94.8202,32.5906],[-94.7585,32.6598],[-94.747,32.6603],[-94.7461,32.6675],[-94.7277,32.6552],[-94.7039,32.6581],[-94.7018,32.6522],[-94.7021,32.8205],[-94.6724,32.8348],[-94.699,32.8451],[-94.6983,32.8602],[-94.7063,32.8614],[-94.7097,32.8705],[-94.7068,32.8949],[-94.7199,32.9045],[-95.1522,32.9025],[-95.1534,32.5701],[-95.1457,32.5696],[-95.1401,32.5502],[-95.1219,32.5498],[-95.1193,32.5426],[-95.111,32.5517],[-95.0976,32.5497],[-95.0933,32.5577],[-95.0791,32.5561],[-95.0839,32.5425],[-95.0753,32.5371],[-95.0445,32.5422],[-95.0413,32.5322],[-95.0248,32.537],[-95.0266,32.5458],[-95.021,32.5467],[-95.0151,32.5429],[-95.0153,32.5328],[-95.0225,32.5219],[-95.0116,32.5165],[-94.9985,32.5219],[-94.99,32.5343]]]}},{"type":"Feature","properties":{"name":"Lamb County","fips":"48279"},"geometry":{"type":"Polygon","coordinates":[[[-102.6154,34.2413],[-102.6154,33.8251],[-102.0857,33.8247],[-102.0904,34.3131],[-102.6152,34.3129],[-102.6154,34.2413]]]}},{"type":"Feature","properties":{"name":"Austin County","fips":"48015"},"geometry":{"type":"Polygon","coordinates":[[[-96.12,29.8438],[-96.1009,29.8525],[-96.1102,29.8587],[-96.1122,29.8726],[-96.0925,29.8818],[-96.1043,29.8826],[-96.1259,29.8977],[-96.1238,29.9071],[-96.1132,29.9144],[-96.1311,29.9387],[-96.1229,29.949],[-96.1084,29.9406],[-96.1008,29.9435],[-96.1064,29.9555],[-96.1195,29.955],[-96.126,29.965],[-96.0928,29.9615],[-96.1029,29.9672],[-96.0957,29.9781],[-96.1045,29.9964],[-96.1011,30.0041],[-96.0916,29.9982],[-96.0845,30.0051],[-96.0966,30.0276],[-96.1132,30.027],[-96.1071,30.0361],[-96.1121,30.0463],[-96.1389,30.0569],[-96.1459,30.0702],[-96.1658,30.0532],[-96.1902,30.0649],[-96.2068,30.067],[-96.21,30.0623],[-96.2289,30.0757],[-96.2595,30.0757],[-96.2712,30.0941],[-96.2891,30.0968],[-96.5188,30.0652],[-96.5859,30.0647],[-96.5941,30.071],[-96.622,30.0443],[-96.5357,29.9073],[-96.4851,29.8673],[-96.4743,29.8674],[-96.4605,29.8547],[-96.4408,29.8536],[-96.4127,29.8247],[-96.3799,29.8255],[-96.3592,29.8189],[-96.3432,29.8296],[-96.3309,29.8144],[-96.3374,29.8013],[-96.3147,29.786],[-96.3196,29.7757],[-96.3118,29.7564],[-96.2972,29.7497],[-96.2988,29.738],[-96.2905,29.7342],[-96.2915,29.7281],[-96.2701,29.7166],[-96.2705,29.7058],[-96.2778,29.7001],[-96.2593,29.6689],[-96.2404,29.6578],[-96.2247,29.6649],[-96.1993,29.6565],[-96.1654,29.6265],[-96.1563,29.6295],[-96.1422,29.6197],[-96.1222,29.6183],[-96.1103,29.6229],[-96.0901,29.602],[-96.0248,29.6029],[-96.0242,29.622],[-96.0164,29.6271],[-96.0148,29.6417],[-96.0332,29.6582],[-96.02,29.6592],[-96.0168,29.6675],[-96.0309,29.6752],[-96.0461,29.6655],[-96.0598,29.6786],[-96.0322,29.6885],[-96.0173,29.6796],[-96.0145,29.6936],[-96.0228,29.7045],[-96.006,29.7039],[-96.0071,29.7167],[-96.0331,29.7184],[-96.0401,29.7381],[-96.0296,29.7547],[-96.0469,29.801],[-96.1025,29.8097],[-96.0982,29.8267],[-96.1092,29.8232],[-96.1207,29.8352],[-96.12,29.8438]]]}},{"type":"Feature","properties":{"name":"Hutchinson County","fips":"48233"},"geometry":{"type":"Polygon","coordinates":[[[-101.6235,36.0526],[-101.6228,35.6241],[-101.0861,35.6253],[-101.0857,36.0553],[-101.6235,36.0526]]]}},{"type":"Feature","properties":{"name":"Webb County","fips":"48479"},"geometry":{"type":"Polygon","coordinates":[[[-100.2122,28.1968],[-100.1606,28.1682],[-100.1411,28.1681],[-100.0843,28.1448],[-100.0565,28.1042],[-100.0531,28.0847],[-100.0179,28.0648],[-100.0086,28.024],[-99.9914,27.9946],[-99.9628,27.9835],[-99.9318,27.981],[-99.9371,27.9405],[-99.9266,27.9357],[-99.9175,27.918],[-99.9001,27.9121],[-99.8935,27.8992],[-99.9044,27.8753],[-99.9015,27.8642],[-99.8772,27.8422],[-99.8768,27.7978],[-99.8509,27.794],[-99.8388,27.7642],[-99.826,27.7643],[-99.8191,27.776],[-99.8131,27.774],[-99.7963,27.7356],[-99.7707,27.7321],[-99.7115,27.6584],[-99.6994,27.6554],[-99.6902,27.6689],[-99.6858,27.661],[-99.6689,27.66],[-99.6583,27.6502],[-99.6661,27.6361],[-99.6389,27.6268],[-99.6251,27.6314],[-99.6243,27.644],[-99.6161,27.6377],[-99.5962,27.6399],[-99.5914,27.6275],[-99.5776,27.6186],[-99.5848,27.6039],[-99.5612,27.6076],[-99.5549,27.6145],[-99.5397,27.6033],[-99.5297,27.5798],[-99.5121,27.5683],[-99.5219,27.5441],[-99.5284,27.4986],[-99.4968,27.5001],[-99.4813,27.4885],[-99.4793,27.4786],[-99.4951,27.4515],[-99.4875,27.4116],[-99.4921,27.3805],[-99.5078,27.3542],[-99.5046,27.3387],[-99.538,27.317],[-99.5285,27.3054],[-99.501,27.306],[-99.492,27.3007],[-99.4876,27.2896],[-99.4967,27.2724],[-99.4879,27.2607],[-99.4633,27.2684],[-99.4538,27.2651],[-99.3706,27.3192],[-99.3336,27.2732],[-98.7981,27.268],[-98.8033,28.0575],[-99.3889,28.0304],[-99.3942,28.2046],[-100.2122,28.1968]]]}},{"type":"Feature","properties":{"name":"Goliad County","fips":"48175"},"geometry":{"type":"Polygon","coordinates":[[[-97.1678,28.7284],[-97.1707,28.7369],[-97.1784,28.7381],[-97.1667,28.7503],[-97.1606,28.7826],[-97.1754,28.7896],[-97.1902,28.8125],[-97.1863,28.8334],[-97.2035,28.8544],[-97.2342,28.8653],[-97.235,28.8541],[-97.2523,28.8579],[-97.2595,28.8473],[-97.3005,28.8441],[-97.3049,28.8507],[-97.2982,28.8529],[-97.2976,28.8605],[-97.3117,28.8696],[-97.3115,28.8783],[-97.3255,28.8748],[-97.3244,28.8824],[-97.34,28.8956],[-97.3531,28.8916],[-97.355,28.8975],[-97.384,28.9074],[-97.3846,28.9168],[-97.4017,28.9157],[-97.4173,28.9252],[-97.7785,28.668],[-97.7665,28.6647],[-97.7546,28.6542],[-97.7506,28.6392],[-97.7316,28.6281],[-97.7289,28.6105],[-97.713,28.5864],[-97.6966,28.5415],[-97.6697,28.5355],[-97.6463,28.5209],[-97.6231,28.5296],[-97.563,28.5164],[-97.5536,28.5022],[-97.5515,28.4505],[-97.5208,28.4464],[-97.5238,28.4403],[-97.5179,28.432],[-97.4852,28.4364],[-97.4701,28.425],[-97.4626,28.4097],[-97.4504,28.4092],[-97.4464,28.4029],[-97.4283,28.4129],[-97.4203,28.4041],[-97.3989,28.4049],[-97.3997,28.3923],[-97.3898,28.3971],[-97.3869,28.3903],[-97.3756,28.3887],[-97.1608,28.5535],[-97.1642,28.5651],[-97.1538,28.5698],[-97.1702,28.5775],[-97.1658,28.5813],[-97.1712,28.5867],[-97.1619,28.5854],[-97.1758,28.5943],[-97.1824,28.6106],[-97.1678,28.7284]]]}},{"type":"Feature","properties":{"name":"Roberts County","fips":"48393"},"geometry":{"type":"Polygon","coordinates":[[[-101.0861,35.7427],[-101.0859,35.6191],[-100.5402,35.6193],[-100.5402,36.0565],[-101.0857,36.0576],[-101.0861,35.7427]]]}},{"type":"Feature","properties":{"name":"Eastland County","fips":"48133"},"geometry":{"type":"Polygon","coordinates":[[[-98.8356,32.1202],[-98.4747,32.2991],[-98.4752,32.513],[-99.1143,32.5148],[-99.1187,32.0796],[-98.9244,32.078],[-98.8356,32.1202]]]}},{"type":"Feature","properties":{"name":"DeWitt County","fips":"48123"},"geometry":{"type":"Polygon","coordinates":[[[-97.1606,28.9709],[-96.9764,29.104],[-97.2401,29.3845],[-97.7551,29.0071],[-97.5746,28.8133],[-97.4173,28.9252],[-97.4017,28.9157],[-97.3846,28.9168],[-97.384,28.9074],[-97.355,28.8975],[-97.3531,28.8916],[-97.34,28.8956],[-97.3244,28.8824],[-97.3255,28.8748],[-97.3108,28.8778],[-97.3059,28.864],[-97.1606,28.9709]]]}},{"type":"Feature","properties":{"name":"Angelina County","fips":"48005"},"geometry":{"type":"Polygon","coordinates":[[[-94.4578,31.0333],[-94.1296,31.0993],[-94.1303,31.1051],[-94.1402,31.1045],[-94.1442,31.1152],[-94.1576,31.1146],[-94.1655,31.124],[-94.1786,31.124],[-94.2071,31.1505],[-94.2029,31.154],[-94.2162,31.1602],[-94.219,31.1733],[-94.2388,31.1803],[-94.2489,31.1772],[-94.2506,31.1883],[-94.2622,31.1803],[-94.2699,31.1962],[-94.2886,31.2016],[-94.2944,31.2126],[-94.3124,31.2179],[-94.3126,31.2237],[-94.3344,31.2228],[-94.3505,31.2475],[-94.3572,31.2469],[-94.3576,31.2596],[-94.383,31.2741],[-94.3854,31.29],[-94.3952,31.3019],[-94.4477,31.3178],[-94.4523,31.3404],[-94.4582,31.3412],[-94.456,31.3519],[-94.4715,31.3737],[-94.4664,31.3755],[-94.4695,31.3838],[-94.4868,31.3898],[-94.5028,31.4108],[-94.5376,31.3986],[-94.5449,31.4317],[-94.5815,31.4332],[-94.5884,31.4476],[-94.6279,31.4389],[-94.6603,31.4524],[-94.6644,31.4596],[-94.6741,31.4525],[-94.6955,31.4517],[-94.7286,31.4572],[-94.7338,31.4653],[-94.7555,31.4717],[-94.7645,31.4692],[-94.7773,31.4805],[-94.7925,31.4793],[-94.8039,31.4905],[-94.8228,31.4839],[-94.84,31.5077],[-94.8511,31.5052],[-94.861,31.5146],[-94.8659,31.5269],[-95.0049,31.424],[-94.9769,31.4093],[-94.978,31.3996],[-94.9658,31.3966],[-94.9663,31.3912],[-94.9497,31.3815],[-94.9575,31.3787],[-94.9586,31.3636],[-94.9498,31.3598],[-94.9613,31.3528],[-94.9553,31.3498],[-94.9578,31.3428],[-94.9095,31.3371],[-94.8971,31.3236],[-94.9016,31.3131],[-94.8947,31.2917],[-94.8862,31.2957],[-94.8767,31.2834],[-94.8877,31.2768],[-94.8977,31.258],[-94.8845,31.2557],[-94.8806,31.2475],[-94.8751,31.2503],[-94.8605,31.235],[-94.8647,31.2257],[-94.8584,31.2206],[-94.8664,31.2087],[-94.8501,31.1784],[-94.85,31.1712],[-94.8552,31.1724],[-94.85,31.1549],[-94.8566,31.1501],[-94.8228,31.1402],[-94.8139,31.1305],[-94.797,31.1312],[-94.7514,31.1054],[-94.71,31.1055],[-94.698,31.0961],[-94.6709,31.0956],[-94.6709,31.0885],[-94.6583,31.0848],[-94.6484,31.099],[-94.6428,31.0878],[-94.6144,31.0852],[-94.5989,31.0686],[-94.5944,31.0728],[-94.5895,31.0661],[-94.5743,31.0686],[-94.5533,31.0544],[-94.5477,31.0535],[-94.5477,31.0592],[-94.5368,31.0519],[-94.5267,31.0559],[-94.5087,31.0432],[-94.4918,31.0449],[-94.4855,31.0314],[-94.4729,31.0261],[-94.4578,31.0333]]]}},{"type":"Feature","properties":{"name":"McLennan County","fips":"48309"},"geometry":{"type":"Polygon","coordinates":[[[-97.0176,31.4109],[-96.8011,31.5223],[-97.0373,31.8631],[-97.6052,31.5878],[-97.4186,31.3202],[-97.3434,31.2442],[-97.0176,31.4109]]]}},{"type":"Feature","properties":{"name":"Dickens County","fips":"48125"},"geometry":{"type":"Polygon","coordinates":[[[-101.0412,33.8336],[-101.0388,33.3972],[-100.5174,33.3979],[-100.5187,33.8357],[-101.0412,33.8336]]]}},{"type":"Feature","properties":{"name":"La Salle County","fips":"48283"},"geometry":{"type":"Polygon","coordinates":[[[-99.3967,28.5003],[-99.3889,28.0304],[-98.8033,28.0575],[-98.8008,28.6475],[-99.3957,28.6408],[-99.3967,28.5003]]]}},{"type":"Feature","properties":{"name":"Newton County","fips":"48351"},"geometry":{"type":"Polygon","coordinates":[[[-93.9111,31.1581],[-93.8657,30.9472],[-93.8752,30.6721],[-93.9015,30.2427],[-93.707,30.2437],[-93.703,30.2605],[-93.7104,30.2732],[-93.7041,30.2794],[-93.7094,30.2819],[-93.7051,30.2909],[-93.7129,30.2879],[-93.7155,30.2956],[-93.7424,30.3011],[-93.7409,30.3072],[-93.7562,30.326],[-93.7517,30.3293],[-93.7658,30.3327],[-93.7587,30.339],[-93.7657,30.3434],[-93.7595,30.3423],[-93.7608,30.3599],[-93.751,30.3599],[-93.7592,30.368],[-93.7549,30.3661],[-93.7577,30.3904],[-93.7227,30.4196],[-93.7261,30.4307],[-93.7181,30.4226],[-93.7127,30.4332],[-93.7023,30.4298],[-93.6976,30.4422],[-93.7075,30.445],[-93.7021,30.4498],[-93.7063,30.4581],[-93.699,30.4588],[-93.7119,30.4694],[-93.7174,30.4838],[-93.7098,30.4826],[-93.7171,30.4944],[-93.7087,30.4991],[-93.7151,30.5013],[-93.7068,30.5071],[-93.7118,30.5109],[-93.7077,30.5213],[-93.7165,30.5192],[-93.7403,30.5396],[-93.7288,30.5453],[-93.7314,30.5529],[-93.7239,30.5592],[-93.7278,30.5741],[-93.7151,30.579],[-93.7138,30.5876],[-93.6929,30.5944],[-93.6878,30.5901],[-93.6922,30.5857],[-93.6866,30.5857],[-93.6789,30.5936],[-93.6891,30.6114],[-93.682,30.6186],[-93.683,30.6413],[-93.655,30.6702],[-93.6486,30.6676],[-93.6299,30.6799],[-93.6204,30.6941],[-93.6247,30.6999],[-93.6172,30.7186],[-93.6054,30.7172],[-93.6136,30.7221],[-93.6098,30.7273],[-93.6177,30.7289],[-93.6091,30.73],[-93.619,30.7403],[-93.6084,30.7467],[-93.6143,30.7602],[-93.5921,30.7637],[-93.5927,30.7751],[-93.5832,30.7786],[-93.5894,30.7867],[-93.5819,30.789],[-93.5838,30.8018],[-93.563,30.806],[-93.5642,30.8175],[-93.5544,30.8235],[-93.5536,30.8351],[-93.5687,30.8442],[-93.5573,30.8521],[-93.5621,30.8593],[-93.5586,30.8694],[-93.5645,30.8686],[-93.5632,30.8749],[-93.5706,30.8752],[-93.5741,30.8845],[-93.5663,30.8948],[-93.5492,30.8974],[-93.5586,30.9132],[-93.5457,30.9271],[-93.5434,30.9202],[-93.532,30.9238],[-93.526,30.9375],[-93.5318,30.9582],[-93.5431,30.9567],[-93.5498,30.9671],[-93.5735,30.9712],[-93.5643,30.9897],[-93.5782,31.0],[-93.5666,31.0131],[-93.5559,31.0037],[-93.5494,31.0101],[-93.5392,31.0082],[-93.5325,31.0197],[-93.5081,31.0302],[-93.5247,31.039],[-93.5189,31.0437],[-93.5316,31.0536],[-93.5189,31.0619],[-93.5276,31.0745],[-93.5522,31.0789],[-93.5493,31.0904],[-93.5558,31.087],[-93.5637,31.0945],[-93.5537,31.0939],[-93.5582,31.098],[-93.5491,31.1002],[-93.5394,31.1152],[-93.5379,31.1266],[-93.5487,31.1558],[-93.5365,31.1585],[-93.5429,31.1713],[-93.5313,31.1798],[-93.5343,31.1854],[-93.55,31.1866],[-93.588,31.1655],[-93.6002,31.1762],[-93.9111,31.1581]]]}},{"type":"Feature","properties":{"name":"Hockley County","fips":"48219"},"geometry":{"type":"Polygon","coordinates":[[[-102.318,33.3888],[-102.0759,33.3896],[-102.0857,33.8247],[-102.6154,33.8251],[-102.5948,33.3885],[-102.318,33.3888]]]}},{"type":"Feature","properties":{"name":"Guadalupe County","fips":"48187"},"geometry":{"type":"Polygon","coordinates":[[[-97.9561,29.3784],[-97.8404,29.3768],[-97.631,29.6517],[-97.6518,29.654],[-97.6534,29.6604],[-97.6476,29.6611],[-97.6529,29.6679],[-97.6567,29.6626],[-97.665,29.6688],[-97.6732,29.6632],[-97.6778,29.6688],[-97.6805,29.6636],[-97.6927,29.6734],[-97.6983,29.6667],[-97.7061,29.6745],[-97.7043,29.6824],[-97.7227,29.6822],[-97.7433,29.697],[-97.7368,29.7022],[-97.7384,29.713],[-97.749,29.7111],[-97.7565,29.7178],[-97.7634,29.713],[-97.7685,29.7201],[-97.7587,29.7255],[-97.7723,29.7338],[-97.7686,29.7416],[-97.7822,29.7479],[-97.7808,29.7591],[-97.8036,29.7537],[-97.8003,29.7662],[-97.8104,29.7729],[-97.8056,29.7771],[-97.8148,29.7802],[-97.8171,29.7904],[-97.8296,29.78],[-97.8303,29.7955],[-97.8424,29.7992],[-97.8464,29.8086],[-97.8367,29.8272],[-97.8637,29.8563],[-97.8689,29.8514],[-97.8753,29.8582],[-97.9436,29.8069],[-97.9992,29.7525],[-98.0899,29.6835],[-98.312,29.5915],[-98.304,29.5845],[-98.2985,29.5611],[-98.2689,29.5447],[-98.2544,29.5407],[-98.2587,29.5548],[-98.2513,29.5498],[-98.2432,29.5571],[-98.2331,29.5546],[-98.2296,29.5467],[-98.2227,29.549],[-98.2219,29.5438],[-98.2297,29.5429],[-98.2223,29.5385],[-98.2191,29.5239],[-98.2048,29.5221],[-98.1969,29.5156],[-98.1994,29.5097],[-98.1909,29.5096],[-98.1834,29.485],[-98.1769,29.4854],[-98.1837,29.4961],[-98.1702,29.4979],[-98.1646,29.4781],[-98.1509,29.4806],[-98.1495,29.4758],[-98.1424,29.4865],[-98.136,29.4791],[-98.1279,29.4826],[-98.1226,29.478],[-98.1171,29.4617],[-98.127,29.4557],[-98.1207,29.4467],[-98.1341,29.4419],[-98.1316,29.4335],[-98.1366,29.4297],[-98.1283,29.4117],[-98.1305,29.3978],[-98.1131,29.3653],[-98.0847,29.3796],[-97.9561,29.3784]]]}},{"type":"Feature","properties":{"name":"Lampasas County","fips":"48281"},"geometry":{"type":"Polygon","coordinates":[[[-97.968,31.1578],[-98.18,31.4637],[-98.2711,31.4164],[-98.2668,31.4105],[-98.5627,31.2304],[-98.5696,31.2033],[-98.5576,31.1923],[-98.5394,31.1925],[-98.5355,31.186],[-98.543,31.1749],[-98.5197,31.165],[-98.504,31.1656],[-98.5113,31.1552],[-98.5276,31.1553],[-98.5278,31.1375],[-98.5477,31.1284],[-98.5265,31.0901],[-98.5183,31.0927],[-98.4989,31.1185],[-98.4882,31.1142],[-98.4808,31.1192],[-98.47,31.1069],[-98.4556,31.1109],[-98.4705,31.0944],[-98.4578,31.0887],[-98.4564,31.0787],[-98.4725,31.0763],[-98.484,31.063],[-98.4749,31.0528],[-98.4476,31.0414],[-98.4397,31.0296],[-97.9117,31.035],[-97.9138,31.0659],[-97.9071,31.0694],[-97.968,31.1578]]]}},{"type":"Feature","properties":{"name":"Medina County","fips":"48325"},"geometry":{"type":"Polygon","coordinates":[[[-99.4139,29.093],[-98.8049,29.0904],[-98.8066,29.6907],[-98.9272,29.5623],[-98.9625,29.5599],[-98.9714,29.5518],[-98.9859,29.567],[-98.9789,29.5776],[-98.9867,29.5869],[-98.9757,29.6098],[-98.9838,29.6234],[-99.4118,29.6275],[-99.4139,29.093]]]}},{"type":"Feature","properties":{"name":"Knox County","fips":"48275"},"geometry":{"type":"Polygon","coordinates":[[[-99.5536,33.3988],[-99.4724,33.399],[-99.4757,33.7525],[-99.4843,33.7504],[-99.4938,33.7682],[-99.5006,33.7636],[-99.506,33.772],[-99.5198,33.7682],[-99.5249,33.7838],[-99.5458,33.7806],[-99.5445,33.7955],[-99.5566,33.7983],[-99.5635,33.7898],[-99.5742,33.7934],[-99.5776,33.8027],[-99.5821,33.7844],[-99.599,33.7874],[-99.5979,33.7969],[-99.6345,33.8027],[-99.6361,33.8172],[-99.6525,33.8183],[-99.6639,33.8081],[-99.6853,33.8273],[-99.6971,33.826],[-99.6995,33.8004],[-99.7119,33.7979],[-99.7084,33.8104],[-99.7223,33.8144],[-99.7255,33.7974],[-99.7396,33.8117],[-99.7473,33.8029],[-99.7584,33.8035],[-99.7516,33.8095],[-99.7582,33.8239],[-99.7709,33.8173],[-99.7957,33.8241],[-99.7897,33.8196],[-99.7949,33.8166],[-99.8104,33.8275],[-99.8326,33.8174],[-99.8351,33.8358],[-99.9964,33.836],[-99.991,33.3974],[-99.5536,33.3988]]]}},{"type":"Feature","properties":{"name":"Dallam County","fips":"48111"},"geometry":{"type":"Polygon","coordinates":[[[-103.0417,36.4969],[-103.0411,36.0552],[-102.163,36.0552],[-102.1625,36.5003],[-103.0417,36.4969]]]}},{"type":"Feature","properties":{"name":"Lamar County","fips":"48277"},"geometry":{"type":"Polygon","coordinates":[[[-95.8558,33.6318],[-95.8577,33.4617],[-95.8536,33.4592],[-95.8259,33.4593],[-95.7793,33.4918],[-95.7614,33.4955],[-95.733,33.4846],[-95.7095,33.4831],[-95.7078,33.4878],[-95.6972,33.4768],[-95.6851,33.4787],[-95.6818,33.4703],[-95.6435,33.4868],[-95.6363,33.4821],[-95.6037,33.4847],[-95.593,33.4801],[-95.5908,33.469],[-95.5622,33.4759],[-95.5268,33.4459],[-95.5048,33.4419],[-95.4938,33.4555],[-95.4817,33.4525],[-95.4642,33.4337],[-95.4447,33.4331],[-95.4152,33.4112],[-95.3998,33.4098],[-95.397,33.399],[-95.3881,33.4021],[-95.3728,33.3908],[-95.364,33.3939],[-95.3081,33.3781],[-95.3144,33.8816],[-95.3299,33.8863],[-95.3357,33.8743],[-95.3632,33.8668],[-95.4052,33.8646],[-95.4277,33.8705],[-95.4404,33.8663],[-95.4633,33.8724],[-95.4614,33.8871],[-95.4835,33.8768],[-95.505,33.8759],[-95.5095,33.8976],[-95.5326,33.8815],[-95.5441,33.8806],[-95.5512,33.8897],[-95.5478,33.9019],[-95.5542,33.927],[-95.5941,33.9431],[-95.6031,33.9292],[-95.6164,33.9276],[-95.6328,33.9048],[-95.6655,33.909],[-95.6846,33.8906],[-95.7006,33.8858],[-95.7332,33.8964],[-95.7522,33.8946],[-95.7625,33.8811],[-95.7513,33.8603],[-95.7582,33.8494],[-95.7702,33.8452],[-95.7976,33.8606],[-95.8156,33.8599],[-95.8209,33.8563],[-95.822,33.8386],[-95.8315,33.8348],[-95.8465,33.8399],[-95.8551,33.8279],[-95.8558,33.6318]]]}},{"type":"Feature","properties":{"name":"Leon County","fips":"48289"},"geometry":{"type":"Polygon","coordinates":[[[-95.9888,31.0862],[-95.9731,31.0922],[-95.7644,31.0942],[-95.777,31.1207],[-95.7756,31.1361],[-95.7565,31.142],[-95.7494,31.1552],[-95.7437,31.1523],[-95.728,31.162],[-95.7443,31.1788],[-95.7479,31.2083],[-95.725,31.2301],[-95.7252,31.2711],[-95.7041,31.2804],[-95.7074,31.2868],[-95.6951,31.297],[-95.6811,31.2886],[-95.671,31.2962],[-95.6791,31.3021],[-95.6687,31.3077],[-95.6717,31.3172],[-95.6572,31.318],[-95.6575,31.3435],[-95.6774,31.3468],[-95.6726,31.3561],[-95.6613,31.3576],[-95.6644,31.3647],[-95.6914,31.3747],[-95.6928,31.3915],[-95.7008,31.3939],[-95.6984,31.4071],[-95.7113,31.4215],[-95.7121,31.4558],[-95.7214,31.4626],[-95.7468,31.4582],[-95.7383,31.4727],[-95.7218,31.4728],[-95.7299,31.4896],[-95.7384,31.485],[-95.745,31.491],[-95.7339,31.5084],[-95.737,31.5185],[-95.7587,31.5336],[-95.7509,31.5407],[-95.7511,31.552],[-95.7157,31.554],[-95.717,31.5678],[-95.7222,31.5697],[-95.7182,31.5732],[-95.7295,31.5835],[-95.7159,31.5941],[-95.71,31.6147],[-95.7357,31.6538],[-95.7568,31.6456],[-95.7487,31.6177],[-95.7614,31.5996],[-95.7776,31.6023],[-95.7873,31.6184],[-96.3229,31.3741],[-96.3147,31.3424],[-96.3203,31.3309],[-96.3172,31.3233],[-96.326,31.312],[-96.3173,31.3016],[-96.3286,31.2986],[-96.328,31.2865],[-96.3138,31.271],[-96.3311,31.2522],[-96.314,31.2289],[-96.3195,31.2224],[-96.3104,31.2172],[-96.3117,31.1981],[-96.2971,31.1814],[-96.3015,31.179],[-96.2968,31.1751],[-96.2992,31.148],[-96.2769,31.1162],[-96.2775,31.0877],[-96.2689,31.0777],[-96.2529,31.073],[-96.2555,31.0655],[-96.2416,31.0571],[-96.2466,31.0516],[-96.24,31.0476],[-96.2584,31.023],[-96.2608,31.0078],[-96.2472,31.0062],[-96.2464,30.9981],[-96.2352,30.9956],[-96.241,30.9737],[-96.1709,30.9944],[-96.0479,31.0687],[-96.0175,31.07],[-95.9888,31.0862]]]}},{"type":"Feature","properties":{"name":"Stonewall County","fips":"48433"},"geometry":{"type":"Polygon","coordinates":[[[-100.5174,33.3979],[-100.5192,32.9629],[-99.9888,32.9601],[-99.991,33.3974],[-100.5174,33.3979]]]}},{"type":"Feature","properties":{"name":"McMullen County","fips":"48311"},"geometry":{"type":"Polygon","coordinates":[[[-98.8033,28.0576],[-98.3343,28.0578],[-98.335,28.6483],[-98.8008,28.6473],[-98.8033,28.0576]]]}},{"type":"Feature","properties":{"name":"Bastrop County","fips":"48021"},"geometry":{"type":"Polygon","coordinates":[[[-97.4911,30.2124],[-97.6494,30.0679],[-97.3158,29.7865],[-97.0245,30.0514],[-97.0818,30.2594],[-97.1996,30.3378],[-97.3695,30.4196],[-97.4911,30.2124]]]}},{"type":"Feature","properties":{"name":"Smith County","fips":"48423"},"geometry":{"type":"Polygon","coordinates":[[[-95.172,32.1369],[-94.9853,32.138],[-94.9869,32.5372],[-94.9985,32.5219],[-95.0116,32.5165],[-95.0225,32.5219],[-95.0153,32.5328],[-95.0151,32.5429],[-95.021,32.5467],[-95.0266,32.5458],[-95.0248,32.537],[-95.0413,32.5322],[-95.0445,32.5422],[-95.0753,32.5371],[-95.0839,32.5425],[-95.0791,32.5561],[-95.0933,32.5577],[-95.0976,32.5497],[-95.111,32.5517],[-95.1193,32.5426],[-95.1219,32.5498],[-95.1401,32.5502],[-95.1501,32.5723],[-95.1583,32.5663],[-95.165,32.5446],[-95.1758,32.5554],[-95.1835,32.541],[-95.2063,32.5581],[-95.205,32.5724],[-95.219,32.5631],[-95.2382,32.5606],[-95.2503,32.5777],[-95.2781,32.5716],[-95.2977,32.5916],[-95.319,32.5956],[-95.3312,32.6057],[-95.3442,32.6038],[-95.3459,32.6093],[-95.3747,32.603],[-95.3752,32.5974],[-95.3994,32.6064],[-95.4284,32.6103],[-95.432,32.6059],[-95.4467,32.6137],[-95.4428,32.6077],[-95.4747,32.6061],[-95.4758,32.6113],[-95.5148,32.6229],[-95.5117,32.6328],[-95.5243,32.6437],[-95.5421,32.6469],[-95.5422,32.655],[-95.5649,32.6648],[-95.5709,32.6759],[-95.583,32.6742],[-95.5843,32.6819],[-95.5945,32.687],[-95.5943,32.4799],[-95.5729,32.4614],[-95.5528,32.4536],[-95.5248,32.4212],[-95.5069,32.4149],[-95.4937,32.3895],[-95.471,32.3692],[-95.4565,32.3682],[-95.4491,32.3595],[-95.4476,32.3473],[-95.4587,32.3284],[-95.447,32.2958],[-95.4573,32.2731],[-95.4699,32.2621],[-95.4676,32.2466],[-95.4887,32.2325],[-95.4789,32.2122],[-95.4701,32.2121],[-95.4705,32.2041],[-95.4625,32.2015],[-95.4683,32.1905],[-95.4616,32.1829],[-95.471,32.1787],[-95.4779,32.1462],[-95.4599,32.1356],[-95.172,32.1369]]]}},{"type":"Feature","properties":{"name":"Robertson County","fips":"48395"},"geometry":{"type":"Polygon","coordinates":[[[-96.8311,31.1023],[-96.8093,31.0805],[-96.8203,31.061],[-96.7916,31.0651],[-96.784,31.0482],[-96.7682,31.0489],[-96.7671,31.0428],[-96.7797,31.0334],[-96.7703,31.0269],[-96.7713,31.0021],[-96.7557,31.0054],[-96.7464,30.9996],[-96.748,30.9904],[-96.7563,30.9888],[-96.7596,30.9783],[-96.7724,30.9691],[-96.7559,30.9455],[-96.7569,30.9279],[-96.7437,30.9157],[-96.7306,30.9161],[-96.734,30.9029],[-96.7262,30.8985],[-96.7158,30.8973],[-96.6976,30.9088],[-96.6849,30.906],[-96.6859,30.897],[-96.6972,30.8984],[-96.6822,30.882],[-96.695,30.8781],[-96.6949,30.8645],[-96.6787,30.8434],[-96.67,30.8417],[-96.6702,30.8339],[-96.6413,30.8181],[-96.6362,30.7979],[-96.6475,30.7904],[-96.6483,30.781],[-96.6423,30.7769],[-96.6252,30.7808],[-96.6125,30.7587],[-96.6148,30.7502],[-96.6257,30.75],[-96.6329,30.7413],[-96.6197,30.7292],[-96.597,30.7274],[-96.5962,30.7153],[-96.5704,30.7029],[-96.567,30.6957],[-96.4576,30.7445],[-96.4229,30.7935],[-96.3874,30.864],[-96.3656,30.8845],[-96.3495,30.9113],[-96.241,30.9737],[-96.2351,30.9952],[-96.2464,30.9981],[-96.2472,31.0062],[-96.2605,31.0065],[-96.2584,31.023],[-96.24,31.0476],[-96.2466,31.0516],[-96.2416,31.0571],[-96.2555,31.0655],[-96.2529,31.073],[-96.2689,31.0777],[-96.2775,31.0877],[-96.2769,31.1162],[-96.2992,31.148],[-96.2968,31.1751],[-96.3015,31.179],[-96.2971,31.1814],[-96.3117,31.1981],[-96.3104,31.2172],[-96.3195,31.2224],[-96.314,31.2289],[-96.3311,31.2522],[-96.3138,31.271],[-96.328,31.2865],[-96.3286,31.2986],[-96.3173,31.3017],[-96.326,31.311],[-96.3172,31.3233],[-96.3192,31.3571],[-96.8311,31.1023]]]}},{"type":"Feature","properties":{"name":"Gillespie County","fips":"48171"},"geometry":{"type":"Polygon","coordinates":[[[-98.9068,30.1383],[-98.5879,30.139],[-98.5917,30.4999],[-99.304,30.4998],[-99.301,30.1343],[-98.9068,30.1383]]]}},{"type":"Feature","properties":{"name":"Falls County","fips":"48145"},"geometry":{"type":"Polygon","coordinates":[[[-96.8296,31.1104],[-96.8305,31.1052],[-96.5969,31.2209],[-96.8011,31.5223],[-97.2781,31.2798],[-97.0701,30.986],[-96.8296,31.1104]]]}},{"type":"Feature","properties":{"name":"Blanco County","fips":"48031"},"geometry":{"type":"Polygon","coordinates":[[[-98.5917,30.4999],[-98.5879,30.139],[-98.414,29.9376],[-98.2976,30.038],[-98.173,30.3562],[-98.1256,30.4262],[-98.4115,30.5021],[-98.5917,30.4999]]]}},{"type":"Feature","properties":{"name":"Delta County","fips":"48119"},"geometry":{"type":"Polygon","coordinates":[[[-95.7104,33.3016],[-95.6981,33.3084],[-95.6831,33.2998],[-95.6571,33.3132],[-95.6443,33.3123],[-95.6421,33.3214],[-95.6159,33.3383],[-95.6129,33.3483],[-95.5844,33.3594],[-95.5571,33.3509],[-95.5395,33.3605],[-95.5143,33.3462],[-95.465,33.3568],[-95.4562,33.3684],[-95.4413,33.3627],[-95.4183,33.371],[-95.3849,33.3655],[-95.3697,33.37],[-95.3359,33.3614],[-95.3142,33.3672],[-95.3158,33.3731],[-95.307,33.3798],[-95.3241,33.3794],[-95.364,33.3939],[-95.3728,33.3908],[-95.3881,33.4021],[-95.397,33.399],[-95.3998,33.4098],[-95.4152,33.4112],[-95.4447,33.4331],[-95.4642,33.4337],[-95.4817,33.4525],[-95.4938,33.4555],[-95.5048,33.4419],[-95.5268,33.4459],[-95.5622,33.4759],[-95.5908,33.469],[-95.593,33.4801],[-95.6037,33.4847],[-95.6363,33.4821],[-95.6435,33.4868],[-95.6818,33.4703],[-95.6851,33.4787],[-95.6972,33.4768],[-95.7078,33.4878],[-95.7095,33.4831],[-95.733,33.4846],[-95.7614,33.4955],[-95.7793,33.4918],[-95.8266,33.4591],[-95.8577,33.4617],[-95.8618,33.2193],[-95.8475,33.2254],[-95.8442,33.2339],[-95.8341,33.2322],[-95.81,33.2421],[-95.8039,33.252],[-95.7867,33.254],[-95.7743,33.2769],[-95.7565,33.2882],[-95.7581,33.2969],[-95.742,33.297],[-95.7299,33.3056],[-95.7202,33.2994],[-95.7104,33.3016]]]}},{"type":"Feature","properties":{"name":"Zavala County","fips":"48507"},"geometry":{"type":"Polygon","coordinates":[[[-100.1123,28.9323],[-100.1143,28.6481],[-99.409,28.6406],[-99.4139,29.0913],[-100.1114,29.0863],[-100.1123,28.9323]]]}},{"type":"Feature","properties":{"name":"Rockwall County","fips":"48397"},"geometry":{"type":"Polygon","coordinates":[[[-96.2972,32.898],[-96.2972,32.9818],[-96.517,32.9829],[-96.519,32.8136],[-96.2974,32.8142],[-96.2972,32.898]]]}},{"type":"Feature","properties":{"name":"Childress County","fips":"48075"},"geometry":{"type":"Polygon","coordinates":[[[-100.4159,34.59],[-100.4178,34.3135],[-99.9977,34.3118],[-100.0004,34.7464],[-100.4159,34.7475],[-100.4159,34.59]]]}},{"type":"Feature","properties":{"name":"Jeff Davis County","fips":"48243"},"geometry":{"type":"Polygon","coordinates":[[[-104.9796,30.6294],[-103.901,30.4122],[-103.8007,30.4125],[-103.44,30.6659],[-104.1024,31.1052],[-104.9796,30.6294]]]}},{"type":"Feature","properties":{"name":"Irion County","fips":"48235"},"geometry":{"type":"Polygon","coordinates":[[[-101.2718,31.2957],[-101.2748,31.0794],[-100.6888,31.0866],[-100.6931,31.524],[-101.2679,31.5287],[-101.2718,31.2957]]]}},{"type":"Feature","properties":{"name":"Sterling County","fips":"48431"},"geometry":{"type":"Polygon","coordinates":[[[-101.2677,31.5611],[-101.2676,31.5565],[-100.8653,31.5623],[-100.8611,31.7054],[-100.8254,31.6962],[-100.8216,32.0866],[-101.2642,32.0871],[-101.2677,31.5611]]]}},{"type":"Feature","properties":{"name":"Winkler County","fips":"48495"},"geometry":{"type":"Polygon","coordinates":[[[-103.3275,31.6613],[-103.3275,31.6514],[-102.7989,31.6518],[-102.7991,32.0858],[-103.0645,32.0871],[-103.0645,32.0004],[-103.3269,32.0001],[-103.3275,31.6613]]]}},{"type":"Feature","properties":{"name":"Taylor County","fips":"48441"},"geometry":{"type":"Polygon","coordinates":[[[-99.6306,32.3139],[-99.6296,32.5207],[-100.1465,32.5228],[-100.1519,32.0826],[-99.6314,32.0813],[-99.6306,32.3139]]]}},{"type":"Feature","properties":{"name":"Erath County","fips":"48143"},"geometry":{"type":"Polygon","coordinates":[[[-98.4756,32.4331],[-98.4747,32.2991],[-98.5512,32.2614],[-98.3275,31.9413],[-98.2512,31.9801],[-98.2084,31.9175],[-97.8649,32.0873],[-97.9405,32.2217],[-98.0685,32.5116],[-98.4752,32.513],[-98.4756,32.4331]]]}},{"type":"Feature","properties":{"name":"Duval County","fips":"48131"},"geometry":{"type":"Polygon","coordinates":[[[-98.2337,27.6554],[-98.2355,28.058],[-98.8033,28.0575],[-98.7983,27.354],[-98.625,27.3577],[-98.6249,27.3381],[-98.5895,27.3382],[-98.5895,27.3587],[-98.5526,27.3591],[-98.5524,27.3438],[-98.5223,27.3433],[-98.5233,27.2651],[-98.2325,27.2625],[-98.2337,27.6554]]]}},{"type":"Feature","properties":{"name":"Johnson County","fips":"48251"},"geometry":{"type":"Polygon","coordinates":[[[-97.3655,32.2063],[-97.087,32.2653],[-97.0871,32.5493],[-97.617,32.5555],[-97.6151,32.2035],[-97.5977,32.2037],[-97.5896,32.1909],[-97.6021,32.1761],[-97.5734,32.1803],[-97.5647,32.1624],[-97.5687,32.1505],[-97.5143,32.1338],[-97.508,32.1394],[-97.5118,32.1619],[-97.4718,32.1755],[-97.476,32.1817],[-97.3655,32.2063]]]}},{"type":"Feature","properties":{"name":"Franklin County","fips":"48159"},"geometry":{"type":"Polygon","coordinates":[[[-95.3086,33.3772],[-95.309,32.9626],[-95.1729,32.9618],[-95.1741,32.969],[-95.1622,32.9809],[-95.1623,32.9942],[-95.1521,33.0027],[-95.1536,33.0124],[-95.1372,33.0309],[-95.1261,33.0346],[-95.1255,33.3895],[-95.1455,33.3882],[-95.1429,33.3833],[-95.156,33.3801],[-95.1662,33.3855],[-95.1917,33.3738],[-95.2011,33.3809],[-95.2227,33.3783],[-95.2297,33.3756],[-95.2282,33.3707],[-95.2344,33.3738],[-95.2415,33.3678],[-95.261,33.3669],[-95.271,33.3767],[-95.2901,33.3756],[-95.2991,33.3827],[-95.3086,33.3772]]]}},{"type":"Feature","properties":{"name":"Concho County","fips":"48095"},"geometry":{"type":"Polygon","coordinates":[[[-100.1138,31.2387],[-100.1152,31.088],[-99.6032,31.0873],[-99.6019,31.492],[-99.6151,31.5019],[-99.6228,31.5006],[-99.624,31.492],[-99.608,31.4781],[-99.6125,31.4697],[-99.6254,31.4674],[-99.6526,31.4965],[-99.6774,31.4977],[-99.6531,31.5291],[-99.6588,31.5348],[-99.692,31.5329],[-99.693,31.5382],[-99.6786,31.5429],[-99.6717,31.5531],[-99.6919,31.5547],[-99.7066,31.5771],[-99.7147,31.5603],[-99.7221,31.5628],[-99.7217,31.5768],[-100.1112,31.5803],[-100.1138,31.2387]]]}},{"type":"Feature","properties":{"name":"Coke County","fips":"48081"},"geometry":{"type":"Polygon","coordinates":[[[-100.8254,31.6982],[-100.2358,31.693],[-100.2351,32.0824],[-100.8216,32.0866],[-100.8254,31.6982]]]}},{"type":"Feature","properties":{"name":"Hansford County","fips":"48195"},"geometry":{"type":"Polygon","coordinates":[[[-101.6239,36.4995],[-101.6235,36.0554],[-101.0857,36.0553],[-101.0852,36.4992],[-101.6239,36.4995]]]}},{"type":"Feature","properties":{"name":"Chambers County","fips":"48071"},"geometry":{"type":"Polygon","coordinates":[[[-94.4098,29.5967],[-94.3716,29.5972],[-94.3694,29.5006],[-94.3549,29.5063],[-94.358,29.8875],[-94.9815,29.8843],[-94.9709,29.8616],[-94.9526,29.855],[-94.9346,29.8343],[-94.912,29.8291],[-94.9085,29.8151],[-94.9242,29.7959],[-94.917,29.7868],[-94.92,29.772],[-94.9134,29.7667],[-94.919,29.7654],[-94.9188,29.7555],[-94.9297,29.7505],[-94.929,29.7371],[-94.9455,29.7171],[-94.9326,29.7143],[-94.933,29.7052],[-94.9251,29.7031],[-94.9299,29.6974],[-94.9158,29.6986],[-94.9204,29.6858],[-94.9303,29.6737],[-94.9697,29.6828],[-95.0024,29.6637],[-95.0161,29.6383],[-95.0086,29.6236],[-94.9982,29.6205],[-94.9826,29.6018],[-95.0182,29.5546],[-95.0146,29.5389],[-94.9861,29.5151],[-94.9098,29.4964],[-94.8752,29.5147],[-94.8252,29.5191],[-94.7932,29.5511],[-94.7795,29.5302],[-94.7558,29.5245],[-94.6175,29.5548],[-94.559,29.5746],[-94.5453,29.5721],[-94.5235,29.5517],[-94.5235,29.5411],[-94.5181,29.5412],[-94.4988,29.5445],[-94.4746,29.5583],[-94.4226,29.5663],[-94.4124,29.5734],[-94.4173,29.5781],[-94.4138,29.5869],[-94.4192,29.5892],[-94.4098,29.5967]]]}},{"type":"Feature","properties":{"name":"Randall County","fips":"48381"},"geometry":{"type":"Polygon","coordinates":[[[-102.1677,35.0335],[-102.1688,34.7474],[-101.6293,34.7476],[-101.6229,35.1831],[-102.1675,35.1832],[-102.1677,35.0335]]]}},{"type":"Feature","properties":{"name":"Rusk County","fips":"48401"},"geometry":{"type":"Polygon","coordinates":[[[-94.986,32.364],[-94.985,31.8462],[-94.4525,31.8441],[-94.4643,31.8572],[-94.462,31.8714],[-94.4778,31.8864],[-94.4806,31.9023],[-94.5113,31.9241],[-94.5114,31.974],[-94.6,31.9732],[-94.6016,32.08],[-94.5807,32.1593],[-94.5803,32.2025],[-94.5562,32.2502],[-94.5265,32.2781],[-94.5238,32.2962],[-94.4934,32.3565],[-94.4918,32.3941],[-94.5017,32.3979],[-94.5154,32.3871],[-94.5274,32.3936],[-94.526,32.4023],[-94.5418,32.3993],[-94.5557,32.4075],[-94.5792,32.3949],[-94.5914,32.3657],[-94.6008,32.36],[-94.6397,32.3708],[-94.9854,32.3708],[-94.986,32.364]]]}},{"type":"Feature","properties":{"name":"Lee County","fips":"48287"},"geometry":{"type":"Polygon","coordinates":[[[-97.3331,30.4032],[-97.1996,30.3378],[-97.0818,30.2594],[-97.0192,30.032],[-96.8459,30.116],[-96.7416,30.1973],[-96.7425,30.227],[-96.732,30.2437],[-96.7148,30.251],[-96.7066,30.2446],[-96.6856,30.2489],[-96.6842,30.2579],[-96.6579,30.2878],[-96.6406,30.2962],[-96.6516,30.3006],[-96.6678,30.2972],[-96.6735,30.3076],[-96.6947,30.3202],[-96.7217,30.3186],[-96.7308,30.3243],[-96.7437,30.3198],[-96.7544,30.3292],[-96.7529,30.3382],[-96.761,30.3409],[-96.7699,30.3647],[-96.7897,30.3832],[-96.7876,30.3891],[-96.8084,30.3963],[-96.8098,30.4044],[-96.8346,30.4228],[-96.8399,30.4211],[-96.8463,30.4315],[-96.8707,30.4355],[-96.8771,30.4478],[-96.8749,30.4577],[-96.8998,30.4603],[-96.9058,30.4722],[-96.8959,30.4892],[-96.9087,30.502],[-96.9022,30.5142],[-96.9189,30.5392],[-96.9395,30.5466],[-96.9453,30.5433],[-96.9636,30.5572],[-97.1552,30.4573],[-97.3331,30.4032]]]}},{"type":"Feature","properties":{"name":"Cherokee County","fips":"48073"},"geometry":{"type":"Polygon","coordinates":[[[-95.4622,32.129],[-95.4573,32.1126],[-95.4238,32.0823],[-95.4385,32.066],[-95.4321,32.061],[-95.4358,32.0535],[-95.4238,32.049],[-95.4222,32.0423],[-95.4359,32.0399],[-95.4387,32.0333],[-95.4241,32.0189],[-95.4298,32.0062],[-95.4337,32.009],[-95.4461,31.9994],[-95.4529,31.9768],[-95.4436,31.9669],[-95.4535,31.9608],[-95.4458,31.9461],[-95.4202,31.9264],[-95.4319,31.9138],[-95.4292,31.9012],[-95.4375,31.9017],[-95.431,31.88],[-95.4346,31.8733],[-95.4389,31.8762],[-95.4348,31.8666],[-95.4452,31.858],[-95.4469,31.8432],[-95.4102,31.8341],[-95.4125,31.8263],[-95.4008,31.8186],[-95.4043,31.8033],[-95.394,31.7846],[-95.3994,31.7744],[-95.3965,31.7653],[-95.4003,31.7679],[-95.4021,31.7616],[-95.3582,31.7493],[-95.3631,31.737],[-95.3727,31.7361],[-95.3664,31.7268],[-95.3354,31.7349],[-95.3327,31.728],[-95.3425,31.718],[-95.334,31.7121],[-95.3279,31.717],[-95.3257,31.7037],[-95.3114,31.7062],[-95.3117,31.6969],[-95.2832,31.6764],[-95.2837,31.6632],[-95.2758,31.6569],[-95.2862,31.6477],[-95.2817,31.6364],[-95.2879,31.6329],[-95.2619,31.6196],[-95.262,31.6029],[-95.2753,31.5947],[-95.2603,31.5771],[-95.226,31.5774],[-95.2085,31.5702],[-95.1685,31.5837],[-95.1616,31.5732],[-95.1396,31.5628],[-95.1473,31.5538],[-95.1434,31.5396],[-95.1264,31.5383],[-95.1237,31.5311],[-95.1205,31.5347],[-95.1,31.5189],[-95.0944,31.4987],[-95.1056,31.4947],[-95.1111,31.4838],[-95.1035,31.4744],[-95.0978,31.4764],[-95.1007,31.4683],[-95.0806,31.4699],[-95.0723,31.4635],[-95.0647,31.4713],[-95.0452,31.4451],[-95.0073,31.4446],[-95.0052,31.4399],[-95.0121,31.4356],[-95.0033,31.4257],[-94.8659,31.5269],[-94.8837,31.5294],[-94.8844,31.5409],[-94.894,31.5412],[-94.8933,31.5498],[-94.9006,31.5526],[-94.8896,31.5663],[-94.8917,31.5779],[-94.9127,31.569],[-94.9242,31.5795],[-94.9192,31.5872],[-94.9284,31.5984],[-94.9261,31.6098],[-94.9414,31.627],[-94.9418,31.6384],[-94.9542,31.6397],[-94.9484,31.6572],[-94.9519,31.6705],[-94.9571,31.6705],[-94.9507,31.6799],[-94.9652,31.6939],[-94.96,31.6988],[-94.9629,31.7156],[-94.9544,31.7232],[-94.9728,31.7376],[-94.9673,31.7541],[-94.9438,31.7524],[-94.9261,31.7603],[-94.9386,31.7722],[-94.9493,31.7746],[-94.9514,31.7691],[-94.9586,31.7788],[-94.9749,31.782],[-94.9782,31.7934],[-94.9539,31.797],[-94.9543,31.8055],[-94.9467,31.8071],[-94.9423,31.8178],[-94.9483,31.8263],[-94.9346,31.8346],[-94.9375,31.8456],[-94.985,31.8462],[-94.9853,32.138],[-95.4599,32.1356],[-95.4622,32.129]]]}},{"type":"Feature","properties":{"name":"Jefferson County","fips":"48245"},"geometry":{"type":"Polygon","coordinates":[[[-93.9113,29.8291],[-93.8544,29.8651],[-93.839,29.9264],[-93.8439,29.9548],[-93.8602,29.9774],[-93.9035,29.9855],[-93.9138,29.996],[-93.9311,29.9911],[-93.9544,30.0011],[-93.9606,30.0134],[-93.9818,30.0089],[-93.9831,30.0218],[-93.9968,30.0131],[-94.001,30.031],[-94.0309,30.0264],[-94.0359,30.0414],[-94.0275,30.066],[-94.043,30.0637],[-94.0519,30.0787],[-94.0792,30.0769],[-94.0929,30.083],[-94.0864,30.089],[-94.0942,30.091],[-94.0873,30.1049],[-94.0787,30.1061],[-94.0743,30.1165],[-94.0796,30.1271],[-94.1081,30.1354],[-94.1009,30.143],[-94.1135,30.1483],[-94.1198,30.1654],[-94.166,30.1722],[-94.1749,30.1876],[-94.1876,30.1789],[-94.1945,30.189],[-94.1992,30.1845],[-94.2063,30.1884],[-94.2185,30.1801],[-94.2209,30.1707],[-94.2313,30.1726],[-94.2372,30.1647],[-94.2548,30.1726],[-94.2606,30.1673],[-94.2755,30.1703],[-94.2792,30.1319],[-94.3008,30.114],[-94.3302,30.1149],[-94.3385,30.1043],[-94.3508,30.1038],[-94.3507,30.1092],[-94.3646,30.1014],[-94.3811,30.1084],[-94.4012,30.0972],[-94.4283,30.1054],[-94.4311,30.1136],[-94.4447,30.1135],[-94.4422,29.8871],[-94.358,29.8875],[-94.3549,29.5063],[-94.1252,29.5956],[-94.0336,29.625],[-93.875,29.6214],[-93.8486,29.6003],[-93.8144,29.5966],[-93.8374,29.6899],[-93.87,29.7355],[-93.8916,29.7446],[-93.8939,29.7673],[-93.9265,29.7896],[-93.928,29.8096],[-93.9113,29.8291]]]}},{"type":"Feature","properties":{"name":"Lipscomb County","fips":"48295"},"geometry":{"type":"Polygon","coordinates":[[[-100.0004,36.2602],[-100.0004,36.4997],[-100.5461,36.4993],[-100.5467,36.0565],[-100.0004,36.0557],[-100.0004,36.2602]]]}},{"type":"Feature","properties":{"name":"Jasper County","fips":"48241"},"geometry":{"type":"Polygon","coordinates":[[[-94.4602,31.0312],[-94.4449,31.0344],[-94.4423,31.03],[-94.4506,31.0177],[-94.4503,31.0031],[-94.4343,31.0069],[-94.436,31.0138],[-94.4138,31.0265],[-94.383,31.0262],[-94.375,31.0353],[-94.3747,31.0311],[-94.3547,31.0322],[-94.3534,31.0395],[-94.3378,31.0368],[-94.3242,31.0201],[-94.2926,31.0429],[-94.2831,31.0368],[-94.2863,31.0271],[-94.2812,31.0184],[-94.2381,31.0134],[-94.2331,30.9863],[-94.2414,30.9925],[-94.2393,30.9729],[-94.245,30.9668],[-94.2279,30.9578],[-94.2337,30.9521],[-94.227,30.9504],[-94.2286,30.9397],[-94.2232,30.9476],[-94.221,30.9353],[-94.21,30.938],[-94.1995,30.9288],[-94.2081,30.9226],[-94.205,30.9146],[-94.2159,30.9015],[-94.2004,30.8926],[-94.2054,30.8872],[-94.1937,30.8776],[-94.1991,30.8746],[-94.1899,30.872],[-94.193,30.8638],[-94.201,30.8635],[-94.191,30.8375],[-94.1801,30.8343],[-94.1859,30.8314],[-94.1783,30.8231],[-94.1877,30.8243],[-94.1891,30.8182],[-94.1776,30.8119],[-94.1815,30.7974],[-94.1501,30.7902],[-94.133,30.7652],[-94.1399,30.7559],[-94.1283,30.7454],[-94.1383,30.7309],[-94.1295,30.7194],[-94.1375,30.7148],[-94.123,30.7009],[-94.1258,30.6841],[-94.0901,30.6876],[-94.0891,30.6733],[-94.0823,30.6669],[-94.0864,30.6573],[-94.0732,30.6559],[-94.0736,30.6614],[-94.0795,30.6608],[-94.0742,30.6678],[-94.0531,30.649],[-94.0598,30.647],[-94.0516,30.6418],[-94.053,30.6294],[-94.0758,30.618],[-94.0697,30.6107],[-94.0812,30.6072],[-94.0793,30.5981],[-94.0854,30.5975],[-94.0825,30.5921],[-94.0959,30.5768],[-94.0859,30.5697],[-94.0939,30.5673],[-94.0859,30.5473],[-94.0713,30.5418],[-94.0736,30.5348],[-94.067,30.5319],[-94.0829,30.5106],[-94.0789,30.4901],[-94.0855,30.4898],[-94.0934,30.4741],[-94.1031,30.4687],[-94.0945,30.4656],[-94.1074,30.4503],[-94.1068,30.4375],[-94.1194,30.4263],[-94.1128,30.415],[-94.12,30.4112],[-94.1133,30.4061],[-94.1169,30.3977],[-94.1036,30.3939],[-94.1086,30.3873],[-94.1022,30.3848],[-94.1027,30.3687],[-94.0829,30.3457],[-94.0896,30.3377],[-94.0963,30.3391],[-94.1028,30.3254],[-94.0988,30.3224],[-94.1059,30.3229],[-94.0998,30.3186],[-94.1018,30.3105],[-94.1178,30.3006],[-94.1142,30.2861],[-94.1198,30.2881],[-94.1206,30.2806],[-94.1119,30.2731],[-94.1141,30.2635],[-94.1044,30.2662],[-94.0964,30.2584],[-94.1186,30.2429],[-93.9015,30.2427],[-93.8752,30.6721],[-93.8657,30.9472],[-93.9111,31.1581],[-94.039,31.1343],[-94.0423,31.1194],[-94.0566,31.1117],[-94.0629,31.1149],[-94.4602,31.0312]]]}},{"type":"Feature","properties":{"name":"Camp County","fips":"48063"},"geometry":{"type":"Polygon","coordinates":[[[-95.045,32.9027],[-94.7199,32.9046],[-94.7268,32.9132],[-94.7709,32.9274],[-94.7739,32.9438],[-94.7866,32.9528],[-94.7865,32.9594],[-94.8581,33.002],[-94.8627,33.0061],[-94.8593,33.0136],[-94.8881,33.0231],[-94.8887,33.0305],[-94.9055,33.0443],[-94.9169,33.0453],[-94.927,33.0707],[-94.9725,33.0719],[-94.9798,33.0774],[-95.0058,33.0711],[-95.0142,33.076],[-95.0403,33.0723],[-95.0577,33.0552],[-95.0784,33.0521],[-95.103,33.033],[-95.1372,33.0309],[-95.1522,33.0134],[-95.1521,32.9026],[-95.045,32.9027]]]}},{"type":"Feature","properties":{"name":"Orange County","fips":"48361"},"geometry":{"type":"Polygon","coordinates":[[[-93.7551,30.0153],[-93.7411,30.0216],[-93.7374,30.0373],[-93.7208,30.053],[-93.7179,30.0656],[-93.7111,30.0544],[-93.6995,30.0586],[-93.7341,30.0861],[-93.7311,30.0895],[-93.724,30.0826],[-93.7238,30.0941],[-93.7024,30.1127],[-93.708,30.12],[-93.7009,30.1231],[-93.7012,30.1375],[-93.6928,30.1352],[-93.6882,30.1414],[-93.6977,30.1529],[-93.7095,30.1467],[-93.7,30.1755],[-93.7107,30.1799],[-93.7126,30.1925],[-93.7055,30.1929],[-93.7091,30.1972],[-93.7175,30.1931],[-93.7142,30.2087],[-93.7212,30.2092],[-93.719,30.2194],[-93.7112,30.2221],[-93.7111,30.2352],[-93.7045,30.2338],[-93.7096,30.2378],[-93.7031,30.2385],[-93.7068,30.2437],[-94.1176,30.2417],[-94.1178,30.2159],[-94.0912,30.2046],[-94.0918,30.1973],[-94.0982,30.1985],[-94.0979,30.1884],[-94.1065,30.1932],[-94.1053,30.1875],[-94.111,30.1867],[-94.1135,30.1483],[-94.1009,30.143],[-94.1081,30.1354],[-94.0796,30.1271],[-94.0737,30.1141],[-94.0873,30.1049],[-94.0942,30.091],[-94.0864,30.089],[-94.0938,30.0839],[-94.0792,30.0769],[-94.0519,30.0787],[-94.043,30.0637],[-94.0275,30.066],[-94.0359,30.0414],[-94.0295,30.0255],[-94.001,30.031],[-93.9968,30.0131],[-93.9831,30.0218],[-93.9818,30.0089],[-93.9606,30.0134],[-93.9481,29.9972],[-93.9311,29.9911],[-93.9138,29.996],[-93.9035,29.9855],[-93.859,29.9765],[-93.8388,29.9369],[-93.8544,29.8651],[-93.819,29.9148],[-93.8078,29.9545],[-93.7894,29.9878],[-93.7706,29.9965],[-93.7551,30.0153]]]}},{"type":"Feature","properties":{"name":"Caldwell County","fips":"48055"},"geometry":{"type":"Polygon","coordinates":[[[-97.8223,29.932],[-97.8939,29.8837],[-97.8991,29.8574],[-97.876,29.8606],[-97.8719,29.8523],[-97.8634,29.8562],[-97.8555,29.8439],[-97.8473,29.8424],[-97.8367,29.8269],[-97.8464,29.8086],[-97.8424,29.7992],[-97.8303,29.7955],[-97.8296,29.78],[-97.8171,29.7904],[-97.8148,29.7802],[-97.8056,29.7771],[-97.8104,29.7729],[-97.8003,29.7662],[-97.8036,29.7537],[-97.7808,29.7591],[-97.7822,29.7479],[-97.7686,29.7416],[-97.7723,29.7338],[-97.7587,29.7255],[-97.7685,29.7201],[-97.7637,29.7134],[-97.7565,29.7178],[-97.7368,29.711],[-97.7433,29.697],[-97.7227,29.6822],[-97.7043,29.6824],[-97.7061,29.6745],[-97.6978,29.6665],[-97.6927,29.6734],[-97.6805,29.6636],[-97.6778,29.6688],[-97.6732,29.6632],[-97.665,29.6688],[-97.6567,29.6626],[-97.6526,29.6678],[-97.6476,29.6611],[-97.6534,29.6604],[-97.6518,29.654],[-97.6313,29.6538],[-97.6294,29.6398],[-97.6169,29.6448],[-97.618,29.6334],[-97.6058,29.6351],[-97.6039,29.6418],[-97.5977,29.6307],[-97.3158,29.7865],[-97.6537,30.0716],[-97.7078,30.0241],[-97.7607,29.9881],[-97.7924,29.9452],[-97.8223,29.932]]]}},{"type":"Feature","properties":{"name":"Hopkins County","fips":"48223"},"geometry":{"type":"Polygon","coordinates":[[[-95.5098,32.9614],[-95.309,32.9626],[-95.3086,33.3772],[-95.3158,33.3731],[-95.3142,33.3672],[-95.3449,33.3603],[-95.3697,33.37],[-95.3849,33.3655],[-95.4183,33.371],[-95.4413,33.3627],[-95.4562,33.3684],[-95.465,33.3568],[-95.5143,33.3462],[-95.5395,33.3605],[-95.5571,33.3509],[-95.5869,33.3587],[-95.6129,33.3483],[-95.6159,33.3383],[-95.6501,33.31],[-95.6571,33.3132],[-95.6831,33.2998],[-95.6981,33.3084],[-95.7198,33.2994],[-95.7299,33.3056],[-95.742,33.297],[-95.7581,33.2969],[-95.7565,33.2882],[-95.7743,33.2769],[-95.7867,33.254],[-95.8039,33.252],[-95.81,33.2421],[-95.8341,33.2322],[-95.8442,33.2339],[-95.8475,33.2254],[-95.8618,33.2193],[-95.8625,32.9796],[-95.6677,32.9796],[-95.6654,32.9604],[-95.5098,32.9614]]]}},{"type":"Feature","properties":{"name":"Houston County","fips":"48225"},"geometry":{"type":"Polygon","coordinates":[[[-95.2482,31.1866],[-94.9581,31.3869],[-94.9658,31.3966],[-94.978,31.3996],[-94.9769,31.4093],[-95.0054,31.4209],[-95.0033,31.4274],[-95.0121,31.4358],[-95.0052,31.4399],[-95.0073,31.4446],[-95.0452,31.4451],[-95.0651,31.4715],[-95.0723,31.4635],[-95.0806,31.4699],[-95.1007,31.4683],[-95.0978,31.4764],[-95.1035,31.4744],[-95.1111,31.4838],[-95.1056,31.4947],[-95.0944,31.4987],[-95.1,31.5189],[-95.1205,31.5347],[-95.1237,31.5311],[-95.1264,31.5383],[-95.1434,31.5396],[-95.1473,31.5538],[-95.1396,31.5628],[-95.1616,31.5732],[-95.1685,31.5837],[-95.2085,31.5702],[-95.226,31.5774],[-95.2552,31.5748],[-95.2732,31.5929],[-95.4932,31.5649],[-95.6518,31.5418],[-95.6472,31.527],[-95.7432,31.5006],[-95.7446,31.49],[-95.7384,31.485],[-95.7299,31.4896],[-95.7219,31.4719],[-95.7365,31.4737],[-95.7468,31.4582],[-95.7214,31.4626],[-95.7121,31.4558],[-95.7113,31.4215],[-95.6984,31.4071],[-95.7008,31.3939],[-95.6928,31.3915],[-95.6914,31.3747],[-95.6649,31.3655],[-95.6613,31.3576],[-95.6726,31.3561],[-95.6774,31.3468],[-95.6575,31.3435],[-95.6561,31.3222],[-95.6594,31.3159],[-95.6627,31.321],[-95.6717,31.3172],[-95.6687,31.3077],[-95.6791,31.3021],[-95.6714,31.2956],[-95.6814,31.2885],[-95.6951,31.297],[-95.7074,31.2868],[-95.7041,31.2804],[-95.7252,31.2711],[-95.725,31.2301],[-95.7479,31.2083],[-95.7443,31.1788],[-95.728,31.162],[-95.7437,31.1523],[-95.7494,31.1552],[-95.7565,31.142],[-95.7742,31.1383],[-95.777,31.1207],[-95.7606,31.0889],[-95.7416,31.0908],[-95.7364,31.0838],[-95.729,31.088],[-95.7234,31.0798],[-95.707,31.0779],[-95.7041,31.0826],[-95.6985,31.0768],[-95.6924,31.082],[-95.6755,31.076],[-95.6635,31.0839],[-95.6484,31.0699],[-95.6549,31.0673],[-95.6475,31.0554],[-95.63,31.0517],[-95.6314,31.0368],[-95.6412,31.0423],[-95.6688,31.0269],[-95.6584,31.0163],[-95.67,30.9942],[-95.6813,30.9875],[-95.6387,30.9267],[-95.6179,30.9304],[-95.2482,31.1866]]]}},{"type":"Feature","properties":{"name":"Bexar County","fips":"48029"},"geometry":{"type":"Polygon","coordinates":[[[-98.3272,29.2099],[-98.1372,29.4404],[-98.1207,29.4466],[-98.127,29.4557],[-98.1171,29.4617],[-98.1226,29.478],[-98.1279,29.4826],[-98.136,29.4791],[-98.1424,29.4865],[-98.1495,29.4758],[-98.1509,29.4806],[-98.1646,29.4781],[-98.1702,29.4979],[-98.1833,29.4965],[-98.1769,29.4852],[-98.1851,29.4861],[-98.1909,29.5096],[-98.1994,29.5097],[-98.1969,29.5156],[-98.2048,29.5221],[-98.219,29.5237],[-98.2223,29.5385],[-98.2297,29.5429],[-98.2216,29.5479],[-98.2299,29.5468],[-98.2335,29.5548],[-98.2449,29.5568],[-98.2513,29.5498],[-98.2585,29.5549],[-98.2552,29.5404],[-98.2985,29.5611],[-98.3122,29.6018],[-98.3255,29.6034],[-98.3453,29.6183],[-98.3405,29.6296],[-98.3477,29.6448],[-98.3429,29.6536],[-98.3638,29.6667],[-98.3785,29.6627],[-98.3843,29.6764],[-98.3763,29.6871],[-98.3802,29.7039],[-98.3413,29.7096],[-98.3386,29.7218],[-98.3526,29.7344],[-98.3751,29.7199],[-98.3741,29.731],[-98.3983,29.7376],[-98.4075,29.7487],[-98.4207,29.7435],[-98.417,29.7314],[-98.4297,29.724],[-98.427,29.7174],[-98.4383,29.7156],[-98.4458,29.7358],[-98.4594,29.7318],[-98.4663,29.7385],[-98.477,29.7334],[-98.5231,29.7453],[-98.5265,29.7404],[-98.534,29.7524],[-98.5468,29.7533],[-98.5505,29.7607],[-98.5825,29.7412],[-98.6011,29.75],[-98.6034,29.7399],[-98.6143,29.7376],[-98.6261,29.7443],[-98.6435,29.7404],[-98.6513,29.754],[-98.6631,29.7475],[-98.6603,29.7416],[-98.7004,29.7374],[-98.7,29.7326],[-98.7172,29.7253],[-98.7341,29.7295],[-98.7288,29.7225],[-98.7382,29.7166],[-98.7788,29.7202],[-98.8066,29.6907],[-98.8048,29.2507],[-98.4073,29.1144],[-98.3272,29.2099]]]}},{"type":"Feature","properties":{"name":"Henderson County","fips":"48213"},"geometry":{"type":"Polygon","coordinates":[[[-95.6775,32.0516],[-95.4285,32.0845],[-95.4316,32.0939],[-95.4573,32.1126],[-95.4599,32.1356],[-95.4786,32.1472],[-95.471,32.1787],[-95.4616,32.1829],[-95.4683,32.1905],[-95.4625,32.2015],[-95.4705,32.2041],[-95.4701,32.2121],[-95.4789,32.2122],[-95.4887,32.2323],[-95.4676,32.2466],[-95.4699,32.2621],[-95.4573,32.2731],[-95.447,32.2958],[-95.4587,32.3284],[-95.4489,32.355],[-96.4536,32.358],[-96.4484,32.3545],[-96.4546,32.3523],[-96.4518,32.345],[-96.4363,32.3454],[-96.4302,32.3322],[-96.4175,32.3355],[-96.4056,32.3277],[-96.3908,32.3339],[-96.339,32.306],[-96.3234,32.3063],[-96.3101,32.2983],[-96.3049,32.3022],[-96.3034,32.2973],[-96.2987,32.3012],[-96.3004,32.2942],[-96.2889,32.2932],[-96.2937,32.29],[-96.2838,32.2789],[-96.2902,32.2689],[-96.2851,32.2546],[-96.2777,32.2606],[-96.2728,32.2525],[-96.2677,32.2592],[-96.2565,32.2451],[-96.2509,32.2473],[-96.2544,32.2506],[-96.2351,32.2509],[-96.2361,32.2422],[-96.2173,32.2335],[-96.2091,32.2187],[-96.2007,32.2143],[-96.1961,32.2198],[-96.1971,32.2074],[-96.1907,32.2026],[-96.1559,32.215],[-96.1465,32.2117],[-96.1607,32.204],[-96.1556,32.2004],[-96.1579,32.1913],[-96.1762,32.1818],[-96.1758,32.1682],[-96.1665,32.1661],[-96.1668,32.1583],[-96.1595,32.1549],[-96.1522,32.1584],[-96.1384,32.1514],[-96.1137,32.1609],[-96.1043,32.1524],[-96.103,32.1409],[-96.1147,32.1265],[-96.1115,32.1158],[-96.1177,32.0946],[-96.1068,32.0754],[-96.099,32.0816],[-96.0657,32.0855],[-96.0625,32.0778],[-96.0702,32.0748],[-96.0623,32.0625],[-96.0665,32.0378],[-96.0508,32.0168],[-96.0556,32.0146],[-96.0528,32.0059],[-95.6775,32.0516]]]}},{"type":"Feature","properties":{"name":"Walker County","fips":"48471"},"geometry":{"type":"Polygon","coordinates":[[[-95.6834,30.9057],[-95.6916,30.9011],[-95.6957,30.9072],[-95.7096,30.9055],[-95.7165,30.9114],[-95.7333,30.9001],[-95.7595,30.8989],[-95.7849,30.879],[-95.8295,30.8621],[-95.8491,30.863],[-95.8504,30.8677],[-95.8631,30.8643],[-95.8302,30.6303],[-95.599,30.509],[-95.3619,30.5089],[-95.3592,30.5044],[-95.3275,30.8595],[-95.344,30.8758],[-95.354,30.8562],[-95.3833,30.853],[-95.3984,30.8597],[-95.3916,30.876],[-95.3994,30.8815],[-95.3814,30.8793],[-95.3809,30.8862],[-95.3997,30.8929],[-95.4065,30.9062],[-95.4155,30.9079],[-95.4114,30.931],[-95.4343,30.9374],[-95.4348,31.0581],[-95.6179,30.9304],[-95.6219,30.9251],[-95.612,30.9176],[-95.6162,30.9102],[-95.6293,30.9093],[-95.6298,30.8999],[-95.6552,30.8933],[-95.6638,30.9041],[-95.6834,30.9057]]]}},{"type":"Feature","properties":{"name":"Reeves County","fips":"48389"},"geometry":{"type":"Polygon","coordinates":[[[-104.1023,31.1053],[-103.5851,30.7665],[-103.0104,31.377],[-103.0578,31.3853],[-103.0664,31.3776],[-103.0631,31.3684],[-103.0675,31.3651],[-103.1358,31.3643],[-103.1586,31.3723],[-103.1937,31.3717],[-103.2449,31.3894],[-103.2578,31.4073],[-103.2552,31.4203],[-103.2617,31.4276],[-103.2747,31.4237],[-103.278,31.4145],[-103.3029,31.4212],[-103.33,31.4119],[-103.3492,31.4235],[-103.3583,31.4151],[-103.381,31.4169],[-103.399,31.4339],[-103.4177,31.4261],[-103.4424,31.4338],[-103.4462,31.4243],[-103.4621,31.4297],[-103.4891,31.456],[-103.4889,31.469],[-103.4809,31.4752],[-103.5038,31.5063],[-103.504,31.5151],[-103.4957,31.5217],[-103.5028,31.528],[-103.4953,31.5495],[-103.5152,31.5792],[-103.5102,31.5796],[-103.5115,31.5897],[-103.5042,31.5966],[-103.5143,31.6132],[-103.5094,31.6259],[-103.5302,31.6325],[-103.5262,31.6344],[-103.5314,31.6425],[-103.5516,31.6448],[-103.5622,31.6329],[-103.5728,31.6323],[-103.6012,31.6501],[-103.6162,31.6508],[-103.6192,31.6644],[-103.6323,31.6733],[-103.6354,31.6841],[-103.6356,31.6903],[-103.6208,31.6891],[-103.6257,31.705],[-103.6691,31.7153],[-103.6912,31.7476],[-103.7457,31.7388],[-103.7461,31.744],[-103.7583,31.7448],[-103.757,31.7514],[-103.7631,31.7491],[-103.7661,31.7608],[-103.7709,31.7576],[-103.7705,31.7625],[-103.7817,31.7643],[-103.778,31.7687],[-103.7831,31.7747],[-103.7972,31.7702],[-103.8095,31.7943],[-103.8084,31.8268],[-103.8213,31.8373],[-103.8127,31.854],[-103.8286,31.8623],[-103.8297,31.8884],[-103.8575,31.8822],[-103.8818,31.8653],[-103.8815,31.8911],[-103.9122,31.9024],[-103.9224,31.9425],[-103.9409,31.9445],[-103.9486,31.9545],[-103.9411,31.9614],[-103.9501,31.9868],[-103.9745,31.9792],[-103.9841,31.9934],[-103.9802,32.0001],[-104.0245,32.0001],[-104.1023,31.1053]]]}},{"type":"Feature","properties":{"name":"Nueces County","fips":"48355"},"geometry":{"type":"Polygon","coordinates":[[[-97.2732,27.5747],[-97.2421,27.5829],[-97.1651,27.5683],[-97.1253,27.6406],[-97.0467,27.755],[-97.0219,27.7834],[-96.9843,27.8038],[-97.0653,27.8519],[-97.0572,27.8654],[-97.0957,27.9578],[-97.187,27.8255],[-97.1607,27.8432],[-97.2013,27.8211],[-97.2453,27.8361],[-97.2227,27.8319],[-97.2216,27.8543],[-97.2317,27.8486],[-97.2446,27.8595],[-97.2499,27.876],[-97.2687,27.8813],[-97.311,27.873],[-97.3548,27.8503],[-97.3599,27.8522],[-97.3438,27.8644],[-97.3437,27.8714],[-97.3319,27.8733],[-97.3377,27.8832],[-97.4459,27.8654],[-97.4593,27.8783],[-97.4603,27.862],[-97.4686,27.8708],[-97.4808,27.8598],[-97.4844,27.8731],[-97.495,27.8823],[-97.5173,27.8713],[-97.5198,27.8611],[-97.5151,27.8519],[-97.4903,27.8465],[-97.4892,27.8388],[-97.501,27.8467],[-97.5353,27.8477],[-97.5443,27.8589],[-97.5919,27.857],[-97.609,27.8717],[-97.6096,27.8904],[-97.627,27.8954],[-97.6321,27.8934],[-97.6271,27.8757],[-97.6382,27.8656],[-97.6753,27.8825],[-97.6713,27.8927],[-97.6822,27.9019],[-97.6898,27.9003],[-97.6911,27.9174],[-97.7082,27.9226],[-97.7164,27.9181],[-97.7159,27.9115],[-97.7252,27.9165],[-97.736,27.9119],[-97.73,27.9233],[-97.749,27.9329],[-97.763,27.9235],[-97.7643,27.9381],[-97.7759,27.9379],[-97.7786,27.9475],[-97.7955,27.9422],[-97.7967,27.9341],[-97.8065,27.9344],[-97.8176,27.9705],[-97.8071,27.9731],[-97.7985,27.9957],[-97.9343,27.8852],[-97.9336,27.7769],[-97.9421,27.6359],[-97.9324,27.6359],[-97.9211,27.6229],[-97.8886,27.6202],[-97.8767,27.6085],[-97.8738,27.5878],[-97.8399,27.565],[-97.8407,27.5584],[-97.3252,27.5609],[-97.2732,27.5747]]]}},{"type":"Feature","properties":{"name":"Culberson County","fips":"48109"},"geometry":{"type":"Polygon","coordinates":[[[-104.9092,31.1582],[-104.9076,30.8359],[-104.9164,30.836],[-104.9172,30.6636],[-104.1024,31.1052],[-104.0245,32.0001],[-104.9187,32.0001],[-104.9092,31.1582]]]}},{"type":"Feature","properties":{"name":"Atascosa County","fips":"48013"},"geometry":{"type":"Polygon","coordinates":[[[-98.3081,28.6325],[-98.0983,28.7869],[-98.4073,29.1144],[-98.8048,29.2507],[-98.8008,28.6473],[-98.335,28.6483],[-98.335,28.6127],[-98.3081,28.6325]]]}},{"type":"Feature","properties":{"name":"Potter County","fips":"48375"},"geometry":{"type":"Polygon","coordinates":[[[-102.1675,35.1844],[-101.6229,35.1831],[-101.6228,35.6202],[-102.1628,35.62],[-102.1675,35.1844]]]}},{"type":"Feature","properties":{"name":"Mills County","fips":"48333"},"geometry":{"type":"Polygon","coordinates":[[[-98.9951,31.4674],[-98.965,31.4533],[-98.966,31.4351],[-98.953,31.4473],[-98.9538,31.4543],[-98.941,31.4586],[-98.9332,31.4369],[-98.9252,31.434],[-98.8956,31.4336],[-98.8855,31.4429],[-98.871,31.4437],[-98.8588,31.4343],[-98.8547,31.4138],[-98.8468,31.4106],[-98.816,31.4171],[-98.8133,31.4047],[-98.7766,31.4139],[-98.7779,31.3771],[-98.7717,31.3808],[-98.7626,31.3753],[-98.753,31.3852],[-98.7557,31.4004],[-98.7423,31.4053],[-98.7367,31.4173],[-98.7425,31.4284],[-98.7245,31.4274],[-98.7284,31.4112],[-98.7184,31.404],[-98.6966,31.4073],[-98.6928,31.3891],[-98.7043,31.3802],[-98.7031,31.361],[-98.7125,31.3556],[-98.7124,31.3472],[-98.6966,31.3394],[-98.6535,31.37],[-98.6546,31.3585],[-98.6364,31.3529],[-98.647,31.3407],[-98.6396,31.3324],[-98.6485,31.3235],[-98.6476,31.3149],[-98.6299,31.326],[-98.6181,31.3224],[-98.6308,31.3102],[-98.6068,31.3121],[-98.5944,31.3264],[-98.5873,31.3255],[-98.5982,31.287],[-98.6138,31.2816],[-98.6221,31.2851],[-98.6283,31.2741],[-98.5957,31.2531],[-98.5928,31.2661],[-98.5798,31.2654],[-98.5627,31.2304],[-98.2668,31.4105],[-98.4928,31.7236],[-98.7601,31.6879],[-98.78,31.6107],[-98.9916,31.4847],[-98.9869,31.4789],[-98.9951,31.4674]]]}},{"type":"Feature","properties":{"name":"Oldham County","fips":"48359"},"geometry":{"type":"Polygon","coordinates":[[[-102.559,35.1867],[-102.1675,35.1832],[-102.1628,35.6275],[-103.0417,35.6225],[-103.0425,35.1832],[-102.559,35.1867]]]}},{"type":"Feature","properties":{"name":"Scurry County","fips":"48415"},"geometry":{"type":"Polygon","coordinates":[[[-101.1747,32.6218],[-101.1746,32.5277],[-100.6606,32.5253],[-100.6559,32.9635],[-100.9902,32.965],[-101.0387,32.9702],[-101.1734,32.9636],[-101.1747,32.6218]]]}},{"type":"Feature","properties":{"name":"Cochran County","fips":"48079"},"geometry":{"type":"Polygon","coordinates":[[[-103.0562,33.4033],[-103.0565,33.3884],[-102.5948,33.3885],[-102.6154,33.8251],[-103.0474,33.8247],[-103.0562,33.4033]]]}},{"type":"Feature","properties":{"name":"Tarrant County","fips":"48439"},"geometry":{"type":"Polygon","coordinates":[[[-97.0339,32.8369],[-97.031,32.9897],[-97.5442,32.9942],[-97.5506,32.5554],[-97.0387,32.5487],[-97.0339,32.8369]]]}},{"type":"Feature","properties":{"name":"Jackson County","fips":"48239"},"geometry":{"type":"Polygon","coordinates":[[[-96.5685,29.1869],[-96.6585,29.2639],[-96.9386,29.0632],[-96.8321,29.0213],[-96.8056,28.9727],[-96.8078,28.956],[-96.7921,28.9188],[-96.7751,28.9154],[-96.7592,28.8968],[-96.7389,28.8936],[-96.7221,28.8618],[-96.7112,28.8512],[-96.7031,28.8516],[-96.7137,28.8451],[-96.7122,28.8305],[-96.7231,28.8212],[-96.7062,28.8149],[-96.7016,28.7982],[-96.7065,28.7961],[-96.6961,28.7966],[-96.6974,28.7738],[-96.6859,28.7719],[-96.6862,28.7637],[-96.6701,28.7612],[-96.6717,28.7511],[-96.6633,28.7423],[-96.6688,28.7363],[-96.6593,28.72],[-96.6455,28.7211],[-96.6423,28.7171],[-96.6511,28.7193],[-96.6449,28.7114],[-96.5881,28.7264],[-96.5805,28.7194],[-96.578,28.6968],[-96.5746,28.7055],[-96.4284,28.7035],[-96.4286,28.7137],[-96.4205,28.7136],[-96.4075,28.7303],[-96.3995,28.7302],[-96.4044,28.6744],[-96.3235,28.6756],[-96.3092,28.9633],[-96.5685,29.1869]]]}},{"type":"Feature","properties":{"name":"Swisher County","fips":"48437"},"geometry":{"type":"Polygon","coordinates":[[[-101.9985,34.7482],[-101.998,34.313],[-101.4716,34.3123],[-101.4716,34.7475],[-101.9985,34.7482]]]}},{"type":"Feature","properties":{"name":"Parmer County","fips":"48369"},"geometry":{"type":"Polygon","coordinates":[[[-103.0433,34.6531],[-103.0438,34.3127],[-102.5256,34.313],[-102.5252,34.7469],[-103.043,34.7474],[-103.0433,34.6531]]]}},{"type":"Feature","properties":{"name":"Garza County","fips":"48169"},"geometry":{"type":"Polygon","coordinates":[[[-101.4424,32.9619],[-101.0387,32.9702],[-101.0388,33.3972],[-101.5569,33.3948],[-101.5574,32.961],[-101.4424,32.9619]]]}},{"type":"Feature","properties":{"name":"Coryell County","fips":"48099"},"geometry":{"type":"Polygon","coordinates":[[[-97.8796,31.0835],[-97.4186,31.3202],[-97.6898,31.711],[-98.18,31.4637],[-97.9071,31.0694],[-97.8796,31.0835]]]}},{"type":"Feature","properties":{"name":"Harrison County","fips":"48203"},"geometry":{"type":"Polygon","coordinates":[[[-94.7022,32.7445],[-94.702,32.4218],[-94.6844,32.4272],[-94.6718,32.4217],[-94.676,32.4183],[-94.6689,32.409],[-94.6602,32.4103],[-94.6459,32.3995],[-94.5997,32.3998],[-94.5894,32.3914],[-94.555,32.4076],[-94.5418,32.3993],[-94.526,32.4023],[-94.5274,32.3936],[-94.5154,32.3871],[-94.4999,32.3978],[-94.4789,32.39],[-94.4766,32.3785],[-94.4566,32.3693],[-94.4468,32.3721],[-94.4399,32.3618],[-94.422,32.3695],[-94.4195,32.3648],[-94.4091,32.3674],[-94.4101,32.3716],[-94.3853,32.3671],[-94.3824,32.3451],[-94.3721,32.3411],[-94.3675,32.3462],[-94.3506,32.3266],[-94.3487,32.3323],[-94.0429,32.3923],[-94.0431,32.693],[-94.0907,32.6892],[-94.0994,32.7056],[-94.1172,32.7072],[-94.113,32.7151],[-94.1022,32.7114],[-94.0923,32.7159],[-94.0885,32.7228],[-94.1024,32.7249],[-94.0915,32.7293],[-94.0927,32.7343],[-94.1445,32.741],[-94.1442,32.733],[-94.1616,32.7214],[-94.1764,32.6947],[-94.2226,32.7034],[-94.2357,32.7155],[-94.2253,32.727],[-94.2428,32.7507],[-94.2472,32.7433],[-94.2492,32.7502],[-94.2561,32.7518],[-94.2598,32.7453],[-94.2757,32.7505],[-94.2961,32.7236],[-94.3163,32.7304],[-94.3292,32.7157],[-94.3392,32.7165],[-94.3637,32.7006],[-94.3725,32.7042],[-94.3839,32.6933],[-94.5073,32.6937],[-94.7021,32.7931],[-94.7022,32.7445]]]}},{"type":"Feature","properties":{"name":"Reagan County","fips":"48383"},"geometry":{"type":"Polygon","coordinates":[[[-101.7762,31.0814],[-101.2748,31.0794],[-101.2671,31.6509],[-101.7758,31.6513],[-101.7762,31.0814]]]}},{"type":"Feature","properties":{"name":"Coleman County","fips":"48083"},"geometry":{"type":"Polygon","coordinates":[[[-99.7162,31.8997],[-99.7221,31.5628],[-99.7105,31.5615],[-99.711,31.5748],[-99.7057,31.5769],[-99.6919,31.5547],[-99.6717,31.5531],[-99.6786,31.5429],[-99.693,31.5382],[-99.692,31.5329],[-99.6545,31.5322],[-99.6549,31.5215],[-99.6705,31.5109],[-99.6774,31.4977],[-99.6526,31.4965],[-99.6254,31.4674],[-99.6125,31.4697],[-99.608,31.4781],[-99.6243,31.4927],[-99.62,31.5021],[-99.5911,31.4886],[-99.5733,31.4937],[-99.537,31.4836],[-99.5119,31.4244],[-99.4949,31.445],[-99.4709,31.4217],[-99.4688,31.4307],[-99.4349,31.4483],[-99.446,31.4502],[-99.4498,31.4577],[-99.4495,31.4699],[-99.4408,31.475],[-99.424,31.4639],[-99.3988,31.4601],[-99.4056,31.4494],[-99.4023,31.4462],[-99.3573,31.4309],[-99.3439,31.4433],[-99.3462,31.4219],[-99.3144,31.4098],[-99.3039,31.4213],[-99.3046,31.4307],[-99.2877,31.4293],[-99.2895,31.4434],[-99.2714,31.4469],[-99.2721,31.4552],[-99.2472,31.4797],[-99.2368,31.4828],[-99.2095,31.4653],[-99.2028,31.4672],[-99.2036,31.7486],[-99.1959,32.0792],[-99.714,32.0821],[-99.7162,31.8997]]]}},{"type":"Feature","properties":{"name":"Ochiltree County","fips":"48357"},"geometry":{"type":"Polygon","coordinates":[[[-101.0857,36.1251],[-101.0857,36.0576],[-100.5467,36.0565],[-100.5461,36.4993],[-101.0852,36.4992],[-101.0857,36.1251]]]}},{"type":"Feature","properties":{"name":"Crane County","fips":"48103"},"geometry":{"type":"Polygon","coordinates":[[[-102.7677,31.639],[-102.7674,31.2938],[-102.7556,31.2914],[-102.7537,31.2791],[-102.7392,31.2826],[-102.73,31.2877],[-102.7323,31.2983],[-102.7249,31.3084],[-102.7076,31.3113],[-102.6761,31.3301],[-102.6662,31.3251],[-102.6652,31.3139],[-102.6478,31.3155],[-102.6352,31.3053],[-102.6357,31.2939],[-102.6086,31.2861],[-102.6041,31.2709],[-102.5887,31.2603],[-102.5747,31.2728],[-102.5113,31.2597],[-102.4906,31.2351],[-102.4857,31.2383],[-102.4658,31.2267],[-102.4693,31.2197],[-102.4561,31.2237],[-102.4506,31.2133],[-102.4421,31.2127],[-102.4385,31.1977],[-102.4295,31.1936],[-102.4228,31.1489],[-102.43,31.1462],[-102.4253,31.137],[-102.4303,31.1293],[-102.4136,31.1089],[-102.4062,31.0879],[-102.3012,31.0862],[-102.3181,31.6513],[-102.7672,31.6517],[-102.7677,31.639]]]}},{"type":"Feature","properties":{"name":"Sutton County","fips":"48435"},"geometry":{"type":"Polygon","coordinates":[[[-100.4041,30.7087],[-100.9606,30.7061],[-100.9606,30.2878],[-100.1165,30.2903],[-100.1162,30.7104],[-100.4041,30.7087]]]}},{"type":"Feature","properties":{"name":"Cameron County","fips":"48061"},"geometry":{"type":"Polygon","coordinates":[[[-97.3406,25.9289],[-97.3363,25.929],[-97.3377,25.9202],[-97.3332,25.9262],[-97.3261,25.9176],[-97.318,25.9313],[-97.3053,25.9277],[-97.3029,25.9373],[-97.277,25.9351],[-97.2783,25.9475],[-97.2896,25.9544],[-97.2835,25.9595],[-97.2764,25.9521],[-97.2472,25.9482],[-97.2087,25.964],[-97.1889,25.9539],[-97.1761,25.9659],[-97.1588,25.9621],[-97.1581,25.9488],[-97.1463,25.9566],[-97.0897,25.9608],[-97.0979,26.0386],[-97.09,26.0753],[-97.1083,26.1045],[-97.1252,26.2483],[-97.1673,26.4127],[-97.3865,26.4104],[-97.4118,26.3734],[-97.4309,26.3633],[-97.4454,26.3258],[-97.4657,26.3324],[-97.4679,26.3429],[-97.475,26.3407],[-97.4697,26.3299],[-97.4855,26.3371],[-97.5077,26.3347],[-97.5008,26.3189],[-97.5123,26.313],[-97.5066,26.3208],[-97.5213,26.3258],[-97.5276,26.2993],[-97.8619,26.3482],[-97.8607,26.0528],[-97.8391,26.0532],[-97.8338,26.0457],[-97.8183,26.0566],[-97.8134,26.044],[-97.8112,26.0554],[-97.8011,26.0602],[-97.7988,26.0528],[-97.7888,26.0496],[-97.7978,26.0426],[-97.7921,26.034],[-97.7768,26.0293],[-97.7692,26.0362],[-97.7767,26.0445],[-97.7679,26.0475],[-97.7632,26.0267],[-97.7383,26.0291],[-97.7371,26.0215],[-97.7253,26.0249],[-97.7348,26.0321],[-97.7194,26.0309],[-97.7212,26.0233],[-97.7096,26.0261],[-97.7072,26.0378],[-97.6912,26.0189],[-97.6932,26.0325],[-97.6755,26.0259],[-97.6747,26.033],[-97.6675,26.0288],[-97.6626,26.0381],[-97.6679,26.0193],[-97.6515,26.0159],[-97.6466,26.0272],[-97.6404,26.0244],[-97.6373,26.0145],[-97.6494,26.0108],[-97.635,26.0],[-97.6268,26.006],[-97.6274,25.9966],[-97.6186,26.0027],[-97.62,25.9926],[-97.6311,25.9965],[-97.6346,25.9904],[-97.6216,25.9892],[-97.6174,25.9799],[-97.6078,25.9767],[-97.6106,25.9662],[-97.6019,25.9572],[-97.5821,25.9624],[-97.578,25.9421],[-97.5745,25.954],[-97.5679,25.9524],[-97.5663,25.9449],[-97.5821,25.9386],[-97.5829,25.933],[-97.5671,25.9338],[-97.568,25.9276],[-97.5615,25.9257],[-97.5522,25.9371],[-97.5437,25.9234],[-97.5372,25.9308],[-97.543,25.92],[-97.5301,25.92],[-97.5333,25.9082],[-97.521,25.8862],[-97.4981,25.8991],[-97.4968,25.8797],[-97.4878,25.8854],[-97.4855,25.8784],[-97.4688,25.8888],[-97.4748,25.8795],[-97.4702,25.8753],[-97.4556,25.8842],[-97.4566,25.8684],[-97.4488,25.8723],[-97.4446,25.8675],[-97.454,25.8541],[-97.4452,25.8564],[-97.4441,25.8485],[-97.436,25.8499],[-97.4254,25.8406],[-97.4127,25.841],[-97.4096,25.8623],[-97.4083,25.8455],[-97.3987,25.8503],[-97.4063,25.8379],[-97.3939,25.8371],[-97.3869,25.8439],[-97.3728,25.8401],[-97.3713,25.8493],[-97.3639,25.8504],[-97.376,25.856],[-97.3615,25.8694],[-97.3566,25.8675],[-97.3593,25.8798],[-97.3741,25.8801],[-97.3564,25.888],[-97.3664,25.8906],[-97.3659,25.9024],[-97.3752,25.9077],[-97.3543,25.92],[-97.3483,25.9312],[-97.3406,25.9289]]]}},{"type":"Feature","properties":{"name":"Montgomery County","fips":"48339"},"geometry":{"type":"Polygon","coordinates":[[[-95.8302,30.6303],[-95.8044,30.3387],[-95.8033,30.0901],[-95.789,30.0947],[-95.7611,30.0864],[-95.749,30.0958],[-95.734,30.0935],[-95.7145,30.1025],[-95.691,30.0988],[-95.6838,30.1074],[-95.669,30.1014],[-95.6369,30.1264],[-95.6239,30.1267],[-95.6232,30.1358],[-95.5906,30.1359],[-95.5525,30.1704],[-95.542,30.1705],[-95.4999,30.1426],[-95.4976,30.1227],[-95.4883,30.1079],[-95.4551,30.1043],[-95.4242,30.1155],[-95.4099,30.0927],[-95.3917,30.0827],[-95.3792,30.0875],[-95.371,30.0783],[-95.3497,30.0765],[-95.3139,30.0516],[-95.311,30.0329],[-95.2927,30.0278],[-95.2641,30.0321],[-95.0967,30.1672],[-95.1659,30.345],[-95.2264,30.3197],[-95.2206,30.3374],[-95.2112,30.3387],[-95.2038,30.3521],[-95.2164,30.3546],[-95.2366,30.3795],[-95.2646,30.3846],[-95.3084,30.4058],[-95.3308,30.4356],[-95.3619,30.5089],[-95.599,30.509],[-95.8302,30.6303]]]}},{"type":"Feature","properties":{"name":"Llano County","fips":"48299"},"geometry":{"type":"Polygon","coordinates":[[[-98.9646,30.9214],[-98.9642,30.4985],[-98.4115,30.5021],[-98.351,30.4861],[-98.352,30.5584],[-98.3703,30.5744],[-98.4054,30.5662],[-98.4137,30.5859],[-98.4002,30.5984],[-98.4176,30.6273],[-98.4181,30.6452],[-98.4289,30.6615],[-98.4418,30.6664],[-98.4376,30.6738],[-98.4033,30.6769],[-98.4143,30.7037],[-98.4042,30.7211],[-98.3927,30.7212],[-98.3714,30.7421],[-98.3778,30.7472],[-98.424,30.7505],[-98.4299,30.7561],[-98.4225,30.775],[-98.432,30.7904],[-98.4126,30.795],[-98.4033,30.8179],[-98.3876,30.8193],[-98.3766,30.8338],[-98.4014,30.844],[-98.4216,30.835],[-98.4215,30.8632],[-98.4564,30.8765],[-98.4486,30.8908],[-98.4458,30.9214],[-98.9646,30.9214]]]}},{"type":"Feature","properties":{"name":"Mason County","fips":"48319"},"geometry":{"type":"Polygon","coordinates":[[[-99.4848,30.9406],[-99.4845,30.4996],[-98.9642,30.4985],[-98.9646,30.9214],[-99.0924,30.922],[-99.0923,30.941],[-99.4848,30.9406]]]}},{"type":"Feature","properties":{"name":"Marion County","fips":"48315"},"geometry":{"type":"Polygon","coordinates":[[[-94.7097,32.8705],[-94.7063,32.8614],[-94.6983,32.8602],[-94.6977,32.8431],[-94.6724,32.8348],[-94.7021,32.8205],[-94.702,32.7929],[-94.5073,32.6937],[-94.3839,32.6933],[-94.3725,32.7042],[-94.3637,32.7006],[-94.3392,32.7165],[-94.3292,32.7157],[-94.3163,32.7304],[-94.2961,32.7236],[-94.2862,32.7301],[-94.2821,32.7486],[-94.2598,32.7453],[-94.2561,32.7518],[-94.2472,32.7433],[-94.2444,32.7509],[-94.2342,32.7429],[-94.2334,32.7323],[-94.2253,32.727],[-94.2357,32.7155],[-94.2213,32.7027],[-94.1733,32.6953],[-94.1616,32.7214],[-94.1496,32.7262],[-94.1422,32.7415],[-94.0927,32.7343],[-94.0915,32.7293],[-94.1024,32.7249],[-94.0878,32.722],[-94.0958,32.7122],[-94.111,32.7154],[-94.118,32.7093],[-94.1099,32.7031],[-94.0994,32.7056],[-94.0907,32.6892],[-94.0431,32.693],[-94.0431,32.8811],[-94.7059,32.8792],[-94.7097,32.8705]]]}},{"type":"Feature","properties":{"name":"Liberty County","fips":"48291"},"geometry":{"type":"Polygon","coordinates":[[[-94.6473,30.2531],[-94.7327,30.4901],[-94.8494,30.4936],[-94.8426,30.4875],[-95.1659,30.345],[-95.0312,29.9933],[-95.0219,29.9969],[-94.9998,29.9915],[-94.9822,29.965],[-94.9809,29.9559],[-94.9877,29.9528],[-94.9987,29.9199],[-94.9815,29.8843],[-94.4422,29.8895],[-94.4449,30.113],[-94.5963,30.1121],[-94.6473,30.2531]]]}},{"type":"Feature","properties":{"name":"Ward County","fips":"48475"},"geometry":{"type":"Polygon","coordinates":[[[-103.6109,31.6518],[-103.5728,31.6323],[-103.5622,31.6329],[-103.5516,31.6448],[-103.5314,31.6425],[-103.5262,31.6344],[-103.5302,31.6325],[-103.5094,31.6259],[-103.5143,31.6132],[-103.5042,31.5966],[-103.5115,31.5897],[-103.5102,31.5796],[-103.5152,31.5792],[-103.4953,31.5495],[-103.5028,31.528],[-103.4957,31.5217],[-103.504,31.5151],[-103.5038,31.5063],[-103.4809,31.4752],[-103.4889,31.469],[-103.4891,31.456],[-103.4542,31.4257],[-103.4431,31.4259],[-103.4426,31.4337],[-103.4182,31.4261],[-103.399,31.4339],[-103.381,31.4169],[-103.3583,31.4151],[-103.3492,31.4235],[-103.33,31.4119],[-103.3029,31.4212],[-103.278,31.4145],[-103.2747,31.4237],[-103.2617,31.4276],[-103.2552,31.4203],[-103.2578,31.4073],[-103.2449,31.3894],[-103.1945,31.3719],[-103.1586,31.3723],[-103.107,31.361],[-103.066,31.3658],[-103.0664,31.3776],[-103.0526,31.3856],[-103.0355,31.3782],[-103.0107,31.3775],[-102.996,31.3569],[-102.9789,31.353],[-102.9727,31.359],[-102.9662,31.3513],[-102.9336,31.3501],[-102.9276,31.3379],[-102.914,31.3391],[-102.899,31.3239],[-102.8756,31.3166],[-102.8773,31.3052],[-102.8374,31.285],[-102.8269,31.2669],[-102.8022,31.283],[-102.7674,31.2938],[-102.7672,31.6517],[-103.6109,31.6518]]]}},{"type":"Feature","properties":{"name":"Wilbarger County","fips":"48487"},"geometry":{"type":"Polygon","coordinates":[[[-99.4755,34.2504],[-99.4756,33.834],[-98.9532,33.834],[-98.9524,34.2125],[-98.9607,34.2129],[-98.9689,34.2012],[-98.9917,34.2214],[-99.013,34.2032],[-99.0361,34.2069],[-99.047,34.198],[-99.0794,34.2115],[-99.1266,34.2031],[-99.132,34.2074],[-99.1265,34.2154],[-99.1304,34.2195],[-99.1537,34.2073],[-99.1904,34.2147],[-99.1969,34.2444],[-99.1914,34.2578],[-99.1993,34.2608],[-99.1954,34.2808],[-99.2074,34.2835],[-99.2114,34.2922],[-99.2069,34.3383],[-99.2326,34.3389],[-99.228,34.3495],[-99.2365,34.3658],[-99.2464,34.3644],[-99.2429,34.3727],[-99.2586,34.3726],[-99.2744,34.3843],[-99.2589,34.3913],[-99.2613,34.4035],[-99.28,34.4007],[-99.2856,34.4124],[-99.2946,34.4154],[-99.3196,34.4089],[-99.3341,34.4275],[-99.3569,34.4421],[-99.3557,34.4531],[-99.3698,34.4586],[-99.3812,34.4569],[-99.3952,34.442],[-99.3972,34.4186],[-99.3872,34.4108],[-99.4003,34.3746],[-99.409,34.3728],[-99.4249,34.3858],[-99.4365,34.3705],[-99.453,34.3882],[-99.4607,34.3805],[-99.464,34.3936],[-99.4751,34.3959],[-99.4755,34.2504]]]}},{"type":"Feature","properties":{"name":"Wheeler County","fips":"48483"},"geometry":{"type":"Polygon","coordinates":[[[-100.5402,35.5546],[-100.539,35.1831],[-100.0004,35.1827],[-100.0004,35.6191],[-100.5402,35.6193],[-100.5402,35.5546]]]}},{"type":"Feature","properties":{"name":"San Patricio County","fips":"48409"},"geometry":{"type":"Polygon","coordinates":[[[-97.5069,27.8782],[-97.4918,27.8817],[-97.4808,27.8598],[-97.4686,27.8708],[-97.4603,27.862],[-97.4593,27.8783],[-97.4459,27.8654],[-97.3377,27.8832],[-97.3319,27.8733],[-97.3437,27.8714],[-97.3438,27.8644],[-97.3599,27.8522],[-97.3548,27.8503],[-97.2992,27.8771],[-97.2637,27.8807],[-97.2476,27.8739],[-97.2446,27.8595],[-97.2317,27.8486],[-97.2216,27.8543],[-97.2227,27.8319],[-97.2453,27.8361],[-97.2013,27.8211],[-97.1607,27.8432],[-97.187,27.8255],[-97.1426,27.8947],[-97.1351,27.8972],[-97.2594,28.0732],[-97.2613,28.087],[-97.2837,28.0909],[-97.2909,28.1151],[-97.3013,28.1038],[-97.3169,28.1101],[-97.3089,28.1194],[-97.3178,28.1375],[-97.3274,28.1336],[-97.3177,28.1319],[-97.3253,28.1195],[-97.3307,28.1199],[-97.3253,28.1266],[-97.3415,28.1322],[-97.3457,28.1184],[-97.379,28.1389],[-97.3848,28.124],[-97.4038,28.1301],[-97.4054,28.1235],[-97.3962,28.1186],[-97.4009,28.1195],[-97.4044,28.109],[-97.4056,28.1194],[-97.4267,28.1173],[-97.428,28.1281],[-97.4352,28.1294],[-97.4234,28.1351],[-97.4227,28.1429],[-97.4463,28.1327],[-97.4425,28.1542],[-97.4502,28.1478],[-97.4563,28.1606],[-97.473,28.156],[-97.4759,28.1794],[-97.4821,28.1688],[-97.5212,28.1513],[-97.5274,28.1606],[-97.5411,28.1647],[-97.5676,28.1297],[-97.8177,28.1768],[-97.9041,28.1142],[-97.8978,28.1133],[-97.8965,28.101],[-97.9088,28.0919],[-97.8954,28.0759],[-97.9011,28.0759],[-97.9012,28.0678],[-97.8836,28.0597],[-97.8844,28.0542],[-97.8748,28.05],[-97.8781,28.0463],[-97.8389,28.0346],[-97.806,28.0414],[-97.7961,28.0313],[-97.789,28.0138],[-97.7966,28.011],[-97.8026,27.9795],[-97.8176,27.9705],[-97.8065,27.9344],[-97.7967,27.9341],[-97.7955,27.9422],[-97.7786,27.9475],[-97.7759,27.9379],[-97.7643,27.9381],[-97.763,27.9235],[-97.749,27.9329],[-97.73,27.9233],[-97.736,27.9119],[-97.7252,27.9165],[-97.7159,27.9115],[-97.7164,27.9181],[-97.7082,27.9226],[-97.6908,27.9172],[-97.6898,27.9003],[-97.6822,27.9019],[-97.6713,27.8927],[-97.6753,27.8825],[-97.6382,27.8656],[-97.6271,27.8757],[-97.6321,27.8934],[-97.627,27.8954],[-97.6096,27.8904],[-97.609,27.8717],[-97.5919,27.857],[-97.5443,27.8589],[-97.5353,27.8477],[-97.501,27.8467],[-97.4885,27.8391],[-97.4903,27.8465],[-97.5151,27.8519],[-97.5198,27.8611],[-97.5173,27.8713],[-97.5069,27.8782]]]}},{"type":"Feature","properties":{"name":"Upton County","fips":"48461"},"geometry":{"type":"Polygon","coordinates":[[[-102.3181,31.6418],[-102.3012,31.0862],[-101.7762,31.0798],[-101.7758,31.6513],[-102.3181,31.6513],[-102.3181,31.6418]]]}},{"type":"Feature","properties":{"name":"Jack County","fips":"48237"},"geometry":{"type":"Polygon","coordinates":[[[-98.4214,33.4668],[-98.4266,33.0079],[-97.9216,33.0013],[-97.9182,33.4339],[-97.979,33.4337],[-97.9789,33.4671],[-98.4214,33.4668]]]}},{"type":"Feature","properties":{"name":"Hemphill County","fips":"48211"},"geometry":{"type":"Polygon","coordinates":[[[-100.5413,35.751],[-100.5402,35.6193],[-100.0004,35.6191],[-100.0004,36.0557],[-100.5402,36.0565],[-100.5413,35.751]]]}},{"type":"Feature","properties":{"name":"Brewster County","fips":"48043"},"geometry":{"type":"Polygon","coordinates":[[[-102.8238,29.4488],[-102.8195,29.4507],[-102.8256,29.4579],[-102.814,29.4714],[-102.8143,29.4824],[-102.8007,29.4862],[-102.8073,29.4943],[-102.8083,29.5229],[-102.792,29.533],[-102.7915,29.5428],[-102.7712,29.5484],[-102.7778,29.561],[-102.7739,29.5731],[-102.7662,29.5722],[-102.7623,29.5798],[-102.7683,29.5952],[-102.7603,29.5986],[-102.7463,29.5926],[-102.7405,29.5975],[-102.7419,29.6332],[-102.6936,29.6767],[-102.6986,29.6955],[-102.689,29.705],[-102.6911,29.7221],[-102.675,29.744],[-102.6687,29.7461],[-102.6595,29.7354],[-102.6304,29.7342],[-102.6124,29.7483],[-102.5738,29.7549],[-102.5692,29.7715],[-102.548,29.7446],[-102.5135,29.7654],[-102.5107,29.7739],[-102.5176,29.7836],[-102.498,29.7814],[-102.4873,29.7866],[-102.4807,29.7761],[-102.4655,29.7834],[-102.4577,29.7746],[-102.4337,29.7769],[-102.409,29.7645],[-102.3948,29.7692],[-102.3872,29.7614],[-102.39,29.7819],[-102.3772,29.7899],[-102.3629,29.8315],[-102.3646,29.8453],[-102.3409,29.8694],[-102.3235,29.8639],[-102.3208,29.8789],[-103.44,30.6659],[-103.8007,30.4125],[-103.7927,29.2625],[-103.7836,29.2653],[-103.7751,29.248],[-103.7817,29.2413],[-103.7768,29.2201],[-103.7697,29.2202],[-103.7591,29.2333],[-103.7574,29.2207],[-103.7422,29.2217],[-103.7425,29.209],[-103.7186,29.1808],[-103.7052,29.185],[-103.6982,29.1775],[-103.6596,29.1706],[-103.6506,29.1565],[-103.6122,29.1654],[-103.5922,29.1501],[-103.5537,29.158],[-103.5502,29.1436],[-103.5398,29.1462],[-103.5248,29.1371],[-103.5239,29.1212],[-103.5004,29.1162],[-103.4988,29.1085],[-103.4699,29.0853],[-103.4714,29.0667],[-103.4499,29.0727],[-103.4497,29.0651],[-103.4289,29.0495],[-103.4321,29.0434],[-103.4051,29.0396],[-103.4011,29.0311],[-103.3886,29.034],[-103.3865,29.0216],[-103.3596,29.0186],[-103.3443,29.046],[-103.3306,29.0432],[-103.3272,29.0327],[-103.342,29.0284],[-103.3388,29.0203],[-103.3264,29.0163],[-103.3143,29.0261],[-103.3077,29.0245],[-103.3162,29.0107],[-103.3087,29.0034],[-103.3017,29.0084],[-103.2869,29.0013],[-103.2816,28.9877],[-103.287,28.9782],[-103.2793,28.977],[-103.2666,28.9961],[-103.2504,28.9804],[-103.2376,28.9819],[-103.2279,28.9919],[-103.2198,28.9833],[-103.2024,28.9872],[-103.1539,28.9716],[-103.136,28.9834],[-103.1142,28.9866],[-103.1172,29.0005],[-103.0978,29.027],[-103.1065,29.0382],[-103.1006,29.0603],[-103.0924,29.0647],[-103.0859,29.0537],[-103.0874,29.0671],[-103.077,29.076],[-103.0802,29.0874],[-103.0758,29.0915],[-103.0642,29.0915],[-103.0542,29.1008],[-103.0454,29.0954],[-103.0339,29.101],[-103.037,29.1129],[-103.0121,29.1262],[-103.0157,29.134],[-102.9963,29.1602],[-102.9956,29.1793],[-102.9755,29.1863],[-102.9509,29.1736],[-102.9434,29.1914],[-102.9178,29.1909],[-102.9123,29.2194],[-102.8951,29.2085],[-102.8675,29.2239],[-102.8717,29.2418],[-102.9042,29.2555],[-102.9064,29.2621],[-102.8993,29.2695],[-102.9032,29.2786],[-102.8885,29.292],[-102.893,29.3089],[-102.8844,29.3207],[-102.8815,29.3518],[-102.8394,29.3589],[-102.845,29.3744],[-102.834,29.3791],[-102.8256,29.3969],[-102.8124,29.4005],[-102.8334,29.4097],[-102.8269,29.4177],[-102.831,29.4443],[-102.8238,29.4488]]]}},{"type":"Feature","properties":{"name":"Shackelford County","fips":"48417"},"geometry":{"type":"Polygon","coordinates":[[[-99.341,32.515],[-99.096,32.5148],[-99.096,32.957],[-99.612,32.957],[-99.612,32.5147],[-99.341,32.515]]]}},{"type":"Feature","properties":{"name":"San Jacinto County","fips":"48407"},"geometry":{"type":"Polygon","coordinates":[[[-95.005,30.5801],[-95.0261,30.5778],[-95.0359,30.5873],[-95.029,30.5911],[-95.0311,30.5981],[-95.0071,30.6071],[-95.0088,30.6276],[-95.0159,30.6271],[-95.0247,30.6485],[-95.0132,30.6485],[-95.0103,30.6567],[-95.0208,30.6544],[-95.0236,30.6602],[-95.0402,30.6633],[-95.0342,30.6742],[-95.0545,30.6714],[-95.055,30.6803],[-95.0793,30.6694],[-95.09,30.6718],[-95.0927,30.6626],[-95.1017,30.6587],[-95.115,30.661],[-95.1107,30.672],[-95.1195,30.6773],[-95.1099,30.6942],[-95.1349,30.6933],[-95.1471,30.7174],[-95.1422,30.729],[-95.146,30.7424],[-95.1316,30.7575],[-95.1395,30.7749],[-95.1319,30.7832],[-95.174,30.8076],[-95.181,30.8188],[-95.231,30.8411],[-95.2431,30.8669],[-95.2307,30.8867],[-95.2463,30.904],[-95.3129,30.8979],[-95.3139,30.8731],[-95.3275,30.8595],[-95.3592,30.5044],[-95.3308,30.4356],[-95.3084,30.4058],[-95.2646,30.3846],[-95.2366,30.3795],[-95.2164,30.3546],[-95.2038,30.3521],[-95.2112,30.3387],[-95.2206,30.3374],[-95.2264,30.3197],[-94.8426,30.4875],[-94.8655,30.495],[-94.8674,30.5108],[-94.8526,30.5244],[-94.8334,30.5305],[-94.8304,30.5416],[-94.8752,30.5461],[-94.9105,30.5615],[-94.9362,30.5577],[-94.9657,30.5766],[-95.005,30.5801]]]}},{"type":"Feature","properties":{"name":"Navarro County","fips":"48349"},"geometry":{"type":"Polygon","coordinates":[[[-96.1536,31.9648],[-96.0508,32.0164],[-96.0665,32.0378],[-96.0623,32.0625],[-96.0702,32.0748],[-96.0625,32.0778],[-96.0657,32.0855],[-96.099,32.0816],[-96.1068,32.0754],[-96.1177,32.0946],[-96.1115,32.1158],[-96.1147,32.1265],[-96.1041,32.1385],[-96.103,32.1506],[-96.1137,32.1609],[-96.1384,32.1514],[-96.1522,32.1584],[-96.1595,32.1549],[-96.1668,32.1583],[-96.1665,32.1661],[-96.1757,32.1681],[-96.1765,32.1814],[-96.1579,32.1913],[-96.1556,32.2004],[-96.1607,32.204],[-96.1468,32.2119],[-96.1559,32.215],[-96.1907,32.2026],[-96.1971,32.2074],[-96.1961,32.2198],[-96.2007,32.2143],[-96.2091,32.2187],[-96.2173,32.2335],[-96.2361,32.2422],[-96.2351,32.2509],[-96.2544,32.2506],[-96.2509,32.2473],[-96.2565,32.2451],[-96.2677,32.2592],[-96.2728,32.2525],[-96.2777,32.2606],[-96.2851,32.2546],[-96.2902,32.2689],[-96.2838,32.2789],[-96.2937,32.29],[-96.2889,32.2932],[-96.3004,32.2942],[-96.2987,32.3012],[-96.3034,32.2973],[-96.3049,32.3022],[-96.3101,32.2983],[-96.3234,32.3063],[-96.339,32.306],[-96.3829,32.3289],[-96.8962,32.074],[-96.7191,31.8149],[-96.4967,31.7962],[-96.1536,31.9648]]]}},{"type":"Feature","properties":{"name":"Brooks County","fips":"48047"},"geometry":{"type":"Polygon","coordinates":[[[-98.5366,27.2652],[-98.5311,27.2544],[-98.5124,27.2512],[-98.5062,27.2387],[-98.4929,27.235],[-98.4929,27.1421],[-98.4673,27.142],[-98.4665,27.0547],[-98.4179,27.0553],[-98.4226,26.7835],[-97.9855,26.7809],[-97.9861,27.2605],[-98.5366,27.2652]]]}},{"type":"Feature","properties":{"name":"Glasscock County","fips":"48173"},"geometry":{"type":"Polygon","coordinates":[[[-101.7761,32.0869],[-101.7758,31.6513],[-101.2671,31.6509],[-101.2642,32.0871],[-101.7761,32.0869]]]}},{"type":"Feature","properties":{"name":"Bee County","fips":"48025"},"geometry":{"type":"Polygon","coordinates":[[[-98.0898,28.663],[-97.8088,28.1834],[-97.8175,28.1767],[-97.5676,28.1297],[-97.3756,28.3887],[-97.3869,28.3903],[-97.3898,28.3971],[-97.3997,28.3923],[-97.3989,28.4049],[-97.4203,28.4041],[-97.4283,28.4129],[-97.4464,28.4029],[-97.4504,28.4092],[-97.4626,28.4097],[-97.4701,28.425],[-97.4852,28.4364],[-97.5179,28.432],[-97.5238,28.4403],[-97.5208,28.4464],[-97.5515,28.4505],[-97.5536,28.5022],[-97.563,28.5164],[-97.6231,28.5296],[-97.6463,28.5209],[-97.6697,28.5355],[-97.6966,28.5415],[-97.7321,28.6288],[-97.7506,28.6392],[-97.7546,28.6542],[-97.7665,28.6647],[-97.7879,28.6758],[-97.8253,28.6703],[-97.8297,28.678],[-97.8922,28.6992],[-97.9151,28.7196],[-98.0898,28.663]]]}},{"type":"Feature","properties":{"name":"Fisher County","fips":"48151"},"geometry":{"type":"Polygon","coordinates":[[[-100.1455,32.7545],[-100.1442,32.96],[-100.6559,32.9635],[-100.6606,32.5253],[-100.1465,32.5228],[-100.1455,32.7545]]]}},{"type":"Feature","properties":{"name":"Comanche County","fips":"48093"},"geometry":{"type":"Polygon","coordinates":[[[-98.4173,32.0695],[-98.5512,32.2614],[-98.9244,32.078],[-98.6684,31.7005],[-98.4928,31.7236],[-98.4637,31.684],[-98.1566,31.8417],[-98.2512,31.9801],[-98.3275,31.9413],[-98.4173,32.0695]]]}},{"type":"Feature","properties":{"name":"Moore County","fips":"48341"},"geometry":{"type":"Polygon","coordinates":[[[-101.6229,35.6976],[-101.6235,36.0554],[-102.163,36.0552],[-102.1628,35.62],[-101.6228,35.6202],[-101.6229,35.6976]]]}},{"type":"Feature","properties":{"name":"Titus County","fips":"48449"},"geometry":{"type":"Polygon","coordinates":[[[-95.1255,33.3895],[-95.1261,33.0346],[-95.1136,33.0305],[-95.0984,33.035],[-95.0784,33.0521],[-95.0577,33.0552],[-95.0403,33.0723],[-94.9391,33.0745],[-94.9239,33.0675],[-94.9179,33.0462],[-94.902,33.0418],[-94.8881,33.0231],[-94.8593,33.0136],[-94.8627,33.0061],[-94.8581,33.002],[-94.8198,32.9829],[-94.8122,33.3751],[-94.8339,33.3839],[-94.8354,33.3789],[-94.8392,33.3852],[-94.8463,33.3788],[-94.8492,33.3838],[-94.8576,33.3815],[-94.8576,33.3767],[-94.8762,33.3944],[-94.8893,33.3985],[-94.9083,33.3837],[-94.9525,33.3904],[-94.9552,33.3966],[-94.9615,33.3898],[-94.9793,33.3871],[-94.983,33.3922],[-95.0028,33.3902],[-94.9998,33.3942],[-95.0047,33.3954],[-95.0171,33.3909],[-95.0209,33.3808],[-95.0467,33.382],[-95.052,33.389],[-95.0591,33.3861],[-95.0586,33.3922],[-95.0764,33.3862],[-95.0933,33.3976],[-95.1196,33.3859],[-95.1255,33.3895]]]}},{"type":"Feature","properties":{"name":"Howard County","fips":"48227"},"geometry":{"type":"Polygon","coordinates":[[[-101.1814,32.2125],[-101.1746,32.5241],[-101.6887,32.5252],[-101.695,32.0875],[-101.184,32.0872],[-101.1814,32.2125]]]}},{"type":"Feature","properties":{"name":"Calhoun County","fips":"48057"},"geometry":{"type":"Polygon","coordinates":[[[-96.6434,28.7121],[-96.6598,28.7017],[-96.6657,28.7057],[-96.7228,28.6698],[-96.8538,28.6352],[-96.9304,28.5867],[-96.898,28.56],[-96.9018,28.5547],[-96.8951,28.5489],[-96.9059,28.5324],[-96.8986,28.5173],[-96.8805,28.5037],[-96.8792,28.4961],[-96.8648,28.4902],[-96.8613,28.476],[-96.8487,28.4764],[-96.8148,28.4308],[-96.7857,28.4474],[-96.7641,28.4266],[-96.7722,28.4219],[-96.7643,28.4126],[-96.7786,28.4043],[-96.795,28.3647],[-96.7902,28.3198],[-96.8304,28.1096],[-96.8539,28.0637],[-96.8159,28.0228],[-96.7307,28.0913],[-96.6188,28.1695],[-96.531,28.2212],[-96.3952,28.2797],[-96.3805,28.3809],[-96.3229,28.6419],[-96.3235,28.6756],[-96.4044,28.6744],[-96.3995,28.7302],[-96.4075,28.7303],[-96.4205,28.7136],[-96.4286,28.7137],[-96.4284,28.7035],[-96.5746,28.7055],[-96.5786,28.6968],[-96.5805,28.7194],[-96.5882,28.7264],[-96.6434,28.7121]]]}},{"type":"Feature","properties":{"name":"Yoakum County","fips":"48501"},"geometry":{"type":"Polygon","coordinates":[[[-103.0632,33.0664],[-103.0647,32.9591],[-102.595,32.9588],[-102.5948,33.3885],[-103.0565,33.3884],[-103.0632,33.0664]]]}},{"type":"Feature","properties":{"name":"Clay County","fips":"48077"},"geometry":{"type":"Polygon","coordinates":[[[-98.4236,34.0362],[-98.4214,33.4668],[-97.9789,33.4671],[-97.9779,33.8899],[-97.9845,33.9007],[-97.9788,33.9125],[-97.9687,33.906],[-97.9572,33.9145],[-97.9534,33.9364],[-97.9712,33.9371],[-97.9742,33.9428],[-97.9604,33.9519],[-97.946,33.9903],[-97.9583,33.9908],[-97.9742,34.0067],[-98.0277,33.9934],[-98.0882,34.0055],[-98.084,34.0144],[-98.1062,34.0349],[-98.1017,34.0391],[-98.089,34.0338],[-98.0825,34.0394],[-98.1202,34.0721],[-98.1194,34.0845],[-98.0993,34.1043],[-98.0898,34.1282],[-98.1023,34.1319],[-98.1014,34.1458],[-98.1127,34.1546],[-98.1308,34.1505],[-98.1544,34.1227],[-98.1708,34.1142],[-98.2165,34.1218],[-98.2325,34.1346],[-98.2565,34.1295],[-98.2939,34.133],[-98.3254,34.151],[-98.3668,34.1566],[-98.3844,34.1463],[-98.3869,34.1389],[-98.3801,34.1308],[-98.3984,34.1285],[-98.3998,34.1],[-98.4114,34.1003],[-98.4111,34.0886],[-98.4235,34.0828],[-98.4236,34.0362]]]}},{"type":"Feature","properties":{"name":"Fayette County","fips":"48149"},"geometry":{"type":"Polygon","coordinates":[[[-96.9636,29.6315],[-96.8742,29.6327],[-96.717,29.7927],[-96.5698,29.9615],[-96.622,30.0443],[-96.6239,30.0667],[-96.6343,30.0757],[-96.6337,30.1061],[-96.6531,30.13],[-96.6472,30.1452],[-96.6834,30.151],[-96.6871,30.1644],[-96.715,30.145],[-96.7354,30.1474],[-96.7669,30.1387],[-96.773,30.1495],[-96.7946,30.1605],[-96.8459,30.116],[-97.0192,30.032],[-97.0245,30.0514],[-97.3179,29.7847],[-97.1305,29.6433],[-97.1433,29.6281],[-96.9636,29.6315]]]}},{"type":"Feature","properties":{"name":"Parker County","fips":"48367"},"geometry":{"type":"Polygon","coordinates":[[[-98.0603,32.8107],[-98.0668,32.5588],[-97.5506,32.5554],[-97.5442,32.9947],[-98.0561,33.0033],[-98.0603,32.8107]]]}},{"type":"Feature","properties":{"name":"Somervell County","fips":"48425"},"geometry":{"type":"Polygon","coordinates":[[[-97.9456,32.2335],[-97.8649,32.0873],[-97.6309,32.2074],[-97.6151,32.2035],[-97.6157,32.3186],[-97.7828,32.3165],[-97.9456,32.2335]]]}},{"type":"Feature","properties":{"name":"Kenedy County","fips":"48261"},"geometry":{"type":"Polygon","coordinates":[[[-97.9859,27.1695],[-97.9853,26.6158],[-97.8617,26.598],[-97.2254,26.6002],[-97.2517,26.6619],[-97.2827,26.7634],[-97.316,26.9293],[-97.3232,27.0103],[-97.3198,27.11],[-97.3094,27.1961],[-97.2883,27.2776],[-97.4257,27.278],[-97.5089,27.2666],[-97.6505,27.2835],[-97.7291,27.2658],[-97.74,27.2783],[-97.7851,27.2837],[-97.7976,27.2714],[-97.8156,27.2716],[-97.8163,27.2541],[-97.8411,27.244],[-97.8554,27.2524],[-97.8563,27.2437],[-97.8848,27.2358],[-97.8967,27.2425],[-97.915,27.2375],[-97.9194,27.2432],[-97.9224,27.2371],[-97.9517,27.2335],[-97.959,27.213],[-97.9859,27.2093],[-97.9859,27.1695]]]}},{"type":"Feature","properties":{"name":"Karnes County","fips":"48255"},"geometry":{"type":"Polygon","coordinates":[[[-97.6538,28.757],[-97.5746,28.8133],[-97.7551,29.0071],[-97.6131,29.1098],[-97.7284,29.2217],[-98.191,28.8823],[-98.0053,28.6902],[-97.9151,28.7196],[-97.8922,28.6992],[-97.8297,28.678],[-97.8253,28.6703],[-97.7919,28.677],[-97.7785,28.668],[-97.6538,28.757]]]}},{"type":"Feature","properties":{"name":"Andrews County","fips":"48003"},"geometry":{"type":"Polygon","coordinates":[[[-103.0648,32.2405],[-103.0645,32.0871],[-102.2112,32.0868],[-102.211,32.5232],[-103.0647,32.5222],[-103.0648,32.2405]]]}},{"type":"Feature","properties":{"name":"Briscoe County","fips":"48045"},"geometry":{"type":"Polygon","coordinates":[[[-101.1933,34.3123],[-100.9461,34.3128],[-100.9449,34.7483],[-101.4716,34.7475],[-101.4716,34.3123],[-101.1933,34.3123]]]}},{"type":"Feature","properties":{"name":"Kinney County","fips":"48271"},"geometry":{"type":"Polygon","coordinates":[[[-100.797,29.2356],[-100.7957,29.2277],[-100.7838,29.226],[-100.7746,29.2106],[-100.7763,29.2009],[-100.7671,29.1953],[-100.766,29.1858],[-100.7759,29.1733],[-100.7726,29.1684],[-100.7397,29.1505],[-100.7378,29.1391],[-100.7275,29.1291],[-100.6839,29.1102],[-100.6675,29.0843],[-100.1114,29.0863],[-100.1121,29.6233],[-100.6999,29.6239],[-100.6991,29.4197],[-100.7069,29.3973],[-100.712,29.338],[-100.7465,29.3258],[-100.7484,29.3029],[-100.738,29.2823],[-100.7452,29.2551],[-100.7623,29.2513],[-100.7578,29.2383],[-100.7856,29.2463],[-100.797,29.2356]]]}},{"type":"Feature","properties":{"name":"Borden County","fips":"48033"},"geometry":{"type":"Polygon","coordinates":[[[-101.6913,32.9546],[-101.6887,32.5252],[-101.1746,32.5241],[-101.1734,32.9636],[-101.6913,32.9618],[-101.6913,32.9546]]]}},{"type":"Feature","properties":{"name":"San Saba County","fips":"48411"},"geometry":{"type":"Polygon","coordinates":[[[-99.0918,31.2546],[-99.0924,30.922],[-98.4458,30.9214],[-98.4178,30.9278],[-98.416,30.9449],[-98.4459,30.9507],[-98.4528,30.9644],[-98.4419,30.9843],[-98.4592,31.0104],[-98.4423,31.0205],[-98.4398,31.0299],[-98.4476,31.0414],[-98.4749,31.0528],[-98.484,31.063],[-98.4725,31.0763],[-98.4564,31.0787],[-98.4578,31.0887],[-98.4705,31.0944],[-98.4556,31.1109],[-98.47,31.1069],[-98.4808,31.1192],[-98.4882,31.1142],[-98.4989,31.1185],[-98.5183,31.0927],[-98.5271,31.0907],[-98.5477,31.1284],[-98.5278,31.1375],[-98.5276,31.1553],[-98.5113,31.1552],[-98.5042,31.1661],[-98.5197,31.165],[-98.543,31.1749],[-98.5355,31.186],[-98.5394,31.1925],[-98.5688,31.1984],[-98.563,31.2358],[-98.5788,31.2645],[-98.5928,31.2661],[-98.5957,31.2531],[-98.6283,31.2741],[-98.6221,31.2851],[-98.6138,31.2816],[-98.5982,31.287],[-98.5871,31.3253],[-98.5944,31.3264],[-98.6068,31.3121],[-98.6308,31.3102],[-98.6181,31.3224],[-98.6299,31.326],[-98.6476,31.3149],[-98.6485,31.3235],[-98.6396,31.3324],[-98.647,31.3407],[-98.6364,31.3529],[-98.6546,31.3585],[-98.6535,31.37],[-98.6828,31.3462],[-98.7027,31.3391],[-98.7126,31.355],[-98.7033,31.3601],[-98.7042,31.3804],[-98.6928,31.3879],[-98.6955,31.4056],[-98.7253,31.4083],[-98.7261,31.4283],[-98.7428,31.4281],[-98.7388,31.4114],[-98.7557,31.4004],[-98.7514,31.3876],[-98.7616,31.376],[-98.7717,31.3808],[-98.7779,31.3771],[-98.7766,31.4139],[-98.8133,31.4047],[-98.816,31.4171],[-98.8468,31.4106],[-98.8547,31.4138],[-98.8588,31.4343],[-98.871,31.4437],[-98.8855,31.4429],[-98.8956,31.4336],[-98.9252,31.434],[-98.9332,31.4369],[-98.941,31.4586],[-98.9538,31.4543],[-98.953,31.4473],[-98.966,31.4351],[-98.965,31.4533],[-98.9949,31.4664],[-98.9878,31.4825],[-99.0061,31.4803],[-99.0098,31.4717],[-99.019,31.4696],[-99.0415,31.4905],[-99.062,31.4711],[-99.063,31.4627],[-99.0726,31.4671],[-99.0864,31.4558],[-99.0906,31.4609],[-99.0918,31.2546]]]}},{"type":"Feature","properties":{"name":"Burleson County","fips":"48051"},"geometry":{"type":"Polygon","coordinates":[[[-96.544,30.628],[-96.6015,30.6401],[-96.5837,30.6605],[-96.5827,30.6872],[-96.569,30.6906],[-96.5674,30.6983],[-96.5962,30.7153],[-96.597,30.7274],[-96.6213,30.7308],[-96.9636,30.5564],[-96.9453,30.5433],[-96.9395,30.5466],[-96.9189,30.5392],[-96.9022,30.5142],[-96.9087,30.502],[-96.8959,30.4892],[-96.9058,30.4722],[-96.8998,30.4603],[-96.8749,30.4577],[-96.8771,30.4478],[-96.8707,30.4355],[-96.8463,30.4315],[-96.8399,30.4211],[-96.8346,30.4228],[-96.8098,30.4044],[-96.8084,30.3963],[-96.7876,30.3891],[-96.7897,30.3832],[-96.7699,30.3647],[-96.761,30.3409],[-96.7529,30.3382],[-96.7544,30.3292],[-96.7439,30.32],[-96.7308,30.3243],[-96.7217,30.3186],[-96.6947,30.3202],[-96.664,30.2956],[-96.6516,30.3006],[-96.6228,30.2983],[-96.6015,30.3085],[-96.5735,30.3107],[-96.5593,30.3238],[-96.5411,30.3178],[-96.515,30.3261],[-96.4962,30.3243],[-96.487,30.3379],[-96.4783,30.3332],[-96.4565,30.3386],[-96.4551,30.3445],[-96.4227,30.3434],[-96.4119,30.3582],[-96.4061,30.3511],[-96.378,30.3556],[-96.3753,30.3633],[-96.358,30.3731],[-96.3407,30.3678],[-96.313,30.3843],[-96.2946,30.3797],[-96.3069,30.3946],[-96.2976,30.4004],[-96.2989,30.4105],[-96.2769,30.407],[-96.272,30.417],[-96.2866,30.4179],[-96.2846,30.448],[-96.2929,30.4443],[-96.3105,30.4556],[-96.3209,30.4496],[-96.3225,30.4588],[-96.3407,30.4737],[-96.3299,30.4774],[-96.3418,30.4972],[-96.3537,30.5027],[-96.3559,30.5138],[-96.371,30.5133],[-96.3553,30.522],[-96.3591,30.5423],[-96.3763,30.5469],[-96.3769,30.5359],[-96.3854,30.5441],[-96.3829,30.5354],[-96.3875,30.5325],[-96.4131,30.5395],[-96.4223,30.5529],[-96.4198,30.5833],[-96.4261,30.5908],[-96.4315,30.5892],[-96.4272,30.5755],[-96.4355,30.5732],[-96.4515,30.5968],[-96.4702,30.6071],[-96.4879,30.6051],[-96.4892,30.6218],[-96.4999,30.6128],[-96.5077,30.6163],[-96.5105,30.6278],[-96.544,30.628]]]}},{"type":"Feature","properties":{"name":"Jim Hogg County","fips":"48247"},"geometry":{"type":"Polygon","coordinates":[[[-98.9547,27.2694],[-98.9542,26.7857],[-98.4226,26.7835],[-98.4179,27.0553],[-98.4665,27.0547],[-98.4673,27.142],[-98.4929,27.1421],[-98.4929,27.235],[-98.5062,27.2387],[-98.5124,27.2512],[-98.5311,27.2544],[-98.5366,27.2652],[-98.5233,27.2651],[-98.5223,27.3433],[-98.5524,27.3438],[-98.5526,27.3591],[-98.5895,27.3587],[-98.5895,27.3382],[-98.6249,27.3381],[-98.625,27.3577],[-98.7983,27.354],[-98.7981,27.268],[-98.9547,27.2694]]]}},{"type":"Feature","properties":{"name":"Fannin County","fips":"48147"},"geometry":{"type":"Polygon","coordinates":[[[-95.8577,33.4627],[-95.8551,33.8274],[-95.8465,33.8399],[-95.9242,33.8846],[-95.9323,33.8838],[-95.9441,33.86],[-95.9849,33.8525],[-95.9849,33.8658],[-96.0029,33.8736],[-95.9949,33.8618],[-95.9977,33.8522],[-96.0206,33.8406],[-96.0201,33.855],[-96.027,33.8575],[-96.035,33.8426],[-96.0488,33.8365],[-96.1001,33.848],[-96.0994,33.8305],[-96.1229,33.84],[-96.1481,33.8378],[-96.1508,33.817],[-96.1665,33.8179],[-96.1791,33.8102],[-96.1696,33.8009],[-96.1638,33.8131],[-96.1555,33.814],[-96.1691,33.7704],[-96.1866,33.755],[-96.229,33.748],[-96.2636,33.7675],[-96.2937,33.7694],[-96.3062,33.744],[-96.3112,33.708],[-96.3206,33.6954],[-96.3423,33.6868],[-96.3622,33.6918],[-96.3684,33.7149],[-96.3795,33.7258],[-96.3845,33.3411],[-95.8587,33.4095],[-95.8577,33.4627]]]}},{"type":"Feature","properties":{"name":"Kerr County","fips":"48265"},"geometry":{"type":"Polygon","coordinates":[[[-99.7576,30.0769],[-99.6899,30.0739],[-99.6912,29.9086],[-99.2789,29.9042],[-99.177,29.8951],[-98.9177,29.7814],[-98.9201,30.1383],[-99.301,30.1343],[-99.3017,30.2867],[-99.7541,30.2907],[-99.7576,30.0769]]]}},{"type":"Feature","properties":{"name":"Zapata County","fips":"48505"},"geometry":{"type":"Polygon","coordinates":[[[-99.4538,27.2651],[-99.4415,27.2499],[-99.4452,27.2233],[-99.4326,27.2097],[-99.4264,27.1767],[-99.43,27.1591],[-99.44,27.1511],[-99.4306,27.1266],[-99.4421,27.1069],[-99.4292,27.091],[-99.4523,27.0627],[-99.4443,27.0384],[-99.4457,27.0218],[-99.4322,27.0107],[-99.4155,27.0172],[-99.4037,26.9974],[-99.3784,26.98],[-99.3773,26.9738],[-99.393,26.9638],[-99.3883,26.9442],[-99.3734,26.9313],[-99.3247,26.916],[-99.3286,26.8786],[-99.3168,26.8658],[-99.2951,26.8654],[-99.2805,26.8581],[-99.2686,26.8432],[-99.2622,26.8157],[-99.2424,26.7883],[-99.24,26.7459],[-99.2089,26.7248],[-99.2099,26.6939],[-99.2005,26.6564],[-99.1781,26.6205],[-99.1694,26.5717],[-99.0111,26.675],[-98.9542,26.7857],[-98.9547,27.2694],[-99.3336,27.2732],[-99.3706,27.3192],[-99.4538,27.2651]]]}},{"type":"Feature","properties":{"name":"Montague County","fips":"48337"},"geometry":{"type":"Polygon","coordinates":[[[-97.5723,33.8993],[-97.5874,33.9025],[-97.5966,33.9147],[-97.5896,33.9536],[-97.6338,33.9813],[-97.6713,33.9916],[-97.6931,33.9837],[-97.7122,33.9516],[-97.7323,33.9365],[-97.7628,33.9344],[-97.7594,33.9188],[-97.7638,33.9142],[-97.7835,33.9183],[-97.7808,33.8944],[-97.7853,33.8907],[-97.7989,33.8985],[-97.8054,33.8772],[-97.8176,33.881],[-97.8207,33.8689],[-97.8343,33.8576],[-97.8753,33.8497],[-97.9342,33.8781],[-97.9584,33.8791],[-97.9779,33.8898],[-97.979,33.4337],[-97.4871,33.4337],[-97.4842,33.9155],[-97.5009,33.9195],[-97.5515,33.8979],[-97.5723,33.8993]]]}},{"type":"Feature","properties":{"name":"Ellis County","fips":"48139"},"geometry":{"type":"Polygon","coordinates":[[[-96.5004,32.4695],[-96.5104,32.4825],[-96.5018,32.4882],[-96.5087,32.4919],[-96.5067,32.4976],[-96.5005,32.4955],[-96.5133,32.5121],[-96.5019,32.5119],[-96.5076,32.5175],[-96.503,32.526],[-96.5094,32.5265],[-96.5122,32.5362],[-96.5197,32.5318],[-96.5297,32.5453],[-97.0871,32.5493],[-97.087,32.2668],[-96.9407,32.0521],[-96.3829,32.3289],[-96.3908,32.3339],[-96.4056,32.3277],[-96.4175,32.3355],[-96.4302,32.3322],[-96.4363,32.3454],[-96.4518,32.345],[-96.4546,32.3523],[-96.4484,32.3545],[-96.4538,32.3679],[-96.4477,32.3667],[-96.4437,32.3701],[-96.4486,32.376],[-96.4374,32.3786],[-96.4389,32.3891],[-96.4345,32.3892],[-96.4398,32.4001],[-96.4344,32.4111],[-96.4503,32.4246],[-96.4774,32.4344],[-96.4843,32.4515],[-96.4982,32.4534],[-96.4927,32.4657],[-96.5004,32.4695]]]}},{"type":"Feature","properties":{"name":"Hidalgo County","fips":"48215"},"geometry":{"type":"Polygon","coordinates":[[[-97.9965,26.4919],[-97.9923,26.4913],[-97.9844,26.5366],[-97.9639,26.5335],[-97.9701,26.5523],[-97.9574,26.6118],[-97.9853,26.6158],[-97.9855,26.7809],[-98.3207,26.7831],[-98.5863,26.2582],[-98.5792,26.2518],[-98.585,26.244],[-98.578,26.2337],[-98.5657,26.2413],[-98.5618,26.2241],[-98.5457,26.2372],[-98.5566,26.248],[-98.5438,26.2438],[-98.5349,26.2254],[-98.5222,26.2356],[-98.5241,26.2209],[-98.5137,26.2272],[-98.501,26.2226],[-98.507,26.2092],[-98.4854,26.2127],[-98.4813,26.2008],[-98.4813,26.2199],[-98.4602,26.2263],[-98.4545,26.2167],[-98.4437,26.2241],[-98.4387,26.212],[-98.444,26.2006],[-98.4026,26.1814],[-98.4019,26.1711],[-98.3869,26.1579],[-98.3656,26.1581],[-98.3672,26.1686],[-98.3597,26.1725],[-98.3518,26.1512],[-98.3462,26.166],[-98.3357,26.1659],[-98.338,26.1494],[-98.3267,26.1429],[-98.3356,26.1384],[-98.3057,26.1031],[-98.2977,26.1033],[-98.3036,26.11],[-98.2967,26.1203],[-98.2748,26.1158],[-98.266,26.1208],[-98.2704,26.1065],[-98.2882,26.1045],[-98.2493,26.0721],[-98.2208,26.0764],[-98.1943,26.0532],[-98.1873,26.0643],[-98.177,26.0607],[-98.1765,26.0752],[-98.1679,26.063],[-98.158,26.0634],[-98.1618,26.0539],[-98.1513,26.0582],[-98.1465,26.049],[-98.1321,26.0742],[-98.13,26.0631],[-98.1052,26.0677],[-98.0935,26.0586],[-98.0797,26.0709],[-98.07,26.0505],[-98.0801,26.0417],[-98.0768,26.0363],[-98.0611,26.0464],[-98.0388,26.0413],[-98.0276,26.067],[-98.0209,26.0586],[-98.0121,26.0661],[-98.012,26.0561],[-98.0033,26.0647],[-97.9919,26.0582],[-97.9804,26.0674],[-97.9788,26.0589],[-97.9667,26.0517],[-97.9517,26.0622],[-97.9333,26.053],[-97.9334,26.0656],[-97.927,26.0549],[-97.891,26.0604],[-97.8872,26.0667],[-97.8687,26.0569],[-97.8618,26.0701],[-97.8619,26.4336],[-97.9085,26.4332],[-98.0042,26.4488],[-97.9965,26.4919]]]}},{"type":"Feature","properties":{"name":"Schleicher County","fips":"48413"},"geometry":{"type":"Polygon","coordinates":[[[-100.6385,30.707],[-100.1162,30.7104],[-100.1152,31.088],[-100.9622,31.0825],[-100.9606,30.7061],[-100.6385,30.707]]]}},{"type":"Feature","properties":{"name":"Brown County","fips":"48049"},"geometry":{"type":"Polygon","coordinates":[[[-99.1987,31.9704],[-99.2028,31.4672],[-99.1956,31.4735],[-99.1888,31.4705],[-99.1841,31.4537],[-99.1595,31.4682],[-99.1352,31.4657],[-99.1246,31.4564],[-99.1162,31.4682],[-99.0963,31.4482],[-99.09,31.4612],[-99.0864,31.4558],[-99.0726,31.4671],[-99.063,31.4627],[-99.062,31.4711],[-99.0413,31.4906],[-99.019,31.4696],[-99.0106,31.4712],[-99.0061,31.4803],[-98.9409,31.5132],[-98.78,31.6107],[-98.7601,31.6879],[-98.6684,31.7005],[-98.9244,32.078],[-99.1959,32.0792],[-99.1987,31.9704]]]}},{"type":"Feature","properties":{"name":"Haskell County","fips":"48207"},"geometry":{"type":"Polygon","coordinates":[[[-99.9913,33.3634],[-99.9888,32.9601],[-99.4713,32.957],[-99.4724,33.399],[-99.991,33.3974],[-99.9913,33.3634]]]}},{"type":"Feature","properties":{"name":"Burnet County","fips":"48053"},"geometry":{"type":"Polygon","coordinates":[[[-98.164,31.0321],[-98.4397,31.0296],[-98.4423,31.0205],[-98.4592,31.0104],[-98.4419,30.9843],[-98.4528,30.9644],[-98.4459,30.9507],[-98.423,30.9479],[-98.4147,30.9402],[-98.4196,30.9254],[-98.4374,30.927],[-98.4458,30.9214],[-98.4486,30.8908],[-98.4574,30.8789],[-98.4508,30.8714],[-98.4215,30.8632],[-98.4216,30.835],[-98.4014,30.844],[-98.3769,30.8349],[-98.3857,30.8206],[-98.4033,30.8179],[-98.4126,30.795],[-98.4265,30.7952],[-98.4325,30.7878],[-98.4225,30.775],[-98.4302,30.761],[-98.4266,30.7515],[-98.3778,30.7472],[-98.3715,30.7414],[-98.3927,30.7212],[-98.4042,30.7211],[-98.4143,30.7037],[-98.4033,30.6769],[-98.4376,30.6738],[-98.4419,30.6675],[-98.4289,30.6615],[-98.4181,30.6452],[-98.4176,30.6273],[-98.4002,30.5984],[-98.4137,30.5859],[-98.4054,30.5662],[-98.3703,30.5744],[-98.352,30.5584],[-98.351,30.4861],[-98.1255,30.4262],[-98.0977,30.4676],[-98.0978,30.4981],[-98.1137,30.4856],[-98.1234,30.4865],[-97.9629,30.7856],[-97.8281,30.9044],[-97.9117,31.035],[-98.164,31.0321]]]}},{"type":"Feature","properties":{"name":"Gray County","fips":"48179"},"geometry":{"type":"Polygon","coordinates":[[[-100.8213,35.1832],[-100.539,35.1831],[-100.5402,35.6193],[-101.0859,35.6191],[-101.0863,35.1821],[-100.8213,35.1832]]]}},{"type":"Feature","properties":{"name":"Hudspeth County","fips":"48229"},"geometry":{"type":"Polygon","coordinates":[[[-105.998,32.0024],[-105.9933,31.4784],[-105.9593,31.4784],[-105.9585,31.4235],[-105.9543,31.4235],[-105.9972,31.3872],[-105.9705,31.3662],[-105.9535,31.3645],[-105.9456,31.3522],[-105.9478,31.3395],[-105.9329,31.3134],[-105.908,31.3126],[-105.8945,31.2909],[-105.8694,31.289],[-105.7944,31.2024],[-105.7831,31.198],[-105.7726,31.1664],[-105.7423,31.1648],[-105.7106,31.137],[-105.6487,31.1159],[-105.6418,31.0983],[-105.6271,31.0984],[-105.6044,31.0837],[-105.5957,31.0649],[-105.5851,31.0573],[-105.5812,31.0267],[-105.5692,31.0161],[-105.5579,30.9904],[-105.5326,30.9847],[-105.5158,30.9649],[-105.502,30.9678],[-105.4917,30.9424],[-105.4709,30.9338],[-105.4668,30.9242],[-105.4516,30.9248],[-105.4532,30.9161],[-105.4464,30.9193],[-105.4414,30.9086],[-105.4137,30.8995],[-105.4122,30.8886],[-105.4003,30.8895],[-105.4043,30.8796],[-105.3913,30.8738],[-105.4017,30.8546],[-105.3959,30.8493],[-105.3875,30.8537],[-105.3719,30.8476],[-105.3616,30.8505],[-105.3519,30.8356],[-105.3392,30.8404],[-105.3371,30.8334],[-105.328,30.8313],[-105.3293,30.8249],[-105.3189,30.8287],[-105.3165,30.8108],[-105.3095,30.817],[-105.3061,30.8098],[-105.3001,30.8248],[-105.2918,30.8262],[-105.2572,30.7944],[-105.215,30.8059],[-105.2096,30.7976],[-105.22,30.7889],[-105.2167,30.7834],[-105.1952,30.7923],[-105.1766,30.768],[-105.1671,30.7766],[-105.1562,30.7698],[-105.1614,30.7521],[-105.1438,30.7552],[-105.1183,30.7497],[-105.1204,30.7439],[-105.1109,30.7436],[-105.1055,30.7238],[-105.0876,30.7155],[-105.0809,30.6998],[-105.0682,30.7037],[-105.0626,30.6985],[-105.0618,30.6858],[-105.0458,30.6799],[-105.0472,30.6881],[-105.0408,30.6889],[-105.0273,30.6789],[-105.0066,30.6861],[-105.0015,30.6727],[-104.9861,30.6628],[-104.9798,30.6293],[-104.9172,30.6636],[-104.9164,30.836],[-104.9076,30.8359],[-104.9071,30.9003],[-104.9184,32.0004],[-105.998,32.0024]]]}},{"type":"Feature","properties":{"name":"Cass County","fips":"48067"},"geometry":{"type":"Polygon","coordinates":[[[-94.1214,32.8809],[-94.0431,32.8811],[-94.043,33.2712],[-94.0556,33.2855],[-94.0508,33.2874],[-94.0594,33.2941],[-94.0544,33.2933],[-94.0561,33.298],[-94.0714,33.3004],[-94.0667,33.2955],[-94.0733,33.292],[-94.0808,33.2993],[-94.0833,33.2929],[-94.0891,33.2971],[-94.0826,33.3046],[-94.0908,33.3053],[-94.0929,33.2984],[-94.0989,33.3062],[-94.1004,33.2979],[-94.1101,33.3094],[-94.1087,33.3023],[-94.1161,33.3046],[-94.1137,33.2943],[-94.1168,33.3005],[-94.1246,33.2982],[-94.1195,33.2929],[-94.1305,33.2926],[-94.1644,33.3121],[-94.1736,33.3013],[-94.1864,33.3056],[-94.1916,33.2977],[-94.2182,33.297],[-94.2158,33.2848],[-94.2205,33.2876],[-94.2233,33.2776],[-94.2404,33.274],[-94.2329,33.2703],[-94.2394,33.2585],[-94.2332,33.2577],[-94.2373,33.2546],[-94.2295,33.2476],[-94.2349,33.2448],[-94.2294,33.243],[-94.2525,33.2433],[-94.2593,33.237],[-94.2644,33.2453],[-94.2783,33.2445],[-94.2782,33.2495],[-94.2909,33.2489],[-94.2977,33.2556],[-94.312,33.2488],[-94.3256,33.2567],[-94.3442,33.2526],[-94.3609,33.2649],[-94.3797,33.2557],[-94.4006,33.2656],[-94.3973,33.2704],[-94.4113,33.2708],[-94.4157,33.284],[-94.4334,33.2826],[-94.4343,33.2875],[-94.4365,33.2813],[-94.4442,33.2812],[-94.4684,33.2943],[-94.4823,33.2842],[-94.4852,33.2879],[-94.4867,33.2803],[-94.4967,33.285],[-94.5183,33.282],[-94.5183,33.2744],[-94.5333,33.2663],[-94.5545,33.2692],[-94.5585,33.2612],[-94.569,33.2643],[-94.5698,33.2535],[-94.5784,33.2477],[-94.593,33.2551],[-94.5905,33.2594],[-94.6047,33.257],[-94.608,33.2475],[-94.6348,33.2514],[-94.6497,33.2592],[-94.6523,33.2689],[-94.654,32.8795],[-94.1214,32.8809]]]}},{"type":"Feature","properties":{"name":"Kleberg County","fips":"48273"},"geometry":{"type":"Polygon","coordinates":[[[-98.0598,27.6359],[-98.0581,27.261],[-97.9861,27.2605],[-97.9857,27.2093],[-97.959,27.213],[-97.9517,27.2335],[-97.9224,27.2371],[-97.9194,27.2432],[-97.915,27.2375],[-97.8967,27.2425],[-97.8848,27.2358],[-97.8563,27.2437],[-97.8554,27.2524],[-97.8411,27.244],[-97.8163,27.2541],[-97.8156,27.2716],[-97.7976,27.2714],[-97.7939,27.2804],[-97.7838,27.2839],[-97.74,27.2783],[-97.7291,27.2658],[-97.6505,27.2835],[-97.5089,27.2666],[-97.4257,27.278],[-97.2883,27.2776],[-97.2503,27.3923],[-97.1651,27.5683],[-97.2421,27.5829],[-97.3252,27.5609],[-97.8407,27.5584],[-97.8399,27.565],[-97.8738,27.5878],[-97.8767,27.6085],[-97.8885,27.6202],[-97.9211,27.6229],[-97.9324,27.6359],[-98.0598,27.6359]]]}},{"type":"Feature","properties":{"name":"Gaines County","fips":"48165"},"geometry":{"type":"Polygon","coordinates":[[[-102.205,32.7024],[-102.2085,32.959],[-103.0647,32.9591],[-103.0647,32.5222],[-102.2027,32.5233],[-102.205,32.7024]]]}},{"type":"Feature","properties":{"name":"Martin County","fips":"48317"},"geometry":{"type":"Polygon","coordinates":[[[-101.8609,32.0869],[-101.695,32.0875],[-101.6887,32.5252],[-102.211,32.5232],[-102.2112,32.0868],[-101.8609,32.0869]]]}},{"type":"Feature","properties":{"name":"Bowie County","fips":"48037"},"geometry":{"type":"Polygon","coordinates":[[[-94.2333,33.5523],[-94.252,33.5595],[-94.2369,33.58],[-94.2425,33.5897],[-94.26,33.5804],[-94.2773,33.5573],[-94.2908,33.559],[-94.2903,33.5677],[-94.2807,33.5751],[-94.2874,33.5826],[-94.2998,33.5747],[-94.3095,33.5516],[-94.3315,33.5531],[-94.3355,33.5647],[-94.3437,33.568],[-94.3525,33.5622],[-94.3473,33.5516],[-94.3535,33.5437],[-94.3868,33.5451],[-94.4015,33.5605],[-94.3789,33.5702],[-94.3826,33.5833],[-94.4096,33.5683],[-94.4307,33.5916],[-94.4511,33.5912],[-94.4575,33.6004],[-94.4712,33.6019],[-94.4529,33.6174],[-94.4627,33.6308],[-94.4485,33.6344],[-94.4487,33.6427],[-94.4917,33.6365],[-94.4884,33.6274],[-94.5045,33.6207],[-94.5175,33.6331],[-94.5198,33.6181],[-94.5277,33.6159],[-94.5354,33.6242],[-94.5185,33.6376],[-94.5218,33.6407],[-94.5534,33.6276],[-94.57,33.6285],[-94.5684,33.6372],[-94.543,33.6493],[-94.5481,33.6603],[-94.58,33.6445],[-94.5905,33.6451],[-94.5603,33.6666],[-94.5808,33.6664],[-94.5796,33.6776],[-94.5875,33.6861],[-94.593,33.684],[-94.59,33.6759],[-94.596,33.6639],[-94.6058,33.6642],[-94.622,33.6825],[-94.6387,33.664],[-94.6618,33.6605],[-94.6708,33.6693],[-94.6618,33.6751],[-94.6453,33.6736],[-94.6504,33.6844],[-94.6388,33.6955],[-94.6418,33.7004],[-94.6479,33.7005],[-94.6514,33.6858],[-94.6669,33.6946],[-94.6848,33.6844],[-94.7162,33.6879],[-94.7144,33.6972],[-94.7035,33.6975],[-94.7016,33.7029],[-94.7343,33.7156],[-94.7159,33.6949],[-94.7195,33.6889],[-94.7351,33.6913],[-94.7461,33.703],[-94.7469,33.3289],[-94.7364,33.3238],[-94.7377,33.3169],[-94.7317,33.3171],[-94.7259,33.3071],[-94.7105,33.3086],[-94.7028,33.3158],[-94.6958,33.3072],[-94.6918,33.3124],[-94.6869,33.293],[-94.6765,33.2948],[-94.6751,33.2862],[-94.6524,33.2757],[-94.6497,33.2592],[-94.6186,33.2468],[-94.5905,33.2594],[-94.593,33.2551],[-94.5784,33.2477],[-94.5698,33.2535],[-94.569,33.2643],[-94.5585,33.2612],[-94.5545,33.2692],[-94.5333,33.2663],[-94.5183,33.2744],[-94.5183,33.282],[-94.4967,33.285],[-94.4867,33.2803],[-94.4852,33.2879],[-94.4823,33.2842],[-94.4684,33.2943],[-94.4442,33.2812],[-94.4365,33.2813],[-94.4343,33.2875],[-94.4334,33.2826],[-94.4157,33.284],[-94.4113,33.2708],[-94.3973,33.2704],[-94.4006,33.2656],[-94.3797,33.2557],[-94.3609,33.2649],[-94.3442,33.2526],[-94.3256,33.2567],[-94.312,33.2488],[-94.2977,33.2556],[-94.2909,33.2489],[-94.2782,33.2495],[-94.2783,33.2445],[-94.2644,33.2453],[-94.2593,33.237],[-94.2525,33.2433],[-94.2317,33.2409],[-94.235,33.246],[-94.2295,33.2478],[-94.2377,33.257],[-94.2332,33.2577],[-94.2394,33.2585],[-94.2327,33.2699],[-94.2402,33.2744],[-94.2233,33.2776],[-94.2205,33.2876],[-94.2158,33.2848],[-94.2185,33.2969],[-94.1916,33.2977],[-94.1864,33.3056],[-94.1736,33.3013],[-94.1644,33.3121],[-94.1305,33.2926],[-94.1195,33.2929],[-94.1246,33.2982],[-94.1168,33.3005],[-94.1137,33.2943],[-94.1161,33.3046],[-94.1087,33.3023],[-94.1101,33.3094],[-94.1004,33.2979],[-94.0989,33.3062],[-94.0929,33.2984],[-94.0908,33.3053],[-94.0826,33.3046],[-94.0891,33.2971],[-94.0833,33.2929],[-94.0808,33.2993],[-94.0733,33.292],[-94.0667,33.2955],[-94.0714,33.3004],[-94.0567,33.2983],[-94.0544,33.2933],[-94.0594,33.2941],[-94.0508,33.2874],[-94.0556,33.2855],[-94.043,33.2712],[-94.0433,33.5516],[-94.0618,33.5495],[-94.0734,33.5549],[-94.0719,33.5598],[-94.0556,33.5616],[-94.0569,33.5679],[-94.0676,33.5699],[-94.0738,33.5847],[-94.0725,33.5723],[-94.0919,33.5751],[-94.1207,33.567],[-94.1225,33.5535],[-94.1287,33.5509],[-94.1351,33.571],[-94.1449,33.5652],[-94.1514,33.5685],[-94.142,33.5811],[-94.157,33.5758],[-94.1618,33.5887],[-94.1838,33.5947],[-94.1967,33.5812],[-94.2173,33.5802],[-94.2117,33.5738],[-94.1951,33.5743],[-94.1919,33.557],[-94.1994,33.556],[-94.2073,33.567],[-94.2333,33.5523]]]}},{"type":"Feature","properties":{"name":"Gregg County","fips":"48183"},"geometry":{"type":"Polygon","coordinates":[[[-94.7019,32.5846],[-94.7026,32.6564],[-94.7275,32.6552],[-94.7461,32.6675],[-94.747,32.6603],[-94.7585,32.6598],[-94.8202,32.5906],[-94.9748,32.5359],[-94.9869,32.5372],[-94.9864,32.3708],[-94.6397,32.3708],[-94.605,32.3599],[-94.5914,32.3656],[-94.5792,32.3949],[-94.5887,32.3914],[-94.5997,32.3998],[-94.6424,32.3983],[-94.6602,32.4103],[-94.669,32.409],[-94.6766,32.4244],[-94.6927,32.4275],[-94.702,32.4218],[-94.7019,32.5846]]]}},{"type":"Feature","properties":{"name":"Comal County","fips":"48091"},"geometry":{"type":"Polygon","coordinates":[[[-98.6462,29.7441],[-98.6181,29.744],[-98.6141,29.7376],[-98.6007,29.7411],[-98.6011,29.75],[-98.5825,29.7412],[-98.5505,29.7607],[-98.5468,29.7533],[-98.534,29.7524],[-98.5265,29.7404],[-98.5231,29.7453],[-98.477,29.7334],[-98.4663,29.7385],[-98.4594,29.7318],[-98.4458,29.7358],[-98.4383,29.7156],[-98.427,29.7174],[-98.4297,29.724],[-98.417,29.7314],[-98.4207,29.7435],[-98.4075,29.7487],[-98.3983,29.7376],[-98.3741,29.731],[-98.3751,29.7199],[-98.3526,29.7344],[-98.3386,29.7218],[-98.3413,29.7096],[-98.3802,29.7039],[-98.3763,29.6871],[-98.3843,29.6764],[-98.3785,29.6627],[-98.3638,29.6667],[-98.3429,29.6537],[-98.3477,29.6448],[-98.3405,29.6296],[-98.3453,29.6183],[-98.3255,29.6034],[-98.3125,29.602],[-98.3109,29.5945],[-98.0899,29.6835],[-97.9993,29.7524],[-98.0305,29.8485],[-98.2976,30.038],[-98.6462,29.7441]]]}},{"type":"Feature","properties":{"name":"Aransas County","fips":"48007"},"geometry":{"type":"Polygon","coordinates":[[[-97.2604,28.0754],[-97.133,27.9],[-97.0957,27.9578],[-97.0572,27.8654],[-97.0653,27.8519],[-96.9843,27.8038],[-96.9595,27.8753],[-96.8753,27.9699],[-96.8159,28.0228],[-96.854,28.0631],[-96.8304,28.1096],[-96.7905,28.3192],[-97.1233,28.2727],[-97.1175,28.2594],[-97.1255,28.2534],[-97.098,28.2322],[-97.1022,28.2265],[-97.075,28.2194],[-97.0547,28.2038],[-97.0432,28.209],[-97.0374,28.2013],[-97.0175,28.2029],[-97.0236,28.1877],[-97.1449,28.1026],[-97.2212,28.0744],[-97.2378,28.0615],[-97.2604,28.0754]]]}},{"type":"Feature","properties":{"name":"Terry County","fips":"48445"},"geometry":{"type":"Polygon","coordinates":[[[-102.5948,33.3885],[-102.595,32.9588],[-102.0762,32.9597],[-102.0759,33.3896],[-102.5948,33.3885]]]}},{"type":"Feature","properties":{"name":"Foard County","fips":"48155"},"geometry":{"type":"Polygon","coordinates":[[[-100.0485,33.8421],[-100.0485,33.836],[-99.8351,33.8358],[-99.8326,33.8174],[-99.8104,33.8275],[-99.7949,33.8166],[-99.7897,33.8196],[-99.7957,33.8241],[-99.7709,33.8173],[-99.7582,33.8239],[-99.7516,33.8095],[-99.7584,33.8035],[-99.7473,33.8029],[-99.7396,33.8117],[-99.7255,33.7974],[-99.7223,33.8144],[-99.7084,33.8104],[-99.7119,33.7979],[-99.6995,33.8004],[-99.6971,33.826],[-99.6853,33.8273],[-99.6639,33.8081],[-99.6525,33.8183],[-99.6361,33.8172],[-99.6345,33.8027],[-99.5979,33.7969],[-99.599,33.7874],[-99.5821,33.7844],[-99.5776,33.8027],[-99.5742,33.7934],[-99.5635,33.7898],[-99.5559,33.7986],[-99.5438,33.7952],[-99.5458,33.7806],[-99.5249,33.7838],[-99.5198,33.7682],[-99.506,33.772],[-99.5006,33.7636],[-99.4938,33.7682],[-99.4843,33.7504],[-99.4762,33.7529],[-99.4745,33.7338],[-99.4753,34.0856],[-99.4898,34.0657],[-99.5064,34.0773],[-99.5321,34.0749],[-99.5494,34.0558],[-99.5531,34.0612],[-99.572,34.0626],[-99.5848,34.0795],[-99.6174,34.0831],[-99.6243,34.0966],[-99.6287,34.0921],[-99.653,34.099],[-99.6747,34.0884],[-99.6794,34.0939],[-99.7027,34.0932],[-99.7054,34.0987],[-99.7342,34.0935],[-99.7446,34.1013],[-99.7705,34.0928],[-100.0059,34.2255],[-100.009,34.2415],[-100.0373,34.2388],[-100.0428,34.228],[-100.047,34.2298],[-100.0485,33.8421]]]}},{"type":"Feature","properties":{"name":"Real County","fips":"48385"},"geometry":{"type":"Polygon","coordinates":[[[-100.0636,29.7111],[-100.0463,29.7065],[-100.0447,29.6938],[-100.0174,29.6776],[-100.0304,29.664],[-100.0084,29.6371],[-100.0142,29.6235],[-99.6031,29.6272],[-99.6028,29.9077],[-99.6912,29.9086],[-99.6899,30.0739],[-99.918,30.0736],[-99.9175,30.0786],[-99.9676,30.0824],[-99.973,30.0246],[-99.9897,30.0257],[-100.0023,29.8968],[-100.0235,29.883],[-100.0222,29.8541],[-100.0348,29.8441],[-100.0134,29.7959],[-100.0287,29.7894],[-100.0364,29.7771],[-100.0219,29.7455],[-100.0295,29.7371],[-100.0248,29.7281],[-100.0301,29.7211],[-100.0636,29.7111]]]}},{"type":"Feature","properties":{"name":"Collingsworth County","fips":"48087"},"geometry":{"type":"Polygon","coordinates":[[[-100.5396,35.0099],[-100.5407,34.7477],[-100.0004,34.7464],[-100.0004,35.1827],[-100.539,35.1831],[-100.5396,35.0099]]]}},{"type":"Feature","properties":{"name":"Colorado County","fips":"48089"},"geometry":{"type":"Polygon","coordinates":[[[-96.3474,29.4116],[-96.3077,29.5145],[-96.1754,29.6338],[-96.1993,29.6565],[-96.2247,29.6649],[-96.2404,29.6578],[-96.2598,29.6693],[-96.2778,29.7001],[-96.2705,29.7058],[-96.2701,29.7166],[-96.2915,29.7281],[-96.2905,29.7342],[-96.2988,29.738],[-96.2972,29.7497],[-96.3118,29.7564],[-96.3196,29.7757],[-96.3147,29.786],[-96.3374,29.8013],[-96.3309,29.8144],[-96.3432,29.8297],[-96.3597,29.8189],[-96.421,29.8293],[-96.4408,29.8536],[-96.4605,29.8547],[-96.4743,29.8674],[-96.4851,29.8673],[-96.5357,29.9073],[-96.5698,29.9615],[-96.717,29.7927],[-96.8742,29.6327],[-96.865,29.6327],[-96.843,29.6164],[-96.8443,29.6089],[-96.8333,29.5958],[-96.8392,29.5846],[-96.8328,29.5769],[-96.7931,29.5774],[-96.5606,29.3354],[-96.6585,29.2639],[-96.6403,29.2478],[-96.3474,29.4116]]]}},{"type":"Feature","properties":{"name":"Wise County","fips":"48497"},"geometry":{"type":"Polygon","coordinates":[[[-97.5822,33.434],[-97.9182,33.4339],[-97.9216,33.0013],[-97.3985,32.9908],[-97.383,33.4329],[-97.5822,33.434]]]}},{"type":"Feature","properties":{"name":"Williamson County","fips":"48491"},"geometry":{"type":"Polygon","coordinates":[[[-97.9979,30.7203],[-98.0499,30.6242],[-98.0365,30.6117],[-98.0127,30.6168],[-98.0063,30.6275],[-97.9924,30.6095],[-97.9779,30.6221],[-97.9567,30.6282],[-97.9348,30.6103],[-97.9171,30.6049],[-97.9219,30.591],[-97.9151,30.5806],[-97.927,30.5677],[-97.9218,30.5642],[-97.9025,30.5713],[-97.8679,30.5465],[-97.8714,30.5227],[-97.8558,30.5074],[-97.8622,30.4973],[-97.8466,30.4734],[-97.8119,30.447],[-97.7794,30.4384],[-97.7763,30.4298],[-97.7536,30.4333],[-97.7467,30.4494],[-97.6888,30.4614],[-97.6829,30.4801],[-97.6639,30.4816],[-97.6514,30.4749],[-97.6068,30.4903],[-97.5962,30.5015],[-97.5683,30.4997],[-97.5635,30.4918],[-97.553,30.4903],[-97.5461,30.4754],[-97.5441,30.4796],[-97.524,30.4722],[-97.5109,30.4853],[-97.4598,30.4583],[-97.4341,30.4597],[-97.4153,30.4383],[-97.393,30.4388],[-97.3768,30.4192],[-97.3345,30.4028],[-97.1552,30.4573],[-97.2699,30.7354],[-97.6241,30.87],[-97.8281,30.9044],[-97.9629,30.7856],[-97.9979,30.7203]]]}},{"type":"Feature","properties":{"name":"McCulloch County","fips":"48307"},"geometry":{"type":"Polygon","coordinates":[[[-99.0918,31.1336],[-99.0906,31.4609],[-99.0979,31.4482],[-99.109,31.4558],[-99.1101,31.4664],[-99.1194,31.4677],[-99.1249,31.4564],[-99.1352,31.4657],[-99.1595,31.4682],[-99.1841,31.4537],[-99.194,31.4734],[-99.2095,31.4653],[-99.24,31.4828],[-99.2712,31.4563],[-99.2714,31.4469],[-99.2895,31.4434],[-99.2884,31.4288],[-99.3035,31.4318],[-99.3043,31.4206],[-99.3144,31.4098],[-99.3462,31.4219],[-99.3439,31.4433],[-99.3573,31.4309],[-99.4023,31.4462],[-99.4056,31.4494],[-99.3988,31.4601],[-99.424,31.4639],[-99.4416,31.4751],[-99.4495,31.4699],[-99.4498,31.4577],[-99.4369,31.446],[-99.4688,31.4307],[-99.4713,31.4216],[-99.4957,31.445],[-99.5124,31.4245],[-99.5367,31.4834],[-99.5726,31.4937],[-99.6019,31.492],[-99.6036,30.9407],[-99.0923,30.941],[-99.0918,31.1336]]]}},{"type":"Feature","properties":{"name":"Crockett County","fips":"48105"},"geometry":{"type":"Polygon","coordinates":[[[-102.3907,31.0858],[-102.3712,31.0853],[-102.3477,31.074],[-102.3494,31.0701],[-102.3299,31.0683],[-102.3186,31.061],[-102.3172,31.0524],[-102.3038,31.0519],[-102.2994,31.0418],[-102.2848,31.0338],[-102.2469,31.0423],[-102.202,31.031],[-102.1917,31.0038],[-102.1809,31.0167],[-102.1741,31.007],[-102.1519,31.0073],[-102.1394,30.9949],[-102.1263,31.0012],[-102.1099,30.9903],[-102.0972,30.9956],[-102.0791,30.9869],[-102.0492,31.0036],[-102.0279,30.9982],[-102.0117,30.9793],[-101.9931,30.9893],[-101.9841,30.9873],[-101.9611,30.9707],[-101.9523,30.9559],[-101.9362,30.9578],[-101.938,30.951],[-101.9215,30.9468],[-101.9186,30.9346],[-101.8776,30.9201],[-101.8743,30.9118],[-101.8911,30.8902],[-101.8603,30.8739],[-101.8499,30.8569],[-101.8473,30.8287],[-101.8315,30.8017],[-101.8399,30.7853],[-101.835,30.7803],[-101.839,30.7639],[-101.8158,30.752],[-101.808,30.7253],[-101.81,30.7023],[-101.7798,30.686],[-101.7689,30.6532],[-101.7607,30.6583],[-101.7516,30.6495],[-101.7116,30.6547],[-101.6892,30.6389],[-101.6698,30.6379],[-101.6524,30.6202],[-101.6599,30.6132],[-101.6562,30.6041],[-101.6635,30.5889],[-101.6485,30.567],[-101.6465,30.5511],[-101.6797,30.5225],[-101.6751,30.502],[-101.6918,30.4914],[-101.6889,30.4676],[-101.7021,30.4574],[-101.7219,30.471],[-101.7318,30.4676],[-101.7318,30.46],[-101.7189,30.4548],[-101.7201,30.4428],[-101.7406,30.4217],[-101.7287,30.4083],[-101.7003,30.4013],[-101.6945,30.3933],[-101.6976,30.3808],[-101.6585,30.3579],[-101.6589,30.3426],[-101.6728,30.3395],[-101.6944,30.3468],[-101.7154,30.3398],[-101.7371,30.3269],[-101.7445,30.3013],[-101.7584,30.288],[-100.9606,30.2878],[-100.9622,31.0825],[-101.8624,31.0798],[-102.3907,31.0858]]]}},{"type":"Feature","properties":{"name":"Hill County","fips":"48217"},"geometry":{"type":"Polygon","coordinates":[[[-97.1873,31.7902],[-97.0373,31.8631],[-96.9322,31.7089],[-96.7191,31.8149],[-96.8962,32.074],[-96.9407,32.0521],[-97.087,32.2668],[-97.476,32.1817],[-97.4718,32.1755],[-97.4761,32.1735],[-97.4613,32.1719],[-97.4566,32.1638],[-97.4692,32.1483],[-97.4968,32.1361],[-97.4699,32.0916],[-97.4921,32.0597],[-97.486,32.0176],[-97.4749,32.0101],[-97.4477,32.0125],[-97.4264,32.0286],[-97.4218,32.0048],[-97.4056,31.9876],[-97.3813,31.9856],[-97.3773,31.9795],[-97.4395,31.9298],[-97.4227,31.9232],[-97.4094,31.9083],[-97.3983,31.9098],[-97.3594,31.8896],[-97.3818,31.8843],[-97.3828,31.8708],[-97.3524,31.8599],[-97.3291,31.8419],[-97.3037,31.8484],[-97.2783,31.8395],[-97.281,31.8243],[-97.3265,31.7897],[-97.3103,31.7616],[-97.2773,31.7455],[-97.1873,31.7902]]]}},{"type":"Feature","properties":{"name":"Waller County","fips":"48473"},"geometry":{"type":"Polygon","coordinates":[[[-96.1922,30.1367],[-96.1787,30.1198],[-96.1912,30.1176],[-96.1887,30.1105],[-96.175,30.1124],[-96.1699,30.0988],[-96.154,30.108],[-96.1584,30.0917],[-96.1423,30.0842],[-96.1338,30.071],[-96.137,30.067],[-96.1512,30.0764],[-96.1464,30.0645],[-96.1147,30.0488],[-96.1071,30.0361],[-96.1132,30.027],[-96.0966,30.0276],[-96.0845,30.0051],[-96.0916,29.9982],[-96.1011,30.0041],[-96.1045,29.9964],[-96.0957,29.9781],[-96.1029,29.9672],[-96.0928,29.9615],[-96.126,29.965],[-96.1195,29.955],[-96.1064,29.9555],[-96.1008,29.9435],[-96.1084,29.9406],[-96.1229,29.949],[-96.1311,29.9387],[-96.1132,29.9144],[-96.1238,29.9071],[-96.1259,29.8977],[-96.1043,29.8826],[-96.0925,29.8818],[-96.1122,29.8726],[-96.1102,29.8587],[-96.1009,29.8525],[-96.1221,29.8394],[-96.1079,29.8223],[-96.0982,29.8267],[-96.1025,29.8097],[-96.0646,29.8069],[-96.0422,29.7953],[-96.043,29.7791],[-96.0293,29.7526],[-96.04,29.7389],[-96.0327,29.7279],[-95.9709,29.7286],[-95.9713,29.7405],[-95.9509,29.7408],[-95.8262,29.7883],[-95.9607,30.1634],[-95.9409,30.1443],[-95.9244,30.1424],[-95.8992,30.121],[-95.8735,30.122],[-95.8619,30.1056],[-95.8465,30.1005],[-95.8388,30.0831],[-95.8098,30.0852],[-95.8033,30.0901],[-95.8043,30.2456],[-96.0889,30.2287],[-96.0974,30.2145],[-96.1159,30.2279],[-96.1292,30.211],[-96.1465,30.2184],[-96.159,30.2066],[-96.16,30.1821],[-96.1546,30.1771],[-96.162,30.1649],[-96.1501,30.1554],[-96.1525,30.1431],[-96.1807,30.1557],[-96.1826,30.1494],[-96.1718,30.1398],[-96.1878,30.1417],[-96.1922,30.1367]]]}},{"type":"Feature","properties":{"name":"Morris County","fips":"48343"},"geometry":{"type":"Polygon","coordinates":[[[-94.8163,33.0941],[-94.8185,32.9778],[-94.7865,32.9594],[-94.769,32.9259],[-94.7267,32.9131],[-94.7217,32.9009],[-94.7067,32.8948],[-94.7059,32.8792],[-94.654,32.8795],[-94.6524,33.2757],[-94.6751,33.2862],[-94.6765,33.2948],[-94.6869,33.293],[-94.6918,33.3124],[-94.6958,33.3072],[-94.7028,33.3158],[-94.7105,33.3086],[-94.7259,33.3071],[-94.7456,33.3299],[-94.7543,33.318],[-94.764,33.3229],[-94.7814,33.3187],[-94.776,33.321],[-94.784,33.3238],[-94.7769,33.3328],[-94.7894,33.3379],[-94.7819,33.3443],[-94.7858,33.3496],[-94.7899,33.3449],[-94.7974,33.3484],[-94.7911,33.356],[-94.7967,33.3546],[-94.7956,33.3613],[-94.8075,33.366],[-94.8163,33.0941]]]}},{"type":"Feature","properties":{"name":"Travis County","fips":"48453"},"geometry":{"type":"Polygon","coordinates":[[[-98.1234,30.4865],[-98.1137,30.4856],[-98.0978,30.4981],[-98.0977,30.4676],[-98.173,30.3563],[-97.7088,30.0235],[-97.6537,30.0716],[-97.6494,30.0679],[-97.4925,30.21],[-97.3695,30.4196],[-97.3834,30.4241],[-97.393,30.4388],[-97.4153,30.4383],[-97.4341,30.4597],[-97.4598,30.4583],[-97.5109,30.4853],[-97.524,30.4722],[-97.5441,30.4796],[-97.5461,30.4754],[-97.553,30.4903],[-97.5635,30.4918],[-97.5683,30.4997],[-97.5962,30.5015],[-97.6068,30.4903],[-97.6514,30.4749],[-97.6639,30.4816],[-97.6829,30.4801],[-97.6888,30.4614],[-97.7467,30.4494],[-97.7536,30.4333],[-97.7763,30.4298],[-97.7794,30.4384],[-97.8119,30.447],[-97.8466,30.4734],[-97.8622,30.4973],[-97.8558,30.5074],[-97.8714,30.5227],[-97.8679,30.5465],[-97.9025,30.5713],[-97.9218,30.5642],[-97.927,30.5677],[-97.9151,30.5806],[-97.9219,30.591],[-97.9171,30.6049],[-97.9348,30.6103],[-97.9567,30.6282],[-97.9779,30.6221],[-97.9924,30.6095],[-98.0063,30.6275],[-98.0127,30.6168],[-98.0365,30.6117],[-98.0499,30.6242],[-98.1234,30.4865]]]}},{"type":"Feature","properties":{"name":"Pecos County","fips":"48371"},"geometry":{"type":"Polygon","coordinates":[[[-102.2087,30.598],[-102.1384,30.5975],[-102.1378,30.656],[-101.7684,30.6529],[-101.7798,30.686],[-101.8101,30.7024],[-101.808,30.7253],[-101.8158,30.752],[-101.8388,30.7633],[-101.835,30.7803],[-101.8399,30.7853],[-101.8315,30.8017],[-101.8473,30.8287],[-101.8499,30.8569],[-101.8603,30.8739],[-101.8911,30.8902],[-101.8743,30.9118],[-101.879,30.9217],[-101.9186,30.9346],[-101.9215,30.9468],[-101.9374,30.9503],[-101.9362,30.9578],[-101.9523,30.9559],[-101.9611,30.9707],[-101.9841,30.9873],[-101.9931,30.9893],[-102.0117,30.9793],[-102.0279,30.9982],[-102.0492,31.0036],[-102.0791,30.9869],[-102.0972,30.9956],[-102.1099,30.9903],[-102.1263,31.0012],[-102.1394,30.9949],[-102.1519,31.0073],[-102.1741,31.007],[-102.1809,31.0167],[-102.19,31.0034],[-102.202,31.031],[-102.2469,31.0423],[-102.2848,31.0338],[-102.2994,31.0418],[-102.3038,31.0519],[-102.3172,31.0524],[-102.3186,31.061],[-102.3299,31.0683],[-102.3494,31.0701],[-102.3477,31.074],[-102.3712,31.0853],[-102.4062,31.0879],[-102.4136,31.1089],[-102.4303,31.1293],[-102.4253,31.137],[-102.43,31.1462],[-102.4228,31.1489],[-102.4305,31.1747],[-102.4251,31.1783],[-102.4421,31.2127],[-102.4506,31.2133],[-102.4561,31.2237],[-102.4693,31.2197],[-102.4658,31.2267],[-102.4857,31.2383],[-102.4906,31.2351],[-102.5024,31.2532],[-102.5208,31.2628],[-102.5332,31.2607],[-102.567,31.2727],[-102.5755,31.2678],[-102.5789,31.2717],[-102.5805,31.2631],[-102.5878,31.2602],[-102.5941,31.2674],[-102.5965,31.264],[-102.6086,31.2861],[-102.6357,31.2939],[-102.6352,31.3053],[-102.6478,31.3155],[-102.6652,31.3139],[-102.6662,31.3251],[-102.6757,31.33],[-102.7076,31.3113],[-102.7249,31.3084],[-102.7323,31.2983],[-102.73,31.2877],[-102.7392,31.2826],[-102.7537,31.2791],[-102.7556,31.2914],[-102.7744,31.2953],[-102.8267,31.2669],[-102.8374,31.285],[-102.872,31.3003],[-102.8779,31.307],[-102.8756,31.3166],[-102.899,31.3239],[-102.9137,31.339],[-102.9273,31.3378],[-102.9334,31.35],[-102.9662,31.3513],[-102.9727,31.359],[-102.9789,31.353],[-102.996,31.3569],[-103.011,31.3713],[-103.5851,30.7665],[-102.567,30.0528],[-102.5669,30.2833],[-102.3431,30.2841],[-102.343,30.5988],[-102.2087,30.598]]]}},{"type":"Feature","properties":{"name":"Hunt County","fips":"48231"},"geometry":{"type":"Polygon","coordinates":[[[-95.8618,33.2193],[-95.8587,33.4095],[-96.2954,33.3519],[-96.2973,32.8417],[-95.9344,32.8372],[-95.9441,32.8452],[-95.9564,32.8449],[-95.9874,32.8761],[-95.9728,32.8982],[-95.9453,32.9799],[-95.8625,32.9796],[-95.8618,33.2193]]]}},{"type":"Feature","properties":{"name":"Mitchell County","fips":"48335"},"geometry":{"type":"Polygon","coordinates":[[[-100.7834,32.5254],[-101.1746,32.5277],[-101.184,32.0872],[-100.6654,32.0854],[-100.6606,32.5253],[-100.7834,32.5254]]]}},{"type":"Feature","properties":{"name":"Wood County","fips":"48499"},"geometry":{"type":"Polygon","coordinates":[[[-95.1525,32.7596],[-95.1522,33.0134],[-95.1521,33.0027],[-95.1623,32.9942],[-95.1622,32.9809],[-95.1741,32.969],[-95.1729,32.9618],[-95.6654,32.9604],[-95.6346,32.7169],[-95.6256,32.7083],[-95.6048,32.7047],[-95.604,32.6963],[-95.5933,32.6934],[-95.5923,32.6825],[-95.5844,32.6819],[-95.5817,32.6736],[-95.5672,32.6735],[-95.5649,32.6648],[-95.5422,32.655],[-95.5421,32.6469],[-95.5243,32.6437],[-95.5117,32.6328],[-95.5148,32.6229],[-95.4758,32.6113],[-95.4748,32.6061],[-95.4428,32.6077],[-95.4467,32.6137],[-95.432,32.6059],[-95.4284,32.6103],[-95.3994,32.6064],[-95.3752,32.5974],[-95.3747,32.603],[-95.3459,32.6093],[-95.3442,32.6038],[-95.3312,32.6057],[-95.319,32.5956],[-95.2977,32.5916],[-95.2781,32.5716],[-95.2503,32.5777],[-95.2382,32.5606],[-95.219,32.5631],[-95.205,32.5724],[-95.2068,32.559],[-95.1898,32.5421],[-95.1812,32.5418],[-95.1754,32.5555],[-95.1653,32.5444],[-95.1534,32.5701],[-95.1525,32.7596]]]}},{"type":"Feature","properties":{"name":"Carson County","fips":"48065"},"geometry":{"type":"Polygon","coordinates":[[[-101.6235,35.3875],[-101.6229,35.1831],[-101.0863,35.1821],[-101.0861,35.6253],[-101.6228,35.6241],[-101.6235,35.3875]]]}},{"type":"Feature","properties":{"name":"Stephens County","fips":"48429"},"geometry":{"type":"Polygon","coordinates":[[[-99.096,32.9325],[-99.096,32.5148],[-98.5763,32.5152],[-98.5756,32.9543],[-99.096,32.957],[-99.096,32.9325]]]}},{"type":"Feature","properties":{"name":"Motley County","fips":"48345"},"geometry":{"type":"Polygon","coordinates":[[[-101.0416,34.0021],[-101.0412,33.8336],[-100.5187,33.8357],[-100.5173,34.3141],[-101.0415,34.3124],[-101.0416,34.0021]]]}},{"type":"Feature","properties":{"name":"Wichita County","fips":"48485"},"geometry":{"type":"Polygon","coordinates":[[[-98.7074,33.8348],[-98.423,33.8361],[-98.4235,34.0828],[-98.4401,34.0843],[-98.449,34.0735],[-98.4651,34.0737],[-98.4715,34.0657],[-98.487,34.0629],[-98.561,34.1239],[-98.5509,34.1326],[-98.5602,34.1332],[-98.5998,34.1606],[-98.6167,34.1564],[-98.6481,34.1644],[-98.6901,34.1332],[-98.7343,34.1358],[-98.7493,34.1242],[-98.7884,34.1467],[-98.7962,34.1428],[-98.813,34.1584],[-98.8556,34.1616],[-98.8601,34.1499],[-98.8667,34.1492],[-98.8749,34.1557],[-98.8729,34.1666],[-98.9183,34.1818],[-98.9524,34.2125],[-98.9532,33.834],[-98.7074,33.8348]]]}},{"type":"Feature","properties":{"name":"Washington County","fips":"48477"},"geometry":{"type":"Polygon","coordinates":[[[-96.4362,30.0765],[-96.2889,30.0968],[-96.2712,30.0941],[-96.2595,30.0757],[-96.2289,30.0757],[-96.21,30.0623],[-96.2068,30.067],[-96.1902,30.0649],[-96.1658,30.0532],[-96.1461,30.0702],[-96.1512,30.0764],[-96.1347,30.0675],[-96.1423,30.0842],[-96.1584,30.0917],[-96.154,30.108],[-96.1699,30.0988],[-96.175,30.1124],[-96.1887,30.1105],[-96.1912,30.1176],[-96.1787,30.1198],[-96.1922,30.1367],[-96.1878,30.1417],[-96.1718,30.1398],[-96.1826,30.1494],[-96.1807,30.1557],[-96.1525,30.1431],[-96.1501,30.1554],[-96.162,30.1649],[-96.1546,30.1771],[-96.16,30.1821],[-96.159,30.2066],[-96.1474,30.218],[-96.1292,30.211],[-96.1159,30.2279],[-96.0989,30.2145],[-96.0931,30.2204],[-96.0956,30.2288],[-96.1054,30.2329],[-96.1031,30.2387],[-96.0969,30.243],[-96.0833,30.2383],[-96.0808,30.2443],[-96.086,30.2525],[-96.0991,30.2552],[-96.084,30.2851],[-96.1003,30.2918],[-96.0944,30.3094],[-96.1195,30.3048],[-96.1528,30.328],[-96.1605,30.3401],[-96.1499,30.3688],[-96.159,30.3786],[-96.1762,30.3755],[-96.1732,30.3877],[-96.1787,30.3947],[-96.1955,30.3997],[-96.1995,30.3829],[-96.2098,30.374],[-96.2209,30.3764],[-96.2518,30.3654],[-96.2629,30.37],[-96.2697,30.3585],[-96.3128,30.3843],[-96.3407,30.3678],[-96.358,30.3731],[-96.3753,30.3633],[-96.378,30.3556],[-96.4061,30.3511],[-96.4119,30.3582],[-96.4227,30.3434],[-96.4551,30.3445],[-96.4565,30.3386],[-96.4783,30.3332],[-96.487,30.3379],[-96.496,30.3244],[-96.5074,30.3218],[-96.515,30.3261],[-96.5417,30.3178],[-96.5593,30.3238],[-96.5735,30.3107],[-96.6397,30.2974],[-96.6579,30.2878],[-96.6842,30.2579],[-96.6855,30.249],[-96.7066,30.2446],[-96.7148,30.251],[-96.732,30.2437],[-96.7425,30.227],[-96.7416,30.1973],[-96.7946,30.1605],[-96.773,30.1495],[-96.7669,30.1387],[-96.7354,30.1474],[-96.715,30.145],[-96.6871,30.1644],[-96.6834,30.151],[-96.6472,30.1452],[-96.6531,30.13],[-96.6337,30.1061],[-96.6343,30.0757],[-96.6239,30.0667],[-96.622,30.0443],[-96.5941,30.071],[-96.5859,30.0647],[-96.5188,30.0652],[-96.4362,30.0765]]]}},{"type":"Feature","properties":{"name":"Nolan County","fips":"48353"},"geometry":{"type":"Polygon","coordinates":[[[-100.5237,32.5245],[-100.6606,32.5253],[-100.6654,32.0854],[-100.1519,32.0826],[-100.1465,32.5228],[-100.5237,32.5245]]]}},{"type":"Feature","properties":{"name":"Brazos County","fips":"48041"},"geometry":{"type":"Polygon","coordinates":[[[-96.4561,30.7472],[-96.5721,30.6888],[-96.5811,30.6893],[-96.5837,30.6605],[-96.6015,30.6401],[-96.5703,30.6367],[-96.5666,30.6294],[-96.5105,30.6278],[-96.5077,30.6163],[-96.4999,30.6128],[-96.4892,30.6218],[-96.4879,30.6051],[-96.4702,30.6071],[-96.4515,30.5968],[-96.4368,30.5738],[-96.4272,30.5756],[-96.4304,30.5909],[-96.4206,30.585],[-96.4237,30.5602],[-96.4135,30.5397],[-96.3875,30.5325],[-96.3829,30.5354],[-96.3854,30.5441],[-96.3766,30.5359],[-96.3763,30.5469],[-96.3594,30.5426],[-96.3553,30.522],[-96.3713,30.5141],[-96.3559,30.5138],[-96.3537,30.5027],[-96.3418,30.4972],[-96.3299,30.4774],[-96.3396,30.4721],[-96.3225,30.4588],[-96.3209,30.4496],[-96.3105,30.4556],[-96.2929,30.4443],[-96.2844,30.4476],[-96.2826,30.4266],[-96.288,30.4213],[-96.2811,30.4148],[-96.2725,30.4178],[-96.2723,30.4102],[-96.2975,30.4118],[-96.2976,30.4004],[-96.3069,30.3946],[-96.2949,30.3856],[-96.2998,30.378],[-96.2858,30.3647],[-96.2697,30.3585],[-96.2629,30.37],[-96.2518,30.3654],[-96.2209,30.3764],[-96.2098,30.374],[-96.1995,30.3829],[-96.1945,30.3999],[-96.1745,30.3909],[-96.1755,30.375],[-96.1591,30.3786],[-96.1508,30.3707],[-96.1555,30.3627],[-96.1526,30.3503],[-96.1605,30.3401],[-96.1546,30.3303],[-96.1403,30.3397],[-96.1497,30.3499],[-96.1416,30.3554],[-96.1473,30.3828],[-96.1294,30.3883],[-96.1215,30.384],[-96.1183,30.3993],[-96.1123,30.3944],[-96.1079,30.407],[-96.1122,30.4157],[-96.1056,30.4221],[-96.0879,30.4173],[-96.08,30.4304],[-96.0868,30.4299],[-96.0928,30.4401],[-96.1052,30.437],[-96.1053,30.4444],[-96.1202,30.4418],[-96.1265,30.4495],[-96.1231,30.4551],[-96.13,30.4526],[-96.1295,30.4662],[-96.1362,30.4663],[-96.1411,30.4753],[-96.1325,30.4919],[-96.1526,30.5209],[-96.1484,30.5287],[-96.1612,30.5339],[-96.1598,30.5673],[-96.1846,30.5879],[-96.1825,30.5951],[-96.1883,30.5993],[-96.1656,30.6431],[-96.1695,30.6503],[-96.1644,30.6623],[-96.1693,30.6637],[-96.1698,30.6882],[-96.1779,30.7095],[-96.1602,30.7352],[-96.1706,30.7502],[-96.1626,30.7695],[-96.1836,30.7951],[-96.1709,30.8066],[-96.1757,30.8096],[-96.1683,30.8232],[-96.1746,30.8272],[-96.1741,30.8529],[-96.1957,30.871],[-96.193,30.8812],[-96.2002,30.8855],[-96.2034,30.9012],[-96.2127,30.9053],[-96.203,30.9329],[-96.1982,30.932],[-96.2075,30.9471],[-96.2317,30.9548],[-96.241,30.9737],[-96.3476,30.9129],[-96.3874,30.864],[-96.4229,30.7935],[-96.4561,30.7472]]]}},{"type":"Feature","properties":{"name":"Lynn County","fips":"48305"},"geometry":{"type":"Polygon","coordinates":[[[-101.5572,33.2412],[-101.5569,33.3948],[-102.0759,33.3896],[-102.0762,32.9597],[-101.5574,32.961],[-101.5572,33.2412]]]}},{"type":"Feature","properties":{"name":"Kaufman County","fips":"48257"},"geometry":{"type":"Polygon","coordinates":[[[-96.0759,32.4797],[-96.0768,32.8385],[-96.2973,32.8417],[-96.2974,32.8142],[-96.519,32.8136],[-96.5231,32.5452],[-96.5297,32.5453],[-96.5292,32.5404],[-96.5238,32.5412],[-96.5195,32.5316],[-96.5117,32.536],[-96.5094,32.5265],[-96.503,32.526],[-96.5076,32.5175],[-96.5019,32.5119],[-96.5133,32.5121],[-96.5005,32.4955],[-96.5067,32.4976],[-96.5087,32.4919],[-96.5018,32.4882],[-96.5102,32.4819],[-96.4928,32.4662],[-96.4982,32.4534],[-96.4843,32.4515],[-96.4774,32.4344],[-96.4503,32.4246],[-96.4344,32.4111],[-96.4398,32.4001],[-96.4372,32.379],[-96.4486,32.376],[-96.4437,32.3701],[-96.4486,32.3665],[-96.4522,32.3708],[-96.4524,32.3587],[-96.0759,32.3575],[-96.0759,32.4797]]]}},{"type":"Feature","properties":{"name":"Frio County","fips":"48163"},"geometry":{"type":"Polygon","coordinates":[[[-98.8031,28.8673],[-98.8049,29.0904],[-99.4139,29.0913],[-99.409,28.6406],[-98.8008,28.6475],[-98.8031,28.8673]]]}},{"type":"Feature","properties":{"name":"Milam County","fips":"48331"},"geometry":{"type":"Polygon","coordinates":[[[-97.0516,30.5116],[-96.6214,30.7307],[-96.6329,30.7418],[-96.6127,30.7531],[-96.6252,30.7808],[-96.6423,30.7769],[-96.6483,30.781],[-96.6475,30.7904],[-96.6362,30.7979],[-96.6413,30.8181],[-96.6702,30.8339],[-96.67,30.8417],[-96.6787,30.8434],[-96.6949,30.8645],[-96.695,30.8781],[-96.6822,30.882],[-96.6972,30.8984],[-96.6859,30.897],[-96.6849,30.906],[-96.6976,30.9088],[-96.7158,30.8973],[-96.7262,30.8985],[-96.734,30.9029],[-96.7306,30.9161],[-96.7437,30.9157],[-96.7569,30.9279],[-96.7559,30.9455],[-96.7724,30.9691],[-96.7596,30.9783],[-96.7563,30.9888],[-96.748,30.9904],[-96.7464,30.9996],[-96.7557,31.0054],[-96.7713,31.0021],[-96.7703,31.0269],[-96.7797,31.0334],[-96.7671,31.0428],[-96.7682,31.0489],[-96.784,31.0482],[-96.7916,31.0651],[-96.8203,31.061],[-96.8093,31.0805],[-96.8307,31.1004],[-96.8296,31.1104],[-97.259,30.8896],[-97.3155,30.7524],[-97.2699,30.7354],[-97.1552,30.4573],[-97.0516,30.5116]]]}},{"type":"Feature","properties":{"name":"Cooke County","fips":"48097"},"geometry":{"type":"Polygon","coordinates":[[[-96.9433,33.606],[-96.9446,33.9492],[-96.9738,33.9357],[-96.9798,33.9416],[-96.9794,33.9562],[-96.9943,33.9492],[-96.9838,33.8909],[-97.0214,33.8464],[-97.041,33.8376],[-97.0638,33.86],[-97.088,33.8526],[-97.0872,33.8414],[-97.0519,33.833],[-97.0481,33.8175],[-97.0791,33.8123],[-97.0929,33.8038],[-97.0865,33.7433],[-97.0992,33.7262],[-97.1212,33.7172],[-97.1574,33.7255],[-97.1722,33.7375],[-97.1801,33.7545],[-97.1926,33.7597],[-97.1877,33.7698],[-97.2054,33.8015],[-97.205,33.8189],[-97.1958,33.8308],[-97.1716,33.8353],[-97.1666,33.8473],[-97.1808,33.8952],[-97.2061,33.9143],[-97.2422,33.9064],[-97.2542,33.8653],[-97.2709,33.858],[-97.3092,33.8887],[-97.3143,33.8651],[-97.3328,33.8553],[-97.3342,33.8629],[-97.3233,33.8792],[-97.3325,33.8843],[-97.3472,33.8451],[-97.3655,33.8237],[-97.3747,33.8186],[-97.4142,33.818],[-97.4442,33.8238],[-97.4591,33.8346],[-97.4632,33.8431],[-97.4515,33.8709],[-97.4509,33.8914],[-97.4614,33.9052],[-97.4842,33.9155],[-97.4871,33.4337],[-96.9439,33.4164],[-96.9433,33.606]]]}},{"type":"Feature","properties":{"name":"Dallas County","fips":"48113"},"geometry":{"type":"Polygon","coordinates":[[[-97.0386,32.5544],[-97.0387,32.5487],[-96.5231,32.5452],[-96.517,32.9829],[-97.031,32.9897],[-97.0386,32.5544]]]}},{"type":"Feature","properties":{"name":"Gonzales County","fips":"48177"},"geometry":{"type":"Polygon","coordinates":[[[-97.4506,29.2308],[-97.2401,29.3845],[-97.2023,29.5075],[-97.2041,29.5806],[-97.1305,29.6433],[-97.3179,29.7847],[-97.5977,29.6307],[-97.6039,29.6418],[-97.6058,29.6351],[-97.6181,29.6335],[-97.617,29.6449],[-97.6294,29.6398],[-97.6332,29.6499],[-97.8588,29.3529],[-97.6131,29.1098],[-97.4506,29.2308]]]}},{"type":"Feature","properties":{"name":"Van Zandt County","fips":"48467"},"geometry":{"type":"Polygon","coordinates":[[[-95.7639,32.7579],[-95.761,32.7697],[-95.7701,32.7727],[-95.7847,32.7701],[-95.7954,32.7758],[-95.8158,32.7655],[-95.8148,32.771],[-95.8279,32.7668],[-95.8508,32.7708],[-95.8946,32.8036],[-95.9224,32.8156],[-95.9338,32.8371],[-96.0768,32.8385],[-96.0759,32.3575],[-95.4492,32.3552],[-95.4545,32.3669],[-95.4704,32.3688],[-95.4937,32.3895],[-95.5069,32.4149],[-95.5248,32.4212],[-95.5528,32.4536],[-95.5729,32.4614],[-95.5943,32.4799],[-95.5935,32.6936],[-95.604,32.6963],[-95.6051,32.7049],[-95.6263,32.7087],[-95.6371,32.7247],[-95.6412,32.718],[-95.6624,32.7117],[-95.7023,32.7424],[-95.7335,32.7462],[-95.7392,32.7568],[-95.7639,32.7579]]]}},{"type":"Feature","properties":{"name":"Menard County","fips":"48327"},"geometry":{"type":"Polygon","coordinates":[[[-99.7712,30.7108],[-99.4839,30.7108],[-99.4848,30.9406],[-99.6036,30.9407],[-99.6032,31.0873],[-100.1152,31.088],[-100.1162,30.7104],[-99.7712,30.7108]]]}},{"type":"Feature","properties":{"name":"Bell County","fips":"48027"},"geometry":{"type":"Polygon","coordinates":[[[-97.8149,31.1167],[-97.9138,31.0659],[-97.9117,31.0349],[-97.8281,30.9044],[-97.6241,30.87],[-97.3155,30.7524],[-97.259,30.8896],[-97.0701,30.986],[-97.2778,31.2795],[-97.3434,31.2442],[-97.4186,31.3202],[-97.8149,31.1167]]]}},{"type":"Feature","properties":{"name":"Bandera County","fips":"48019"},"geometry":{"type":"Polygon","coordinates":[[[-99.6033,29.7429],[-99.6031,29.6272],[-98.9838,29.6234],[-98.9757,29.6098],[-98.9867,29.5869],[-98.9789,29.5776],[-98.9859,29.567],[-98.9734,29.5517],[-98.9625,29.5599],[-98.9272,29.5623],[-98.7788,29.7202],[-99.1749,29.8944],[-99.2789,29.9042],[-99.6028,29.9077],[-99.6033,29.7429]]]}},{"type":"Feature","properties":{"name":"Hardin County","fips":"48199"},"geometry":{"type":"Polygon","coordinates":[[[-94.2361,30.1653],[-94.2313,30.1726],[-94.2209,30.1707],[-94.2096,30.1877],[-94.1992,30.1845],[-94.1951,30.1891],[-94.1887,30.1792],[-94.1749,30.1876],[-94.1732,30.179],[-94.1655,30.1762],[-94.169,30.1734],[-94.1222,30.1663],[-94.1159,30.1603],[-94.1103,30.1657],[-94.1149,30.1732],[-94.1075,30.1925],[-94.0988,30.1881],[-94.098,30.1988],[-94.0913,30.1978],[-94.0917,30.2058],[-94.118,30.2162],[-94.1185,30.2442],[-94.0965,30.2587],[-94.1044,30.2662],[-94.1136,30.2629],[-94.1119,30.2731],[-94.1205,30.2841],[-94.1142,30.2861],[-94.1178,30.3006],[-94.1018,30.3105],[-94.0998,30.3186],[-94.1059,30.3229],[-94.0982,30.3232],[-94.1028,30.3254],[-94.0966,30.3386],[-94.0829,30.3457],[-94.1027,30.3687],[-94.1022,30.3848],[-94.1086,30.3873],[-94.1036,30.3939],[-94.1169,30.3977],[-94.1133,30.4061],[-94.12,30.4112],[-94.1128,30.415],[-94.1194,30.4263],[-94.1068,30.4375],[-94.1074,30.4503],[-94.0945,30.4656],[-94.1031,30.4687],[-94.0934,30.4741],[-94.0855,30.4898],[-94.0789,30.4901],[-94.0841,30.5056],[-94.0717,30.526],[-94.5457,30.527],[-94.5379,30.4911],[-94.7327,30.4901],[-94.5963,30.1121],[-94.4392,30.1159],[-94.4124,30.0982],[-94.3993,30.0974],[-94.3919,30.1059],[-94.3759,30.1092],[-94.3646,30.1014],[-94.3507,30.1092],[-94.3508,30.1038],[-94.3421,30.1031],[-94.3304,30.1148],[-94.2926,30.1177],[-94.2765,30.1401],[-94.2755,30.1703],[-94.2606,30.1673],[-94.2548,30.1726],[-94.2361,30.1653]]]}},{"type":"Feature","properties":{"name":"Hale County","fips":"48189"},"geometry":{"type":"Polygon","coordinates":[[[-102.0904,34.3131],[-102.0857,33.8247],[-101.5636,33.8305],[-101.5649,34.3125],[-102.0904,34.3131]]]}},{"type":"Feature","properties":{"name":"Armstrong County","fips":"48011"},"geometry":{"type":"Polygon","coordinates":[[[-101.6251,35.0007],[-101.6293,34.7476],[-101.0907,34.7482],[-101.0863,35.1821],[-101.6229,35.1831],[-101.6251,35.0007]]]}},{"type":"Feature","properties":{"name":"Galveston County","fips":"48167"},"geometry":{"type":"Polygon","coordinates":[[[-95.233,29.4662],[-95.0561,29.1993],[-95.1299,29.0856],[-95.0916,29.0627],[-95.0002,29.1045],[-94.9122,29.1593],[-94.7727,29.2317],[-94.7133,29.2825],[-94.6803,29.2776],[-94.6504,29.2919],[-94.629,29.3216],[-94.6239,29.3431],[-94.636,29.3706],[-94.6503,29.3828],[-94.4995,29.4523],[-94.3694,29.5006],[-94.3716,29.5972],[-94.409,29.5975],[-94.4192,29.5892],[-94.4138,29.5869],[-94.4173,29.5781],[-94.4127,29.5727],[-94.4226,29.5663],[-94.4746,29.5583],[-94.4988,29.5445],[-94.5208,29.5408],[-94.5241,29.5524],[-94.5453,29.5721],[-94.5559,29.5745],[-94.6175,29.5548],[-94.7558,29.5245],[-94.7795,29.5302],[-94.7932,29.5511],[-94.8252,29.5191],[-94.8752,29.5147],[-94.9115,29.4962],[-94.9827,29.5135],[-95.0146,29.5389],[-95.0182,29.5546],[-95.0175,29.5485],[-95.0285,29.5474],[-95.0296,29.5522],[-95.0586,29.5591],[-95.0807,29.5462],[-95.0796,29.5344],[-95.0964,29.5351],[-95.094,29.524],[-95.0981,29.5183],[-95.1032,29.5209],[-95.1043,29.5107],[-95.1251,29.5103],[-95.1619,29.4973],[-95.1709,29.5075],[-95.1697,29.5149],[-95.1899,29.5273],[-95.1875,29.534],[-95.1995,29.5447],[-95.1932,29.5595],[-95.2011,29.5632],[-95.2163,29.5558],[-95.233,29.4662]]]}},{"type":"Feature","properties":{"name":"Harris County","fips":"48201"},"geometry":{"type":"Polygon","coordinates":[[[-94.9788,29.6767],[-94.9697,29.6828],[-94.9303,29.6737],[-94.9199,29.6869],[-94.9158,29.6986],[-94.9299,29.6974],[-94.9251,29.7031],[-94.933,29.7052],[-94.9326,29.7143],[-94.9455,29.7171],[-94.929,29.7371],[-94.9297,29.7505],[-94.9188,29.7555],[-94.919,29.7654],[-94.9134,29.7667],[-94.92,29.772],[-94.917,29.7868],[-94.9242,29.7959],[-94.9091,29.8138],[-94.9087,29.8261],[-94.9351,29.8346],[-94.9524,29.8548],[-94.9771,29.8682],[-94.9878,29.9045],[-94.9987,29.9199],[-94.9877,29.9528],[-94.9809,29.9559],[-94.9822,29.965],[-94.9998,29.9915],[-95.0219,29.9969],[-95.0312,29.9933],[-95.0967,30.1672],[-95.2641,30.0321],[-95.2929,30.0277],[-95.311,30.0329],[-95.3139,30.0516],[-95.3497,30.0765],[-95.371,30.0783],[-95.3792,30.0875],[-95.3917,30.0827],[-95.4099,30.0927],[-95.4242,30.1155],[-95.4551,30.1043],[-95.4883,30.1079],[-95.4976,30.1227],[-95.4999,30.1426],[-95.542,30.1705],[-95.5525,30.1704],[-95.5906,30.1359],[-95.6232,30.1358],[-95.6239,30.1267],[-95.6369,30.1264],[-95.669,30.1014],[-95.6838,30.1074],[-95.691,30.0988],[-95.7145,30.1025],[-95.734,30.0935],[-95.749,30.0958],[-95.7612,30.0864],[-95.7891,30.0947],[-95.817,30.0818],[-95.8388,30.0831],[-95.8465,30.1005],[-95.8619,30.1056],[-95.8735,30.122],[-95.8992,30.121],[-95.9244,30.1424],[-95.9409,30.1443],[-95.9607,30.1634],[-95.826,29.7886],[-95.6055,29.6645],[-95.4242,29.5807],[-95.3759,29.5884],[-95.3464,29.5856],[-95.3317,29.5991],[-95.2619,29.5933],[-95.2538,29.5537],[-95.238,29.5614],[-95.2158,29.555],[-95.2011,29.5632],[-95.1934,29.5599],[-95.1995,29.5445],[-95.1883,29.5355],[-95.1831,29.5191],[-95.1675,29.5125],[-95.1709,29.5075],[-95.1616,29.4973],[-95.1251,29.5103],[-95.1043,29.5107],[-95.1032,29.5209],[-95.0981,29.5183],[-95.094,29.524],[-95.0967,29.5347],[-95.0796,29.5344],[-95.0807,29.5462],[-95.0669,29.5582],[-95.0175,29.5485],[-95.0209,29.553],[-95.0108,29.5701],[-94.9826,29.6018],[-94.9982,29.6205],[-95.0086,29.6236],[-95.0161,29.6383],[-95.0024,29.6637],[-94.9788,29.6767]]]}},{"type":"Feature","properties":{"name":"Dawson County","fips":"48115"},"geometry":{"type":"Polygon","coordinates":[[[-101.8938,32.5243],[-101.6887,32.5252],[-101.6913,32.9618],[-102.2085,32.959],[-102.2027,32.5233],[-101.8938,32.5243]]]}},{"type":"Feature","properties":{"name":"Hartley County","fips":"48205"},"geometry":{"type":"Polygon","coordinates":[[[-103.0417,35.6512],[-103.0417,35.6225],[-102.1628,35.6275],[-102.163,36.0552],[-103.0411,36.0552],[-103.0417,35.6512]]]}},{"type":"Feature","properties":{"name":"Jim Wells County","fips":"48249"},"geometry":{"type":"Polygon","coordinates":[[[-98.2355,28.058],[-98.2325,27.2625],[-98.0581,27.261],[-98.0598,27.6359],[-97.9421,27.6359],[-97.9336,27.7769],[-97.9343,27.8852],[-97.7985,27.9957],[-97.7966,28.011],[-97.789,28.0139],[-97.8058,28.0414],[-97.8533,28.0366],[-97.8781,28.0463],[-97.875,28.0504],[-97.8831,28.0569],[-98.2355,28.058]]]}},{"type":"Feature","properties":{"name":"Dimmit County","fips":"48127"},"geometry":{"type":"Polygon","coordinates":[[[-99.9916,28.1988],[-99.3942,28.2046],[-99.3957,28.6408],[-100.1143,28.6481],[-100.1137,28.1978],[-99.9916,28.1988]]]}},{"type":"Feature","properties":{"name":"Collin County","fips":"48085"},"geometry":{"type":"Polygon","coordinates":[[[-96.8388,33.2195],[-96.8441,32.9874],[-96.2972,32.9818],[-96.2954,33.3519],[-96.3845,33.3411],[-96.3846,33.3978],[-96.8341,33.4055],[-96.8388,33.2195]]]}},{"type":"Feature","properties":{"name":"Brazoria County","fips":"48039"},"geometry":{"type":"Polygon","coordinates":[[[-95.4463,29.4997],[-95.4626,29.4392],[-95.5506,29.4383],[-95.5564,29.4246],[-95.546,29.4086],[-95.5476,29.3952],[-95.5723,29.3838],[-95.5808,29.3621],[-95.5739,29.3555],[-95.5827,29.3504],[-95.5792,29.3406],[-95.5908,29.3275],[-95.605,29.3307],[-95.6258,29.313],[-95.6208,29.2998],[-95.6261,29.2931],[-95.6388,29.2972],[-95.6555,29.2912],[-95.6651,29.2989],[-95.7529,29.3245],[-95.784,29.2962],[-95.7978,29.308],[-95.8477,29.2626],[-95.8419,29.2587],[-95.874,29.2297],[-95.8447,29.2047],[-95.8578,29.1933],[-95.8384,29.1766],[-95.8505,29.1569],[-95.8378,29.1342],[-95.8464,29.1076],[-95.8419,29.0991],[-95.8291,29.0889],[-95.8059,29.0905],[-95.7934,29.0722],[-95.7651,29.0608],[-95.7855,29.0392],[-95.7793,29.0345],[-95.782,29.0209],[-95.7761,29.0179],[-95.7844,29.0075],[-95.7677,29.0038],[-95.7783,28.9971],[-95.7672,28.9916],[-95.7694,28.9711],[-95.6991,28.9695],[-95.6842,28.9605],[-95.6762,28.9648],[-95.6551,28.9515],[-95.6458,28.9389],[-95.6516,28.92],[-95.6421,28.9043],[-95.5792,28.8596],[-95.5737,28.8328],[-95.5305,28.8291],[-95.5041,28.8377],[-95.5073,28.8258],[-95.4957,28.7648],[-95.4201,28.8056],[-95.378,28.8103],[-95.3298,28.8287],[-95.3081,28.8588],[-95.2272,28.9104],[-95.1395,28.9917],[-95.1065,29.0149],[-95.0938,29.0333],[-95.0873,29.058],[-95.1299,29.0856],[-95.0561,29.1993],[-95.2331,29.4656],[-95.2146,29.5571],[-95.238,29.5614],[-95.2538,29.5537],[-95.2613,29.5928],[-95.2828,29.5977],[-95.3317,29.5991],[-95.3464,29.5856],[-95.4171,29.5833],[-95.4242,29.5807],[-95.4463,29.4997]]]}},{"type":"Feature","properties":{"name":"Hamilton County","fips":"48193"},"geometry":{"type":"Polygon","coordinates":[[[-98.2084,31.9175],[-98.1566,31.8417],[-98.4637,31.684],[-98.2711,31.4164],[-97.7664,31.6725],[-98.0055,32.0179],[-98.2084,31.9175]]]}},{"type":"Feature","properties":{"name":"Throckmorton County","fips":"48447"},"geometry":{"type":"Polygon","coordinates":[[[-99.4724,33.399],[-99.4713,32.957],[-98.9509,32.9569],[-98.9539,33.3975],[-99.4724,33.399]]]}},{"type":"Feature","properties":{"name":"Tyler County","fips":"48457"},"geometry":{"type":"Polygon","coordinates":[[[-94.6216,30.8542],[-94.5457,30.527],[-94.0683,30.5283],[-94.0713,30.5418],[-94.0859,30.5473],[-94.0939,30.5673],[-94.0859,30.5697],[-94.0959,30.5768],[-94.0825,30.5921],[-94.0854,30.5975],[-94.0793,30.5981],[-94.0812,30.6072],[-94.0697,30.6107],[-94.0758,30.618],[-94.053,30.6294],[-94.0516,30.6418],[-94.0598,30.647],[-94.0531,30.649],[-94.0742,30.6678],[-94.0795,30.6608],[-94.0736,30.6614],[-94.0732,30.6559],[-94.0864,30.6573],[-94.0823,30.6669],[-94.0891,30.6733],[-94.0901,30.6876],[-94.1258,30.6841],[-94.123,30.7009],[-94.1375,30.7148],[-94.1295,30.7194],[-94.1383,30.7309],[-94.1283,30.7454],[-94.1399,30.7559],[-94.133,30.7652],[-94.1501,30.7902],[-94.1815,30.7974],[-94.1776,30.8119],[-94.1891,30.8182],[-94.1877,30.8243],[-94.1783,30.8231],[-94.1859,30.8314],[-94.1801,30.8343],[-94.191,30.8375],[-94.201,30.8635],[-94.193,30.8638],[-94.1899,30.872],[-94.1991,30.8746],[-94.1937,30.8776],[-94.2054,30.8872],[-94.2004,30.8926],[-94.2159,30.9015],[-94.205,30.9146],[-94.2081,30.9226],[-94.1995,30.9288],[-94.21,30.938],[-94.221,30.9353],[-94.2232,30.9476],[-94.2286,30.9397],[-94.227,30.9504],[-94.2337,30.9521],[-94.2279,30.9578],[-94.245,30.9668],[-94.2393,30.9729],[-94.2414,30.9925],[-94.2331,30.9863],[-94.2384,31.0137],[-94.2812,31.0184],[-94.2863,31.0271],[-94.2831,31.0368],[-94.2926,31.0429],[-94.3242,31.0201],[-94.3378,31.0368],[-94.3534,31.0395],[-94.3547,31.0322],[-94.3747,31.0311],[-94.375,31.0353],[-94.383,31.0262],[-94.4138,31.0265],[-94.436,31.0138],[-94.4343,31.0069],[-94.4503,31.0031],[-94.4449,31.0344],[-94.4729,31.0261],[-94.4855,31.0314],[-94.4918,31.0449],[-94.5087,31.0432],[-94.5267,31.0559],[-94.5364,31.0518],[-94.5476,31.0592],[-94.5483,31.0534],[-94.5619,31.059],[-94.658,31.012],[-94.6216,30.8542]]]}},{"type":"Feature","properties":{"name":"Midland County","fips":"48329"},"geometry":{"type":"Polygon","coordinates":[[[-102.2875,31.9809],[-102.2873,31.6513],[-101.7758,31.6513],[-101.7761,32.0869],[-102.287,32.087],[-102.2875,31.9809]]]}},{"type":"Feature","properties":{"name":"Victoria County","fips":"48469"},"geometry":{"type":"Polygon","coordinates":[[[-96.9304,28.5867],[-96.8538,28.6352],[-96.7228,28.6698],[-96.6657,28.7057],[-96.6598,28.7017],[-96.6434,28.7121],[-96.6503,28.721],[-96.6423,28.7171],[-96.6541,28.7234],[-96.6598,28.7204],[-96.6688,28.7363],[-96.6633,28.7423],[-96.6717,28.7511],[-96.6701,28.7612],[-96.6862,28.7637],[-96.6859,28.7719],[-96.6974,28.7738],[-96.6961,28.7966],[-96.7065,28.7961],[-96.7016,28.7982],[-96.7062,28.8149],[-96.7231,28.8212],[-96.7122,28.8305],[-96.7137,28.8451],[-96.7031,28.8516],[-96.7112,28.8512],[-96.7221,28.8618],[-96.7389,28.8936],[-96.7592,28.8968],[-96.7751,28.9154],[-96.7921,28.9188],[-96.8078,28.956],[-96.8056,28.9727],[-96.8321,29.0213],[-96.9386,29.0632],[-96.9764,29.104],[-97.3059,28.864],[-97.2976,28.8605],[-97.3049,28.85],[-97.3005,28.8441],[-97.2595,28.8473],[-97.2541,28.8575],[-97.235,28.8541],[-97.2362,28.8649],[-97.2166,28.8606],[-97.2028,28.8538],[-97.1867,28.8341],[-97.1902,28.8125],[-97.1754,28.7896],[-97.1608,28.783],[-97.1667,28.7503],[-97.1784,28.7381],[-97.1707,28.7369],[-97.1677,28.7278],[-97.1824,28.6106],[-97.1758,28.5943],[-97.1619,28.5854],[-97.1712,28.5867],[-97.1658,28.5813],[-97.1702,28.5775],[-97.1538,28.5698],[-97.1642,28.5651],[-97.1604,28.5504],[-97.1488,28.5533],[-97.1478,28.5464],[-97.1395,28.5542],[-97.1234,28.5453],[-97.1043,28.5547],[-97.0949,28.5384],[-97.0821,28.5322],[-97.0773,28.5341],[-97.0797,28.5455],[-97.0774,28.5403],[-97.0721,28.5471],[-97.0622,28.5408],[-97.0628,28.5473],[-97.045,28.5501],[-97.0515,28.5351],[-97.0413,28.5315],[-97.0318,28.5415],[-97.0248,28.5391],[-97.0223,28.5168],[-97.0197,28.5203],[-97.0046,28.5089],[-96.9949,28.5091],[-96.9859,28.5],[-96.9532,28.5038],[-96.9155,28.4857],[-96.9099,28.4901],[-96.9158,28.4989],[-96.9017,28.5096],[-96.8911,28.5065],[-96.9059,28.5324],[-96.8951,28.5493],[-96.9062,28.5719],[-96.915,28.5695],[-96.9304,28.5867]]]}},{"type":"Feature","properties":{"name":"Val Verde County","fips":"48465"},"geometry":{"type":"Polygon","coordinates":[[[-101.7609,29.782],[-101.7334,29.7712],[-101.7197,29.7757],[-101.7089,29.7616],[-101.6896,29.771],[-101.6778,29.7603],[-101.6617,29.7709],[-101.6446,29.7542],[-101.6269,29.7708],[-101.6037,29.7744],[-101.5758,29.7693],[-101.5677,29.7987],[-101.5448,29.8119],[-101.535,29.7977],[-101.536,29.759],[-101.5032,29.7646],[-101.4789,29.7841],[-101.4609,29.7897],[-101.4528,29.7838],[-101.4489,29.7507],[-101.4381,29.7509],[-101.4023,29.7712],[-101.399,29.7622],[-101.4156,29.7465],[-101.397,29.734],[-101.3969,29.7139],[-101.3728,29.6994],[-101.3727,29.6781],[-101.3613,29.6501],[-101.346,29.6622],[-101.3141,29.6591],[-101.3025,29.6504],[-101.3,29.6407],[-101.3134,29.6023],[-101.3055,29.5779],[-101.291,29.5715],[-101.2779,29.5908],[-101.2805,29.6152],[-101.2691,29.6301],[-101.2504,29.6242],[-101.2523,29.6042],[-101.241,29.565],[-101.2612,29.5368],[-101.2549,29.5203],[-101.2353,29.5249],[-101.1738,29.5146],[-101.1717,29.504],[-101.1468,29.4742],[-101.13,29.4784],[-101.1153,29.4685],[-101.0871,29.4694],[-101.0602,29.4587],[-101.057,29.4408],[-101.0434,29.4299],[-101.0366,29.4061],[-101.0193,29.3909],[-101.01,29.3683],[-100.9643,29.3473],[-100.949,29.3472],[-100.9406,29.3331],[-100.8868,29.3078],[-100.876,29.2796],[-100.8558,29.2755],[-100.834,29.2614],[-100.8151,29.2639],[-100.8163,29.2539],[-100.7946,29.2416],[-100.7789,29.2466],[-100.7585,29.238],[-100.7623,29.2513],[-100.7452,29.2551],[-100.738,29.2823],[-100.7484,29.3029],[-100.7465,29.3258],[-100.712,29.338],[-100.7069,29.3973],[-100.6991,29.4197],[-100.7004,30.2883],[-101.7584,30.288],[-101.7609,29.782]]]}},{"type":"Feature","properties":{"name":"Panola County","fips":"48365"},"geometry":{"type":"Polygon","coordinates":[[[-94.3888,31.9754],[-94.0156,31.9799],[-94.0185,31.9924],[-94.0409,31.9926],[-94.0427,31.9993],[-94.0429,32.3923],[-94.3487,32.3323],[-94.3506,32.3266],[-94.3675,32.3462],[-94.3721,32.3411],[-94.3829,32.3457],[-94.3838,32.3665],[-94.4101,32.3716],[-94.4091,32.3674],[-94.4195,32.3648],[-94.422,32.3695],[-94.4399,32.3618],[-94.4468,32.3721],[-94.4566,32.3693],[-94.4773,32.3789],[-94.4789,32.39],[-94.4918,32.3941],[-94.4934,32.3565],[-94.5238,32.2962],[-94.5265,32.2781],[-94.5562,32.2502],[-94.5803,32.2025],[-94.5807,32.1593],[-94.6016,32.08],[-94.6,31.9732],[-94.3888,31.9754]]]}},{"type":"Feature","properties":{"name":"Anderson County","fips":"48001"},"geometry":{"type":"Polygon","coordinates":[[[-96.0649,31.9809],[-96.0429,31.963],[-96.0619,31.9596],[-96.0547,31.9482],[-96.0464,31.9519],[-96.0415,31.9449],[-96.0408,31.9521],[-96.0219,31.9573],[-96.0145,31.9461],[-96.0208,31.938],[-96.0105,31.9341],[-96.0134,31.9299],[-96.0063,31.9247],[-96.0013,31.9072],[-96.0083,31.9053],[-96.0129,31.9114],[-96.0197,31.9036],[-96.0279,31.8795],[-96.0247,31.8735],[-96.0069,31.8812],[-96.0047,31.8723],[-95.9941,31.8663],[-95.9891,31.8687],[-95.9909,31.8762],[-95.9698,31.8767],[-95.9681,31.8711],[-95.9769,31.8705],[-95.9946,31.8436],[-95.9785,31.8343],[-95.973,31.8199],[-95.9806,31.7846],[-95.9628,31.7894],[-95.9526,31.7758],[-95.9347,31.7696],[-95.931,31.7744],[-95.9246,31.7659],[-95.8973,31.7668],[-95.9033,31.7622],[-95.9008,31.7524],[-95.8939,31.7587],[-95.8747,31.7547],[-95.8668,31.742],[-95.8756,31.7434],[-95.881,31.7351],[-95.87,31.7391],[-95.8666,31.7188],[-95.8752,31.7188],[-95.8749,31.7029],[-95.8809,31.7013],[-95.862,31.6873],[-95.8528,31.6978],[-95.8337,31.6951],[-95.8057,31.6711],[-95.7952,31.6752],[-95.7876,31.6926],[-95.7797,31.6839],[-95.7941,31.6603],[-95.7895,31.6475],[-95.7967,31.6311],[-95.772,31.5986],[-95.7611,31.5999],[-95.7487,31.6177],[-95.7541,31.6486],[-95.7357,31.6538],[-95.7185,31.6324],[-95.7112,31.6039],[-95.7295,31.5835],[-95.7182,31.5732],[-95.7222,31.5697],[-95.7155,31.5544],[-95.7511,31.552],[-95.7509,31.5407],[-95.7587,31.5336],[-95.737,31.5185],[-95.7339,31.5084],[-95.7393,31.5041],[-95.6472,31.527],[-95.6518,31.5418],[-95.2732,31.5929],[-95.2597,31.6078],[-95.265,31.6244],[-95.2817,31.6254],[-95.2879,31.6329],[-95.2817,31.6364],[-95.2862,31.6477],[-95.2758,31.6569],[-95.2837,31.6632],[-95.2832,31.6764],[-95.3117,31.6969],[-95.3114,31.7062],[-95.3257,31.7037],[-95.3279,31.717],[-95.334,31.7121],[-95.3425,31.718],[-95.3327,31.728],[-95.3354,31.7349],[-95.3664,31.7268],[-95.3727,31.7361],[-95.3631,31.737],[-95.3582,31.7493],[-95.4021,31.7616],[-95.4003,31.7679],[-95.3965,31.7653],[-95.3994,31.7744],[-95.394,31.7846],[-95.4043,31.8033],[-95.4008,31.8186],[-95.4125,31.8263],[-95.4102,31.8341],[-95.4469,31.8432],[-95.4452,31.858],[-95.4348,31.8666],[-95.4389,31.8762],[-95.4346,31.8733],[-95.431,31.88],[-95.4375,31.9017],[-95.4292,31.9012],[-95.4319,31.9138],[-95.4202,31.9262],[-95.4408,31.9407],[-95.4535,31.96],[-95.4439,31.9631],[-95.4529,31.9768],[-95.4461,31.9994],[-95.4337,32.009],[-95.4298,32.0062],[-95.4241,32.0189],[-95.4387,32.033],[-95.4359,32.0399],[-95.4222,32.0423],[-95.4238,32.049],[-95.4358,32.0535],[-95.4321,32.061],[-95.4385,32.066],[-95.4241,32.0839],[-96.0528,32.0059],[-96.049,31.9972],[-96.0649,31.9809]]]}},{"type":"Feature","properties":{"name":"Nacogdoches County","fips":"48347"},"geometry":{"type":"Polygon","coordinates":[[[-94.9781,31.7935],[-94.9749,31.782],[-94.9586,31.7788],[-94.9514,31.7691],[-94.9493,31.7746],[-94.9386,31.7722],[-94.9263,31.7619],[-94.9321,31.7544],[-94.9673,31.7541],[-94.9728,31.7376],[-94.9544,31.7232],[-94.9629,31.7156],[-94.9601,31.6985],[-94.9659,31.6978],[-94.9507,31.6797],[-94.9571,31.6705],[-94.9519,31.6705],[-94.9484,31.6572],[-94.9542,31.6397],[-94.9418,31.6384],[-94.9414,31.627],[-94.9261,31.6098],[-94.9284,31.5984],[-94.9192,31.5873],[-94.925,31.5826],[-94.9191,31.5726],[-94.9106,31.5693],[-94.8916,31.5778],[-94.8896,31.5663],[-94.9006,31.5526],[-94.8933,31.5498],[-94.894,31.5412],[-94.8844,31.5409],[-94.8838,31.5295],[-94.8641,31.5258],[-94.8612,31.5148],[-94.8511,31.5052],[-94.84,31.5077],[-94.8228,31.4839],[-94.8039,31.4905],[-94.7925,31.4793],[-94.7773,31.4805],[-94.7645,31.4692],[-94.7555,31.4717],[-94.7338,31.4653],[-94.7286,31.4572],[-94.6955,31.4517],[-94.6741,31.4525],[-94.6644,31.4596],[-94.6603,31.4524],[-94.6279,31.4389],[-94.6042,31.4405],[-94.5938,31.4493],[-94.5953,31.4445],[-94.5829,31.4437],[-94.5815,31.4332],[-94.5449,31.4317],[-94.5376,31.3986],[-94.5175,31.4017],[-94.5113,31.4118],[-94.5045,31.4063],[-94.5022,31.4105],[-94.4897,31.399],[-94.4925,31.3947],[-94.4661,31.3785],[-94.4715,31.3737],[-94.456,31.3519],[-94.4582,31.3412],[-94.4523,31.3404],[-94.4477,31.3178],[-94.3952,31.3019],[-94.3854,31.29],[-94.383,31.2741],[-94.3576,31.2596],[-94.3572,31.2469],[-94.3505,31.2475],[-94.335,31.2232],[-94.328,31.2232],[-94.3248,31.2309],[-94.3398,31.2408],[-94.3289,31.2507],[-94.3396,31.2633],[-94.3222,31.2855],[-94.327,31.2914],[-94.3149,31.3081],[-94.3226,31.3218],[-94.3134,31.3375],[-94.3312,31.363],[-94.3246,31.3757],[-94.3278,31.3841],[-94.323,31.3854],[-94.3269,31.4],[-94.3142,31.4029],[-94.3049,31.4218],[-94.325,31.4394],[-94.3135,31.4555],[-94.3118,31.4688],[-94.3191,31.4789],[-94.3161,31.4958],[-94.3076,31.4923],[-94.3116,31.4944],[-94.3021,31.5053],[-94.3043,31.5148],[-94.3106,31.5159],[-94.306,31.5187],[-94.3101,31.517],[-94.3094,31.5242],[-94.3,31.5269],[-94.3071,31.5308],[-94.3024,31.5339],[-94.3077,31.5382],[-94.3054,31.5711],[-94.3136,31.5757],[-94.3109,31.5892],[-94.328,31.592],[-94.34,31.6088],[-94.3504,31.6065],[-94.3567,31.6226],[-94.3674,31.6242],[-94.3662,31.6332],[-94.3746,31.639],[-94.3954,31.6388],[-94.3977,31.6557],[-94.4039,31.6595],[-94.3983,31.6612],[-94.407,31.6651],[-94.4069,31.6953],[-94.4169,31.7061],[-94.4125,31.7464],[-94.4202,31.7649],[-94.4324,31.7752],[-94.4273,31.7773],[-94.4241,31.8002],[-94.4339,31.8246],[-94.4517,31.8441],[-94.9375,31.8456],[-94.9347,31.834],[-94.9483,31.8263],[-94.9423,31.8178],[-94.9467,31.8071],[-94.9543,31.8055],[-94.9539,31.797],[-94.9781,31.7935]]]}},{"type":"Feature","properties":{"name":"Refugio County","fips":"48391"},"geometry":{"type":"Polygon","coordinates":[[[-97.1253,28.1163],[-97.0236,28.1877],[-97.0175,28.2029],[-97.0374,28.2013],[-97.0432,28.209],[-97.0547,28.2038],[-97.075,28.2194],[-97.1022,28.2265],[-97.098,28.2322],[-97.1255,28.2534],[-97.1175,28.2594],[-97.1238,28.2725],[-96.7905,28.3192],[-96.795,28.3647],[-96.7786,28.4043],[-96.7643,28.4126],[-96.7722,28.4219],[-96.7641,28.4266],[-96.7857,28.4474],[-96.8144,28.4305],[-96.8487,28.4764],[-96.8613,28.476],[-96.8641,28.4893],[-96.8792,28.4961],[-96.883,28.5055],[-96.9028,28.509],[-96.9158,28.4989],[-96.9099,28.4901],[-96.9155,28.4857],[-96.9532,28.5038],[-96.9859,28.5],[-96.9949,28.5091],[-97.0046,28.5089],[-97.0197,28.5203],[-97.0223,28.5168],[-97.0248,28.5391],[-97.0318,28.5415],[-97.0413,28.5315],[-97.0515,28.5351],[-97.045,28.5501],[-97.0628,28.5473],[-97.0622,28.5408],[-97.0721,28.5471],[-97.0774,28.5403],[-97.0797,28.5455],[-97.0773,28.5341],[-97.0821,28.5322],[-97.0949,28.5384],[-97.1043,28.5547],[-97.1234,28.5453],[-97.1395,28.5542],[-97.1478,28.5464],[-97.1488,28.5533],[-97.1557,28.5479],[-97.1608,28.5535],[-97.3753,28.3891],[-97.5411,28.1647],[-97.5274,28.1606],[-97.5212,28.1513],[-97.4824,28.1686],[-97.4741,28.1788],[-97.473,28.156],[-97.4563,28.1606],[-97.4502,28.1478],[-97.4425,28.1542],[-97.4463,28.1327],[-97.4227,28.1429],[-97.4234,28.1351],[-97.4352,28.1294],[-97.428,28.1281],[-97.4267,28.1173],[-97.4056,28.1194],[-97.4044,28.109],[-97.4009,28.1195],[-97.3962,28.1186],[-97.4054,28.1235],[-97.4038,28.1301],[-97.3848,28.124],[-97.379,28.1389],[-97.3457,28.1184],[-97.3415,28.1322],[-97.3253,28.1266],[-97.3307,28.1199],[-97.3253,28.1195],[-97.3177,28.1319],[-97.3274,28.1336],[-97.3178,28.1375],[-97.3089,28.1194],[-97.3169,28.1101],[-97.3013,28.1038],[-97.2903,28.1148],[-97.2837,28.0909],[-97.2632,28.0884],[-97.2608,28.0758],[-97.2394,28.0614],[-97.1253,28.1163]]]}},{"type":"Feature","properties":{"name":"Maverick County","fips":"48323"},"geometry":{"type":"Polygon","coordinates":[[[-100.6674,29.0843],[-100.6602,29.0315],[-100.646,28.988],[-100.6515,28.9434],[-100.6297,28.9211],[-100.6406,28.9142],[-100.6316,28.9028],[-100.6224,28.9098],[-100.6142,28.9017],[-100.6011,28.9013],[-100.603,28.8872],[-100.5895,28.8864],[-100.5989,28.8756],[-100.5729,28.8482],[-100.5747,28.8288],[-100.5473,28.8258],[-100.5452,28.8121],[-100.5354,28.8052],[-100.5334,28.7592],[-100.5192,28.7562],[-100.5152,28.7429],[-100.5076,28.7406],[-100.512,28.7054],[-100.5004,28.662],[-100.4796,28.6552],[-100.4629,28.6414],[-100.4471,28.6422],[-100.4473,28.6093],[-100.3985,28.5852],[-100.3973,28.5756],[-100.4113,28.5507],[-100.3883,28.5149],[-100.3338,28.4993],[-100.3442,28.4862],[-100.3683,28.4772],[-100.3378,28.443],[-100.3371,28.4272],[-100.3496,28.4026],[-100.3444,28.3897],[-100.2865,28.3123],[-100.2935,28.2785],[-100.2516,28.2362],[-100.2203,28.2322],[-100.2122,28.1968],[-100.1137,28.1978],[-100.1114,29.0863],[-100.6674,29.0843]]]}},{"type":"Feature","properties":{"name":"Callahan County","fips":"48059"},"geometry":{"type":"Polygon","coordinates":[[[-99.1175,32.2504],[-99.1143,32.5148],[-99.6296,32.5147],[-99.6314,32.0813],[-99.1187,32.0796],[-99.1175,32.2504]]]}},{"type":"Feature","properties":{"name":"Rains County","fips":"48379"},"geometry":{"type":"Polygon","coordinates":[[[-95.9873,32.8764],[-95.9564,32.8449],[-95.9349,32.8403],[-95.9224,32.8156],[-95.8946,32.8036],[-95.8508,32.7708],[-95.8279,32.7668],[-95.8148,32.771],[-95.8158,32.7655],[-95.7954,32.7758],[-95.7847,32.7701],[-95.77,32.7727],[-95.7611,32.7699],[-95.7623,32.7554],[-95.7392,32.7568],[-95.7335,32.7462],[-95.7023,32.7424],[-95.7018,32.7376],[-95.6912,32.7373],[-95.6882,32.7283],[-95.6777,32.728],[-95.668,32.7133],[-95.6412,32.718],[-95.6396,32.7245],[-95.635,32.7204],[-95.6677,32.9796],[-95.9453,32.9799],[-95.9728,32.8982],[-95.9873,32.8764]]]}},{"type":"Feature","properties":{"name":"Castro County","fips":"48069"},"geometry":{"type":"Polygon","coordinates":[[[-102.5253,34.5429],[-102.5256,34.313],[-101.998,34.313],[-101.9985,34.7482],[-102.5252,34.7469],[-102.5253,34.5429]]]}},{"type":"Feature","properties":{"name":"Sabine County","fips":"48403"},"geometry":{"type":"Polygon","coordinates":[[[-93.9111,31.1581],[-93.6003,31.1762],[-93.6073,31.2054],[-93.595,31.2213],[-93.5974,31.231],[-93.6082,31.2278],[-93.6181,31.2327],[-93.6163,31.2446],[-93.6218,31.2491],[-93.6143,31.2516],[-93.6139,31.2594],[-93.6203,31.271],[-93.6425,31.2695],[-93.6486,31.2842],[-93.6587,31.2816],[-93.6689,31.298],[-93.6873,31.3061],[-93.6829,31.319],[-93.6736,31.3245],[-93.6773,31.3305],[-93.669,31.3388],[-93.6684,31.353],[-93.6459,31.359],[-93.6392,31.372],[-93.671,31.3662],[-93.6741,31.3977],[-93.7049,31.4109],[-93.6925,31.4382],[-93.7095,31.442],[-93.7039,31.4555],[-93.7219,31.4534],[-93.7495,31.4687],[-93.7455,31.4804],[-93.7524,31.4827],[-93.7226,31.4928],[-93.7234,31.5009],[-93.711,31.5122],[-93.7427,31.5157],[-93.7474,31.5307],[-93.7581,31.5299],[-93.7539,31.5253],[-93.7601,31.5239],[-93.7877,31.5273],[-93.8186,31.5548],[-93.8169,31.5631],[-93.823,31.5681],[-93.8184,31.5709],[-93.8349,31.5862],[-93.8692,31.5992],[-93.8763,31.5968],[-93.8965,31.6118],[-93.9261,31.5907],[-93.9405,31.5903],[-93.9845,31.5694],[-93.9832,31.4661],[-94.0442,31.41],[-94.0217,31.3659],[-94.0416,31.3405],[-94.037,31.3323],[-94.0473,31.2985],[-94.0384,31.2869],[-94.029,31.2502],[-94.048,31.1446],[-94.039,31.1343],[-93.9111,31.1581]]]}},{"type":"Feature","properties":{"name":"Trinity County","fips":"48455"},"geometry":{"type":"Polygon","coordinates":[[[-95.4348,31.0581],[-95.4343,30.9374],[-95.4114,30.931],[-95.4155,30.9079],[-95.4065,30.9062],[-95.3997,30.8929],[-95.3813,30.8871],[-95.3814,30.8793],[-95.3994,30.8815],[-95.3916,30.876],[-95.3974,30.8583],[-95.3833,30.853],[-95.354,30.8562],[-95.344,30.8758],[-95.3279,30.8593],[-95.3139,30.8731],[-95.3129,30.8979],[-95.2524,30.9067],[-95.2308,30.887],[-95.2431,30.8669],[-95.2321,30.8428],[-95.2002,30.8246],[-94.9391,31.042],[-94.8429,31.1466],[-94.8566,31.1502],[-94.85,31.1549],[-94.8552,31.1724],[-94.85,31.1712],[-94.8501,31.1784],[-94.8664,31.2087],[-94.8584,31.2206],[-94.8647,31.2257],[-94.8605,31.235],[-94.8751,31.2503],[-94.8806,31.2475],[-94.8845,31.2557],[-94.8977,31.258],[-94.8778,31.2875],[-94.8836,31.2873],[-94.8863,31.2957],[-94.8947,31.2917],[-94.9016,31.3131],[-94.897,31.3235],[-94.9094,31.337],[-94.9578,31.3428],[-94.9553,31.3498],[-94.9613,31.3528],[-94.9498,31.3598],[-94.9586,31.3636],[-94.9575,31.3787],[-94.9496,31.3807],[-94.9581,31.3869],[-95.4348,31.0581]]]}}]}