county_fips,county,risk_score,risk_rating,eal_total_usd,social_vulnerability,community_resilience,hurricane_score,hurricane_rating,ice_storm_score,ice_storm_rating,cold_wave_score,cold_wave_rating,heat_wave_score,heat_wave_rating,strong_wind_score,strong_wind_rating,winter_weather_score,winter_weather_rating,tornado_score,tornado_rating,hail_score,hail_rating,lightning_score,lightning_rating,inland_flood_score,inland_flood_rating,coastal_flood_score,coastal_flood_rating,wildfire_score,wildfire_rating
48001,Anderson,73.6323155216285,Relatively Low,23248067.774094984,80.08905852,32.283715012722645,73.38339591155612,Relatively Low,82.40586471176275,Relatively High,82.8880407124682,Relatively Moderate,78.32369942196532,Relatively Low,86.45038167938931,Relatively High,61.4258434118396,Relatively Moderate,92.33460559796438,Relatively High,44.14758269720102,Relatively Low,79.51653944020356,Relatively Moderate,69.6882951653944,Relatively Low,,Not Applicable,78.18066157760815,Relatively Low
48003,Andrews,8.969465648854962,Very Low,5992372.678846664,10.62340967,16.28498727735369,15.76971214017522,Very Low,28.390536487837387,Relatively Low,15.903307888040713,Very Low,31.14964675658317,Very Low,21.278625954198475,Relatively Low,27.91215786123488,Relatively Low,18.352417302798983,Very Low,75.50890585241731,Relatively Moderate,22.360050890585242,Very Low,10.782442748091603,Very Low,,Not Applicable,74.96819338422391,Relatively Low
48005,Angelina,71.81933842239185,Relatively Low,23363525.06148763,72.45547074,36.036895674300254,81.26825198164373,Relatively Low,76.24125291569477,Relatively Moderate,64.47201017811705,Relatively Low,95.15093127809891,Relatively Moderate,92.74809160305344,Relatively High,73.01082113303629,Relatively Moderate,67.49363867684478,Relatively Moderate,38.0089058524173,Relatively Low,93.25699745547074,Relatively High,68.6704834605598,Relatively Low,,Not Applicable,80.470737913486,Relatively Low
48007,Aransas,61.19592875318066,Relatively Low,15231956.795719506,90.77608142,82.85623409669212,91.23904881101377,Relatively Moderate,29.72342552482506,Relatively Low,70.83333333333334,Relatively Moderate,58.798972382787404,Relatively Low,17.748091603053435,Relatively Low,17.091024824952257,Very Low,58.587786259541986,Relatively Low,20.197201017811707,Very Low,31.361323155216287,Relatively Low,50.795165394402034,Relatively Low,67.80000000000001,Relatively Moderate,61.832061068702295,Very Low
48009,Archer,7.697201017811704,Very Low,3892914.8572842586,42.87531807,36.51399491094148,28.82770129328327,Very Low,35.32155948017328,Relatively Low,18.352417302798983,Very Low,41.52215799614643,Relatively Low,30.852417302798983,Relatively Low,16.136218968809676,Very Low,31.743002544529265,Relatively Low,49.01399491094148,Relatively Low,3.721374045801527,Very Low,8.619592875318066,Very Low,,Not Applicable,84.35114503816794,Relatively Low
48011,Armstrong,20.0381679389313,Very Low,6366236.50760948,56.10687023,49.1412213740458,0,No Rating,11.86271242919027,Very Low,8.492366412213741,Very Low,9.922928709055876,Very Low,17.048346055979643,Relatively Low,37.0782940802037,Relatively Low,24.013994910941474,Very Low,72.64631043256998,Relatively Low,2.44910941475827,Very Low,1.33587786259542,Very Low,,Not Applicable,74.42748091603053,Relatively Low
48013,Atascosa,60.68702290076335,Relatively Low,13881347.378946759,89.56743003,14.31297709923664,66.75010429703796,Relatively Low,36.421192935688104,Relatively Low,46.723918575063614,Relatively Low,80.4752729608221,Relatively Moderate,51.43129770992366,Relatively Low,55.601527689369824,Relatively Low,81.96564885496184,Relatively Moderate,87.72264631043257,Relatively Moderate,79.80279898218829,Relatively Moderate,61.036895674300254,Relatively Low,,Not Applicable,74.80916030534351,Relatively Low
48015,Austin,53.14885496183206,Relatively Low,14472469.558519641,63.23155216,39.153944020356235,75.92824363788068,Relatively Low,51.58280573142285,Relatively Low,58.71501272264631,Relatively Low,61.40012845215157,Relatively Low,63.39058524173028,Relatively Moderate,7.383831954169319,Very Low,77.32188295165395,Relatively Moderate,37.595419847328245,Relatively Low,51.49491094147582,Relatively Low,57.729007633587784,Relatively Low,,Not Applicable,54.770992366412216,Very Low
48017,Bailey,42.43002544529262,Very Low,7777179.880401916,91.31679389,1.7811704834605597,38.297872340425535,Very Low,18.660446517827392,Very Low,64.94910941475827,Relatively Low,32.9800899165061,Very Low,71.08778625954199,Relatively Moderate,66.45448758752387,Relatively Moderate,42.39821882951654,Relatively Low,94.94274809160305,Relatively High,17.65267175572519,Very Low,13.61323155216285,Very Low,,Not Applicable,88.89949109414759,Relatively Low
48019,Bandera,66.69847328244275,Relatively Low,17039978.37144261,88.99491094,29.325699745547073,46.64163537755528,Very Low,10.263245584805066,Very Low,29.548346055979646,Relatively Low,40.07707129094412,Relatively Low,61.60941475826972,Relatively Moderate,69.25525143220878,Relatively Moderate,65.01272264631042,Relatively Moderate,81.04325699745547,Relatively Moderate,84.38295165394402,Relatively High,79.26208651399492,Relatively Moderate,,Not Applicable,86.67302798982189,Relatively Low
48021,Bastrop,81.1704834605598,Relatively Moderate,42516436.34785345,43.63867684,26.494910941475823,63.24572382144347,Relatively Low,57.8807064311896,Relatively Low,74.87277353689568,Relatively Moderate,83.55812459858703,Relatively Moderate,68.06615776081425,Relatively Moderate,79.82176957352006,Relatively Moderate,91.06234096692111,Relatively High,85.1145038167939,Relatively Moderate,70.19720101781171,Relatively Moderate,86.22773536895674,Relatively Moderate,,Not Applicable,71.78753180661577,Relatively Low
48023,Baylor,17.493638676844782,Very Low,4225490.596631414,95.83333333,55.75699745547074,31.414267834793492,Very Low,28.29056981006331,Relatively Low,16.889312977099237,Very Low,32.72318561335902,Very Low,62.11832061068703,Relatively Moderate,11.839592616168046,Very Low,33.81043256997455,Relatively Low,62.65903307888041,Relatively Low,1.55852417302799,Very Low,15.553435114503817,Very Low,,Not Applicable,64.53562340966921,Relatively Low
48025,Bee,62.69083969465649,Relatively Low,16196021.221448,78.81679389,11.005089058524172,91.19732999582811,Relatively Moderate,52.14928357214262,Relatively Low,68.22519083969466,Relatively Moderate,82.08092485549133,Relatively Moderate,43.89312977099237,Relatively Low,32.97262889879058,Relatively Low,64.91730279898219,Relatively Moderate,55.37531806615776,Relatively Low,57.601781170483456,Relatively Moderate,39.82188295165394,Relatively Low,,Not Applicable,61.800254452926204,Very Low
48027,Bell,91.12595419847328,Relatively Moderate,107015747.82780121,29.93002545,60.846055979643765,79.01543596161869,Relatively Low,75.674775074975,Relatively Moderate,95.16539440203562,Relatively High,94.5407835581246,Relatively Moderate,77.19465648854961,Relatively Moderate,95.76702737110121,Relatively High,98.56870229007633,Relatively High,98.6323155216285,Relatively High,97.20101781170484,Very High,89.15394402035624,Relatively Moderate,,Not Applicable,89.66284987277355,Relatively Moderate
48029,Bexar,99.42748091603053,Relatively High,619365285.3899428,57.22010178,21.692111959287534,83.52106800166875,Relatively Moderate,79.14028657114295,Relatively Moderate,94.75190839694656,Relatively High,99.38985228002569,Relatively High,87.05470737913485,Relatively High,88.28771483131763,Relatively High,99.90458015267176,Very High,99.93638676844783,Very High,96.46946564885496,Relatively High,99.6501272264631,Very High,,Not Applicable,92.36641221374046,Relatively Moderate
48031,Blanco,33.01526717557252,Very Low,10118727.040357439,45.38804071,52.51272264631043,52.27367542761786,Very Low,13.16227924025325,Very Low,25.922391857506362,Relatively Low,30.186255619781633,Very Low,22.55089058524173,Relatively Low,39.242520687460214,Relatively Low,41.98473282442748,Relatively Low,64.24936386768448,Relatively Low,35.909669211195926,Relatively Low,51.43129770992366,Relatively Low,,Not Applicable,74.84096692111959,Relatively Low
48033,Borden,5.693384223918575,Very Low,2666804.9656266095,60.62340967,5.470737913486006,10.763454317897372,Very Low,3.798733755414862,Very Low,8.396946564885496,Very Low,7.353885677585099,Very Low,10.973282442748092,Very Low,6.142584341183959,Very Low,11.259541984732824,Very Low,60.846055979643765,Relatively Low,0.731552162849873,Very Low,0.731552162849873,Very Low,,Not Applicable,74.6501272264631,Relatively Low
48035,Bosque,36.895674300254456,Very Low,9121147.556233253,69.81552163,33.36513994910941,53.60867751355861,Very Low,23.72542485838054,Very Low,47.13740458015267,Relatively Low,56.422607578676946,Relatively Low,22.868956743002546,Relatively Low,10.120942075111394,Very Low,71.37404580152672,Relatively Moderate,59.98727735368957,Relatively Low,90.71246819338423,Relatively High,40.29898218829516,Relatively Low,,Not Applicable,84.82824427480917,Relatively Low
48037,Bowie,79.00763358778626,Relatively Low,33387956.487526495,63.77226463,50.19083969465649,49.93742177722152,Very Low,96.56781072975674,Very High,64.44020356234097,Relatively Low,91.49004495825305,Relatively Moderate,53.53053435114504,Relatively Moderate,74.25206874602164,Relatively Moderate,93.73409669211196,Relatively High,98.15521628498728,Relatively High,85.43256997455471,Relatively High,68.86132315521628,Relatively Low,,Not Applicable,74.23664122137404,Relatively Low
48039,Brazoria,93.63867684478372,Relatively Moderate,161466357.99291033,23.9821883,81.99745547073792,96.91280767626199,Relatively High,85.10496501166278,Relatively High,83.14249363867684,Relatively Moderate,93.0635838150289,Relatively Moderate,59.573791348600516,Relatively Moderate,22.374283895607896,Very Low,97.04198473282443,Relatively High,60.08269720101781,Relatively Low,95.54707379134861,Relatively High,94.40203562340967,Relatively High,76.4,Relatively Moderate,86.10050890585241,Relatively Low
48041,Brazos,88.35877862595419,Relatively Moderate,62684279.57386726,59.89185751,48.854961832061065,85.64872757613684,Relatively Moderate,84.60513162279241,Relatively High,97.51908396946564,Relatively High,91.74694926140012,Relatively Moderate,89.24936386768448,Relatively High,90.3564608529599,Relatively High,96.66030534351145,Relatively High,89.31297709923665,Relatively Moderate,97.51908396946564,Very High,82.79262086513995,Relatively Moderate,,Not Applicable,58.36513994910941,Very Low
48043,Brewster,21.055979643765905,Very Low,6728540.412199387,52.13104326,23.918575063613233,28.32707551105549,Very Low,44.9516827724092,Relatively Low,12.27735368956743,Very Low,62.6204238921002,Relatively Low,6.933842239185751,Very Low,40.83386378103119,Relatively Low,15.012722646310433,Very Low,34.51017811704835,Relatively Low,73.31424936386769,Relatively Moderate,33.74681933842239,Very Low,,Not Applicable,88.67684478371501,Relatively Low
48045,Briscoe,8.746819338422391,Very Low,5882475.574023301,10.62340967,14.408396946564887,9.428452231956612,Very Low,6.497834055314895,Very Low,9.764631043256998,Very Low,16.795118818240205,Very Low,9.223918575063614,Very Low,14.353914704010185,Very Low,15.330788804071247,Very Low,55.85241730279898,Relatively Low,2.131043256997455,Very Low,0.44529262086514,Very Low,,Not Applicable,57.98346055979644,Very Low
48047,Brooks,60.81424936386769,Relatively Low,13480520.127920272,88.89949109,3.307888040712468,81.60200250312892,Relatively Moderate,28.22392535821393,Relatively Low,97.13740458015268,Relatively High,33.140655105973025,Very Low,5.025445292620865,Very Low,8.784213876511776,Very Low,20.706106870229007,Very Low,61.67302798982188,Relatively Low,8.555979643765903,Very Low,18.00254452926209,Very Low,,Not Applicable,60.08269720101781,Very Low
48049,Brown,64.8854961832061,Relatively Low,19260051.461292375,71.34223919,62.56361323155216,44.97288277012933,Very Low,5.964678440519826,Very Low,69.05216284987277,Relatively Moderate,61.52858060372511,Relatively Low,72.04198473282443,Relatively Moderate,78.16677275620624,Relatively Moderate,70.48346055979644,Relatively Moderate,87.59541984732824,Relatively Moderate,44.81552162849873,Relatively Low,72.96437659033079,Relatively Moderate,,Not Applicable,86.16412213740458,Relatively Low
48051,Burleson,29.134860050890588,Very Low,7476654.84106145,68.60687023,30.438931297709924,72.50730079265749,Relatively Low,55.28157280906365,Relatively Low,60.464376590330794,Relatively Low,47.62363519588953,Relatively Low,29.802798982188293,Relatively Low,33.736473583704644,Relatively Low,36.54580152671756,Relatively Low,55.470737913486005,Relatively Low,34.82824427480916,Relatively Low,34.9236641221374,Very Low,,Not Applicable,42.55725190839695,Very Low
48053,Burnet,76.62213740458014,Relatively Low,25824364.113552626,82.6653944,35.52798982188295,60.40884438881936,Relatively Low,32.88903698767078,Relatively Low,73.60050890585241,Relatively Moderate,82.1451509312781,Relatively Moderate,83.11068702290076,Relatively Moderate,82.87714831317632,Relatively Moderate,84.764631043257,Relatively Moderate,87.43638676844783,Relatively Moderate,64.75826972010178,Relatively Moderate,82.28371501272265,Relatively Moderate,,Not Applicable,88.8676844783715,Relatively Low
48055,Caldwell,79.77099236641222,Relatively Low,33047178.3336735,64.66284987,9.033078880407125,60.24196912807677,Relatively Low,41.38620459846718,Relatively Low,54.770992366412216,Relatively Low,74.11689145793193,Relatively Low,84.95547073791349,Relatively High,67.28198599618078,Relatively Moderate,82.85623409669212,Relatively Moderate,86.76844783715013,Relatively Moderate,63.80407124681934,Relatively Moderate,87.11832061068702,Relatively Moderate,,Not Applicable,68.00254452926208,Relatively Low
48057,Calhoun,66.2531806615776,Relatively Low,21605814.91369396,63.23155216,73.88676844783714,92.82436378806842,Relatively Moderate,32.55581472842386,Relatively Low,79.03944020356234,Relatively Moderate,52.66538214515093,Relatively Low,12.181933842239186,Very Low,15.11775938892425,Very Low,46.0559796437659,Relatively Low,19.81552162849873,Very Low,77.48091603053436,Relatively Moderate,39.12213740458015,Relatively Low,53.800000000000004,Relatively Low,58.14249363867684,Very Low
48059,Callahan,14.694656488549619,Very Low,4780607.777023713,70.13358779,75.98600508905852,28.952857738840216,Very Low,6.197934021992669,Very Low,16.539440203562343,Very Low,43.35260115606936,Relatively Low,31.90203562340967,Relatively Low,52.38701464035647,Relatively Low,52.703562340966926,Relatively Low,84.98727735368958,Relatively Moderate,15.966921119592875,Very Low,13.867684478371501,Very Low,,Not Applicable,81.99745547073792,Relatively Low
48061,Cameron,97.29643765903307,Relatively High,165130655.83195043,91.66666667,6.297709923664121,99.04046725073007,Very High,94.53515494835055,Relatively High,99.49109414758269,Very High,97.27039177906231,Relatively High,87.62722646310432,Relatively High,85.86887332908975,Relatively High,85.14631043256998,Relatively Moderate,96.62849872773536,Relatively High,82.31552162849873,Relatively High,92.8117048346056,Relatively Moderate,67,Relatively Moderate,83.77862595419847,Relatively Low
48063,Camp,39.344783715012724,Very Low,7402370.206516666,95.54707379,22.360050890585242,54.73508552357112,Very Low,91.56947684105297,Relatively High,41.06234096692112,Relatively Low,60.372511239563266,Relatively Low,61.92748091603053,Relatively Moderate,36.95098663271801,Relatively Low,81.87022900763358,Relatively Moderate,78.14885496183206,Relatively Moderate,31.90203562340967,Relatively Low,23.727735368956743,Very Low,,Not Applicable,70.99236641221374,Relatively Low
48065,Carson,25.222646310432573,Very Low,11480554.751903394,11.38676845,71.27862595419847,0,No Rating,29.990003332222592,Relatively Low,28.24427480916031,Relatively Low,10.436737315350033,Very Low,34.605597964376585,Relatively Low,60.34373010821133,Relatively Low,40.839694656488554,Relatively Low,80.02544529262087,Relatively Moderate,12.404580152671755,Very Low,3.594147582697201,Very Low,,Not Applicable,86.86386768447836,Relatively Low
48067,Cass,50.795165394402034,Relatively Low,10776656.024906687,91.28498728,37.43638676844784,56.278681685440134,Very Low,94.10196601132955,Relatively High,46.85114503816794,Relatively Low,79.64033397559409,Relatively Moderate,85.49618320610686,Relatively High,52.51432208784214,Relatively Low,73.9821882951654,Relatively Moderate,90.99872773536896,Relatively Moderate,54.770992366412216,Relatively Low,39.91730279898219,Relatively Low,,Not Applicable,70.83333333333334,Relatively Low
48069,Castro,34.4147582697201,Very Low,7725428.892674219,75.50890585,1.7493638676844785,0,No Rating,17.960679773408863,Very Low,50.47709923664122,Relatively Low,18.689788053949904,Very Low,54.961832061068705,Relatively Moderate,74.60216422660726,Relatively Moderate,53.9440203562341,Relatively Low,96.27862595419847,Relatively High,18.956743002544528,Very Low,11.227735368956743,Very Low,,Not Applicable,73.79134860050891,Relatively Low
48071,Chambers,51.844783715012724,Relatively Low,30430400.818136815,10.62340967,97.264631043257,85.77388402169377,Relatively Moderate,56.914361879373544,Relatively Low,49.10941475826972,Relatively Low,52.69749518304432,Relatively Low,21.564885496183205,Relatively Low,16.231699554423933,Very Low,75.63613231552164,Relatively Moderate,28.30788804071247,Very Low,74.61832061068702,Relatively Moderate,47.80534351145038,Relatively Low,55.00000000000001,Relatively Low,78.84860050890585,Relatively Low
48073,Cherokee,61.641221374045806,Relatively Low,17265254.037417457,70.83333333,25.349872773536898,70.71339173967459,Relatively Low,81.87270909696768,Relatively Moderate,78.30788804071247,Relatively Moderate,82.91586384071933,Relatively Moderate,91.66666666666666,Relatively High,67.53660089115213,Relatively Moderate,69.529262086514,Relatively Moderate,39.31297709923664,Relatively Low,70.35623409669212,Relatively Moderate,59.19211195928753,Relatively Low,,Not Applicable,77.83078880407125,Relatively Low
48075,Childress,19.561068702290076,Very Low,6350539.0443548355,53.75318066,26.717557251908396,18.48143512724239,Very Low,54.51516161279574,Relatively Low,21.85114503816794,Very Low,22.736030828516377,Very Low,89.69465648854961,Relatively High,49.267982176957354,Relatively Low,30.852417302798983,Relatively Low,74.52290076335878,Relatively Moderate,10.05089058524173,Very Low,3.944020356234097,Very Low,,Not Applicable,64.7264631043257,Relatively Low
48077,Clay,14.28117048346056,Very Low,5678255.592808644,43.28880407,57.029262086513995,27.57613683771381,Very Low,38.65378207264245,Relatively Low,18.893129770992367,Very Low,45.50417469492614,Relatively Low,32.82442748091603,Relatively Low,19.223424570337365,Very Low,52.25826972010178,Relatively Low,53.21246819338422,Relatively Low,4.421119592875318,Very Low,14.153944020356235,Very Low,,Not Applicable,87.88167938931298,Relatively Low
48079,Cochran,12.786259541984732,Very Low,3977248.1273228717,73.28244275,2.5127226463104324,19.774718397997496,Very Low,9.43018993668777,Very Low,20.865139949109416,Very Low,9.248554913294797,Very Low,26.78117048346056,Relatively Low,29.057924888605985,Relatively Low,21.692111959287534,Very Low,89.47201017811705,Relatively Moderate,3.784987277353689,Very Low,1.78117048346056,Very Low,,Not Applicable,68.32061068702289,Relatively Low
48081,Coke,3.657760814249364,Very Low,2275153.536438754,57.02926209,28.33969465648855,15.47768043387568,Very Low,4.565144951682773,Very Low,11.132315521628499,Very Low,21.38728323699422,Very Low,25.127226463104325,Relatively Low,20.78294080203692,Very Low,22.83715012722646,Very Low,50.731552162849866,Relatively Low,11.291348600508906,Very Low,5.248091603053435,Very Low,,Not Applicable,83.33333333333334,Relatively Low
48083,Coleman,20.610687022900763,Very Low,4991260.7281944575,88.42239186,43.765903307888046,38.84021693783897,Very Low,8.697100966344552,Very Low,22.74173027989822,Very Low,35.61335902376365,Very Low,77.95801526717557,Relatively Moderate,43.02991725015913,Relatively Low,38.32697201017812,Relatively Low,80.21628498727735,Relatively Moderate,30.62977099236641,Relatively Low,22.646310432569976,Very Low,,Not Applicable,79.00763358778626,Relatively Low
48085,Collin,98.85496183206108,Relatively High,716302548.6945535,10.62340967,58.36513994910941,59.741343345848975,Relatively Low,91.5028323892036,Relatively High,95.73791348600508,Relatively High,97.7199743095697,Relatively High,87.72264631043257,Relatively High,91.12030553787397,Relatively High,99.93638676844783,Very High,99.90458015267176,Very High,67.68447837150127,Relatively Moderate,96.78753180661577,Relatively High,,Not Applicable,81.01145038167938,Relatively Low
48087,Collingsworth,27.417302798982192,Very Low,7503475.736400091,58.61959288,3.7849872773536894,12.181894034209428,Very Low,60.51316227924025,Relatively Moderate,19.84732824427481,Very Low,11.689145793192036,Very Low,53.912213740458014,Relatively Moderate,41.59770846594526,Relatively Low,34.033078880407125,Relatively Low,61.959287531806616,Relatively Low,8.174300254452927,Very Low,3.276081424936387,Very Low,,Not Applicable,75.12722646310432,Relatively Low
48089,Colorado,62.24554707379135,Relatively Low,15859878.075189646,83.90585242,40.55343511450381,87.98498122653316,Relatively Moderate,56.247917360879704,Relatively Low,80.1208651399491,Relatively Moderate,62.17084136159281,Relatively Low,47.80534351145038,Relatively Low,30.012730744748566,Relatively Low,71.08778625954199,Relatively Moderate,54.51653944020356,Relatively Low,61.25954198473282,Relatively Moderate,51.04961832061069,Relatively Low,,Not Applicable,49.42748091603054,Very Low
48091,Comal,92.68447837150127,Relatively Moderate,143721897.4228583,22.7735369,73.53689567430025,62.87025448477264,Relatively Low,60.84638453848717,Relatively Moderate,76.62213740458014,Relatively Moderate,88.18240205523442,Relatively Moderate,77.00381679389314,Relatively Moderate,91.31126670910248,Relatively High,93.22519083969466,Relatively High,94.43384223918575,Relatively High,89.34478371501272,Relatively High,96.56488549618321,Relatively High,,Not Applicable,89.31297709923665,Relatively Moderate
48093,Comanche,51.01781170483461,Relatively Low,11000929.458846286,86.38676845,14.185750636132315,53.90070921985816,Very Low,19.126957680773078,Very Low,63.26335877862596,Relatively Low,43.12780989081567,Relatively Low,39.79007633587786,Relatively Low,58.02036919159771,Relatively Low,67.52544529262087,Relatively Moderate,83.04707379134861,Relatively Moderate,45.16539440203562,Relatively Low,54.73918575063613,Relatively Low,,Not Applicable,92.14376590330788,Relatively Moderate
48095,Concho,4.484732824427481,Very Low,2389147.341033726,61.57760814,9.987277353689567,27.075511055486025,Very Low,2.332555814728424,Very Low,7.601781170483461,Very Low,17.63005780346821,Very Low,13.104325699745548,Very Low,16.772756206238064,Very Low,18.193384223918574,Very Low,50.31806615776081,Relatively Low,17.239185750636132,Very Low,4.039440203562341,Very Low,,Not Applicable,62.40458015267175,Very Low
48097,Cooke,73.31424936386769,Relatively Low,28478847.31133415,53.21246819,25.922391857506362,48.14351272423863,Very Low,86.83772075974674,Relatively High,37.56361323155216,Relatively Low,77.39242132305716,Relatively Low,69.27480916030534,Relatively Moderate,31.890515595162316,Relatively Low,91.47582697201018,Relatively High,92.6526717557252,Relatively Moderate,39.217557251908396,Relatively Low,66.82569974554707,Relatively Low,,Not Applicable,91.50763358778626,Relatively Moderate
48099,Coryell,63.42239185750637,Relatively Low,22910564.826550696,38.58142494,14.376590330788805,58.48977889027952,Relatively Low,43.81872709096968,Relatively Low,77.51272264631042,Relatively Moderate,69.7495183044316,Relatively Low,37.02290076335878,Relatively Low,79.69446212603437,Relatively Moderate,87.62722646310432,Relatively Moderate,78.11704834605598,Relatively Moderate,85.75063613231552,Relatively High,63.13613231552163,Relatively Low,,Not Applicable,83.23791348600508,Relatively Low
48101,Cottle,12.46819338422392,Very Low,3160814.779115816,96.46946565,12.849872773536896,17.313308302044224,Very Low,30.023325558147285,Relatively Low,5.120865139949109,Very Low,12.3956326268465,Very Low,32.95165394402035,Relatively Low,11.935073201782304,Very Low,17.58905852417303,Very Low,59.478371501272264,Relatively Low,4.166666666666666,Very Low,1.526717557251908,Very Low,,Not Applicable,62.88167938931297,Very Low
48103,Crane,1.145038167938931,Very Low,970999.7622196235,80.31170483,6.965648854961833,11.097204839382561,Very Low,17.227590803065645,Very Low,10.368956743002544,Very Low,25.337186897880535,Very Low,18.575063613231553,Relatively Low,28.61234882240611,Relatively Low,13.963104325699746,Very Low,46.11959287531807,Relatively Low,14.567430025445294,Very Low,3.530534351145039,Very Low,,Not Applicable,54.103053435114504,Very Low
48105,Crockett,5.820610687022901,Very Low,3355877.080925168,34.22391858,15.203562340966922,19.732999582811846,Very Low,0.166611129623459,Very Low,7.124681933842239,Very Low,13.391136801541425,Very Low,4.611959287531807,Very Low,15.722469764481223,Very Low,10.01908396946565,Very Low,15.362595419847327,Very Low,9.63740458015267,Very Low,20.833333333333336,Very Low,,Not Applicable,78.14885496183206,Relatively Low
48107,Crosby,23.727735368956743,Very Low,4576494.379737018,98.72773537,10.559796437659033,20.52565707133917,Very Low,42.55248250583139,Relatively Low,28.72137404580153,Relatively Low,19.107257546563904,Very Low,64.3765903307888,Relatively Moderate,23.424570337364734,Very Low,46.50127226463104,Relatively Low,89.18575063613231,Relatively Moderate,7.697201017811704,Very Low,5.470737913486006,Very Low,,Not Applicable,61.25954198473282,Very Low
48109,Culberson,11.641221374045802,Very Low,2826454.580527,97.39185751,0.9860050890585241,11.430955360867753,Very Low,49.48350549816728,Relatively Low,8.078880407124682,Very Low,14.354527938342967,Very Low,16.50763358778626,Very Low,32.46339910884787,Relatively Low,5.725190839694656,Very Low,24.52290076335878,Very Low,13.61323155216285,Very Low,6.583969465648855,Very Low,,Not Applicable,67.23918575063614,Relatively Low
48111,Dallam,51.14503816793893,Relatively Low,14231306.648717053,51.74936387,0.5725190839694656,,Not Applicable,46.91769410196601,Relatively Low,76.14503816793892,Relatively Moderate,9.987154784842646,Very Low,44.6882951653944,Relatively Low,82.8453214513049,Relatively Moderate,35.973282442748086,Relatively Low,71.69211195928753,Relatively Low,71.97837150127226,Relatively Moderate,14.949109414758269,Very Low,,Not Applicable,74.55470737913485,Relatively Low
48113,Dallas,99.6501272264631,Very High,973176568.6564,59.12849873,12.945292620865139,73.55027117229871,Relatively Low,99.66677774075309,Very High,99.87277353689568,Very High,99.93577392421324,Very High,98.47328244274809,Very High,98.66327180140038,Very High,99.84096692111959,Very High,100,Very High,98.05979643765903,Very High,99.55470737913485,Very High,,Not Applicable,80.27989821882952,Relatively Low
48115,Dawson,38.74045801526718,Very Low,8390666.90617367,82.60178117,21.564885496183205,34.292866082603254,Very Low,23.225591469510164,Very Low,74.58651399491094,Relatively Moderate,31.759794476557484,Very Low,76.74936386768448,Relatively Moderate,40.101845957988544,Relatively Low,52.13104325699746,Relatively Low,92.08015267175573,Relatively Moderate,14.472010178117047,Very Low,18.765903307888042,Very Low,,Not Applicable,56.965648854961835,Very Low
48117,Deaf Smith,61.800254452926204,Relatively Low,19822855.37031655,50.66793893,4.357506361323155,0,No Rating,20.893035654781738,Very Low,86.51399491094148,Relatively Moderate,26.23635195889531,Very Low,84.98727735368958,Relatively High,91.72501591343094,Relatively High,69.6882951653944,Relatively Moderate,97.42366412213741,Relatively High,33.396946564885496,Relatively Low,13.136132315521628,Very Low,,Not Applicable,85.75063613231552,Relatively Low
48119,Delta,8.9058524173028,Very Low,4073111.1298966445,51.43129771,60.30534351145038,41.38506466416354,Very Low,81.27290903032322,Relatively Moderate,22.201017811704833,Very Low,36.28773281952473,Very Low,16.825699745547073,Very Low,10.502864417568428,Very Low,49.300254452926204,Relatively Low,45.5470737913486,Relatively Low,5.979643765903308,Very Low,6.361323155216285,Very Low,,Not Applicable,39.599236641221374,Very Low
48121,Denton,96.9147582697201,Relatively High,354730645.7080062,10.62340967,37.150127226463106,58.406341259908224,Very Low,97.20093302232588,Very High,93.92493638676844,Relatively High,97.97687861271676,Relatively High,92.71628498727735,Relatively High,86.15531508593253,Relatively High,99.80916030534351,Very High,99.68193384223919,Very High,80.62977099236642,Relatively Moderate,95.70610687022901,Relatively High,,Not Applicable,92.970737913486,Relatively Moderate
48123,DeWitt,83.9058524173028,Relatively Moderate,31384919.74446017,97.67811705,37.786259541984734,90.27951606174385,Relatively Moderate,33.28890369876707,Relatively Low,73.15521628498728,Relatively Moderate,66.57032755298651,Relatively Low,34.891857506361326,Relatively Low,35.83704646721833,Relatively Low,70.73791348600508,Relatively Moderate,67.43002544529261,Relatively Low,62.97709923664122,Relatively Moderate,89.2175572519084,Relatively Moderate,,Not Applicable,67.58905852417303,Relatively Low
48125,Dickens,13.61323155216285,Very Low,3460258.4578605862,93.543257,16.030534351145036,12.640801001251564,Very Low,17.827390869710097,Very Low,17.048346055979643,Very Low,12.074502247912653,Very Low,28.24427480916031,Relatively Low,8.975175047740294,Very Low,18.00254452926209,Very Low,70.8969465648855,Relatively Low,4.643765903307888,Very Low,1.876590330788804,Very Low,,Not Applicable,76.39949109414759,Relatively Low
48127,Dimmit,35.87786259541985,Very Low,6265750.7971197255,99.55470738,5.8842239185750635,61.785565289945765,Relatively Low,26.124625124958346,Very Low,51.24045801526718,Relatively Low,94.89402697495183,Relatively Moderate,6.393129770992366,Very Low,13.271801400381921,Very Low,28.24427480916031,Relatively Low,22.709923664122137,Very Low,39.44020356234097,Relatively Low,19.37022900763359,Very Low,,Not Applicable,54.54834605597965,Very Low
48129,Donley,26.622137404580155,Very Low,6640308.972211823,72.51908397,13.486005089058525,20.483938256153525,Very Low,47.71742752415861,Relatively Low,31.424936386768447,Relatively Low,16.024405908798972,Very Low,46.69211195928753,Relatively Low,51.84595798854234,Relatively Low,40.235368956743,Relatively Low,81.74300254452926,Relatively Moderate,12.245547073791348,Very Low,4.230279898218829,Very Low,,Not Applicable,84.51017811704835,Relatively Low
48131,Duval,54.42111959287532,Relatively Low,9930506.233523201,99.33206107,4.993638676844784,74.84355444305382,Relatively Low,48.083972009330225,Relatively Low,94.8791348600509,Relatively High,73.28195247270392,Relatively Low,15.521628498727736,Very Low,10.216422660725652,Very Low,31.774809160305345,Relatively Low,73.2824427480916,Relatively Moderate,5.311704834605599,Very Low,28.5941475826972,Very Low,,Not Applicable,52.41730279898219,Very Low
48133,Eastland,41.157760814249365,Very Low,9466613.553997636,80.31170483,59.605597964376585,46.76679182311222,Very Low,29.456847717427525,Relatively Low,65.07633587786259,Relatively Low,49.22928709055876,Relatively Low,43.98854961832061,Relatively Low,44.20751113940165,Relatively Low,65.2671755725191,Relatively Moderate,84.89185750636132,Relatively Moderate,34.44656488549619,Relatively Low,43.161577608142494,Relatively Low,,Not Applicable,88.07251908396947,Relatively Low
48135,Ector,82.82442748091603,Relatively Moderate,46414961.82994021,44.87913486,14.726463104325699,36.2953692115144,Very Low,76.107964011996,Relatively Moderate,68.41603053435115,Relatively Moderate,86.19139370584458,Relatively Moderate,87.46819338422391,Relatively High,97.26288987905792,Very High,82.41094147582697,Relatively Moderate,99.20483460559797,Relatively High,85.97328244274809,Relatively High,81.71119592875317,Relatively Moderate,,Not Applicable,88.32697201017811,Relatively Low
48137,Edwards,5.725190839694656,Very Low,2049887.579937263,87.08651399,2.926208651399491,45.223195661243224,Very Low,0.199933355548151,Very Low,9.414758269720101,Very Low,10.56518946692357,Very Low,5.057251908396947,Very Low,20.146403564608526,Very Low,13.676844783715012,Very Low,36.959287531806616,Relatively Low,16.348600508905854,Very Low,17.84351145038168,Very Low,,Not Applicable,74.49109414758269,Relatively Low
48139,Ellis,81.61577608142494,Relatively Moderate,46926908.16227988,35.30534351,75.28625954198473,52.19023779724657,Very Low,58.04731756081306,Relatively Low,88.8676844783715,Relatively Moderate,90.62299293513166,Relatively Moderate,41.85750636132315,Relatively Low,63.5582431572247,Relatively Moderate,87.75445292620864,Relatively Moderate,96.53307888040712,Relatively High,86.19592875318067,Relatively High,83.46055979643766,Relatively Moderate,,Not Applicable,86.06870229007633,Relatively Low
48141,El Paso,95.45165394402035,Relatively High,120821270.2105431,85.17811705,4.071246819338422,41.13475177304964,Very Low,70.54315228257248,Relatively Moderate,83.52417302798982,Relatively Moderate,98.68336544637123,Relatively High,95.41984732824427,Relatively High,99.90451941438575,Very High,34.79643765903308,Relatively Low,99.55470737913485,Very High,99.87277353689568,Very High,96.81933842239185,Relatively High,,Not Applicable,70.96055979643766,Relatively Low
48143,Erath,75,Relatively Low,33944284.97687907,39.53562341,56.10687022900763,56.40383813099707,Very Low,30.489836721092967,Relatively Low,92.30279898218829,Relatively High,58.89531149646756,Relatively Low,52.13104325699746,Relatively Moderate,48.440483768300446,Relatively Low,82.82442748091603,Relatively Moderate,67.77989821882952,Relatively Low,68.63867684478372,Relatively Moderate,72.07379134860051,Relatively Low,,Not Applicable,95.48346055979644,Relatively Moderate
48145,Falls,26.240458015267176,Very Low,5967030.3219723115,85.62340967,35.17811704834606,68.04338756779308,Relatively Low,31.722759080306563,Relatively Low,49.4910941475827,Relatively Low,53.7893384714194,Relatively Low,26.049618320610683,Relatively Low,39.08338637810312,Relatively Low,69.8791348600509,Relatively Moderate,61.99109414758269,Relatively Low,59.510178117048355,Relatively Moderate,24.077608142493638,Very Low,,Not Applicable,54.48473282442748,Very Low
48147,Fannin,68.12977099236642,Relatively Low,26860378.324707534,38.58142494,34.44656488549619,48.769294952023365,Very Low,90.83638787070977,Relatively High,62.913486005089055,Relatively Low,89.59537572254335,Relatively Moderate,66.95292620865139,Relatively Moderate,33.19541693189051,Relatively Low,87.30916030534351,Relatively Moderate,86.92748091603053,Relatively Moderate,46.278625954198475,Relatively Low,36.45038167938932,Relatively Low,,Not Applicable,70.10178117048346,Relatively Low
48149,Fayette,57.98346055979644,Relatively Low,17087026.736736286,59.82824427,55.6615776081425,80.5590321234877,Relatively Low,41.48617127624125,Relatively Low,67.8117048346056,Relatively Moderate,58.63840719332048,Relatively Low,49.23664122137404,Relatively Low,42.90260980267346,Relatively Low,70.80152671755725,Relatively Moderate,65.77608142493638,Relatively Low,54.38931297709924,Relatively Low,64.82188295165395,Relatively Low,,Not Applicable,49.713740458015266,Very Low
48151,Fisher,1.940203562340967,Very Low,2904838.9750298364,10.62340967,61.641221374045806,12.51564455569462,Very Low,8.597134288570476,Very Low,10.559796437659033,Very Low,15.831727681438664,Very Low,13.963104325699746,Very Low,10.98026734563972,Very Low,14.567430025445294,Very Low,56.87022900763359,Relatively Low,2.385496183206107,Very Low,2.703562340966921,Very Low,,Not Applicable,48.88676844783715,Very Low
48153,Floyd,30.725190839694655,Very Low,7754978.287528285,71.62849873,37.75445292620866,31.122236128493952,Very Low,36.0213262245918,Relatively Low,27.671755725190838,Relatively Low,14.547206165703274,Very Low,55.534351145038165,Relatively Moderate,57.065563335455124,Relatively Low,44.910941475826974,Relatively Low,96.81933842239185,Relatively High,17.4618320610687,Very Low,11.259541984732824,Very Low,,Not Applicable,73.31424936386769,Relatively Low
48155,Foard,4.4529262086514,Very Low,2303771.146485287,66.57124682,17.302798982188293,12.974551522736755,Very Low,15.22825724758414,Very Low,3.912213740458016,Very Low,15.510597302504816,Very Low,50.22264631043257,Relatively Low,6.588160407383832,Very Low,17.048346055979643,Very Low,39.18575063613232,Relatively Low,0.636132315521628,Very Low,1.049618320610687,Very Low,,Not Applicable,41.06234096692112,Very Low
48157,Fort Bend,97.45547073791349,Relatively High,346168109.2398579,16.98473282,70.13358778625954,97.58030871923238,Relatively High,93.33555481506166,Relatively High,95.45165394402035,Relatively High,97.84842646114322,Relatively High,94.11577608142494,Relatively High,46.88096753660089,Relatively Low,99.20483460559797,Very High,73.85496183206108,Relatively Moderate,99.36386768447836,Very High,97.6145038167939,Relatively High,19.2,Very Low,80.05725190839695,Relatively Low
48159,Franklin,24.80916030534351,Very Low,6799121.287605832,69.08396947,70.86513994910942,55.527743012098455,Very Low,88.53715428190603,Relatively High,36.32315521628499,Relatively Low,50.481695568400774,Relatively Low,49.36386768447837,Relatively Low,28.485041374920435,Relatively Low,72.29643765903307,Relatively Moderate,67.74809160305344,Relatively Low,15.235368956743004,Very Low,17.048346055979643,Very Low,,Not Applicable,58.842239185750635,Very Low
48161,Freestone,56.52035623409669,Relatively Low,13357977.482336197,82.34732824,30.59796437659033,71.54776804338758,Relatively Low,69.34355214928357,Relatively Moderate,90.07633587786259,Relatively High,51.669877970456,Relatively Low,38.295165394402034,Relatively Low,36.887332908975175,Relatively Low,73.1234096692112,Relatively Moderate,36.32315521628499,Relatively Low,60.655216284987276,Relatively Moderate,47.01017811704835,Relatively Low,,Not Applicable,70.06997455470739,Relatively Low
48163,Frio,55.94783715012722,Relatively Low,10652522.908988401,92.81170483,1.6857506361323156,71.58948685857321,Relatively Low,40.45318227257581,Relatively Low,84.60559796437659,Relatively Moderate,84.84264611432242,Relatively Moderate,24.52290076335878,Relatively Low,33.64099299809039,Relatively Low,53.37150127226463,Relatively Low,74.26844783715013,Relatively Moderate,55.025445292620866,Relatively Low,46.56488549618321,Relatively Low,,Not Applicable,75.15903307888041,Relatively Low
48165,Gaines,57.63358778625955,Relatively Low,12924365.237283705,79.29389313,0.6997455470737913,39.3825615352524,Very Low,43.68543818727091,Relatively Low,85.43256997455471,Relatively Moderate,46.94926140012845,Relatively Low,77.09923664122137,Relatively Moderate,61.203055378739656,Relatively Moderate,43.47964376590331,Relatively Low,95.61068702290076,Relatively High,47.32824427480916,Relatively Low,30.375318066157757,Very Low,,Not Applicable,93.38422391857506,Relatively Moderate
48167,Galveston,95.3880407124682,Relatively High,197978889.12088558,32.44274809,97.70992366412213,97.03796412181894,Relatively High,90.53648783738754,Relatively High,99.39567430025446,Very High,93.54527938342967,Relatively Moderate,52.16284987277354,Relatively Moderate,15.945257797581158,Very Low,96.94656488549617,Relatively High,68.51145038167938,Relatively Low,97.39185750636132,Very High,93.63867684478372,Relatively High,88.6,Relatively High,84.92366412213741,Relatively Low
48169,Garza,20.006361323155218,Very Low,4703414.785921845,81.61577608,1.1450381679389312,11.4726741760534,Very Low,27.224258580473176,Relatively Low,20.29262086513995,Very Low,19.588953114964674,Very Low,42.55725190839695,Relatively Low,34.532145130490136,Relatively Low,39.217557251908396,Relatively Low,79.13486005089058,Relatively Moderate,7.601781170483461,Very Low,3.339694656488549,Very Low,,Not Applicable,83.46055979643766,Relatively Low
48171,Gillespie,57.69720101781171,Relatively Low,17008908.743130524,59.44656489,56.8384223918575,55.360867751355855,Very Low,23.19226924358547,Very Low,47.74173027989822,Relatively Low,42.83879254977521,Relatively Low,45.5470737913486,Relatively Low,75.01591343093571,Relatively Moderate,70.16539440203562,Relatively Moderate,83.49236641221374,Relatively Moderate,64.53562340966921,Relatively Moderate,68.09796437659033,Relatively Low,,Not Applicable,84.00127226463104,Relatively Low
48173,Glasscock,4.262086513994911,Very Low,2613791.9010385294,47.5826972,2.7989821882951653,18.10596579057155,Very Low,0.299900033322226,Very Low,7.061068702290077,Very Low,5.555555555555555,Very Low,16.125954198473284,Very Low,8.847867600254615,Very Low,11.991094147582697,Very Low,49.586513994910945,Relatively Low,2.608142493638677,Very Low,1.940203562340967,Very Low,,Not Applicable,61.99109414758269,Very Low
48175,Goliad,22.58269720101781,Very Low,6307484.772764193,66.57124682,28.75318066157761,85.02294534835211,Relatively Moderate,16.89436854381873,Very Low,29.452926208651398,Relatively Low,29.511881824020552,Very Low,6.997455470737914,Very Low,8.115849777211967,Very Low,30.979643765903308,Relatively Low,18.575063613231553,Very Low,17.58905852417303,Very Low,19.942748091603054,Very Low,,Not Applicable,55.72519083969466,Very Low
48177,Gonzales,85.65521628498728,Relatively Moderate,36827645.06997126,90.17175573,16.06234096692112,88.65248226950354,Relatively Moderate,25.191602799066974,Very Low,71.94656488549617,Relatively Moderate,63.84071933204881,Relatively Low,74.74554707379136,Relatively Moderate,45.86250795671547,Relatively Low,72.48727735368958,Relatively Moderate,91.53944020356234,Relatively Moderate,69.08396946564885,Relatively Moderate,90.39440203562341,Relatively Moderate,,Not Applicable,73.09160305343512,Relatively Low
48179,Gray,59.891857506361326,Relatively Low,18410852.364191327,55.91603053,24.36386768447837,26.992073425114725,Very Low,79.0069976674442,Relatively Moderate,76.24045801526718,Relatively Moderate,23.378291586384073,Very Low,75.57251908396947,Relatively Moderate,89.75175047740292,Relatively High,76.84478371501272,Relatively Moderate,93.32061068702289,Relatively Moderate,74.14122137404581,Relatively Moderate,24.55470737913486,Very Low,,Not Applicable,93.6704834605598,Relatively Moderate
48181,Grayson,80.3117048346056,Relatively Low,42594160.13746215,38.74045802,44.24300254452926,53.31664580725908,Very Low,91.63612129290236,Relatively High,82.22010178117048,Relatively Moderate,92.71034039820168,Relatively Moderate,55.72519083969466,Relatively Moderate,57.03373647358371,Relatively Low,92.87531806615776,Relatively High,93.41603053435115,Relatively Moderate,56.170483460559794,Relatively Low,79.51653944020356,Relatively Moderate,,Not Applicable,86.03689567430025,Relatively Low
48183,Gregg,86.99109414758269,Relatively Moderate,54636466.896088876,60.62340967,30.18447837150127,72.04839382561535,Relatively Low,98.90036654448518,Very High,87.91348600508906,Relatively Moderate,93.86640976236352,Relatively Moderate,96.85114503816794,Relatively High,83.92743475493316,Relatively Moderate,97.90076335877863,Relatively High,95.19720101781171,Relatively High,80.69338422391857,Relatively Moderate,76.84478371501272,Relatively Moderate,,Not Applicable,62.913486005089055,Very Low
48185,Grimes,56.965648854961835,Relatively Low,14408115.569970097,74.10941476,24.52290076335878,84.93950771798082,Relatively Moderate,57.81406197934022,Relatively Low,81.55216284987277,Relatively Moderate,58.253050738599875,Relatively Low,38.45419847328244,Relatively Low,13.017186505410566,Very Low,75.98600508905852,Relatively Moderate,30.216284987277355,Very Low,77.79898218829516,Relatively Moderate,35.337150127226465,Relatively Low,,Not Applicable,59.38295165394402,Very Low
48187,Guadalupe,91.50763358778626,Relatively Moderate,123697247.1685327,18.92493639,50.795165394402034,66.66666666666666,Relatively Low,50.68310563145618,Relatively Low,71.18320610687023,Relatively Moderate,89.11368015414259,Relatively Moderate,61.25954198473282,Relatively Moderate,84.62762571610439,Relatively Moderate,92.23918575063614,Relatively High,92.1119592875318,Relatively Moderate,89.91730279898219,Relatively High,95.64249363867684,Relatively High,,Not Applicable,75.03180661577609,Relatively Low
48189,Hale,78.43511450381679,Relatively Low,30890332.2280138,67.71628499,20.99236641221374,39.799749687108886,Very Low,67.2109296901033,Relatively Moderate,73.09160305343512,Relatively Moderate,32.369942196531795,Very Low,84.7328244274809,Relatively High,92.10693825588797,Relatively High,85.49618320610686,Relatively Moderate,99.42748091603053,Very High,77.25826972010178,Relatively Moderate,43.44783715012723,Relatively Low,,Not Applicable,77.67175572519083,Relatively Low
48191,Hall,34.605597964376585,Very Low,6675895.661472816,90.5216285,3.5623409669211195,19.065498539841467,Very Low,49.15028323892036,Relatively Low,13.454198473282442,Very Low,24.309569685292228,Very Low,75.89058524173028,Relatively Moderate,42.998090388287714,Relatively Low,31.679389312977097,Relatively Low,79.03944020356234,Relatively Moderate,7.919847328244274,Very Low,3.784987277353689,Very Low,,Not Applicable,74.39567430025446,Relatively Low
48193,Hamilton,12.849872773536896,Very Low,4900545.22676659,53.6259542,35.337150127226465,46.85022945348352,Very Low,14.628457180939686,Very Low,39.63104325699746,Relatively Low,29.09441233140655,Very Low,20.32442748091603,Relatively Low,32.04964990451941,Relatively Low,46.596692111959285,Relatively Low,53.46692111959288,Relatively Low,34.73282442748092,Relatively Low,17.111959287531807,Very Low,,Not Applicable,84.86005089058524,Relatively Low
48195,Hansford,41.98473282442748,Very Low,11951559.704341104,46.3740458,1.940203562340967,0,No Rating,61.01299566811063,Relatively Moderate,77.7671755725191,Relatively Moderate,10.62941554271034,Very Low,25,Relatively Low,70.01909611712284,Relatively Moderate,36.6412213740458,Relatively Low,67.68447837150127,Relatively Low,31.520356234096692,Relatively Low,3.912213740458016,Very Low,,Not Applicable,69.56106870229007,Relatively Low
48197,Hardeman,8.651399491094146,Very Low,2539374.603446138,96.91475827,13.835877862595419,22.27784730913642,Very Low,62.74575141619461,Relatively Moderate,12.46819338422392,Very Low,34.971098265895954,Very Low,67.77989821882952,Relatively Moderate,23.23360916613622,Very Low,35.11450381679389,Relatively Low,62.62722646310432,Relatively Low,3.753180661577608,Very Low,4.4529262086514,Very Low,,Not Applicable,62.02290076335878,Very Low
48199,Hardin,69.56106870229007,Relatively Low,27120808.168162238,44.59287532,49.459287531806616,87.1506049228202,Relatively Moderate,88.33722092635789,Relatively High,72.58269720101781,Relatively Moderate,69.04303147077714,Relatively Low,37.75445292620866,Relatively Low,44.33481858688733,Relatively Low,85.05089058524173,Relatively Moderate,25.47709923664122,Very Low,89.85368956743002,Relatively High,66.66666666666666,Relatively Low,34.4,Very Low,82.91984732824427,Relatively Low
48201,Harris,99.93638676844783,Very High,2217702382.779429,67.9389313,17.87531806615776,100,Very High,99.56681106297901,Very High,99.90458015267176,Very High,99.71098265895954,Very High,99.26844783715013,Very High,88.82877148313176,Relatively High,100,Very High,91.98473282442748,Relatively Moderate,99.90458015267176,Very High,99.96819338422391,Very High,83.2,Relatively High,85.43256997455471,Relatively Low
48203,Harrison,77.70356234096693,Relatively Low,28738265.61228129,73.72773537,33.33333333333333,69.79557780559033,Relatively Low,97.83405531489502,Very High,89.34478371501272,Relatively High,92.16441875401414,Relatively Moderate,68.32061068702289,Relatively Moderate,71.7377466581795,Relatively Moderate,93.51145038167938,Relatively High,89.63104325699746,Relatively Moderate,67.01653944020356,Relatively Moderate,63.48600508905853,Relatively Low,,Not Applicable,77.03562340966921,Relatively Low
48205,Hartley,33.11068702290076,Very Low,13997151.987552125,10.62340967,2.44910941475827,,Not Applicable,20.426524491836055,Very Low,76.68575063613231,Relatively Moderate,6.840077071290944,Very Low,64.94910941475827,Relatively Moderate,71.54678548695098,Relatively Moderate,26.494910941475823,Relatively Low,70.10178117048346,Relatively Low,35.55979643765903,Relatively Low,5.089058524173027,Very Low,,Not Applicable,71.11959287531806,Relatively Low
48207,Haskell,11.704834605597965,Very Low,4418996.238662852,59.82824427,34.891857506361326,30.78848560700876,Very Low,19.760079973342222,Very Low,11.036895674300254,Very Low,30.411046885035326,Very Low,46.4058524173028,Relatively Low,19.00063653723743,Very Low,32.156488549618324,Relatively Low,71.50127226463104,Relatively Low,3.466921119592875,Very Low,12.340966921119593,Very Low,,Not Applicable,79.64376590330788,Relatively Low
48209,Hays,90.55343511450383,Relatively Moderate,108590843.39646947,15.42620865,57.538167938931295,63.913224864413856,Relatively Low,64.44518493835389,Relatively Moderate,79.83460559796438,Relatively Moderate,92.06807964033398,Relatively Moderate,86.10050890585241,Relatively High,93.82558879694463,Relatively High,96.08778625954199,Relatively High,96.78753180661577,Relatively High,94.8473282442748,Relatively High,93.1615776081425,Relatively Moderate,,Not Applicable,87.94529262086515,Relatively Low
48211,Hemphill,16.50763358778626,Very Low,6161520.019557727,38.93129771,2.1628498727735366,22.69503546099291,Very Low,59.14695101632789,Relatively Low,39.12213740458015,Relatively Low,8.766859344894026,Very Low,43.416030534351144,Relatively Low,45.385105028644176,Relatively Low,51.17684478371501,Relatively Low,34.605597964376585,Relatively Low,8.587786259541986,Very Low,3.625954198473282,Very Low,,Not Applicable,89.79007633587787,Relatively Moderate
48213,Henderson,84.54198473282443,Relatively Moderate,37397556.69481318,83.23791349,38.61323155216285,66.20775969962453,Relatively Low,82.20593135621459,Relatively High,97.90076335877863,Relatively High,87.25112395632627,Relatively Moderate,89.15394402035624,Relatively High,67.66390833863781,Relatively Moderate,93.54325699745547,Relatively High,85.01908396946564,Relatively Moderate,83.65139949109415,Relatively High,72.86895674300254,Relatively Low,,Not Applicable,75.47709923664122,Relatively Low
48215,Hidalgo,99.01399491094148,Relatively High,309750572.1019613,92.71628499,0.8587786259541985,99.49937421777221,Very High,98.46717760746418,Very High,99.93638676844783,Very High,98.84393063583815,Relatively High,89.18575063613231,Relatively High,95.70337364735838,Relatively High,95.99236641221374,Relatively High,99.23664122137404,Very High,93.09796437659033,Relatively High,96.43765903307889,Relatively High,,Not Applicable,83.81043256997455,Relatively Low
48217,Hill,72.96437659033079,Relatively Low,24715072.77217712,69.97455471,32.44274809160305,65.87400917813933,Relatively Low,77.44085304898367,Relatively Moderate,95.61068702290076,Relatively High,75.65831727681439,Relatively Low,58.11068702290076,Relatively Moderate,13.558243157224698,Very Low,89.79007633587787,Relatively Moderate,79.00763358778626,Relatively Moderate,78.81679389312977,Relatively Moderate,45.896946564885496,Relatively Low,,Not Applicable,82.1882951653944,Relatively Low
48219,Hockley,51.43129770992366,Relatively Low,13765278.272991657,62.72264631,17.270992366412212,25.990821860659157,Very Low,49.05031656114628,Relatively Low,45.29262086513995,Relatively Low,27.617212588310853,Very Low,71.7557251908397,Relatively Moderate,75.8434118395926,Relatively Moderate,74.55470737913485,Relatively Moderate,97.90076335877863,Relatively High,29.230279898218832,Relatively Low,24.77735368956743,Very Low,,Not Applicable,76.17684478371501,Relatively Low
48221,Hood,70.51526717557252,Relatively Low,29111764.223570477,38.74045802,58.905852417302796,52.94117647058824,Very Low,77.40753082305898,Relatively Moderate,83.84223918575063,Relatively Moderate,79.60822093770071,Relatively Moderate,50.445292620865146,Relatively Low,27.689369828134947,Relatively Low,92.1119592875318,Relatively High,85.94147582697201,Relatively Moderate,70.3880407124682,Relatively Moderate,61.92748091603053,Relatively Low,,Not Applicable,91.2849872773537,Relatively Moderate
48223,Hopkins,71.2150127226463,Relatively Low,27942329.647706453,46.21501272,33.842239185750635,57.90571547768043,Very Low,94.80173275574808,Relatively High,86.32315521628499,Relatively Moderate,76.36480411046885,Relatively Low,89.40839694656488,Relatively High,52.60980267345639,Relatively Low,91.95292620865139,Relatively High,89.2175572519084,Relatively Moderate,33.969465648854964,Relatively Low,58.0470737913486,Relatively Low,,Not Applicable,65.64885496183206,Relatively Low
48225,Houston,60.655216284987276,Relatively Low,13135435.535210276,95.57888041,25.41348600508906,77.55527743012098,Relatively Low,63.77874041986005,Relatively Moderate,87.8498727735369,Relatively Moderate,71.19460500963392,Relatively Low,51.74936386768449,Relatively Low,35.23233609166137,Relatively Low,63.74045801526718,Relatively Low,26.39949109414758,Very Low,98.75954198473282,Very High,40.012722646310436,Relatively Low,,Not Applicable,77.79898218829516,Relatively Low
48227,Howard,54.80279898218829,Relatively Low,13769115.836584097,74.04580153,35.782442748091604,33.917396745932415,Very Low,24.725091636121295,Very Low,41.66666666666667,Relatively Low,57.41811175337187,Relatively Low,65.2671755725191,Relatively Moderate,81.34945894334818,Relatively Moderate,66.0941475826972,Relatively Moderate,96.66030534351145,Relatively High,37.62722646310432,Relatively Low,45.41984732824427,Relatively Low,,Not Applicable,89.47201017811705,Relatively Moderate
48229,Hudspeth,2.290076335877862,Very Low,1666824.1919885725,56.32951654,0.031806615776081425,7.425949103045474,Very Low,20.69310229923359,Very Low,6.043256997455471,Very Low,15.093127809890817,Very Low,13.899491094147582,Very Low,18.014003819223426,Very Low,2.131043256997455,Very Low,19.561068702290076,Very Low,19.147582697201017,Very Low,5.566157760814249,Very Low,,Not Applicable,25.47709923664122,Very Low
48231,Hunt,82.1882951653944,Relatively Moderate,43280681.03278689,49.68193384,41.0941475826972,45.93241551939925,Very Low,97.13428857047651,Very High,86.70483460559797,Relatively Moderate,91.26525369299937,Relatively Moderate,83.96946564885496,Relatively High,64.76766390833863,Relatively Moderate,96.46946564885496,Relatively High,94.72010178117048,Relatively High,48.854961832061065,Relatively Low,71.72391857506362,Relatively Low,,Not Applicable,76.90839694656488,Relatively Low
48233,Hutchinson,67.68447837150127,Relatively Low,22328483.85850548,61.73664122,36.1323155216285,0,No Rating,72.10929690103299,Relatively Moderate,88.32697201017811,Relatively Moderate,32.241490044958255,Very Low,67.36641221374046,Relatively Moderate,90.03819223424571,Relatively High,78.33969465648855,Relatively Moderate,90.42620865139949,Relatively Moderate,58.71501272264631,Relatively Moderate,21.374045801526716,Very Low,,Not Applicable,94.94274809160305,Relatively Moderate
48235,Irion,1.78117048346056,Very Low,1344756.8526713736,71.69211196,15.267175572519085,9.17813934084272,Very Low,1.299566811062979,Very Low,6.997455470737914,Very Low,14.001284521515736,Very Low,15.426208651399492,Very Low,10.9484404837683,Very Low,10.941475826972011,Very Low,33.14249363867685,Very Low,4.707379134860051,Very Low,2.862595419847328,Very Low,,Not Applicable,83.07888040712467,Relatively Low
48237,Jack,11.38676844783715,Very Low,5452344.748453099,29.42111959,14.599236641221374,30.120984564038384,Very Low,28.99033655448184,Relatively Low,18.12977099236641,Very Low,59.12010276172126,Relatively Low,33.651399491094146,Relatively Low,13.97199236155315,Very Low,41.38040712468193,Relatively Low,50.47709923664122,Relatively Low,4.293893129770993,Very Low,10.05089058524173,Very Low,,Not Applicable,86.22773536895674,Relatively Low
48239,Jackson,71.69211195928753,Relatively Low,23971438.05992592,68.12977099,31.774809160305345,94.03420942845223,Relatively High,52.215928023992,Relatively Low,56.99745547073791,Relatively Low,55.13808606294155,Relatively Low,14.472010178117047,Very Low,17.186505410566518,Very Low,49.93638676844784,Relatively Low,34.541984732824424,Relatively Low,51.81297709923665,Relatively Low,55.3117048346056,Relatively Low,51.800000000000004,Relatively Low,63.899491094147585,Relatively Low
48241,Jasper,61.1323155216285,Relatively Low,15456067.859894948,81.39312977,19.083969465648856,88.6942010846892,Relatively Moderate,79.67344218593803,Relatively Moderate,65.29898218829516,Relatively Low,68.30443159922929,Relatively Low,71.4058524173028,Relatively Moderate,39.36982813494589,Relatively Low,68.32061068702289,Relatively Moderate,60.87786259541985,Relatively Low,81.5203562340967,Relatively Moderate,54.961832061068705,Relatively Low,0,No Rating,83.04707379134861,Relatively Low
48243,Jeff Davis,2.926208651399491,Very Low,1920950.4730070524,70.22900763,17.334605597964376,8.969545264914476,Very Low,32.12262579140287,Relatively Low,5.725190839694656,Very Low,20.006422607578678,Very Low,4.071246819338422,Very Low,18.491406747294718,Very Low,6.456743002544529,Very Low,13.867684478371501,Very Low,10.877862595419847,Very Low,7.856234096692112,Very Low,,Not Applicable,88.48600508905852,Relatively Low
48245,Jefferson,95.67430025445293,Relatively High,140693600.49627692,84.09669211,64.82188295165395,98.24780976220275,Very High,94.3018993668777,Relatively High,96.62849872773536,Relatively High,92.74245343609505,Relatively Moderate,84.06488549618321,Relatively High,71.70591979630808,Relatively Moderate,98.50508905852418,Relatively High,65.68066157760815,Relatively Low,99.71374045801527,Very High,91.34860050890585,Relatively Moderate,78.8,Relatively Moderate,92.43002544529261,Relatively Moderate
48247,Jim Hogg,45.45165394402035,Relatively Low,7839284.968167473,98.7913486,2.035623409669211,65.4985398414685,Relatively Low,24.691769410196603,Very Low,94.46564885496184,Relatively High,25.91522157996146,Very Low,3.753180661577608,Very Low,6.810948440483769,Very Low,14.28117048346056,Very Low,35.75063613231552,Relatively Low,2.576335877862595,Very Low,23.155216284987276,Very Low,,Not Applicable,51.399491094147585,Very Low
48249,Jim Wells,86.51399491094148,Relatively Moderate,38236119.754380666,93.32061069,18.384223918575064,94.07592824363789,Relatively High,81.97267577474176,Relatively Moderate,98.60050890585241,Relatively High,84.4251766217084,Relatively Moderate,40.87150127226463,Relatively Low,32.71801400381922,Relatively Low,68.41603053435115,Relatively Moderate,84.86005089058524,Relatively Moderate,53.276081424936386,Relatively Low,63.26335877862596,Relatively Low,,Not Applicable,70.8969465648855,Relatively Low
48251,Johnson,86.67302798982189,Relatively Moderate,70656023.07358052,23.21882952,55.470737913486005,53.48352106800167,Very Low,81.10629790069976,Relatively Moderate,88.39058524173028,Relatively Moderate,92.58188824662813,Relatively Moderate,77.89440203562341,Relatively Moderate,39.11521323997454,Relatively Low,98.09160305343512,Relatively High,85.90966921119593,Relatively Moderate,76.20865139949109,Relatively Moderate,80.85241730279898,Relatively Moderate,,Not Applicable,94.37022900763358,Relatively Moderate
48253,Jones,37.94529262086514,Very Low,8858674.35349014,77.54452926,51.08142493638677,32.12348769294952,Very Low,30.389870043318894,Relatively Low,19.49745547073791,Very Low,54.97752087347463,Relatively Low,55.089058524173026,Relatively Moderate,56.52450668364099,Relatively Low,54.35750636132316,Relatively Low,91.47582697201018,Relatively Moderate,14.853689567430026,Very Low,39.69465648854962,Relatively Low,,Not Applicable,85.40076335877863,Relatively Low
48255,Karnes,58.42875318066157,Relatively Low,11998769.341977904,98.47328244,30.62977099236641,85.14810179390905,Relatively Moderate,27.1242919026991,Relatively Low,46.62849872773537,Relatively Low,62.20295439948619,Relatively Low,27.512722646310433,Relatively Low,27.243793761935077,Relatively Low,61.25954198473282,Relatively Low,75.92239185750637,Relatively Moderate,42.779898218829516,Relatively Low,63.77226463104325,Relatively Low,,Not Applicable,59.16030534351145,Very Low
48257,Kaufman,76.17684478371501,Relatively Low,42721062.289937414,18.22519084,63.48600508905853,50.31289111389236,Very Low,41.61946017994002,Relatively Low,82.50636132315522,Relatively Moderate,93.28837508028259,Relatively Moderate,49.300254452926204,Relatively Low,63.430935709739025,Relatively Moderate,84.60559796437659,Relatively Moderate,94.49745547073792,Relatively High,49.650127226463106,Relatively Low,76.39949109414759,Relatively Moderate,,Not Applicable,79.9618320610687,Relatively Low
48259,Kendall,65.48982188295165,Relatively Low,26113387.05412332,32.79262087,69.94274809160305,47.76804338756779,Very Low,14.595134955014997,Very Low,50.92239185750637,Relatively Low,46.24277456647399,Relatively Low,64.28117048346056,Relatively Moderate,76.32081476766392,Relatively Moderate,73.56870229007633,Relatively Moderate,87.34096692111959,Relatively Moderate,77.54452926208651,Relatively Moderate,75.12722646310432,Relatively Moderate,,Not Applicable,85.46437659033079,Relatively Low
48261,Kenedy,28.37150127226463,Very Low,6830703.744411829,69.05216285,0.7633587786259541,73.09136420525657,Relatively Low,10.696434521826058,Very Low,92.08015267175573,Relatively High,6.454720616570328,Very Low,1.240458015267176,Very Low,1.495862507956715,Very Low,4.516539440203562,Very Low,6.23409669211196,Very Low,1.240458015267176,Very Low,0.349872773536896,Very Low,0,No Rating,44.910941475826974,Very Low
48263,Kent,1.081424936386768,Very Low,1357530.6912544393,40.68066158,52.09923664122137,8.218606591572799,Very Low,5.83138953682106,Very Low,6.552162849872774,Very Low,5.073859987154785,Very Low,8.651399491094146,Very Low,4.169318905155952,Very Low,9.732824427480915,Very Low,35.36895674300254,Relatively Low,0.572519083969466,Very Low,0.540712468193384,Very Low,,Not Applicable,66.50763358778626,Relatively Low
48265,Kerr,77.16284987277355,Relatively Low,25303375.22201291,86.16412214,32.06106870229007,61.95244055068836,Relatively Low,9.296901032989004,Very Low,55.534351145038165,Relatively Low,67.40526653821452,Relatively Low,63.77226463104325,Relatively Moderate,88.00127307447487,Relatively High,78.88040712468194,Relatively Moderate,81.13867684478372,Relatively Moderate,89.44020356234097,Relatively High,85.24173027989822,Relatively Moderate,,Not Applicable,84.44656488549617,Relatively Low
48267,Kimble,32.156488549618324,Very Low,6301554.111420373,95.3562341,22.232824427480917,50.39632874426366,Very Low,0.599800066644452,Very Low,15.394402035623408,Very Low,24.502247912652535,Very Low,11.41857506361323,Very Low,35.86887332908975,Relatively Low,24.904580152671755,Very Low,52.06743002544529,Relatively Low,82.15648854961832,Relatively High,55.40712468193384,Relatively Low,,Not Applicable,75.82697201017811,Relatively Low
48269,King,0.318066157760814,Very Low,401172.98589758284,91.85750636,25.286259541984734,10.513141426783479,Very Low,4.298567144285238,Very Low,4.739185750636132,Very Low,4.110468850353243,Very Low,8.206106870229007,Very Low,2.387014640356461,Very Low,7.538167938931298,Very Low,34.9236641221374,Relatively Low,0.318066157760814,Very Low,0.604325699745547,Very Low,,Not Applicable,55.94783715012722,Very Low
48271,Kinney,2.194656488549618,Very Low,1297420.2982100365,90.13994911,5.311704834605599,40.75928243637881,Very Low,0.799733422192602,Very Low,14.440203562340967,Very Low,24.823378291586383,Very Low,3.657760814249364,Very Low,11.171228516868236,Very Low,11.80025445292621,Very Low,42.33460559796438,Relatively Low,15.712468193384224,Very Low,5.979643765903308,Very Low,,Not Applicable,15.235368956743004,Very Low
48273,Kleberg,84.4147582697201,Relatively Moderate,35337760.382121675,88.32697201,39.599236641221374,93.90905298289528,Relatively High,63.11229590136621,Relatively Moderate,98.37786259541986,Relatively High,80.8927424534361,Relatively Moderate,23.568702290076335,Relatively Low,29.15340547422024,Relatively Low,49.52290076335878,Relatively Low,77.67175572519083,Relatively Moderate,26.717557251908396,Relatively Low,55.343511450381676,Relatively Low,34.8,Very Low,66.6030534351145,Relatively Low
48275,Knox,17.84351145038168,Very Low,4097870.853573724,97.04198473,34.478371501272264,28.994576554025862,Very Low,25.02499166944352,Very Low,8.842239185750635,Very Low,30.057803468208093,Very Low,52.48091603053435,Relatively Moderate,16.54996817313813,Very Low,28.148854961832058,Relatively Low,71.62849872773536,Relatively Low,1.844783715012722,Very Low,5.311704834605599,Very Low,,Not Applicable,43.670483460559794,Very Low
48277,Lamar,79.54834605597965,Relatively Low,31926282.74718334,72.45547074,44.529262086513995,55.903212348769294,Very Low,97.9673442185938,Very High,89.3765903307888,Relatively High,87.60436737315351,Relatively Moderate,62.37277353689568,Relatively Moderate,72.53341820496499,Relatively Moderate,95.73791348600508,Relatively High,94.05216284987277,Relatively High,55.72519083969466,Relatively Low,62.40458015267175,Relatively Low,,Not Applicable,86.1323155216285,Relatively Low
48279,Lamb,61.22773536895675,Relatively Low,14970862.586553868,84.73282443,18.606870229007633,43.67959949937422,Very Low,40.51982672442519,Relatively Low,76.7175572519084,Relatively Moderate,29.415542710340397,Very Low,91.0941475826972,Relatively High,76.03437301082113,Relatively Moderate,58.71501272264631,Relatively Low,98.69592875318067,Relatively High,37.086513994910945,Relatively Low,18.606870229007633,Very Low,,Not Applicable,85.84605597964376,Relatively Low
48281,Lampasas,29.930025445292618,Very Low,7655677.999796937,69.1475827,28.021628498727736,45.55694618272841,Very Low,16.76107964011996,Very Low,26.304071246819337,Relatively Low,37.925497752087345,Very Low,30.756997455470735,Relatively Low,56.015276893698285,Relatively Low,61.22773536895675,Relatively Low,72.20101781170484,Relatively Low,60.94147582697202,Relatively Moderate,41.921119592875314,Relatively Low,,Not Applicable,84.03307888040712,Relatively Low
48283,La Salle,22.55089058524173,Very Low,4310193.415375037,99.52290076,4.325699745547073,63.370880267000416,Relatively Low,24.391869376874375,Very Low,78.11704834605598,Relatively Moderate,66.24919717405267,Relatively Low,6.583969465648855,Very Low,8.52959898154042,Very Low,24.491094147582697,Very Low,27.035623409669213,Very Low,14.09033078880407,Very Low,23.44147582697201,Very Low,,Not Applicable,65.99872773536896,Relatively Low
48285,Lavaca,78.9440203562341,Relatively Low,33821141.87114722,62.43638677,62.69083969465649,84.73091364205257,Relatively Moderate,26.391202932355885,Very Low,87.78625954198473,Relatively Moderate,54.36737315350032,Relatively Low,25.890585241730278,Relatively Low,27.880330999363462,Relatively Low,54.103053435114504,Relatively Low,39.24936386768448,Relatively Low,74.71374045801527,Relatively Moderate,85.75063613231552,Relatively Moderate,,Not Applicable,37.18193384223918,Very Low
48287,Lee,40.458015267175576,Very Low,11709676.681542747,47.39185751,30.884223918575067,72.5907384230288,Relatively Low,33.35554815061646,Relatively Low,86.1323155216285,Relatively Moderate,46.628131021194605,Relatively Low,33.93765903307888,Relatively Low,35.677912157861236,Relatively Low,56.93384223918575,Relatively Low,51.590330788804074,Relatively Low,42.23918575063613,Relatively Low,21.024173027989825,Very Low,,Not Applicable,46.469465648854964,Very Low
48289,Leon,58.30152671755725,Relatively Low,15103466.856866386,73.34605598,19.338422391857506,74.71839799749687,Relatively Low,42.25258247250917,Relatively Low,89.59923664122137,Relatively High,49.93577392421323,Relatively Low,46.0559796437659,Relatively Low,27.49840865690643,Relatively Low,61.100508905852415,Relatively Low,29.67557251908397,Very Low,65.29898218829516,Relatively Moderate,39.408396946564885,Relatively Low,,Not Applicable,57.538167938931295,Very Low
48291,Liberty,79.51653944020356,Relatively Low,32533654.051168513,67.11195929,19.147582697201017,90.1543596161869,Relatively Moderate,78.5404865044985,Relatively Moderate,78.91221374045801,Relatively Moderate,83.8150289017341,Relatively Moderate,33.078880407124686,Relatively Low,34.3093570973902,Relatively Low,94.46564885496184,Relatively High,42.843511450381676,Relatively Low,96.5966921119593,Very High,68.98854961832062,Relatively Low,20.599999999999998,Very Low,83.58778625954199,Relatively Low
48293,Limestone,59.25572519083969,Relatively Low,13088090.894614652,92.11195929,18.22519083969466,72.92448894451398,Relatively Low,60.81306231256248,Relatively Moderate,91.41221374045801,Relatively High,57.5465639049454,Relatively Low,40.80788804071247,Relatively Low,31.317632081476766,Relatively Low,63.42239185750637,Relatively Low,65.48982188295165,Relatively Low,64.12213740458014,Relatively Moderate,49.586513994910945,Relatively Low,,Not Applicable,73.15521628498728,Relatively Low
48295,Lipscomb,27.89440203562341,Very Low,8683893.524980579,41.95292621,2.2900763358778624,16.729244889445138,Very Low,56.114628457180935,Relatively Low,34.63740458015267,Relatively Low,8.863198458574182,Very Low,31.806615776081426,Relatively Low,46.14894971355824,Relatively Low,29.834605597964376,Relatively Low,28.053435114503817,Very Low,10.114503816793894,Very Low,4.357506361323155,Very Low,,Not Applicable,84.57379134860051,Relatively Low
48297,Live Oak,33.74681933842239,Very Low,7329665.738638941,82.44274809,9.573791348600508,79.43262411347519,Relatively Low,29.190269910029993,Relatively Low,81.23409669211196,Relatively Moderate,55.459216441875405,Relatively Low,12.913486005089059,Very Low,12.667091024824954,Very Low,38.963104325699746,Relatively Low,40.26717557251908,Relatively Low,15.839694656488549,Very Low,25.286259541984734,Very Low,,Not Applicable,46.024173027989825,Very Low
48299,Llano,70.3880407124682,Relatively Low,18551109.26695687,90.99872774,22.80534351145038,54.025865665415104,Very Low,15.561479506831056,Very Low,54.86641221374045,Relatively Low,59.409120102761726,Relatively Low,45.960559796437664,Relatively Low,73.16995544239337,Relatively Moderate,67.58905852417303,Relatively Moderate,80.59796437659033,Relatively Moderate,70.83333333333334,Relatively Moderate,82.50636132315522,Relatively Moderate,,Not Applicable,80.24809160305344,Relatively Low
48301,Loving,0.031806615776081,Very Low,58036.68929488146,23.63231552,2.5445292620865136,7.008760951188986,Very Low,4.265244918360547,Very Low,3.276081424936387,Very Low,2.633269107257546,Very Low,2.131043256997455,Very Low,1.623169955442393,Very Low,1.812977099236641,Very Low,2.290076335877862,Very Low,0.095419847328244,Very Low,0.22264631043257,Very Low,,Not Applicable,5.025445292620865,Very Low
48303,Lubbock,96.2468193384224,Relatively High,213541890.91706693,45.7697201,58.206106870229014,47.18397997496871,Very Low,92.10263245584805,Relatively High,97.01017811704835,Relatively High,80.57161207450226,Relatively Moderate,99.77735368956743,Very High,98.59961807765755,Very High,98.79134860050891,Relatively High,99.77735368956743,Very High,83.01526717557252,Relatively High,92.1119592875318,Relatively Moderate,,Not Applicable,86.19592875318067,Relatively Low
48305,Lynn,22.99618320610687,Very Low,6144741.163114383,71.34223919,25.095419847328245,23.23738005840634,Very Low,25.391536154615128,Very Low,20.737913486005088,Very Low,15.992292870905588,Very Low,75.06361323155217,Relatively Moderate,24.029280712921704,Very Low,36.959287531806616,Relatively Low,94.46564885496184,Relatively High,6.583969465648855,Very Low,4.516539440203562,Very Low,,Not Applicable,56.8384223918575,Very Low
48307,McCulloch,10.05089058524173,Very Low,3668905.9495583596,73.72773537,37.5,30.621610346266166,Very Low,4.498500499833389,Very Low,13.676844783715012,Very Low,33.65446371226718,Very Low,17.970737913486005,Relatively Low,37.52387014640357,Relatively Low,29.48473282442748,Relatively Low,53.30788804071247,Relatively Low,42.55725190839695,Relatively Low,16.825699745547073,Very Low,,Not Applicable,69.3384223918575,Relatively Low
48309,McLennan,91.22137404580153,Relatively Moderate,84482866.14303182,65.39440204,78.56234096692111,81.35168961201502,Relatively Low,72.00933022325891,Relatively Moderate,96.31043256997455,Relatively High,96.05009633911368,Relatively Moderate,66.03053435114504,Relatively Moderate,58.08402291534055,Relatively Low,98.82315521628499,Relatively High,89.98091603053436,Relatively Moderate,96.7557251908397,Very High,88.93129770992367,Relatively Moderate,,Not Applicable,90.01272264631042,Relatively Moderate
48311,McMullen,0.572519083969466,Very Low,875329.0327513141,36.80025445,9.764631043256998,54.56821026282853,Very Low,11.996001332889037,Very Low,16.348600508905854,Very Low,9.794476557482337,Very Low,2.544529262086514,Very Low,1.527689369828135,Very Low,8.460559796437659,Very Low,11.38676844783715,Very Low,0.858778625954199,Very Low,2.194656488549618,Very Low,,Not Applicable,27.798982188295163,Very Low
48313,Madison,34.891857506361326,Very Low,9242656.362353876,59.44656489,8.9058524173028,79.09887359198999,Relatively Low,53.31556147950683,Relatively Low,77.16284987277355,Relatively Moderate,40.46242774566474,Relatively Low,32.029262086513995,Relatively Low,21.26034373010821,Very Low,55.43893129770993,Relatively Low,31.106870229007633,Very Low,57.347328244274806,Relatively Moderate,23.823155216284988,Very Low,,Not Applicable,47.837150127226465,Very Low
48315,Marion,29.166666666666668,Very Low,5598656.806767796,97.42366412,20.13358778625954,51.689612015018774,Very Low,89.17027657447517,Relatively High,28.880407124681934,Relatively Low,62.23506743737958,Relatively Low,86.54580152671755,Relatively High,24.824952259707192,Relatively Low,54.007633587786266,Relatively Low,68.4796437659033,Relatively Low,24.74554707379135,Relatively Low,26.017811704834603,Very Low,,Not Applicable,51.08142493638677,Very Low
48317,Martin,19.974554707379134,Very Low,5496957.093777746,71.5648855,14.567430025445294,20.191906549853982,Very Low,5.63145618127291,Very Low,13.231552162849871,Very Low,19.171483622350674,Very Low,22.96437659033079,Relatively Low,14.162953532781666,Very Low,23.6323155216285,Very Low,76.97201017811705,Relatively Moderate,6.329516539440204,Very Low,28.62595419847328,Very Low,,Not Applicable,69.8791348600509,Relatively Low
48319,Mason,10.973282442748092,Very Low,3315765.2169775274,91.85750636,48.1234096692112,41.51022110972048,Very Low,1.366211262912363,Very Low,9.860050890585242,Very Low,23.538856775850995,Very Low,11.83206106870229,Very Low,30.108211330362828,Relatively Low,20.578880407124682,Very Low,47.70992366412214,Relatively Low,49.300254452926204,Relatively Low,25.44529262086514,Very Low,,Not Applicable,70.13358778625954,Relatively Low
48321,Matagorda,80.34351145038168,Relatively Low,33307198.999892052,72.70992366,55.88422391857506,95.61952440550688,Relatively High,52.24925024991669,Relatively Low,61.48218829516539,Relatively Low,74.30956968529223,Relatively Low,19.87913486005089,Relatively Low,5.665181413112667,Very Low,59.70101781170484,Relatively Low,40.55343511450381,Relatively Low,64.24936386768448,Relatively Moderate,59.38295165394402,Relatively Low,68,Relatively Moderate,73.69592875318067,Relatively Low
48323,Maverick,64.15394402035624,Relatively Low,13344980.52347377,96.02417303,3.1488549618320607,65.8322903629537,Relatively Low,12.79573475508164,Very Low,44.465648854961835,Relatively Low,90.39820166987798,Relatively Moderate,19.59287531806616,Relatively Low,51.05028644175684,Relatively Low,67.39821882951654,Relatively Moderate,50.57251908396947,Relatively Low,78.0852417302799,Relatively Moderate,73.05979643765903,Relatively Moderate,,Not Applicable,48.473282442748086,Very Low
48325,Medina,68.70229007633588,Relatively Low,20514960.035788286,75.06361323,18.28880407124682,59.03212348769294,Relatively Low,30.289903365544816,Relatively Low,39.91730279898219,Relatively Low,74.02055234425177,Relatively Low,85.87786259541986,Relatively High,72.46976448122216,Relatively Moderate,60.87786259541985,Relatively Low,85.59160305343512,Relatively Moderate,87.05470737913485,Relatively High,77.2264631043257,Relatively Moderate,,Not Applicable,85.24173027989822,Relatively Low
48327,Menard,3.053435114503817,Very Low,1961054.643360945,64.75826972,2.6399491094147582,36.00333750521485,Very Low,0.399866711096301,Very Low,9.192111959287532,Very Low,13.96917148362235,Very Low,8.365139949109416,Very Low,16.168045830681095,Very Low,15.553435114503817,Very Low,33.33333333333333,Very Low,33.23791348600509,Relatively Low,11.959287531806616,Very Low,,Not Applicable,59.98727735368957,Very Low
48329,Midland,81.20229007633588,Relatively Moderate,48680809.67868563,26.94020356,33.11068702290076,38.423028785982474,Very Low,30.723092302565814,Relatively Low,65.87150127226464,Relatively Moderate,65.67116249197173,Relatively Low,59.764631043257,Relatively Moderate,95.89433481858688,Relatively High,91.4440203562341,Relatively High,98.31424936386769,Relatively High,71.94656488549617,Relatively Moderate,80.50254452926208,Relatively Moderate,,Not Applicable,93.09796437659033,Relatively Moderate
48331,Milam,58.07888040712468,Relatively Low,12634468.411163447,93.79770992,34.096692111959285,77.76387150604923,Relatively Low,44.68510496501166,Relatively Low,75.92239185750637,Relatively Moderate,65.06101477199742,Relatively Low,37.150127226463106,Relatively Low,51.46403564608529,Relatively Low,81.67938931297711,Relatively Moderate,79.83460559796438,Relatively Moderate,83.61959287531806,Relatively High,51.68575063613231,Relatively Low,,Not Applicable,65.61704834605598,Relatively Low
48333,Mills,5.597964376590331,Very Low,2230939.475385748,84.98727735,37.30916030534351,33.458489778890275,Very Low,4.431856047984006,Very Low,20.642493638676847,Very Low,25.016056518946694,Very Low,16.348600508905854,Very Low,26.03437301082113,Relatively Low,29.293893129770993,Relatively Low,50.38167938931297,Relatively Low,21.342239185750635,Very Low,11.291348600508906,Very Low,,Not Applicable,76.46310432569975,Relatively Low
48335,Mitchell,19.751908396946565,Very Low,5759176.904323697,66.15776081,22.137404580152673,23.90488110137672,Very Low,14.69510163278907,Very Low,21.310432569974555,Very Low,31.021194605009633,Very Low,69.91094147582697,Relatively Moderate,54.45576066199873,Relatively Low,35.400763358778626,Relatively Low,76.74936386768448,Relatively Moderate,20.610687022900763,Very Low,18.22519083969466,Very Low,,Not Applicable,83.96946564885496,Relatively Low
48337,Montague,54.86641221374045,Relatively Low,15595286.749073084,57.47455471,23.505089058524174,38.79849812265332,Very Low,87.80406531156282,Relatively High,53.975826972010175,Relatively Low,78.09890815671162,Relatively Low,72.83715012722645,Relatively Moderate,34.65945257797581,Relatively Low,77.57633587786259,Relatively Moderate,60.718829516539444,Relatively Low,17.270992366412212,Very Low,30.725190839694655,Very Low,,Not Applicable,89.75826972010178,Relatively Moderate
48339,Montgomery,95.73791348600508,Relatively High,221873100.09615868,23.63231552,32.95165394402035,93.74217772215269,Relatively High,95.20159946684439,Very High,97.93256997455471,Relatively High,95.76107899807322,Relatively Moderate,93.03435114503816,Relatively High,86.05983450031826,Relatively High,99.42748091603053,Very High,89.56743002544529,Relatively Moderate,99.6501272264631,Very High,95.57888040712467,Relatively High,,Not Applicable,79.29389312977099,Relatively Low
48341,Moore,61.895674300254456,Relatively Low,20327159.38707384,47.51908397,3.975826972010178,0,No Rating,46.45118293902033,Relatively Low,84.28753180661577,Relatively Moderate,22.639691714836225,Very Low,61.41857506361323,Relatively Moderate,90.16549968173138,Relatively High,75.44529262086515,Relatively Moderate,90.07633587786259,Relatively Moderate,49.42748091603054,Relatively Low,9.60559796437659,Very Low,,Not Applicable,89.24936386768448,Relatively Moderate
48343,Morris,34.541984732824424,Very Low,7015209.52967616,97.48727735,66.2849872773537,49.3116395494368,Very Low,91.33622125958014,Relatively High,31.96564885496183,Relatively Low,59.89081567116249,Relatively Low,63.61323155216285,Relatively Moderate,36.05983450031827,Relatively Low,79.26208651399492,Relatively Moderate,82.06106870229007,Relatively Moderate,35.49618320610687,Relatively Low,24.236641221374043,Very Low,,Not Applicable,64.63104325699746,Relatively Low
48345,Motley,3.180661577608142,Very Low,1807477.4483938282,77.89440204,10.591603053435113,9.762202753441802,Very Low,26.591136287904032,Very Low,11.195928753180661,Very Low,11.335902376364803,Very Low,15.394402035623408,Very Low,17.218332272437937,Very Low,14.853689567430026,Very Low,56.902035623409674,Relatively Low,2.480916030534351,Very Low,1.55852417302799,Very Low,,Not Applicable,80.3117048346056,Relatively Low
48347,Nacogdoches,80.72519083969466,Relatively Low,31997729.088236883,79.67557252,53.33969465648855,83.3959115561118,Relatively Moderate,82.57247584138621,Relatively High,68.44783715012723,Relatively Moderate,91.29736673089273,Relatively Moderate,96.50127226463104,Relatively High,75.77975811584979,Relatively Moderate,94.94274809160305,Relatively High,56.04325699745547,Relatively Low,83.96946564885496,Relatively High,75.57251908396947,Relatively Moderate,,Not Applicable,78.81679389312977,Relatively Low
48349,Navarro,75.25445292620864,Relatively Low,26540046.098535698,71.5648855,27.512722646310433,61.45181476846058,Relatively Low,79.40686437854049,Relatively Moderate,83.20610687022901,Relatively Moderate,85.03532434168272,Relatively Moderate,88.80407124681933,Relatively High,46.435391470401015,Relatively Low,94.05216284987277,Relatively High,82.95165394402035,Relatively Moderate,80.24809160305344,Relatively Moderate,68.28880407124683,Relatively Low,,Not Applicable,82.28371501272265,Relatively Low
48351,Newton,27.16284987277354,Very Low,5498961.6588897,90.29898219,5.438931297709924,82.35294117647058,Relatively Moderate,63.81206264578474,Relatively Moderate,19.751908396946565,Very Low,47.81631342324984,Relatively Low,19.49745547073791,Relatively Low,23.997453851050288,Very Low,45.48346055979644,Relatively Low,23.66412213740458,Very Low,67.52544529262087,Relatively Moderate,29.07124681933842,Very Low,38.2,Very Low,75,Relatively Low
48353,Nolan,37.849872773536894,Very Low,7323663.129645555,96.18320611,37.97709923664122,26.825198164372132,Very Low,22.125958013995334,Very Low,44.910941475826974,Relatively Low,43.513166345536284,Relatively Low,80.43893129770993,Relatively Moderate,68.55506047103755,Relatively Moderate,62.69083969465649,Relatively Low,86.1323155216285,Relatively Moderate,25.858778625954198,Relatively Low,29.262086513994912,Very Low,,Not Applicable,86.60941475826972,Relatively Low
48355,Nueces,96.62849872773536,Relatively High,186057980.4853215,76.78117048,86.67302798982189,98.58156028368793,Very High,81.23958680439853,Relatively Moderate,98.85496183206108,Very High,98.04110468850354,Relatively High,94.17938931297711,Relatively High,82.78166772756205,Relatively Moderate,96.11959287531806,Relatively High,91.63486005089058,Relatively Moderate,94.46564885496184,Relatively High,93.28880407124683,Relatively High,72.2,Relatively Moderate,73.9821882951654,Relatively Low
48357,Ochiltree,34.86005089058524,Very Low,14506795.009707889,10.62340967,1.5267175572519083,27.701293283270758,Very Low,68.07730756414529,Relatively Moderate,64.40839694656488,Relatively Low,13.070006422607577,Very Low,43.57506361323155,Relatively Low,73.58370464672184,Relatively Moderate,45.13358778625955,Relatively Low,48.95038167938932,Relatively Low,27.86259541984733,Relatively Low,7.37913486005089,Very Low,,Not Applicable,76.24045801526718,Relatively Low
48359,Oldham,9.701017811704835,Very Low,4239957.8091446925,53.14885496,50.731552162849866,,Not Applicable,5.231589470176607,Very Low,34.28753180661578,Relatively Low,6.679511881824022,Very Low,21.151399491094146,Relatively Low,42.67982176957352,Relatively Low,19.083969465648856,Very Low,63.899491094147585,Relatively Low,5.566157760814249,Very Low,1.622137404580153,Very Low,,Not Applicable,66.12595419847328,Relatively Low
48361,Orange,85.90966921119593,Relatively Moderate,54308170.02058813,50.44529262,66.53944020356234,95.2023362536504,Relatively High,88.77040986337887,Relatively High,73.31424936386769,Relatively Moderate,74.05266538214515,Relatively Low,42.461832061068705,Relatively Low,40.642902609802675,Relatively Low,89.2175572519084,Relatively Moderate,26.304071246819337,Very Low,95.35623409669212,Relatively High,78.46692111959288,Relatively Moderate,80.2,Relatively Moderate,89.44020356234097,Relatively Moderate
48363,Palo Pinto,55.216284987277355,Relatively Low,14707950.193386482,69.84732824,63.963104325699746,43.47100542344597,Very Low,39.02032655781406,Relatively Low,65.68066157760815,Relatively Moderate,63.230571612074506,Relatively Low,74.71374045801527,Relatively Moderate,56.33354551241248,Relatively Low,61.832061068702295,Relatively Low,90.64885496183206,Relatively Moderate,45.45165394402035,Relatively Low,59.891857506361326,Relatively Low,,Not Applicable,90.2671755725191,Relatively Moderate
48365,Panola,55.43893129770993,Relatively Low,12893869.179480523,83.68320611,36.25954198473282,78.26449728827701,Relatively Low,88.47050983005664,Relatively High,37.05470737913486,Relatively Low,75.30507385998716,Relatively Low,92.77989821882952,Relatively High,65.27689369828134,Relatively Moderate,81.55216284987277,Relatively Moderate,86.19592875318067,Relatively Moderate,43.06615776081425,Relatively Low,44.338422391857506,Relatively Low,,Not Applicable,72.10559796437659,Relatively Low
48367,Parker,81.10687022900763,Relatively Moderate,52802751.31331836,18.73409669,45.70610687022901,45.18147684605757,Very Low,70.10996334555148,Relatively Moderate,82.76081424936386,Relatively Moderate,89.53114964675657,Relatively Moderate,25.38167938931298,Relatively Low,35.39147040101846,Relatively Low,96.2150127226463,Relatively High,84.16030534351145,Relatively Moderate,67.39821882951654,Relatively Moderate,72.42366412213741,Relatively Low,,Not Applicable,96.2468193384224,Relatively Moderate
48369,Parmer,81.80661577608143,Relatively Moderate,47945371.49714585,30.66157761,9.669211195928753,40.96787651230705,Very Low,14.261912695768078,Very Low,48.409669211195926,Relatively Low,19.974309569685293,Very Low,38.708651399491096,Relatively Low,72.34245703373648,Relatively Moderate,41.9529262086514,Relatively Low,86.57760814249363,Relatively Moderate,11.895674300254452,Very Low,5.279898218829516,Very Low,,Not Applicable,67.17557251908397,Relatively Low
48371,Pecos,25.127226463104325,Very Low,5737045.1228707135,82.56997455,7.919847328244274,30.45473508552357,Very Low,56.14795068310563,Relatively Low,18.956743002544528,Very Low,60.62941554271034,Relatively Low,41.921119592875314,Relatively Low,58.6569064290261,Relatively Low,26.08142493638677,Very Low,78.84860050890585,Relatively Moderate,68.6704834605598,Relatively Moderate,23.536895674300254,Very Low,,Not Applicable,64.82188295165395,Relatively Low
48373,Polk,75.57251908396947,Relatively Low,24454915.66891472,80.62977099,16.412213740458014,89.98748435544431,Relatively Moderate,75.90803065644785,Relatively Moderate,86.54580152671755,Relatively Moderate,77.13551701991008,Relatively Low,88.16793893129771,Relatively High,43.25270528325907,Relatively Low,87.46819338422391,Relatively Moderate,20.06997455470738,Very Low,93.38422391857506,Relatively High,63.80407124681934,Relatively Low,,Not Applicable,75.54071246819338,Relatively Low
48375,Potter,90.48982188295165,Relatively Moderate,63442825.27810036,77.2264631,21.755725190839694,0,No Rating,79.04031989336889,Relatively Moderate,91.85750636132316,Relatively High,70.87347463070006,Relatively Low,97.36005089058524,Relatively High,99.80903882877148,Very High,97.70992366412213,Relatively High,99.61832061068702,Very High,92.68447837150127,Relatively High,68.03435114503816,Relatively Low,,Not Applicable,95.13358778625954,Relatively Moderate
48377,Presidio,10.241730279898219,Very Low,2561905.3261692557,99.49109415,0.09541984732824427,14.43471005423446,Very Low,31.589470176607797,Relatively Low,7.919847328244274,Very Low,45.472061657032754,Relatively Low,7.220101781170484,Very Low,20.050922978994272,Very Low,7.824427480916031,Very Low,13.899491094147582,Very Low,54.73918575063613,Relatively Low,18.12977099236641,Very Low,,Not Applicable,80.1526717557252,Relatively Low
48379,Rains,14.09033078880407,Very Low,5636080.741217811,41.47582697,29.611959287531807,41.969128076762615,Very Low,82.93902032655781,Relatively High,33.30152671755725,Relatively Low,47.94476557482338,Relatively Low,30.788804071246815,Relatively Low,16.51814131126671,Very Low,62.11832061068703,Relatively Low,46.50127226463104,Relatively Low,28.848600508905854,Relatively Low,12.5,Very Low,,Not Applicable,42.49363867684479,Very Low
48381,Randall,86.76844783715013,Relatively Moderate,70389316.2371996,25.31806616,56.04325699745547,0,No Rating,58.347217594135294,Relatively Low,89.94910941475827,Relatively High,73.24983943481054,Relatively Low,95.45165394402035,Relatively High,99.29980903882877,Very High,96.43765903307889,Relatively High,99.04580152671755,Relatively High,73.60050890585241,Relatively Moderate,66.88931297709924,Relatively Low,,Not Applicable,95.86513994910942,Relatively Moderate
48383,Reagan,5.884223918575064,Very Low,2980773.9521465986,46.85114504,1.876590330788804,14.309553608677513,Very Low,1.099633455514828,Very Low,8.9058524173028,Very Low,15.31791907514451,Very Low,14.726463104325699,Very Low,20.94207511139402,Very Low,14.53562340966921,Very Low,35.55979643765903,Relatively Low,11.068702290076336,Very Low,3.816793893129771,Very Low,,Not Applicable,56.39312977099237,Very Low
48385,Real,42.589058524173026,Very Low,7676390.093062208,98.3778626,14.344783715012724,46.59991656236963,Very Low,0.733088970343219,Very Low,18.00254452926209,Very Low,19.428387925497752,Very Low,6.424936386768448,Very Low,24.920432845321454,Relatively Low,16.793893129770993,Very Low,23.18702290076336,Very Low,32.66539440203562,Relatively Low,68.54325699745547,Relatively Low,,Not Applicable,72.13740458015268,Relatively Low
48387,Red River,64.7264631043257,Relatively Low,15633998.906435383,93.09796438,39.98091603053435,46.68335419274093,Very Low,100,Very High,39.217557251908396,Relatively Low,57.73924213230571,Relatively Low,36.60941475826972,Relatively Low,24.506683640993,Very Low,72.74173027989822,Relatively Moderate,59.82824427480916,Relatively Low,34.160305343511446,Relatively Low,11.704834605597965,Very Low,,Not Applicable,59.478371501272264,Very Low
48389,Reeves,19.147582697201017,Very Low,5468976.985339374,66.03053435,2.1946564885496183,15.644555694618273,Very Low,59.41352882372543,Relatively Low,16.06234096692112,Very Low,36.062941554271035,Very Low,71.69211195928753,Relatively Moderate,61.71228516868237,Relatively Moderate,19.27480916030534,Very Low,44.11577608142493,Relatively Low,36.92748091603054,Relatively Low,31.520356234096692,Very Low,,Not Applicable,51.14503816793893,Very Low
48391,Refugio,37.468193384223916,Very Low,7870605.179782134,88.1043257,36.895674300254456,87.35919899874844,Relatively Moderate,17.494168610463177,Very Low,69.30661577608143,Relatively Moderate,41.36159280667952,Relatively Low,9.255725190839694,Very Low,8.211330362826226,Very Low,29.770992366412212,Relatively Low,14.344783715012724,Very Low,25.636132315521625,Relatively Low,18.193384223918574,Very Low,42.6,Very Low,56.6793893129771,Very Low
48393,Roberts,3.11704834605598,Very Low,3429746.8610626725,10.62340967,25.858778625954198,7.342511472674176,Very Low,17.627457514161947,Very Low,12.913486005089059,Very Low,3.436095054592164,Very Low,5.438931297709924,Very Low,13.239974538510502,Very Low,13.072519083969466,Very Low,14.122137404580155,Very Low,2.671755725190839,Very Low,0.381679389312977,Very Low,,Not Applicable,75.3498727735369,Relatively Low
48395,Robertson,29.580152671755727,Very Low,7196351.933534002,75.79516539,36.48218829516539,72.0066750104297,Relatively Low,34.221926024658444,Relatively Low,47.16921119592875,Relatively Low,49.26140012845215,Relatively Low,25.763358778625957,Relatively Low,24.443029917250158,Very Low,62.30916030534351,Relatively Low,59.573791348600516,Relatively Low,48.66412213740458,Relatively Low,37.30916030534351,Relatively Low,,Not Applicable,46.62849872773537,Very Low
48397,Rockwall,70.73791348600508,Relatively Low,46394455.39695723,10.62340967,86.32315521628499,33.95911556111806,Very Low,54.58180606464512,Relatively Low,73.88676844783714,Relatively Moderate,90.10918432883751,Relatively Moderate,74.39567430025446,Relatively Moderate,32.17695735200509,Relatively Low,93.70229007633588,Relatively High,93.12977099236642,Relatively Moderate,38.23155216284987,Relatively Low,61.29134860050891,Relatively Low,,Not Applicable,66.57124681933843,Relatively Low
48399,Runnels,26.494910941475823,Very Low,6966378.30013282,69.65648855,50.92239185750637,33.12473925740509,Very Low,12.095968010663112,Very Low,51.20865139949109,Relatively Low,37.058445728965964,Very Low,76.43129770992367,Relatively Moderate,46.69000636537237,Relatively Low,42.11195928753181,Relatively Low,82.85623409669212,Relatively Moderate,33.81043256997455,Relatively Low,23.40966921119593,Very Low,,Not Applicable,72.48727735368958,Relatively Low
48401,Rusk,54.007633587786266,Relatively Low,14932764.595573995,60.0826972,17.748091603053435,71.63120567375887,Relatively Low,77.7407530823059,Relatively Moderate,63.93129770992366,Relatively Low,83.65446371226717,Relatively Moderate,93.95674300254453,Relatively High,62.47612985359644,Relatively Moderate,74.90458015267176,Relatively Moderate,38.67684478371501,Relatively Low,72.32824427480917,Relatively Moderate,45.86513994910941,Relatively Low,,Not Applicable,72.99618320610686,Relatively Low
48403,Sabine,22.105597964376592,Very Low,5651633.423850351,78.21246819,30.15267175572519,73.75886524822694,Relatively Low,55.981339553482165,Relatively Low,20.99236641221374,Very Low,55.29865125240848,Relatively Low,68.25699745547074,Relatively Moderate,31.476766390833866,Relatively Low,43.79770992366412,Relatively Low,14.75826972010178,Very Low,41.73027989821883,Relatively Low,32.85623409669211,Very Low,,Not Applicable,58.61959287531806,Very Low
48405,San Augustine,17.62086513994911,Very Low,3861935.9524707957,95.92875318,9.064885496183205,73.46683354192741,Relatively Low,54.11529490169943,Relatively Low,28.33969465648855,Relatively Low,56.48683365446371,Relatively Low,81.99745547073792,Relatively Moderate,24.538510502864415,Very Low,44.81552162849873,Relatively Low,11.959287531806616,Very Low,46.151399491094146,Relatively Low,16.9529262086514,Very Low,,Not Applicable,56.424936386768444,Very Low
48407,San Jacinto,58.87404580152672,Relatively Low,14149034.950276054,80.91603053,9.541984732824428,74.50980392156863,Relatively Low,58.547150949683434,Relatively Low,55.216284987277355,Relatively Low,57.321772639691716,Relatively Low,42.68447837150127,Relatively Low,6.174411203055379,Very Low,90.01272264631042,Relatively Moderate,29.389312977099237,Very Low,74.20483460559797,Relatively Moderate,60.973282442748086,Relatively Low,,Not Applicable,68.35241730279898,Relatively Low
48409,San Patricio,85.40076335877863,Relatively Moderate,39490067.628247276,86.51399491,59.891857506361326,95.0354609929078,Relatively High,55.58147284238587,Relatively Low,91.03053435114504,Relatively High,88.21451509312782,Relatively Moderate,49.93638676844784,Relatively Low,41.97963080840229,Relatively Low,80.05725190839695,Relatively Moderate,67.52544529262087,Relatively Low,58.42875318066157,Relatively Moderate,73.82315521628499,Relatively Moderate,53,Relatively Low,64.2175572519084,Relatively Low
48411,San Saba,7.283715012722647,Very Low,3303199.909415239,58.23791349,26.3676844783715,37.88068418856905,Very Low,3.465511496167944,Very Low,19.561068702290076,Very Low,22.575465639049455,Very Low,13.231552162849871,Very Low,29.439847231063016,Relatively Low,23.40966921119593,Very Low,49.55470737913486,Relatively Low,23.282442748091604,Very Low,14.853689567430026,Very Low,,Not Applicable,71.46946564885496,Relatively Low
48413,Schleicher,3.753180661577608,Very Low,2252984.9591062893,55.37531807,4.007633587786259,24.28035043804756,Very Low,0.833055648117294,Very Low,9.001272264631044,Very Low,11.9781631342325,Very Low,11.482188295165395,Very Low,14.894971355824316,Very Low,12.181933842239186,Very Low,62.786259541984734,Relatively Low,21.21501272264631,Very Low,2.099236641221374,Very Low,,Not Applicable,80.21628498727735,Relatively Low
48415,Scurry,29.993638676844785,Very Low,8291038.72238529,57.95165394,14.917302798982188,22.861910721735505,Very Low,28.323892035988003,Relatively Low,26.97201017811705,Relatively Low,38.792549775208734,Very Low,46.85114503816794,Relatively Low,52.928071292170586,Relatively Low,43.25699745547074,Relatively Low,89.8854961832061,Relatively Moderate,12.213740458015266,Very Low,23.6323155216285,Very Low,,Not Applicable,88.23155216284987,Relatively Low
48417,Shackelford,1.431297709923664,Very Low,2352019.492904099,10.62340967,64.59923664122137,19.524405506883603,Very Low,5.198267244251916,Very Low,8.651399491094146,Very Low,16.184971098265898,Very Low,12.213740458015266,Very Low,8.879694462126034,Very Low,18.98854961832061,Very Low,47.391857506361326,Relatively Low,0.540712468193384,Very Low,3.244274809160305,Very Low,,Not Applicable,75.85877862595419,Relatively Low
48419,Shelby,55.72519083969466,Relatively Low,12945398.244709844,79.32569975,7.347328244274809,83.22903629536921,Relatively Moderate,79.50683105631457,Relatively Moderate,52.958015267175576,Relatively Low,76.81438664097624,Relatively Low,92.6526717557252,Relatively High,56.42902609802674,Relatively Low,75.12722646310432,Relatively Moderate,43.92493638676845,Relatively Low,63.358778625954194,Relatively Moderate,45.10178117048346,Relatively Low,,Not Applicable,70.54707379134861,Relatively Low
48421,Sherman,30.279898218829516,Very Low,10676254.235286374,24.80916031,1.4631043256997456,,Not Applicable,19.826724425191603,Very Low,74.30025445292621,Relatively Moderate,5.234425176621708,Very Low,9.732824427480915,Very Low,54.20114576702737,Relatively Low,18.606870229007633,Very Low,48.918575063613225,Relatively Low,27.735368956743002,Relatively Low,1.145038167938931,Very Low,,Not Applicable,65.20356234096693,Relatively Low
48423,Smith,84.16030534351145,Relatively Moderate,43128730.24998294,66.57124682,74.90458015267176,75.09386733416771,Relatively Low,87.4708430523159,Relatively High,92.71628498727735,Relatively High,96.27488760436738,Relatively Moderate,91.4440203562341,Relatively High,87.7466581795035,Relatively High,47.264631043257,Relatively Low,85.14631043256998,Relatively Moderate,94.91094147582697,Relatively High,84.92366412213741,Relatively Moderate,,Not Applicable,80.34351145038168,Relatively Low
48425,Somervell,10.814249363867685,Very Low,7658512.414238692,10.62340967,78.43511450381679,42.92866082603254,Very Low,33.12229256914362,Relatively Low,35.24173027989822,Relatively Low,28.7732819524727,Very Low,10.527989821882953,Very Low,6.906429026098026,Very Low,42.74809160305343,Relatively Low,37.72264631043257,Relatively Low,27.32188295165394,Relatively Low,20.06997455470738,Very Low,,Not Applicable,81.04325699745547,Relatively Low
48427,Starr,84.79643765903307,Relatively Moderate,29524012.99385245,97.01017812,0.34987277353689566,78.7651230705048,Relatively Low,60.279906697767416,Relatively Moderate,98.95038167938931,Very High,81.47077713551703,Relatively Moderate,14.821882951653945,Very Low,40.29280712921705,Relatively Low,38.23155216284987,Relatively Low,67.20737913486005,Relatively Low,21.278625954198475,Very Low,72.39185750636132,Relatively Low,,Not Applicable,84.89185750636132,Relatively Low
48429,Stephens,9.223918575063614,Very Low,4592094.048359859,36.06870229,18.575063613231553,26.90863579474343,Very Low,16.16127957347551,Very Low,27.83078880407125,Relatively Low,38.50353243416828,Very Low,25.731552162849873,Relatively Low,4.551241247612985,Very Low,34.00127226463104,Relatively Low,58.87404580152672,Relatively Low,5.852417302798982,Very Low,18.734096692111958,Very Low,,Not Applicable,76.0178117048346,Relatively Low
48431,Sterling,1.11323155216285,Very Low,1516283.66146128,26.39949109,17.36641221374046,7.88485607008761,Very Low,0.633122292569144,Very Low,7.442748091603053,Very Low,11.207450224791266,Very Low,10.05089058524173,Very Low,8.943348185868873,Very Low,11.60941475826972,Very Low,22.201017811704833,Very Low,3.657760814249364,Very Low,0.795165394402036,Very Low,,Not Applicable,69.75190839694656,Relatively Low
48433,Stonewall,3.816793893129771,Very Low,1999960.9309273334,78.08524173,32.63358778625955,15.143929912390488,Very Low,12.529156947684106,Very Low,7.824427480916031,Very Low,8.991650610147719,Very Low,17.87531806615776,Relatively Low,5.728835136855507,Very Low,15.203562340966922,Very Low,46.278625954198475,Relatively Low,1.33587786259542,Very Low,1.017811704834606,Very Low,,Not Applicable,66.03053435114504,Relatively Low
48435,Sutton,7.061068702290077,Very Low,2522161.1288240496,82.98346056,5.502544529262086,29.24488944513976,Very Low,1.066311229590137,Very Low,11.164122137404581,Very Low,16.570327552986512,Very Low,8.333333333333332,Very Low,22.66072565245067,Very Low,14.185750636132315,Very Low,31.615776081424933,Very Low,38.104325699745544,Relatively Low,19.115776081424936,Very Low,,Not Applicable,85.49618320610686,Relatively Low
48437,Swisher,37.43638676844784,Very Low,9053263.28068519,67.30279898,4.8346055979643765,43.13725490196079,Very Low,29.056981006331224,Relatively Low,44.083969465648856,Relatively Low,21.290944123314066,Very Low,75.98600508905852,Relatively Moderate,73.2017823042648,Relatively Moderate,61.06870229007634,Relatively Low,94.8791348600509,Relatively High,20.801526717557252,Very Low,11.83206106870229,Very Low,,Not Applicable,87.75445292620864,Relatively Low
48439,Tarrant,99.14122137404581,Relatively High,608073828.0969709,36.76844784,31.202290076335874,72.2569879015436,Relatively Low,97.46751082972342,Very High,98.75954198473282,Relatively High,99.45407835581246,Relatively High,82.79262086513995,Relatively Moderate,97.32654360280077,Very High,99.87277353689568,Very High,99.96819338422391,Very High,95.19720101781171,Relatively High,99.14122137404581,Relatively High,,Not Applicable,91.47582697201018,Relatively Moderate
48441,Taylor,83.81043256997455,Relatively Moderate,53651454.35904762,34.4783715,76.49491094147582,49.01960784313725,Very Low,59.380206597800736,Relatively Low,56.202290076335885,Relatively Low,86.80154142581888,Relatively Moderate,65.235368956743,Relatively Moderate,94.23933800127308,Relatively High,73.91857506361323,Relatively Moderate,99.33206106870229,Very High,87.65903307888041,Relatively High,82.76081424936386,Relatively Moderate,,Not Applicable,89.7264631043257,Relatively Moderate
48443,Terrell,0.413486005089058,Very Low,544922.0189328667,72.70992366,4.230279898218829,10.137672090112641,Very Low,1.332889036987671,Very Low,4.007633587786259,Very Low,12.556197816313421,Very Low,5.661577608142494,Very Low,3.278166772756206,Very Low,4.802798982188295,Very Low,5.152671755725191,Very Low,7.15648854961832,Very Low,3.721374045801527,Very Low,,Not Applicable,46.69211195928753,Very Low
48445,Terry,52.035623409669206,Relatively Low,12209707.104082372,75.34987277,4.421119592875318,31.330830204422195,Very Low,30.45651449516828,Relatively Low,88.42239185750637,Relatively Moderate,29.57610789980732,Very Low,60.718829516539444,Relatively Moderate,61.83959261616805,Relatively Moderate,54.54834605597965,Relatively Low,97.04198473282443,Relatively High,24.109414758269722,Relatively Low,11.673027989821882,Very Low,,Not Applicable,58.651399491094146,Very Low
48447,Throckmorton,3.307888040712468,Very Low,2283760.9075799873,57.28371501,89.31297709923665,19.858156028368796,Very Low,5.098300566477841,Very Low,8.174300254452927,Very Low,14.964675658317278,Very Low,16.475826972010175,Very Low,4.423933800127307,Very Low,17.111959287531807,Very Low,53.43511450381679,Relatively Low,0.22264631043257,Very Low,2.003816793893129,Very Low,,Not Applicable,70.80152671755725,Relatively Low
48449,Titus,46.81933842239186,Relatively Low,11846189.744820189,65.20356234,16.698473282442748,56.69586983729662,Very Low,94.23525491502832,Relatively High,56.6793893129771,Relatively Low,75.52986512524085,Relatively Low,80.78880407124683,Relatively Moderate,50.19096117122852,Relatively Low,74.39567430025446,Relatively Moderate,87.62722646310432,Relatively Moderate,50.06361323155216,Relatively Low,31.93384223918575,Very Low,,Not Applicable,73.40966921119593,Relatively Low
48451,Tom Green,77.32188295165395,Relatively Low,30903796.24042742,66.82569975,77.16284987277355,47.22569879015436,Very Low,33.755414861712765,Relatively Low,70.80152671755725,Relatively Moderate,88.50353243416828,Relatively Moderate,49.586513994910945,Relatively Low,95.06683640992998,Relatively High,73.72773536895674,Relatively Moderate,96.18320610687023,Relatively High,88.23155216284987,Relatively High,76.65394402035624,Relatively Moderate,,Not Applicable,93.12977099236642,Relatively Moderate
48453,Travis,97.74173027989822,Relatively High,376349275.39746934,14.75826972,73.25063613231552,77.1380892782645,Relatively Low,82.90569810063312,Relatively High,87.30916030534351,Relatively Moderate,98.5228002569043,Relatively High,94.78371501272265,Relatively High,80.42647994907702,Relatively Moderate,99.68193384223919,Very High,99.39567430025446,Very High,93.28880407124683,Relatively High,98.34605597964376,Relatively High,,Not Applicable,90.83969465648855,Relatively Moderate
48455,Trinity,60.62340966921119,Relatively Low,12933669.840362746,94.46564885,12.181933842239186,83.68794326241135,Relatively Moderate,66.61112962345884,Relatively Moderate,91.73027989821882,Relatively High,53.403982016698784,Relatively Low,82.85623409669212,Relatively Moderate,32.845321451304905,Relatively Low,63.39058524173028,Relatively Low,22.296437659033078,Very Low,82.63358778625954,Relatively High,40.26717557251908,Relatively Low,,Not Applicable,69.97455470737913,Relatively Low
48457,Tyler,61.00508905852418,Relatively Low,14086858.672041163,90.42620865,17.8117048346056,88.6107634543179,Relatively Moderate,73.37554148617129,Relatively Moderate,67.4618320610687,Relatively Moderate,57.51445086705203,Relatively Low,42.08015267175573,Relatively Low,40.22915340547422,Relatively Low,70.57888040712467,Relatively Moderate,31.774809160305345,Very Low,72.10559796437659,Relatively Moderate,59.09669211195929,Relatively Low,,Not Applicable,85.87786259541986,Relatively Low
48459,Upshur,66.92111959287533,Relatively Low,21426008.183915317,63.29516539,28.65776081424936,61.326658322903626,Relatively Low,94.73508830389869,Relatively High,60.94147582697202,Relatively Low,80.15414258188824,Relatively Moderate,86.1323155216285,Relatively High,63.94016549968173,Relatively Moderate,92.04834605597965,Relatively High,85.33715012722645,Relatively Moderate,37.849872773536894,Relatively Low,58.93765903307888,Relatively Low,,Not Applicable,77.32188295165395,Relatively Low
48461,Upton,7.665394402035624,Very Low,3138476.89727689,65.80788804,4.262086513994911,16.39549436795995,Very Low,1.49950016661113,Very Low,10.146310432569974,Very Low,17.8548490687219,Very Low,12.054707379134861,Very Low,22.024188415022277,Very Low,16.539440203562343,Very Low,47.93256997455471,Relatively Low,11.036895674300254,Very Low,7.124681933842239,Very Low,,Not Applicable,45.00636132315521,Very Low
48463,Uvalde,70.0381679389313,Relatively Low,20393723.61696777,76.36768448,5.089058524173027,62.4113475177305,Relatively Low,24.425191602799067,Very Low,31.393129770992367,Relatively Low,81.88824662813103,Relatively Moderate,27.735368956743002,Relatively Low,56.65181413112666,Relatively Low,50.858778625954194,Relatively Low,69.8473282442748,Relatively Low,63.8676844783715,Relatively Moderate,82.31552162849873,Relatively Moderate,,Not Applicable,73.21882951653944,Relatively Low
48465,Val Verde,76.08142493638677,Relatively Low,23550897.663023982,84.86005089,8.71501272264631,57.6136837713809,Very Low,9.79673442185938,Very Low,40.64885496183206,Relatively Low,69.42838792549774,Relatively Low,18.28880407124682,Relatively Low,83.8319541693189,Relatively Moderate,41.06234096692112,Relatively Low,81.77480916030534,Relatively Moderate,70.32442748091603,Relatively Moderate,87.30916030534351,Relatively Moderate,,Not Applicable,85.01908396946564,Relatively Low
48467,Van Zandt,58.778625954198475,Relatively Low,20051939.560506478,39.09033079,27.576335877862597,62.745098039215684,Relatively Low,76.57447517494168,Relatively Moderate,77.00381679389314,Relatively Moderate,80.02569043031471,Relatively Moderate,85.30534351145039,Relatively High,53.37364735837047,Relatively Low,77.7671755725191,Relatively Moderate,81.26590330788804,Relatively Moderate,71.15139949109415,Relatively Moderate,53.62595419847328,Relatively Low,,Not Applicable,69.08396946564885,Relatively Low
48469,Victoria,86.4821882951654,Relatively Moderate,53376857.04700651,59.12849873,63.93129770992366,96.16186900292033,Relatively High,63.87870709763413,Relatively Moderate,90.87150127226464,Relatively High,82.36994219653178,Relatively Moderate,36.86386768447837,Relatively Low,51.75047740292808,Relatively Low,85.24173027989822,Relatively Moderate,55.916030534351144,Relatively Low,71.7557251908397,Relatively Moderate,71.15139949109415,Relatively Low,27.800000000000004,Very Low,76.52671755725191,Relatively Low
48471,Walker,73.82315521628499,Relatively Low,25045322.045767978,71.02417303,22.487277353689567,84.10513141426783,Relatively Moderate,77.07430856381207,Relatively Moderate,83.81043256997455,Relatively Moderate,78.19524727039177,Relatively Low,38.93129770992366,Relatively Low,47.61298535964354,Relatively Low,91.85750636132316,Relatively High,43.161577608142494,Relatively Low,86.32315521628499,Relatively High,65.93511450381679,Relatively Low,,Not Applicable,78.11704834605598,Relatively Low
48473,Waller,70.26081424936386,Relatively Low,23903500.74619539,64.37659033,54.86641221374045,83.27075511055486,Relatively Moderate,64.84505164945018,Relatively Moderate,72.7735368956743,Relatively Moderate,69.94219653179191,Relatively Low,76.17684478371501,Relatively Moderate,9.388924252068746,Very Low,90.20356234096693,Relatively High,46.43765903307888,Relatively Low,66.63486005089058,Relatively Moderate,65.64885496183206,Relatively Low,,Not Applicable,70.70610687022901,Relatively Low
48475,Ward,15.362595419847327,Very Low,4149288.047586128,82.88804071,12.659033078880407,21.193158114309554,Very Low,35.82139286904365,Relatively Low,18.638676844783713,Very Low,39.0815671162492,Relatively Low,60.43256997455471,Relatively Moderate,57.95671546785487,Relatively Low,26.52671755725191,Relatively Low,69.56106870229007,Relatively Low,35.87786259541985,Relatively Low,27.099236641221374,Very Low,,Not Applicable,75.28625954198473,Relatively Low
48477,Washington,71.97837150127226,Relatively Low,21335244.64816725,86.2913486,58.81043256997456,84.68919482686692,Relatively Moderate,59.48017327557481,Relatively Low,83.07888040712467,Relatively Moderate,68.36865767501605,Relatively Low,53.11704834605598,Relatively Moderate,57.829408020369186,Relatively Low,82.63358778625954,Relatively Moderate,69.37022900763358,Relatively Low,59.796437659033074,Relatively Moderate,72.67811704834605,Relatively Low,,Not Applicable,48.82315521628499,Very Low
48479,Webb,89.24936386768448,Relatively Moderate,46479956.27228086,94.27480916,7.315521628498728,85.73216520650814,Relatively Moderate,66.31122959013662,Relatively Moderate,96.11959287531806,Relatively High,97.43095696852923,Relatively High,55.50254452926209,Relatively Moderate,77.84850413749204,Relatively Moderate,76.90839694656488,Relatively Moderate,89.59923664122137,Relatively Moderate,55.75699745547074,Relatively Low,91.03053435114504,Relatively Moderate,,Not Applicable,63.835877862595424,Relatively Low
48481,Wharton,83.01526717557252,Relatively Moderate,35020951.36540525,83.49236641,40.99872773536896,94.82686691697955,Relatively High,56.01466177940686,Relatively Low,92.52544529262087,Relatively High,78.5806037251124,Relatively Low,45.92875318066158,Relatively Low,36.6008911521324,Relatively Low,72.42366412213741,Relatively Moderate,75.54071246819338,Relatively Moderate,69.40203562340967,Relatively Moderate,69.81552162849873,Relatively Low,0,No Rating,52.958015267175576,Very Low
48483,Wheeler,41.28498727735369,Very Low,8990989.01968323,81.61577608,17.14376590330789,23.362536503963288,Very Low,79.77340886371209,Relatively Moderate,39.408396946564885,Relatively Low,13.262684649967888,Very Low,65.99872773536896,Relatively Moderate,67.60025461489498,Relatively Moderate,59.16030534351145,Relatively Low,71.0559796437659,Relatively Low,23.314249363867685,Very Low,7.697201017811704,Very Low,,Not Applicable,94.3384223918575,Relatively Moderate
48485,Wichita,81.90203562340967,Relatively Moderate,39704522.80728822,60.24173028,59.12849872773537,47.5177304964539,Very Low,89.30356547817394,Relatively High,71.69211195928753,Relatively Moderate,92.77456647398844,Relatively Moderate,68.03435114503816,Relatively Moderate,82.24061107574792,Relatively Moderate,92.8117048346056,Relatively High,95.22900763358778,Relatively High,44.211195928753185,Relatively Low,80.75699745547074,Relatively Moderate,,Not Applicable,92.58905852417303,Relatively Moderate
48487,Wilbarger,46.087786259541986,Relatively Low,10580613.846621457,82.8562341,66.12595419847328,29.28660826032541,Very Low,66.21126291236254,Relatively Moderate,23.727735368956743,Very Low,67.4373795761079,Relatively Low,74.61832061068702,Relatively Moderate,38.44684914067473,Relatively Low,61.86386768447837,Relatively Low,77.54452926208651,Relatively Moderate,5.756997455470738,Very Low,13.486005089058525,Very Low,,Not Applicable,63.51781170483461,Relatively Low
48489,Willacy,77.48091603053436,Relatively Low,21369100.55155961,95.03816794,3.657760814249364,91.65623696287025,Relatively Moderate,48.850383205598135,Relatively Low,97.86895674300254,Relatively High,57.61078998073218,Relatively Low,5.534351145038168,Very Low,17.250159134309357,Very Low,23.21882951653944,Very Low,39.026717557251914,Relatively Low,65.64885496183206,Relatively Moderate,30.884223918575067,Very Low,40.400000000000006,Very Low,28.72137404580153,Very Low
48491,Williamson,90.10814249363868,Relatively Moderate,136605414.08922902,10.62340967,87.91348600508906,69.04463913224865,Relatively Low,72.47584138620459,Relatively Moderate,95.92875318066157,Relatively High,91.04046242774567,Relatively Moderate,55.94783715012722,Relatively Moderate,96.75366008911521,Very High,93.86132315521628,Relatively High,98.66412213740458,Relatively High,88.83587786259542,Relatively High,91.31679389312977,Relatively Moderate,,Not Applicable,87.81806615776081,Relatively Low
48493,Wilson,75.54071246819338,Relatively Low,31923288.4767099,50.25445293,49.42748091603054,63.7880684188569,Relatively Low,32.75574808397201,Relatively Low,43.00254452926209,Relatively Low,73.85998715478485,Relatively Low,48.75954198473282,Relatively Low,54.39210693825589,Relatively Low,77.98982188295165,Relatively Moderate,88.29516539440203,Relatively Moderate,66.57124681933843,Relatively Moderate,84.38295165394402,Relatively Moderate,,Not Applicable,71.66030534351145,Relatively Low
48495,Winkler,4.134860050890586,Very Low,2382731.357677276,62.08651399,30.248091603053435,11.222361284939508,Very Low,23.592135954681773,Very Low,18.161577608142494,Very Low,29.31920359666024,Very Low,25.986005089058523,Relatively Low,39.942711648631445,Relatively Low,18.765903307888042,Very Low,52.862595419847324,Relatively Low,21.024173027989825,Very Low,4.643765903307888,Very Low,,Not Applicable,57.347328244274806,Very Low
48497,Wise,58.96946564885496,Relatively Low,20319228.65144477,38.29516539,16.9529262086514,33.79224030037547,Very Low,69.91002999000332,Relatively Moderate,55.3117048346056,Relatively Low,85.70969813744381,Relatively Moderate,48.31424936386768,Relatively Low,26.479949077021004,Relatively Low,75.85877862595419,Relatively Moderate,87.18193384223919,Relatively Moderate,23.568702290076335,Very Low,60.01908396946565,Relatively Low,,Not Applicable,93.73409669211196,Relatively Moderate
48499,Wood,63.231552162849866,Relatively Low,15178294.504213236,89.1221374,24.681933842239186,66.08260325406758,Relatively Low,97.03432189270244,Very High,76.78117048346056,Relatively Moderate,84.8747591522158,Relatively Moderate,90.87150127226464,Relatively High,68.33227243793762,Relatively Moderate,39.726463104325695,Relatively Low,90.45801526717557,Relatively Moderate,52.79898218829516,Relatively Low,59.28753180661578,Relatively Low,,Not Applicable,73.18702290076335,Relatively Low
48501,Yoakum,46.0559796437659,Relatively Low,8474017.803957367,90.87150127,1.494910941475827,30.037546933667088,Very Low,20.92635788070643,Very Low,75.98600508905852,Relatively Moderate,26.878612716763005,Very Low,56.902035623409674,Relatively Moderate,59.26161680458307,Relatively Low,34.28753180661578,Relatively Low,90.33078880407125,Relatively Moderate,25.47709923664122,Relatively Low,36.354961832061065,Relatively Low,,Not Applicable,86.4821882951654,Relatively Low
48503,Young,36.354961832061065,Very Low,10817835.181899196,46.02417303,39.79007633587786,41.92740926157697,Very Low,29.656781072975676,Relatively Low,31.520356234096692,Relatively Low,59.82658959537572,Relatively Low,64.66284987277355,Relatively Moderate,32.017823042648,Relatively Low,49.80916030534351,Relatively Low,74.74554707379136,Relatively Moderate,10.400763358778626,Very Low,34.891857506361326,Very Low,,Not Applicable,90.10814249363868,Relatively Moderate
48505,Zapata,31.361323155216287,Very Low,5508214.573805782,96.75572519,0.5089058524173028,65.99916562369629,Relatively Low,6.164611796067978,Very Low,89.2175572519084,Relatively High,42.164418754014136,Relatively Low,4.548346055979644,Very Low,15.8497772119669,Very Low,14.726463104325699,Very Low,37.340966921119595,Relatively Low,5.343511450381679,Very Low,19.87913486005089,Very Low,,Not Applicable,70.86513994910942,Relatively Low
48507,Zavala,53.62595419847328,Relatively Low,9793490.538032975,98.56870229,4.484732824427481,60.28368794326241,Relatively Low,21.292902365878042,Very Low,56.8384223918575,Relatively Low,76.78227360308286,Relatively Low,8.778625954198473,Very Low,14.704010184595798,Very Low,28.912213740458014,Relatively Low,43.288804071246815,Relatively Low,37.69083969465649,Relatively Low,67.01653944020356,Relatively Low,,Not Applicable,35.337150127226465,Very Low
