zip,county_fips,county_name,population,median_hh_income,owner_rate,single_family_rate,median_home_value
75001,48113,Dallas County,16872,73514,0.163,0.155,468800
75002,48085,Collin County,75057,137037,0.784,0.881,447800
75006,48113,Dallas County,47807,84815,0.515,0.553,328500
75007,48121,Denton County,54646,111521,0.674,0.753,381100
75009,48085,Collin County,34260,168250,0.92,0.948,515400
75010,48121,Denton County,33326,107317,0.517,0.555,484800
75013,48085,Collin County,49796,146891,0.636,0.656,590700
75019,48113,Dallas County,44917,141923,0.633,0.701,559500
75020,48181,Grayson County,24835,71605,0.587,0.757,204300
75021,48181,Grayson County,9173,83067,0.832,0.865,190500
75022,48121,Denton County,26090,177357,0.847,0.837,657400
75023,48085,Collin County,49229,109660,0.641,0.756,416500
75024,48085,Collin County,45652,117088,0.376,0.437,598600
75025,48085,Collin County,53202,143260,0.662,0.755,486100
75028,48121,Denton County,49094,149436,0.803,0.882,488700
75032,48397,Rockwall County,39865,135742,0.797,0.844,491300
75033,48121,Denton County,52795,174762,0.696,0.79,652100
75034,48085,Collin County,53818,111122,0.386,0.425,729700
75035,48085,Collin County,89682,166590,0.767,0.851,608900
75036,48121,Denton County,33496,151645,0.877,0.934,564500
75038,48113,Dallas County,32755,68990,0.196,0.202,408000
75039,48113,Dallas County,24164,104853,0.156,0.16,597800
75040,48113,Dallas County,64606,74519,0.668,0.786,266300
75041,48113,Dallas County,32943,70308,0.588,0.741,232100
75042,48113,Dallas County,38112,64266,0.585,0.715,240200
75043,48113,Dallas County,63152,76778,0.622,0.684,269400
75044,48113,Dallas County,47529,92178,0.589,0.674,344300
75048,48113,Dallas County,30993,131087,0.831,0.847,407200
75050,48113,Dallas County,44889,73274,0.427,0.475,240700
75051,48113,Dallas County,40884,58245,0.508,0.671,227400
75052,48113,Dallas County,97278,89301,0.646,0.75,307100
75054,48439,Tarrant County,18388,163229,0.884,0.889,470000
75056,48121,Denton County,69628,119682,0.594,0.691,458200
75057,48121,Denton County,17958,82803,0.357,0.416,238400
75058,48181,Grayson County,3625,125694,0.809,0.908,532600
75060,48113,Dallas County,47591,71575,0.649,0.718,249800
75061,48113,Dallas County,56013,63798,0.41,0.459,257800
75062,48113,Dallas County,52116,72704,0.454,0.526,273600
75063,48113,Dallas County,45849,117133,0.377,0.423,559900
75065,48121,Denton County,13657,102597,0.738,0.745,334400
75067,48121,Denton County,66913,78752,0.398,0.436,343900
75068,48121,Denton County,72710,126635,0.802,0.89,410900
75069,48085,Collin County,40032,85327,0.524,0.573,432600
75070,48085,Collin County,64078,112352,0.527,0.595,465800
75071,48085,Collin County,72964,132447,0.743,0.873,481400
75072,48085,Collin County,55087,165682,0.826,0.918,502700
75074,48085,Collin County,53831,88697,0.535,0.616,371000
75075,48085,Collin County,38135,98365,0.611,0.639,428000
75076,48181,Grayson County,7989,76919,0.818,0.769,267500
75077,48121,Denton County,42950,127211,0.777,0.87,464000
75078,48085,Collin County,53011,196564,0.896,0.926,732300
75080,48113,Dallas County,52569,92903,0.546,0.604,447100
75081,48113,Dallas County,36544,93165,0.506,0.629,371500
75082,48085,Collin County,29618,110534,0.453,0.479,492900
75087,48397,Rockwall County,44326,129484,0.812,0.873,435400
75088,48113,Dallas County,28075,105313,0.738,0.824,358400
75089,48113,Dallas County,35619,118318,0.759,0.863,382400
75090,48181,Grayson County,26594,55543,0.572,0.789,188000
75092,48181,Grayson County,28342,68036,0.581,0.635,279500
75093,48085,Collin County,47954,124563,0.591,0.615,670500
75094,48085,Collin County,24200,171476,0.928,0.965,539200
75098,48085,Collin County,69325,122089,0.799,0.869,401500
75101,48139,Ellis County,963,61000,0.569,0.66,133000
75102,48349,Navarro County,1583,88929,0.944,0.674,123500
75103,48467,Van Zandt County,16824,71013,0.797,0.753,241500
75104,48113,Dallas County,49228,102875,0.72,0.858,304200
75105,48349,Navarro County,216,,0.75,0.974,
75109,48349,Navarro County,5344,88074,0.896,0.716,258400
75110,48349,Navarro County,31552,57370,0.609,0.708,174100
75114,48257,Kaufman County,9333,88013,0.873,0.846,293000
75115,48113,Dallas County,56211,82782,0.696,0.771,319400
75116,48113,Dallas County,19954,67390,0.607,0.669,237500
75117,48467,Van Zandt County,5109,90954,0.797,0.837,250000
75119,48139,Ellis County,31866,77053,0.689,0.772,278800
75124,48213,Henderson County,5981,79083,0.858,0.702,240800
75125,48139,Ellis County,7873,79545,0.833,0.609,231800
75126,48257,Kaufman County,84799,103673,0.805,0.915,361100
75127,48467,Van Zandt County,1576,60366,0.875,0.763,216800
75134,48113,Dallas County,19045,69778,0.843,0.947,235700
75135,48231,Hunt County,11326,111235,0.872,0.789,324200
75137,48113,Dallas County,19729,82253,0.711,0.851,275600
75140,48467,Van Zandt County,8469,55338,0.816,0.719,169200
75141,48113,Dallas County,5703,48159,0.497,0.529,248900
75142,48257,Kaufman County,22822,80028,0.758,0.667,237900
75143,48257,Kaufman County,14709,67897,0.82,0.556,182900
75144,48349,Navarro County,3581,62949,0.73,0.739,168800
75146,48113,Dallas County,25097,68071,0.568,0.733,263900
75147,48467,Van Zandt County,9177,56940,0.631,0.667,255800
75148,48213,Henderson County,5842,68569,0.769,0.66,203000
75149,48113,Dallas County,58262,70774,0.668,0.81,227200
75150,48113,Dallas County,62738,65440,0.514,0.588,238100
75152,48139,Ellis County,5321,94935,0.873,0.743,250000
75153,48349,Navarro County,647,93708,0.651,0.57,
75154,48139,Ellis County,52516,100388,0.822,0.844,345500
75155,48349,Navarro County,2951,67336,0.892,0.434,111800
75156,48213,Henderson County,16333,60867,0.815,0.656,218200
75157,48257,Kaufman County,227,100250,0.901,0.622,263000
75158,48257,Kaufman County,6025,100263,0.898,0.73,293600
75159,48113,Dallas County,23456,72897,0.81,0.786,234300
75160,48257,Kaufman County,28206,71801,0.685,0.714,255700
75161,48257,Kaufman County,8011,85981,0.861,0.612,264500
75163,48213,Henderson County,2443,60462,0.848,0.841,198200
75164,48085,Collin County,885,65825,0.893,1.0,242500
75165,48139,Ellis County,53513,86391,0.66,0.75,341600
75166,48085,Collin County,6989,132101,0.909,0.99,396600
75167,48139,Ellis County,13904,117714,0.908,0.865,411200
75169,48467,Van Zandt County,16029,74350,0.815,0.655,194500
75172,48113,Dallas County,5806,59457,0.567,0.479,165500
75173,48085,Collin County,10664,101988,0.945,0.778,355900
75180,48113,Dallas County,26455,67019,0.66,0.712,223900
75181,48113,Dallas County,29788,111052,0.838,0.919,312400
75182,48113,Dallas County,8336,170348,0.915,0.949,565300
75189,48397,Rockwall County,48739,117125,0.885,0.886,356600
75201,48113,Dallas County,18345,103761,0.106,0.027,688100
75202,48113,Dallas County,2892,133155,0.242,0.059,359500
75203,48113,Dallas County,15775,46989,0.379,0.456,159900
75204,48113,Dallas County,34666,92253,0.186,0.167,479500
75205,48113,Dallas County,26572,181631,0.552,0.546,1706700
75206,48113,Dallas County,38909,91023,0.27,0.263,615400
75207,48113,Dallas County,8287,84212,0.008,0.043,
75208,48113,Dallas County,29367,81950,0.542,0.605,438400
75209,48113,Dallas County,14211,134707,0.643,0.604,864200
75210,48113,Dallas County,7722,33712,0.357,0.656,122700
75211,48113,Dallas County,73534,56807,0.526,0.64,219300
75212,48113,Dallas County,28259,59750,0.564,0.683,241700
75214,48113,Dallas County,34274,132313,0.598,0.596,777100
75215,48113,Dallas County,18895,45557,0.382,0.622,190100
75216,48113,Dallas County,55894,41386,0.558,0.743,159800
75217,48113,Dallas County,85028,55723,0.628,0.781,189200
75218,48113,Dallas County,22544,107366,0.643,0.757,521000
75219,48113,Dallas County,23934,102364,0.336,0.172,388600
75220,48113,Dallas County,40239,69843,0.319,0.354,500200
75223,48113,Dallas County,11994,73318,0.552,0.793,265100
75224,48113,Dallas County,35105,51919,0.572,0.626,239600
75225,48113,Dallas County,22237,200234,0.759,0.664,1671900
75226,48113,Dallas County,5199,70546,0.035,0.074,
75227,48113,Dallas County,58319,64008,0.563,0.672,217000
75228,48113,Dallas County,67714,62667,0.492,0.552,282700
75229,48113,Dallas County,33656,121469,0.694,0.732,631700
75230,48113,Dallas County,27763,110956,0.574,0.516,931500
75231,48113,Dallas County,38370,58540,0.183,0.164,522400
75232,48113,Dallas County,32972,61847,0.698,0.818,220100
75233,48113,Dallas County,14867,49870,0.557,0.606,286500
75234,48113,Dallas County,32961,86733,0.514,0.547,351600
75235,48113,Dallas County,19637,63393,0.245,0.262,294500
75236,48113,Dallas County,18963,49715,0.293,0.344,255800
75237,48113,Dallas County,18260,44318,0.113,0.152,247500
75238,48113,Dallas County,33199,82019,0.504,0.511,568700
75240,48113,Dallas County,25290,58320,0.211,0.224,395100
75241,48113,Dallas County,33840,53998,0.675,0.821,192000
75243,48113,Dallas County,63481,53618,0.266,0.255,386100
75244,48113,Dallas County,13389,120286,0.513,0.544,617800
75246,48113,Dallas County,2286,53555,0.199,0.228,447800
75247,48113,Dallas County,627,20200,0.0,0.044,
75248,48113,Dallas County,38459,100414,0.536,0.475,576100
75249,48113,Dallas County,16447,85500,0.748,0.973,286000
75251,48113,Dallas County,3525,90396,0.014,0.103,
75252,48085,Collin County,28618,85000,0.461,0.471,580600
75253,48113,Dallas County,24395,60874,0.689,0.514,165000
75254,48113,Dallas County,25050,67216,0.249,0.164,287300
75287,48085,Collin County,53959,63741,0.23,0.241,405600
75401,48231,Hunt County,22669,59908,0.552,0.697,168000
75402,48231,Hunt County,20098,77877,0.669,0.773,273300
75407,48085,Collin County,34171,100037,0.762,0.811,329000
75409,48085,Collin County,27131,104814,0.809,0.916,353600
75410,48499,Wood County,4556,73934,0.865,0.739,222900
75411,48277,Lamar County,1090,,0.54,0.888,
75412,48387,Red River County,488,64605,0.641,0.774,109200
75413,48147,Fannin County,118,48750,0.52,0.661,195000
75414,48181,Grayson County,3719,86993,0.796,0.758,246700
75415,48119,Delta County,289,93050,0.945,0.634,162500
75416,48277,Lamar County,2873,75735,0.799,0.799,202500
75417,48387,Red River County,2162,56842,0.766,0.844,133200
75418,48147,Fannin County,15155,68918,0.752,0.782,223700
75420,48223,Hopkins County,1041,72521,0.915,0.737,134000
75421,48277,Lamar County,850,75197,0.899,0.847,158600
75422,48231,Hunt County,3229,75690,0.814,0.722,229400
75423,48231,Hunt County,3104,59375,0.809,0.708,252900
75424,48085,Collin County,3790,89157,0.88,0.812,312300
75426,48387,Red River County,4351,35938,0.625,0.779,93300
75428,48231,Hunt County,11531,51424,0.519,0.571,162500
75431,48223,Hopkins County,2069,43242,0.659,0.592,306900
75432,48119,Delta County,3049,65030,0.799,0.861,151700
75433,48223,Hopkins County,3359,86042,0.829,0.775,207600
75434,48277,Lamar County,6,,1.0,1.0,
75435,48277,Lamar County,1045,50000,0.75,0.569,135800
75436,48387,Red River County,2454,90043,0.779,0.728,201400
75437,48223,Hopkins County,1023,87574,0.92,0.766,231600
75438,48147,Fannin County,1262,101125,0.694,0.732,238000
75439,48147,Fannin County,1087,64500,0.684,0.818,155400
75440,48379,Rains County,7846,65232,0.842,0.764,286800
75441,48119,Delta County,82,,0.893,1.0,
75442,48085,Collin County,10805,95250,0.816,0.814,364000
75446,48147,Fannin County,3814,52460,0.785,0.744,238800
75447,48147,Fannin County,1028,110391,0.991,0.833,234300
75448,48119,Delta County,1127,85827,0.774,0.649,172800
75449,48147,Fannin County,868,56250,0.748,0.903,130400
75450,48119,Delta County,404,,0.865,1.0,214000
75451,48063,Camp County,1156,58667,0.964,0.851,203500
75452,48147,Fannin County,5024,69479,0.791,0.807,295900
75453,48231,Hunt County,3430,111406,0.917,0.778,275700
75454,48085,Collin County,22990,138827,0.886,0.914,456100
75455,48449,Titus County,26903,56163,0.677,0.724,186900
75457,48159,Franklin County,6175,83916,0.8,0.778,249800
75459,48181,Grayson County,6554,71228,0.724,0.713,258300
75460,48277,Lamar County,23426,46473,0.503,0.724,142600
75462,48277,Lamar County,12372,81563,0.758,0.852,250200
75468,48277,Lamar County,1085,105875,0.663,0.884,252200
75469,48119,Delta County,372,83375,0.919,0.916,247200
75470,48277,Lamar County,213,105625,0.652,0.234,227300
75471,48223,Hopkins County,1483,77934,0.702,0.885,122000
75472,48379,Rains County,3951,61694,0.77,0.673,164600
75473,48277,Lamar County,3674,103793,0.886,0.867,234200
75474,48231,Hunt County,17671,64103,0.822,0.599,191400
75475,48147,Fannin County,203,,1.0,1.0,
75476,48147,Fannin County,1111,57697,0.926,0.775,249300
75477,48277,Lamar County,846,90469,0.838,0.898,216300
75478,48223,Hopkins County,927,57917,0.904,0.631,170800
75479,48147,Fannin County,2284,74803,0.778,0.755,209500
75480,48159,Franklin County,1661,73920,0.952,0.934,299600
75481,48223,Hopkins County,487,73250,0.899,0.8,227800
75482,48223,Hopkins County,26483,69970,0.665,0.751,231000
75486,48277,Lamar County,2774,92460,0.968,0.785,208400
75487,48159,Franklin County,1437,31912,0.861,0.742,151100
75488,48147,Fannin County,1244,54700,0.978,0.839,206300
75489,48181,Grayson County,803,88676,0.688,0.806,233200
75490,48147,Fannin County,3196,92500,0.895,0.859,361500
75491,48181,Grayson County,5471,79386,0.818,0.701,247300
75492,48147,Fannin County,250,125917,0.761,0.777,174300
75493,48449,Titus County,629,50893,0.642,0.485,105300
75494,48499,Wood County,11470,59539,0.782,0.758,199100
75495,48181,Grayson County,11120,111563,0.838,0.84,397900
75496,48231,Hunt County,2893,64808,0.781,0.833,200900
75497,48499,Wood County,3669,56205,0.823,0.791,212800
75501,48037,Bowie County,34866,45995,0.571,0.657,136100
75503,48037,Bowie County,26372,72159,0.62,0.712,229800
75550,48387,Red River County,561,61875,0.699,0.845,
75551,48067,Cass County,10341,64248,0.776,0.766,160000
75554,48387,Red River County,1883,46750,0.853,0.804,166900
75555,48067,Cass County,1630,58750,0.842,0.589,112100
75556,48067,Cass County,1184,93750,0.834,0.627,103600
75558,48449,Titus County,2126,93125,0.965,0.595,105800
75559,48037,Bowie County,5528,58313,0.691,0.762,147400
75560,48067,Cass County,962,83667,0.819,0.526,
75561,48037,Bowie County,5014,60047,0.725,0.618,119500
75562,48067,Cass County,23,,1.0,0.15,
75563,48067,Cass County,4033,52565,0.738,0.8,121900
75564,48067,Cass County,35,,1.0,1.0,
75565,48067,Cass County,248,19539,0.179,0.452,
75566,48067,Cass County,886,39219,0.829,0.818,115400
75567,48037,Bowie County,3660,69350,0.753,0.646,150000
75568,48067,Cass County,2677,48417,0.725,0.731,123600
75569,48037,Bowie County,3523,55884,0.616,0.669,170200
75570,48037,Bowie County,11391,67622,0.757,0.762,162600
75571,48343,Morris County,2653,56151,0.851,0.848,146900
75572,48067,Cass County,3130,45625,0.724,0.679,134200
75573,48037,Bowie County,263,90349,0.508,0.566,159500
75574,48037,Bowie County,1227,75824,0.953,0.661,115900
75601,48183,Gregg County,15780,65700,0.609,0.702,210500
75602,48203,Harrison County,20671,52330,0.627,0.721,139700
75603,48183,Gregg County,6061,65212,0.785,0.776,185800
75604,48183,Gregg County,31924,67942,0.597,0.645,200600
75605,48183,Gregg County,35417,73190,0.584,0.634,252300
75630,48067,Cass County,2452,49677,0.868,0.808,156300
75631,48365,Panola County,2483,83750,0.796,0.64,146800
75633,48365,Panola County,13271,66102,0.761,0.718,161100
75638,48343,Morris County,5212,66579,0.75,0.805,111000
75639,48365,Panola County,2536,49344,0.897,0.617,158300
75640,48203,Harrison County,6142,80967,0.903,0.803,272600
75641,48401,Rusk County,83,,0.558,0.708,165900
75642,48365,Panola County,86,,1.0,1.0,
75643,48365,Panola County,2300,59342,0.826,0.677,142000
75644,48459,Upshur County,12774,57633,0.707,0.721,163000
75645,48459,Upshur County,10400,57438,0.851,0.695,166900
75647,48183,Gregg County,13299,65809,0.755,0.741,167700
75650,48203,Harrison County,10703,97596,0.788,0.722,197200
75651,48203,Harrison County,1871,43514,0.744,0.815,162800
75652,48401,Rusk County,15290,69250,0.716,0.786,182000
75654,48401,Rusk County,12164,69848,0.814,0.747,173400
75656,48067,Cass County,4507,41727,0.732,0.764,144500
75657,48315,Marion County,7503,49466,0.761,0.592,113200
75658,48401,Rusk County,31,,0.632,0.0,
75659,48203,Harrison County,37,,1.0,1.0,
75661,48203,Harrison County,2360,41929,0.792,0.695,158500
75662,48183,Gregg County,25034,70096,0.781,0.714,173900
75667,48401,Rusk County,1413,61065,0.819,0.71,105400
75668,48343,Morris County,2094,41495,0.613,0.821,81700
75669,48365,Panola County,1034,88190,1.0,0.852,133600
75670,48203,Harrison County,18670,42386,0.591,0.737,112300
75672,48203,Harrison County,16509,70610,0.806,0.759,172400
75681,48401,Rusk County,2248,48079,0.83,0.829,178500
75682,48401,Rusk County,678,71477,0.988,0.93,159900
75683,48459,Upshur County,3413,65240,0.912,0.708,113300
75684,48401,Rusk County,8040,57273,0.845,0.723,156100
75686,48063,Camp County,14195,59991,0.77,0.752,170700
75689,48401,Rusk County,98,51167,0.688,0.463,
75691,48401,Rusk County,4130,89353,0.776,0.546,170500
75692,48203,Harrison County,5563,63904,0.886,0.579,152300
75693,48183,Gregg County,5935,102146,0.652,0.676,222400
75701,48423,Smith County,36344,66401,0.6,0.786,213700
75702,48423,Smith County,27927,51564,0.529,0.739,115200
75703,48423,Smith County,46039,79194,0.571,0.571,336300
75704,48423,Smith County,8913,55855,0.785,0.565,154600
75705,48423,Smith County,1704,81346,0.525,0.792,197200
75706,48423,Smith County,9560,61687,0.777,0.542,135400
75707,48423,Smith County,17532,84954,0.746,0.776,274900
75708,48423,Smith County,9732,85441,0.776,0.619,157400
75709,48423,Smith County,6015,75625,0.696,0.564,240600
75711,48423,Smith County,156,,,,
75750,48423,Smith County,3132,50948,0.792,0.76,172300
75751,48213,Henderson County,18644,70620,0.656,0.636,209400
75752,48213,Henderson County,7536,70223,0.885,0.727,232900
75754,48467,Van Zandt County,7841,69815,0.817,0.732,268300
75755,48459,Upshur County,5244,73402,0.79,0.683,109500
75756,48213,Henderson County,4414,81619,0.76,0.714,267700
75757,48073,Cherokee County,14328,91165,0.836,0.792,275500
75758,48213,Henderson County,9945,57859,0.797,0.629,201200
75759,48073,Cherokee County,278,250001,0.974,0.882,
75760,48347,Nacogdoches County,2396,63182,0.875,0.67,124600
75762,48423,Smith County,15704,90057,0.854,0.876,299500
75763,48001,Anderson County,6259,69756,0.878,0.669,163200
75764,48073,Cherokee County,202,77614,0.638,0.744,166700
75765,48499,Wood County,8734,60317,0.839,0.793,204600
75766,48073,Cherokee County,25850,51394,0.707,0.723,156000
75770,48213,Henderson County,2523,83542,0.924,0.758,239200
75771,48423,Smith County,21238,93462,0.783,0.781,301600
75773,48499,Wood County,14230,58138,0.732,0.764,245600
75778,48213,Henderson County,3152,57589,0.763,0.645,154900
75779,48001,Anderson County,62,,1.0,0.5,
75780,48073,Cherokee County,373,,0.865,0.489,
75782,48213,Henderson County,120,60000,0.921,0.87,129700
75783,48499,Wood County,8263,59407,0.851,0.718,200100
75784,48401,Rusk County,531,64545,0.98,0.48,113500
75785,48073,Cherokee County,10705,65000,0.775,0.756,165000
75788,48347,Nacogdoches County,48,,1.0,0.0,
75789,48073,Cherokee County,9095,83131,0.847,0.766,202000
75790,48467,Van Zandt County,3915,65039,0.803,0.842,173900
75791,48423,Smith County,15786,92107,0.742,0.783,267000
75792,48423,Smith County,3898,54293,0.85,0.757,169000
75801,48001,Anderson County,17531,56787,0.62,0.705,173200
75803,48001,Anderson County,21770,61794,0.754,0.677,200600
75831,48289,Leon County,4881,51935,0.713,0.573,117500
75833,48289,Leon County,3550,69338,0.781,0.634,179500
75835,48225,Houston County,12439,53611,0.653,0.693,172200
75838,48161,Freestone County,209,27813,0.515,0.384,
75839,48001,Anderson County,6796,67404,0.81,0.672,165800
75840,48161,Freestone County,6994,58224,0.681,0.722,206200
75844,48225,Houston County,4770,60376,0.793,0.747,160100
75845,48455,Trinity County,2473,48333,0.882,0.623,104600
75846,48289,Leon County,2741,64250,0.799,0.552,204100
75847,48225,Houston County,1328,42188,0.779,0.74,121700
75848,48161,Freestone County,64,83750,1.0,0.435,85000
75849,48225,Houston County,62,48750,0.897,0.88,103600
75850,48289,Leon County,1239,130742,0.871,0.418,206400
75851,48225,Houston County,4336,85982,0.898,0.708,164400
75852,48313,Madison County,3323,72847,0.885,0.695,214300
75853,48001,Anderson County,999,71500,0.848,0.69,231500
75855,48289,Leon County,2635,45962,0.784,0.69,186000
75856,48225,Houston County,65,,0.256,0.741,
75858,48225,Houston County,57,,1.0,0.916,
75859,48161,Freestone County,2337,75139,0.803,0.754,231300
75860,48161,Freestone County,6624,59950,0.803,0.705,128400
75861,48001,Anderson County,1381,54224,0.676,0.523,214000
75862,48455,Trinity County,9968,52017,0.77,0.545,124200
75884,48001,Anderson County,2697,,,,
75886,48001,Anderson County,2456,,,,
75901,48005,Angelina County,28234,62966,0.635,0.699,177700
75903,48005,Angelina County,64,30000,0.0,0.058,
75904,48005,Angelina County,34462,60205,0.575,0.648,185000
75925,48073,Cherokee County,3657,60811,0.696,0.718,105200
75926,48455,Trinity County,1389,65833,0.787,0.614,130400
75928,48351,Newton County,899,31037,0.86,0.68,66900
75929,48405,San Augustine County,1498,69554,0.862,0.633,166900
75930,48405,San Augustine County,2330,74240,0.87,0.471,110300
75931,48241,Jasper County,2323,79514,0.812,0.649,233800
75932,48351,Newton County,1291,61161,0.885,0.682,107400
75933,48351,Newton County,1418,25996,0.937,0.455,
75934,48373,Polk County,105,,1.0,1.0,
75935,48419,Shelby County,12621,49239,0.733,0.694,111500
75936,48457,Tyler County,717,70938,0.893,0.825,168900
75937,48347,Nacogdoches County,1313,80441,0.808,0.587,89500
75938,48457,Tyler County,2846,55379,0.866,0.706,97300
75939,48373,Polk County,4725,46014,0.689,0.648,177600
75941,48005,Angelina County,8461,59593,0.726,0.737,109900
75943,48347,Nacogdoches County,1144,61302,0.885,0.719,219100
75944,48347,Nacogdoches County,771,39338,0.949,0.643,85000
75946,48347,Nacogdoches County,4170,58177,0.68,0.604,151800
75948,48403,Sabine County,5238,62028,0.859,0.627,187000
75949,48005,Angelina County,9138,63047,0.704,0.644,100400
75951,48241,Jasper County,15144,53147,0.701,0.612,128100
75954,48419,Shelby County,3607,56600,0.739,0.491,91700
75956,48241,Jasper County,6982,62196,0.844,0.666,156300
75959,48403,Sabine County,1025,68236,0.908,0.637,161500
75960,48373,Polk County,1304,64300,1.0,0.712,113000
75961,48347,Nacogdoches County,15183,41495,0.499,0.541,141200
75962,48347,Nacogdoches County,3159,,,,
75964,48347,Nacogdoches County,20470,56762,0.64,0.615,130900
75965,48347,Nacogdoches County,18243,55291,0.514,0.552,244500
75966,48351,Newton County,4994,40087,0.739,0.614,102900
75968,48403,Sabine County,1818,53355,0.822,0.667,89100
75969,48005,Angelina County,4479,84063,0.807,0.486,180800
75972,48405,San Augustine County,5708,44196,0.712,0.614,96300
75973,48419,Shelby County,2453,67023,0.865,0.568,130800
75974,48419,Shelby County,2592,47292,0.697,0.563,91300
75975,48419,Shelby County,3671,44297,0.7,0.583,96900
75976,48073,Cherokee County,912,62857,0.674,0.638,66400
75977,48351,Newton County,547,25625,0.912,0.773,112000
75979,48457,Tyler County,11273,51594,0.757,0.769,161400
75980,48005,Angelina County,2539,45439,0.908,0.653,94500
76001,48439,Tarrant County,38913,105311,0.757,0.868,352700
76002,48439,Tarrant County,35265,100667,0.805,0.974,339100
76005,48439,Tarrant County,7102,168806,0.801,0.885,523400
76006,48439,Tarrant County,23446,59139,0.248,0.215,294200
76008,48367,Parker County,25165,168314,0.918,0.971,493200
76009,48251,Johnson County,22803,79755,0.776,0.544,245400
76010,48439,Tarrant County,54978,45466,0.313,0.548,217800
76011,48439,Tarrant County,22752,54038,0.174,0.271,247300
76012,48439,Tarrant County,27991,88141,0.67,0.751,334600
76013,48439,Tarrant County,35715,70471,0.533,0.642,310400
76014,48439,Tarrant County,32818,60333,0.402,0.618,234600
76015,48439,Tarrant County,18135,73709,0.48,0.651,256900
76016,48439,Tarrant County,31280,108885,0.836,0.926,334500
76017,48439,Tarrant County,47074,90083,0.658,0.755,311600
76018,48439,Tarrant County,26834,88288,0.764,0.913,265100
76020,48367,Parker County,34602,87298,0.777,0.736,299300
76021,48439,Tarrant County,35354,87097,0.517,0.587,374400
76022,48439,Tarrant County,13760,72560,0.475,0.577,277100
76023,48497,Wise County,7534,77277,0.818,0.616,319700
76028,48251,Johnson County,81549,101138,0.773,0.838,327100
76031,48251,Johnson County,18920,69155,0.782,0.73,200200
76033,48251,Johnson County,29538,76292,0.626,0.721,253800
76034,48439,Tarrant County,26103,217914,0.967,0.984,782300
76035,48367,Parker County,2656,118333,0.698,0.728,438600
76036,48439,Tarrant County,36044,97973,0.763,0.87,319300
76039,48439,Tarrant County,39855,83140,0.349,0.478,341300
76040,48439,Tarrant County,31677,72661,0.437,0.475,297900
76041,48139,Ellis County,755,131250,1.0,0.967,173200
76043,48425,Somervell County,6858,78306,0.746,0.653,250500
76044,48251,Johnson County,9196,122715,0.882,0.871,414800
76048,48221,Hood County,27000,70346,0.736,0.613,246000
76049,48221,Hood County,31506,104967,0.877,0.858,363300
76050,48251,Johnson County,7282,85194,0.796,0.767,273600
76051,48439,Tarrant County,50618,111160,0.524,0.561,489400
76052,48439,Tarrant County,34249,143555,0.844,0.933,441800
76053,48439,Tarrant County,32323,64141,0.502,0.605,270900
76054,48439,Tarrant County,11744,109881,0.864,0.898,377800
76055,48217,Hill County,3577,80025,0.822,0.777,197300
76058,48251,Johnson County,22276,71328,0.745,0.513,275900
76059,48251,Johnson County,5586,51401,0.434,0.468,237900
76060,48439,Tarrant County,9444,119156,0.728,0.82,378600
76061,48251,Johnson County,22,,1.0,1.0,
76063,48439,Tarrant County,82625,118946,0.716,0.775,411800
76064,48139,Ellis County,2513,73125,0.69,0.875,343300
76065,48139,Ellis County,47438,127756,0.817,0.869,425100
76066,48367,Parker County,5865,112733,0.898,0.712,358200
76067,48363,Palo Pinto County,21080,62190,0.645,0.7,172200
76070,48425,Somervell County,1164,140420,0.922,0.778,
76071,48497,Wise County,5159,101989,0.799,0.722,334200
76073,48497,Wise County,7648,101563,0.891,0.686,336000
76077,48425,Somervell County,1001,118705,0.96,0.827,480000
76078,48497,Wise County,10828,99866,0.836,0.649,309600
76082,48367,Parker County,24880,92485,0.852,0.692,306000
76084,48251,Johnson County,14097,102115,0.878,0.702,264700
76085,48367,Parker County,12357,104531,0.867,0.816,381900
76086,48367,Parker County,23328,60578,0.525,0.691,258100
76087,48367,Parker County,36822,114306,0.843,0.806,383200
76088,48367,Parker County,15290,104038,0.85,0.797,408700
76092,48439,Tarrant County,31520,250001,0.946,0.962,1007500
76093,48251,Johnson County,4198,57200,0.849,0.801,148300
76102,48439,Tarrant County,11895,75859,0.206,0.112,296600
76103,48439,Tarrant County,15975,60172,0.615,0.807,205000
76104,48439,Tarrant County,20443,61658,0.369,0.502,162700
76105,48439,Tarrant County,22228,45770,0.493,0.855,153600
76106,48439,Tarrant County,35946,55431,0.484,0.748,172400
76107,48439,Tarrant County,30994,79990,0.441,0.514,431200
76108,48439,Tarrant County,45537,80412,0.706,0.802,253700
76109,48439,Tarrant County,26006,100507,0.525,0.562,630800
76110,48439,Tarrant County,33441,69790,0.624,0.819,258000
76111,48439,Tarrant County,20989,60194,0.567,0.842,216400
76112,48439,Tarrant County,44514,57724,0.487,0.556,225900
76114,48439,Tarrant County,27357,62073,0.534,0.666,222600
76115,48439,Tarrant County,19655,52411,0.468,0.679,150600
76116,48439,Tarrant County,49856,56187,0.367,0.422,305800
76117,48439,Tarrant County,32950,51670,0.5,0.661,211700
76118,48439,Tarrant County,17991,94530,0.731,0.848,326400
76119,48439,Tarrant County,52974,51267,0.547,0.665,160400
76120,48439,Tarrant County,21102,80922,0.528,0.561,306700
76123,48439,Tarrant County,42957,102768,0.767,0.916,310500
76126,48439,Tarrant County,27689,113905,0.82,0.868,383700
76127,48439,Tarrant County,1729,,0.0,0.421,
76129,48439,Tarrant County,1641,,,,
76131,48439,Tarrant County,56322,108694,0.733,0.864,343100
76132,48439,Tarrant County,26927,63924,0.33,0.344,396200
76133,48439,Tarrant County,53958,75523,0.621,0.787,238900
76134,48439,Tarrant County,29949,70945,0.598,0.786,239000
76135,48439,Tarrant County,19445,74621,0.609,0.708,275100
76137,48439,Tarrant County,60352,90718,0.586,0.66,310900
76140,48439,Tarrant County,33321,75955,0.684,0.776,234700
76148,48439,Tarrant County,23367,89840,0.814,0.984,242200
76155,48439,Tarrant County,6533,73229,0.004,0.009,
76164,48439,Tarrant County,13457,52882,0.601,0.863,162700
76177,48439,Tarrant County,25012,104189,0.464,0.493,376000
76179,48439,Tarrant County,80090,107428,0.791,0.918,330300
76180,48439,Tarrant County,38371,81503,0.489,0.549,328000
76182,48439,Tarrant County,30242,120558,0.819,0.925,403000
76201,48121,Denton County,31143,39982,0.19,0.31,257700
76203,48121,Denton County,1085,,,,
76205,48121,Denton County,18978,68600,0.417,0.475,335600
76207,48121,Denton County,19862,85330,0.637,0.733,390900
76208,48121,Denton County,30025,88967,0.667,0.571,369100
76209,48121,Denton County,27982,75069,0.462,0.645,274300
76210,48121,Denton County,47610,113980,0.758,0.833,376000
76225,48497,Wise County,3487,84336,0.801,0.723,305800
76226,48121,Denton County,43587,180982,0.936,0.978,606100
76227,48121,Denton County,62127,111402,0.774,0.888,400800
76228,48077,Clay County,1263,69250,0.823,0.816,171200
76230,48337,Montague County,10536,66641,0.788,0.803,220600
76233,48181,Grayson County,3711,67516,0.747,0.822,250000
76234,48497,Wise County,21418,93727,0.789,0.799,344700
76238,48097,Cooke County,657,96667,0.769,0.754,271900
76239,48337,Montague County,1341,76250,0.77,0.812,228200
76240,48097,Cooke County,29419,71502,0.674,0.768,227100
76244,48439,Tarrant County,76728,122217,0.68,0.769,391200
76245,48181,Grayson County,1814,92212,0.946,0.781,219600
76247,48121,Denton County,21726,124383,0.836,0.87,397900
76248,48439,Tarrant County,40936,171804,0.819,0.886,576600
76249,48121,Denton County,10637,120169,0.816,0.874,356000
76250,48097,Cooke County,881,90625,0.84,1.0,286700
76251,48337,Montague County,708,62375,0.889,0.839,262500
76252,48097,Cooke County,2947,94444,0.772,0.949,310100
76253,48097,Cooke County,232,69952,0.923,0.462,176300
76255,48337,Montague County,6053,55841,0.775,0.783,164400
76258,48121,Denton County,8444,103532,0.817,0.852,366600
76259,48121,Denton County,6596,101845,0.738,0.77,354100
76261,48337,Montague County,221,61250,0.83,0.646,109400
76262,48121,Denton County,43620,151250,0.733,0.748,577100
76263,48097,Cooke County,35,178182,1.0,1.0,143200
76264,48181,Grayson County,997,77955,0.815,0.643,309500
76265,48337,Montague County,1566,76036,0.767,0.78,216500
76266,48121,Denton County,18155,99425,0.814,0.827,338300
76267,48497,Wise County,113,,1.0,1.0,
76268,48181,Grayson County,243,,0.872,0.396,160500
76270,48337,Montague County,1826,73553,0.974,0.703,235200
76271,48181,Grayson County,1859,78125,0.719,0.869,329300
76272,48097,Cooke County,5335,81174,0.883,0.715,362100
76273,48181,Grayson County,11229,82021,0.689,0.671,242300
76301,48485,Wichita County,15479,41947,0.553,0.714,74800
76302,48485,Wichita County,11932,59590,0.597,0.689,165800
76305,48077,Clay County,4941,78071,0.747,0.699,184700
76306,48485,Wichita County,13963,46957,0.586,0.737,111600
76308,48485,Wichita County,21896,74772,0.523,0.646,213500
76309,48485,Wichita County,13395,54159,0.573,0.765,143400
76310,48009,Archer County,19029,82183,0.724,0.765,224600
76311,48485,Wichita County,6362,77404,0.003,0.595,
76351,48009,Archer County,1256,46484,0.75,0.87,138900
76354,48485,Wichita County,11990,68721,0.704,0.799,159900
76357,48077,Clay County,525,74318,0.95,0.851,143800
76360,48485,Wichita County,2699,69143,0.682,0.881,69400
76363,48275,Knox County,137,52778,0.906,1.0,
76364,48487,Wilbarger County,268,117928,0.761,0.813,84600
76365,48077,Clay County,4842,78484,0.807,0.819,162300
76366,48009,Archer County,2074,56034,0.802,0.771,156700
76367,48485,Wichita County,14367,76310,0.885,0.891,143500
76370,48009,Archer County,429,86750,0.857,0.96,78600
76371,48275,Knox County,1675,61335,0.804,0.893,84700
76372,48447,Throckmorton County,1053,69167,0.755,0.72,106600
76373,48487,Wilbarger County,181,60417,0.929,0.788,
76374,48503,Young County,4073,43939,0.663,0.817,121000
76377,48077,Clay County,464,65667,0.827,0.83,98000
76379,48009,Archer County,672,70313,0.76,0.816,148300
76380,48023,Baylor County,3509,45880,0.657,0.793,103100
76384,48487,Wilbarger County,12069,53564,0.668,0.801,89700
76388,48207,Haskell County,248,64236,0.906,0.99,74500
76389,48009,Archer County,1739,98750,0.898,0.887,229200
76401,48143,Erath County,31375,61210,0.559,0.656,270000
76402,48143,Erath County,750,,,,
76424,48429,Stephens County,8629,56082,0.778,0.677,103900
76426,48497,Wise County,11632,92130,0.75,0.76,268900
76427,48237,Jack County,1001,75191,0.563,0.67,153600
76429,48429,Stephens County,330,,0.872,0.713,424400
76430,48417,Shackelford County,2395,77102,0.785,0.848,202400
76431,48497,Wise County,4494,86875,0.857,0.751,194700
76432,48049,Brown County,1459,69688,0.915,0.803,216700
76433,48143,Erath County,2178,117702,0.883,0.913,395000
76435,48133,Eastland County,726,76667,0.828,0.77,148000
76436,48093,Comanche County,115,51397,1.0,0.847,
76437,48133,Eastland County,5882,60923,0.768,0.822,117500
76442,48093,Comanche County,7372,59853,0.797,0.817,150300
76443,48059,Callahan County,1999,49915,0.786,0.745,104700
76444,48093,Comanche County,4081,68147,0.767,0.797,115800
76445,48133,Eastland County,222,72857,0.735,0.806,
76446,48143,Erath County,8131,57583,0.842,0.688,185500
76448,48133,Eastland County,5100,57122,0.706,0.798,183000
76449,48363,Palo Pinto County,2113,72813,0.802,0.769,398700
76450,48503,Young County,12999,75258,0.768,0.802,192900
76452,48093,Comanche County,142,141528,0.707,0.663,1263400
76453,48363,Palo Pinto County,1440,99293,0.941,0.832,350000
76454,48133,Eastland County,1320,36354,0.685,0.768,84800
76455,48093,Comanche County,784,56346,0.83,0.852,146700
76457,48193,Hamilton County,4244,72238,0.808,0.851,264100
76458,48237,Jack County,6240,64297,0.735,0.798,259000
76459,48237,Jack County,77,33438,1.0,0.231,56500
76460,48503,Young County,469,76964,0.763,0.595,
76462,48221,Hood County,5167,99160,0.89,0.808,360800
76463,48143,Erath County,577,58750,0.858,0.699,163200
76464,48417,Shackelford County,477,64038,0.787,0.824,48500
76466,48133,Eastland County,564,,0.734,0.768,
76469,48059,Callahan County,9,,1.0,0.571,
76470,48133,Eastland County,3218,39434,0.646,0.692,81100
76471,48133,Eastland County,1484,54773,0.735,0.838,141700
76472,48363,Palo Pinto County,1725,103482,0.918,0.759,259700
76474,48093,Comanche County,494,,0.919,0.852,283300
76475,48363,Palo Pinto County,997,58333,0.703,0.739,201100
76476,48221,Hood County,4144,81364,0.825,0.819,249600
76481,48503,Young County,96,82244,1.0,1.0,
76483,48447,Throckmorton County,822,53214,0.691,0.873,79400
76484,48363,Palo Pinto County,879,95476,0.954,0.707,164200
76486,48237,Jack County,1123,69808,0.733,0.72,408600
76487,48367,Parker County,4133,77361,0.894,0.681,272000
76490,48367,Parker County,41,,0.706,0.706,
76491,48447,Throckmorton County,743,77917,0.728,0.818,103100
76501,48027,Bell County,17752,62532,0.639,0.756,172500
76502,48027,Bell County,52669,82088,0.641,0.752,272500
76504,48027,Bell County,26166,52803,0.314,0.492,174100
76511,48027,Bell County,2702,69286,0.841,0.858,222900
76513,48027,Bell County,45928,80661,0.719,0.749,289600
76518,48331,Milam County,1031,59333,0.784,0.77,225000
76519,48331,Milam County,782,90682,0.837,0.967,209800
76520,48331,Milam County,8426,64800,0.719,0.746,162100
76522,48099,Coryell County,42118,72206,0.621,0.744,185800
76523,48331,Milam County,354,80066,0.927,0.569,161800
76524,48145,Falls County,3668,69286,0.829,0.665,219700
76525,48193,Hamilton County,1289,80208,0.778,0.845,169800
76527,48491,Williamson County,4918,81574,0.816,0.652,345400
76528,48099,Coryell County,18935,70558,0.705,0.829,226900
76530,48491,Williamson County,2598,106250,0.888,0.79,288300
76531,48193,Hamilton County,4703,49100,0.762,0.889,126300
76534,48027,Bell County,2675,80536,0.816,0.729,210100
76537,48491,Williamson County,16272,98199,0.795,0.908,290900
76538,48193,Hamilton County,882,63750,0.847,0.921,122500
76539,48281,Lampasas County,9415,100625,0.931,0.749,286200
76541,48027,Bell County,19011,37349,0.236,0.475,116300
76542,48027,Bell County,53892,74055,0.653,0.729,244000
76543,48027,Bell County,34457,48564,0.395,0.526,154000
76544,48099,Coryell County,28191,62846,0.002,0.854,
76548,48027,Bell County,33729,80520,0.614,0.698,287800
76549,48027,Bell County,56038,70871,0.553,0.757,226000
76550,48281,Lampasas County,13675,78578,0.746,0.784,241600
76554,48027,Bell County,2344,75500,0.784,0.811,177300
76556,48331,Milam County,1692,52328,0.939,0.751,153800
76557,48027,Bell County,5644,86056,0.81,0.75,232400
76559,48027,Bell County,7197,76286,0.655,0.665,263500
76561,48099,Coryell County,996,60357,0.818,0.653,165700
76566,48099,Coryell County,370,115417,0.921,0.878,339100
76567,48331,Milam County,9032,69983,0.757,0.787,218700
76569,48027,Bell County,2761,65491,0.824,0.793,125500
76570,48145,Falls County,2339,40000,0.72,0.881,86100
76571,48027,Bell County,9000,111863,0.883,0.79,466100
76574,48491,Williamson County,20242,78568,0.766,0.854,297500
76577,48331,Milam County,3128,64107,0.732,0.683,218400
76578,48491,Williamson County,1762,105063,0.865,0.796,341300
76579,48027,Bell County,5448,85480,0.659,0.787,229700
76596,48099,Coryell County,1060,,,,
76597,48099,Coryell County,3005,,,,
76598,48099,Coryell County,491,,,,
76599,48099,Coryell County,1980,,,,
76621,48217,Hill County,1104,81932,0.881,0.935,241300
76622,48217,Hill County,1447,74167,0.787,0.694,195700
76623,48139,Ellis County,186,,0.489,0.814,108300
76624,48309,McLennan County,2660,79625,0.897,0.629,188300
76626,48349,Navarro County,1036,102500,0.618,0.822,205600
76627,48217,Hill County,1736,70375,0.908,0.574,126900
76628,48217,Hill County,50,97083,1.0,0.091,55000
76629,48395,Robertson County,2053,72262,0.731,0.767,211000
76630,48309,McLennan County,1589,83950,0.861,0.791,263700
76631,48217,Hill County,455,97083,0.748,0.852,114200
76632,48145,Falls County,1350,76193,0.805,0.681,156700
76633,48309,McLennan County,6268,106755,0.9,0.898,404300
76634,48035,Bosque County,7537,74694,0.748,0.847,211500
76635,48293,Limestone County,1392,62031,0.714,0.706,153300
76636,48217,Hill County,1748,69018,0.905,0.743,204800
76637,48035,Bosque County,440,79375,0.744,0.809,223800
76638,48309,McLennan County,3671,129917,0.952,0.908,440900
76639,48349,Navarro County,2153,48514,0.652,0.694,154400
76640,48309,McLennan County,3089,66641,0.832,0.692,166900
76641,48349,Navarro County,2487,81094,0.851,0.731,166300
76642,48293,Limestone County,6363,62243,0.706,0.733,189000
76643,48309,McLennan County,16432,83511,0.683,0.815,273300
76645,48217,Hill County,11494,63737,0.659,0.752,199100
76648,48217,Hill County,2777,54669,0.802,0.696,132000
76649,48035,Bosque County,813,81771,0.817,0.827,185300
76650,48217,Hill County,55,61458,0.737,0.92,106300
76651,48139,Ellis County,3984,67500,0.704,0.842,224500
76652,48035,Bosque County,1044,73545,0.896,0.671,207700
76653,48293,Limestone County,1067,48500,0.864,0.792,150200
76654,48309,McLennan County,175,69583,0.841,0.753,161200
76655,48309,McLennan County,10603,99917,0.851,0.862,313100
76656,48145,Falls County,2391,70703,0.792,0.673,128200
76657,48309,McLennan County,12760,97634,0.819,0.895,373300
76660,48217,Hill County,572,49375,0.899,0.921,174300
76661,48145,Falls County,7602,41056,0.67,0.785,66700
76664,48293,Limestone County,3231,74618,0.746,0.784,168900
76665,48035,Bosque County,2771,62857,0.58,0.789,160700
76666,48217,Hill County,261,,0.57,0.683,93000
76667,48293,Limestone County,10494,52541,0.669,0.679,154700
76670,48139,Ellis County,1963,60104,0.742,0.726,216900
76671,48035,Bosque County,2093,53715,0.845,0.805,190300
76673,48217,Hill County,1196,63750,0.829,0.649,115300
76676,48217,Hill County,344,70625,0.897,0.839,164300
76678,48293,Limestone County,102,61944,0.85,0.767,215600
76679,48349,Navarro County,1433,75878,0.785,0.472,161300
76680,48145,Falls County,130,,1.0,1.0,
76681,48349,Navarro County,674,72530,0.813,0.756,106300
76682,48145,Falls County,3661,84148,0.88,0.759,197400
76685,48145,Falls County,28,,1.0,0.533,
76686,48293,Limestone County,341,75469,0.741,0.945,169100
76687,48293,Limestone County,1830,73323,0.835,0.797,254500
76689,48035,Bosque County,4564,77863,0.875,0.749,217400
76690,48035,Bosque County,1214,42448,0.749,0.732,170200
76691,48309,McLennan County,6661,85694,0.797,0.867,304500
76692,48217,Hill County,9853,55149,0.819,0.757,169100
76693,48161,Freestone County,2153,55645,0.645,0.652,176100
76701,48309,McLennan County,1871,30313,0.102,0.141,
76704,48309,McLennan County,7018,30349,0.316,0.578,134900
76705,48309,McLennan County,31616,58236,0.628,0.649,190600
76706,48309,McLennan County,41627,41656,0.39,0.468,197000
76707,48309,McLennan County,15879,40443,0.589,0.81,126200
76708,48309,McLennan County,27790,68856,0.699,0.837,219900
76710,48309,McLennan County,23329,58186,0.473,0.568,250300
76711,48309,McLennan County,9676,53185,0.519,0.661,153000
76712,48309,McLennan County,29118,97903,0.705,0.776,340600
76798,48309,McLennan County,2883,,,,
76801,48049,Brown County,25146,54231,0.631,0.68,150400
76802,48049,Brown County,5415,70714,0.789,0.757,207400
76820,48319,Mason County,104,,0.676,0.735,
76821,48399,Runnels County,4670,63380,0.787,0.895,112900
76823,48049,Brown County,2785,55156,0.774,0.688,139600
76825,48307,McCulloch County,6454,53665,0.625,0.751,148800
76827,48049,Brown County,731,,0.894,0.753,185500
76828,48083,Coleman County,168,49141,0.969,1.0,
76832,48411,San Saba County,544,45536,0.788,0.807,145300
76834,48083,Coleman County,4981,46120,0.771,0.84,89900
76836,48307,McCulloch County,25,,1.0,0.741,
76837,48095,Concho County,1926,66528,0.74,0.851,85100
76841,48413,Schleicher County,262,108563,0.333,0.887,
76842,48319,Mason County,297,,0.757,0.744,
76844,48333,Mills County,3284,68032,0.778,0.804,223800
76845,48083,Coleman County,168,76042,1.0,0.972,243800
76848,48327,Menard County,60,,1.0,0.821,
76849,48267,Kimble County,3584,62977,0.787,0.803,188900
76852,48307,McCulloch County,278,70865,0.845,0.729,
76853,48281,Lampasas County,1618,71500,0.851,0.873,245500
76854,48267,Kimble County,345,120531,0.543,0.915,576400
76856,48319,Mason County,3532,74677,0.808,0.828,292400
76857,48049,Brown County,2024,51152,0.682,0.411,142600
76858,48095,Concho County,212,71875,0.953,0.943,88800
76859,48327,Menard County,1641,47443,0.863,0.773,110900
76861,48451,Tom Green County,2177,85714,0.746,0.839,218200
76862,48095,Concho County,158,80208,0.946,0.528,
76864,48333,Mills County,798,55598,0.826,0.831,172100
76865,48399,Runnels County,206,57155,0.716,0.582,74600
76866,48095,Concho County,1111,56429,0.843,0.789,163100
76870,48333,Mills County,65,66875,1.0,0.946,165600
76871,48411,San Saba County,728,52500,0.75,0.764,166700
76872,48307,McCulloch County,754,58750,0.903,0.81,255000
76873,48083,Coleman County,120,145469,1.0,1.0,
76875,48399,Runnels County,404,61875,0.855,1.0,162700
76877,48411,San Saba County,4111,53500,0.68,0.822,165400
76878,48083,Coleman County,1585,46111,0.641,0.692,78300
76882,48399,Runnels County,313,61750,0.804,0.781,120200
76884,48083,Coleman County,121,91827,0.945,0.971,43200
76885,48299,Llano County,142,,1.0,0.568,787200
76887,48307,McCulloch County,87,155192,1.0,0.77,224200
76888,48083,Coleman County,150,60893,0.648,0.606,100000
76890,48049,Brown County,803,62411,0.806,0.636,158000
76901,48451,Tom Green County,31831,69450,0.71,0.781,180900
76903,48451,Tom Green County,29947,49498,0.602,0.735,125700
76904,48451,Tom Green County,36954,81833,0.596,0.698,285400
76905,48451,Tom Green County,14456,84712,0.714,0.768,163900
76908,48451,Tom Green County,1322,,,,
76909,48451,Tom Green County,405,,,,
76930,48235,Irion County,81,58472,1.0,0.854,
76932,48383,Reagan County,3232,57813,0.7,0.739,171500
76933,48081,Coke County,1435,55104,0.737,0.888,157500
76934,48451,Tom Green County,1471,52125,0.952,0.84,269600
76935,48413,Schleicher County,1696,76250,0.989,0.859,328800
76936,48413,Schleicher County,2369,86411,0.842,0.88,125300
76937,48451,Tom Green County,280,110871,0.802,1.0,1104200
76940,48451,Tom Green County,71,,1.0,1.0,
76941,48235,Irion County,1158,78359,0.806,0.792,191700
76943,48105,Crockett County,2651,81664,0.787,0.816,
76945,48081,Coke County,1689,36731,0.675,0.606,67000
76950,48435,Sutton County,3352,78844,0.762,0.772,157000
76951,48431,Sterling County,1468,64954,0.777,0.807,147000
76953,48081,Coke County,33,102656,1.0,0.714,
76955,48451,Tom Green County,80,,1.0,0.935,
76957,48451,Tom Green County,49,,1.0,1.0,
76958,48451,Tom Green County,213,,1.0,0.792,
77002,48201,Harris County,21015,86394,0.082,0.029,305000
77003,48201,Harris County,10164,83980,0.41,0.516,384400
77004,48201,Harris County,35997,71199,0.382,0.467,412800
77005,48201,Harris County,28874,229267,0.719,0.727,1395100
77006,48201,Harris County,24892,106533,0.346,0.347,614800
77007,48201,Harris County,47808,144911,0.462,0.517,549100
77008,48201,Harris County,41645,143229,0.591,0.668,642600
77009,48201,Harris County,35769,83148,0.576,0.733,420200
77010,48201,Harris County,718,189315,0.0,0.0,
77011,48201,Harris County,14940,50133,0.522,0.725,209300
77012,48201,Harris County,16286,45025,0.379,0.592,162200
77013,48201,Harris County,18259,47060,0.419,0.45,174400
77014,48201,Harris County,36119,55589,0.502,0.496,228600
77015,48201,Harris County,58415,57753,0.532,0.548,172800
77016,48201,Harris County,29841,47677,0.612,0.861,125000
77017,48201,Harris County,29640,51079,0.51,0.607,158300
77018,48201,Harris County,31031,127017,0.675,0.791,584600
77019,48201,Harris County,23708,116423,0.376,0.356,816500
77020,48201,Harris County,23686,50119,0.538,0.767,163300
77021,48201,Harris County,26153,45574,0.418,0.58,227900
77022,48201,Harris County,25805,52739,0.504,0.66,219200
77023,48201,Harris County,24281,51430,0.481,0.594,302300
77024,48201,Harris County,38288,136149,0.633,0.535,1127500
77025,48201,Harris County,29715,81008,0.406,0.429,586600
77026,48201,Harris County,21981,39211,0.437,0.759,175000
77027,48201,Harris County,20317,103812,0.302,0.22,859500
77028,48201,Harris County,19109,38357,0.569,0.791,121100
77029,48201,Harris County,16154,48279,0.656,0.833,135100
77030,48201,Harris County,13380,77336,0.341,0.255,631400
77031,48201,Harris County,15179,47162,0.486,0.491,232500
77032,48201,Harris County,12403,43725,0.343,0.391,128000
77033,48201,Harris County,29154,38071,0.59,0.856,128900
77034,48201,Harris County,36456,58217,0.51,0.542,197200
77035,48201,Harris County,36019,58686,0.405,0.476,283800
77036,48201,Harris County,71770,45716,0.177,0.216,235300
77037,48201,Harris County,19004,58750,0.642,0.655,158000
77038,48201,Harris County,32637,57232,0.576,0.695,194200
77039,48201,Harris County,27862,47119,0.597,0.638,165600
77040,48201,Harris County,50977,65028,0.505,0.569,244700
77041,48201,Harris County,33349,77083,0.718,0.815,285200
77042,48201,Harris County,38721,59097,0.263,0.215,411800
77043,48201,Harris County,29048,79359,0.528,0.577,411100
77044,48201,Harris County,58347,95000,0.759,0.777,294200
77045,48201,Harris County,33563,59688,0.611,0.818,181200
77046,48201,Harris County,1793,131932,0.489,0.011,286500
77047,48201,Harris County,34987,78538,0.724,0.875,234300
77048,48201,Harris County,21151,56747,0.586,0.706,210300
77049,48201,Harris County,40418,62971,0.679,0.76,217600
77050,48201,Harris County,6566,37009,0.495,0.74,112600
77051,48201,Harris County,19795,37415,0.418,0.634,185500
77053,48157,Fort Bend County,30198,66510,0.672,0.925,172900
77054,48201,Harris County,28272,62106,0.118,0.107,200000
77055,48201,Harris County,45435,74369,0.46,0.506,624200
77056,48201,Harris County,22877,93499,0.335,0.223,860900
77057,48201,Harris County,46569,66971,0.318,0.224,309400
77058,48201,Harris County,17850,68722,0.312,0.265,254900
77059,48201,Harris County,18767,161944,0.942,0.959,416700
77060,48201,Harris County,45340,40435,0.253,0.297,156100
77061,48201,Harris County,24004,45115,0.379,0.404,224400
77062,48201,Harris County,25523,103889,0.756,0.81,302900
77063,48201,Harris County,42690,59113,0.24,0.208,290300
77064,48201,Harris County,49591,81658,0.643,0.724,253100
77065,48201,Harris County,38926,74605,0.438,0.521,278700
77066,48201,Harris County,39311,87138,0.735,0.862,225700
77067,48201,Harris County,30491,52032,0.468,0.517,186200
77068,48201,Harris County,13189,86028,0.684,0.645,328600
77069,48201,Harris County,20608,80257,0.59,0.585,324100
77070,48201,Harris County,58229,77397,0.475,0.545,288800
77071,48201,Harris County,27056,54139,0.511,0.602,245100
77072,48201,Harris County,57108,51070,0.452,0.569,187800
77073,48201,Harris County,46084,78592,0.649,0.686,220500
77074,48201,Harris County,38660,47810,0.334,0.355,213000
77075,48201,Harris County,40626,69191,0.604,0.636,235600
77076,48201,Harris County,31222,42522,0.534,0.634,177300
77077,48201,Harris County,60098,72871,0.374,0.366,379700
77078,48201,Harris County,14247,39093,0.562,0.799,162100
77079,48201,Harris County,37276,101995,0.483,0.47,679900
77080,48201,Harris County,47638,62134,0.492,0.528,345000
77081,48201,Harris County,50129,43251,0.066,0.094,274000
77082,48201,Harris County,59412,62455,0.364,0.442,243300
77083,48201,Harris County,73230,64418,0.642,0.779,239300
77084,48201,Harris County,110217,80575,0.6,0.681,248300
77085,48201,Harris County,16513,68470,0.684,0.766,191800
77086,48201,Harris County,28653,58200,0.548,0.686,208800
77087,48201,Harris County,34347,52847,0.523,0.639,177900
77088,48201,Harris County,57047,54411,0.619,0.76,200000
77089,48201,Harris County,57741,88140,0.673,0.768,250900
77090,48201,Harris County,40110,50903,0.293,0.291,251600
77091,48201,Harris County,28728,35432,0.354,0.455,247500
77092,48201,Harris County,36938,58728,0.406,0.44,242900
77093,48201,Harris County,46407,46766,0.562,0.731,142800
77094,48201,Harris County,10395,139932,0.743,0.782,477500
77095,48201,Harris County,69767,91594,0.706,0.77,315500
77096,48201,Harris County,35032,82852,0.449,0.508,432600
77098,48201,Harris County,17210,116650,0.341,0.309,787300
77099,48201,Harris County,50064,49396,0.374,0.467,198900
77204,48201,Harris County,4579,,,,
77301,48339,Montgomery County,37769,66475,0.55,0.604,218600
77302,48339,Montgomery County,21546,84673,0.829,0.691,266200
77303,48339,Montgomery County,28854,75348,0.742,0.576,240700
77304,48339,Montgomery County,44225,80425,0.572,0.595,355300
77306,48339,Montgomery County,18086,76257,0.819,0.486,174100
77316,48339,Montgomery County,34694,124055,0.891,0.89,431400
77318,48339,Montgomery County,20792,92415,0.807,0.804,316900
77320,48471,Walker County,38152,55663,0.659,0.571,203100
77326,48373,Polk County,275,,1.0,1.0,
77327,48291,Liberty County,42685,62219,0.856,0.568,163200
77328,48407,San Jacinto County,17208,62428,0.795,0.703,190100
77331,48407,San Jacinto County,7556,62321,0.869,0.755,246200
77334,48471,Walker County,197,,1.0,1.0,
77335,48373,Polk County,2468,53300,0.745,0.826,171600
77336,48201,Harris County,14342,96404,0.782,0.694,276500
77338,48201,Harris County,48031,64755,0.475,0.606,233300
77339,48201,Harris County,44538,84102,0.559,0.654,297500
77340,48471,Walker County,37517,48538,0.476,0.504,244000
77345,48201,Harris County,27917,150742,0.86,0.874,393600
77346,48201,Harris County,79538,122241,0.817,0.878,317800
77350,48373,Polk County,347,,0.946,0.654,94600
77351,48373,Polk County,37143,66834,0.785,0.702,199700
77354,48339,Montgomery County,44900,112504,0.799,0.806,397300
77355,48339,Montgomery County,32847,102066,0.827,0.736,341300
77356,48339,Montgomery County,32583,106804,0.815,0.834,409500
77357,48339,Montgomery County,37592,76050,0.739,0.571,246200
77358,48471,Walker County,5087,60424,0.705,0.737,238300
77359,48407,San Jacinto County,683,55625,0.73,0.719,
77360,48373,Polk County,6223,60402,0.767,0.554,163700
77362,48339,Montgomery County,8017,86852,0.909,0.706,366100
77363,48185,Grimes County,3468,75278,0.893,0.677,318200
77364,48407,San Jacinto County,2178,62750,0.916,0.762,233200
77365,48339,Montgomery County,46418,95702,0.771,0.712,288700
77367,48471,Walker County,446,,0.483,0.339,
77369,48291,Liberty County,738,45909,1.0,0.824,79200
77371,48407,San Jacinto County,7800,83594,0.799,0.573,195000
77372,48339,Montgomery County,14367,79085,0.813,0.628,230700
77373,48201,Harris County,69739,88617,0.728,0.862,231400
77374,48199,Hardin County,244,,1.0,0.479,
77375,48201,Harris County,72311,102488,0.698,0.783,332300
77376,48199,Hardin County,570,,0.97,0.37,
77377,48201,Harris County,41680,129327,0.843,0.831,378200
77378,48339,Montgomery County,17629,71143,0.745,0.697,199800
77379,48201,Harris County,85190,107486,0.741,0.806,353500
77380,48339,Montgomery County,31369,88562,0.364,0.395,375500
77381,48339,Montgomery County,36139,143565,0.786,0.874,473600
77382,48339,Montgomery County,38986,162384,0.824,0.886,566500
77384,48339,Montgomery County,26781,91667,0.516,0.564,422200
77385,48339,Montgomery County,28156,117118,0.753,0.833,327100
77386,48339,Montgomery County,69980,132469,0.803,0.902,366600
77388,48201,Harris County,53425,102323,0.672,0.783,288300
77389,48201,Harris County,45701,140683,0.752,0.779,417500
77396,48201,Harris County,61735,78169,0.669,0.651,240600
77401,48201,Harris County,17213,243750,0.879,0.967,1036800
77406,48157,Fort Bend County,69918,141869,0.856,0.909,406300
77407,48157,Fort Bend County,88319,98913,0.725,0.796,372000
77412,48089,Colorado County,6,,1.0,1.0,
77414,48321,Matagorda County,24334,59128,0.584,0.647,172000
77415,48321,Matagorda County,63,71310,0.58,1.0,
77417,48157,Fort Bend County,3920,75405,0.749,0.755,184300
77418,48015,Austin County,10171,90611,0.731,0.758,344400
77419,48321,Matagorda County,609,51641,0.977,1.0,140900
77420,48481,Wharton County,2236,67697,0.861,0.922,226400
77422,48039,Brazoria County,14547,76829,0.848,0.735,208000
77423,48473,Waller County,18767,84490,0.794,0.733,314800
77426,48477,Washington County,2007,80446,0.695,0.922,592300
77428,48321,Matagorda County,151,,0.0,1.0,
77429,48201,Harris County,96334,119191,0.812,0.851,369000
77430,48039,Brazoria County,1664,85364,0.852,0.826,309600
77431,48039,Brazoria County,250,16391,0.954,0.928,
77433,48201,Harris County,116550,143934,0.815,0.882,409400
77434,48089,Colorado County,3970,71705,0.751,0.749,129300
77435,48481,Wharton County,4812,68778,0.862,0.873,356000
77436,48481,Wharton County,28,,,1.0,
77437,48481,Wharton County,18238,72200,0.697,0.819,184700
77440,48321,Matagorda County,45,,1.0,1.0,
77441,48157,Fort Bend County,41324,184390,0.92,0.942,582000
77442,48089,Colorado County,1123,70859,0.866,0.867,237100
77444,48157,Fort Bend County,911,,0.88,0.601,167400
77445,48473,Waller County,16142,65909,0.643,0.53,270400
77446,48473,Waller County,5780,20766,0.17,0.348,250900
77447,48201,Harris County,25231,116925,0.86,0.902,326400
77448,48481,Wharton County,171,,1.0,1.0,
77449,48201,Harris County,130028,87808,0.683,0.835,255900
77450,48201,Harris County,71906,106402,0.688,0.752,361400
77451,48157,Fort Bend County,515,31125,0.634,0.777,128800
77453,48481,Wharton County,91,,1.0,1.0,
77454,48481,Wharton County,178,,1.0,0.677,
77455,48481,Wharton County,1629,77625,0.784,0.793,190600
77456,48321,Matagorda County,1394,65284,1.0,0.503,128600
77457,48321,Matagorda County,353,,0.836,0.791,325700
77459,48157,Fort Bend County,84221,129151,0.852,0.903,386900
77460,48089,Colorado County,76,,1.0,1.0,
77461,48157,Fort Bend County,12365,93446,0.797,0.832,275300
77464,48157,Fort Bend County,407,64375,0.63,0.737,250000
77465,48321,Matagorda County,7681,64666,0.854,0.839,177200
77466,48473,Waller County,220,46750,0.759,0.538,262500
77467,48481,Wharton County,80,,0.0,0.0,
77469,48157,Fort Bend County,69826,102125,0.794,0.841,327200
77470,48089,Colorado County,414,43149,0.947,0.629,122800
77471,48157,Fort Bend County,45325,73186,0.583,0.628,237700
77473,48015,Austin County,49,,0.0,0.538,
77474,48015,Austin County,15146,75272,0.791,0.663,287600
77475,48089,Colorado County,431,63308,0.793,0.731,218100
77476,48157,Fort Bend County,423,,0.947,0.936,512200
77477,48157,Fort Bend County,33752,75744,0.367,0.43,257300
77478,48157,Fort Bend County,23182,118495,0.757,0.824,404600
77479,48157,Fort Bend County,92221,156735,0.827,0.898,478300
77480,48039,Brazoria County,7626,73022,0.787,0.73,209900
77481,48157,Fort Bend County,78,57857,1.0,0.882,
77482,48321,Matagorda County,2050,58103,0.873,0.788,205900
77483,48321,Matagorda County,257,31761,1.0,0.833,
77484,48473,Waller County,14348,81250,0.736,0.547,284900
77485,48015,Austin County,4378,51742,0.778,0.676,224700
77486,48039,Brazoria County,7195,74857,0.778,0.9,240200
77488,48481,Wharton County,14548,60327,0.676,0.681,163200
77489,48157,Fort Bend County,39292,74689,0.771,0.94,225000
77493,48201,Harris County,71484,118464,0.796,0.896,358100
77494,48157,Fort Bend County,140157,148720,0.709,0.807,476200
77498,48157,Fort Bend County,52806,100950,0.706,0.823,302600
77502,48201,Harris County,36371,62500,0.634,0.693,177400
77503,48201,Harris County,23866,66797,0.532,0.647,182500
77504,48201,Harris County,25779,51478,0.42,0.381,227400
77505,48201,Harris County,23174,98125,0.691,0.722,294800
77506,48201,Harris County,35114,49586,0.409,0.545,146800
77507,48201,Harris County,567,77371,0.0,0.061,
77510,48167,Galveston County,14155,102651,0.863,0.792,333100
77511,48039,Brazoria County,51892,74939,0.713,0.602,235700
77514,48071,Chambers County,5480,85139,0.836,0.801,215200
77515,48039,Brazoria County,34088,88787,0.746,0.796,226200
77517,48167,Galveston County,5529,88567,0.844,0.779,314100
77518,48167,Galveston County,9541,51458,0.618,0.675,201500
77519,48199,Hardin County,716,82412,0.979,0.646,154700
77520,48201,Harris County,36355,54278,0.522,0.676,150700
77521,48201,Harris County,69038,73629,0.582,0.631,231400
77523,48071,Chambers County,30186,124188,0.813,0.831,372100
77530,48201,Harris County,31527,62195,0.698,0.633,180800
77531,48039,Brazoria County,16406,73240,0.523,0.551,260800
77532,48201,Harris County,33780,92201,0.861,0.821,268000
77533,48291,Liberty County,1016,65557,0.723,0.824,118500
77534,48039,Brazoria County,3403,105741,0.831,0.867,245700
77535,48291,Liberty County,39504,84497,0.838,0.539,225200
77536,48201,Harris County,33174,102045,0.8,0.826,264600
77538,48291,Liberty County,917,78482,0.945,0.822,145800
77539,48167,Galveston County,49375,89111,0.757,0.737,264800
77541,48039,Brazoria County,16996,66507,0.692,0.793,169600
77545,48157,Fort Bend County,26236,94474,0.793,0.846,261500
77546,48167,Galveston County,54789,123756,0.76,0.856,380700
77547,48201,Harris County,9217,50991,0.708,0.868,111500
77550,48167,Galveston County,23489,45047,0.4,0.551,325900
77551,48167,Galveston County,21696,58344,0.482,0.55,290600
77554,48167,Galveston County,10414,86490,0.688,0.77,466800
77555,48167,Galveston County,2,,,,
77560,48071,Chambers County,1238,75938,0.967,0.594,261700
77561,48291,Liberty County,36,,1.0,1.0,
77562,48201,Harris County,8914,57364,0.805,0.679,217700
77563,48167,Galveston County,9955,75806,0.731,0.819,220700
77564,48291,Liberty County,1806,56275,0.875,0.707,154100
77565,48167,Galveston County,6943,95268,0.498,0.605,419000
77566,48039,Brazoria County,30246,92586,0.646,0.697,262500
77568,48167,Galveston County,23083,74694,0.72,0.856,230400
77571,48201,Harris County,38543,81850,0.721,0.783,237500
77573,48167,Galveston County,98109,122722,0.758,0.797,367500
77575,48291,Liberty County,16613,57056,0.739,0.69,186300
77577,48039,Brazoria County,1562,70938,0.89,0.688,253000
77578,48039,Brazoria County,30210,134016,0.831,0.858,377900
77581,48039,Brazoria County,51332,111139,0.771,0.807,338000
77582,48291,Liberty County,135,,1.0,1.0,
77583,48039,Brazoria County,52747,119287,0.902,0.882,338100
77584,48039,Brazoria County,91065,121872,0.737,0.79,365300
77585,48199,Hardin County,1112,,0.836,0.738,211100
77586,48201,Harris County,23807,114057,0.743,0.697,345700
77587,48201,Harris County,16033,53497,0.554,0.702,189300
77590,48167,Galveston County,31642,65801,0.524,0.695,188900
77591,48167,Galveston County,18294,68593,0.554,0.654,222600
77597,48071,Chambers County,623,,0.704,0.522,
77598,48201,Harris County,26110,60977,0.231,0.232,240700
77611,48361,Orange County,10112,92004,0.762,0.856,203900
77612,48241,Jasper County,9101,64415,0.897,0.599,118000
77613,48245,Jefferson County,692,72667,0.827,0.859,190100
77614,48351,Newton County,330,,1.0,0.356,134300
77615,48241,Jasper County,252,48393,0.845,0.765,84700
77616,48457,Tyler County,860,71833,0.849,0.784,
77617,48167,Galveston County,44,75703,1.0,0.781,
77619,48245,Jefferson County,16976,73710,0.779,0.885,163600
77622,48245,Jefferson County,1818,100556,0.942,0.733,208000
77623,48167,Galveston County,585,88375,0.913,0.906,
77624,48457,Tyler County,573,96058,0.903,0.796,167900
77625,48199,Hardin County,9049,70517,0.784,0.528,145300
77627,48245,Jefferson County,22357,78001,0.736,0.828,208700
77629,48245,Jefferson County,435,62692,0.849,0.921,176300
77630,48361,Orange County,28983,64373,0.678,0.745,174800
77632,48361,Orange County,22976,74418,0.793,0.696,189300
77640,48245,Jefferson County,17167,50973,0.672,0.83,109600
77642,48245,Jefferson County,38358,42950,0.53,0.624,104700
77650,48167,Galveston County,2322,61745,0.96,0.932,351600
77651,48245,Jefferson County,13664,81637,0.703,0.842,253200
77655,48245,Jefferson County,330,73750,1.0,0.878,147000
77656,48199,Hardin County,17525,62303,0.791,0.679,114000
77657,48199,Hardin County,22258,95718,0.837,0.752,256100
77659,48199,Hardin County,5650,110590,0.874,0.816,241100
77660,48457,Tyler County,1151,61500,0.832,0.559,181900
77661,48071,Chambers County,102,,0.0,0.431,
77662,48361,Orange County,25041,72243,0.804,0.642,146200
77663,48199,Hardin County,584,64366,0.876,1.0,221300
77664,48457,Tyler County,2474,48904,0.877,0.725,160000
77665,48071,Chambers County,7511,78590,0.729,0.651,169900
77701,48245,Jefferson County,12381,49181,0.539,0.793,84000
77702,48245,Jefferson County,3121,62125,0.637,0.583,137000
77703,48245,Jefferson County,11004,31803,0.441,0.746,87600
77705,48245,Jefferson County,38259,54633,0.586,0.706,135900
77706,48245,Jefferson County,30393,73185,0.583,0.662,244800
77707,48245,Jefferson County,18323,69756,0.682,0.816,174000
77708,48245,Jefferson County,12065,56586,0.552,0.626,158500
77713,48245,Jefferson County,15541,91330,0.665,0.635,226500
77801,48041,Brazos County,15461,39846,0.196,0.348,162300
77802,48041,Brazos County,25762,70666,0.509,0.58,254500
77803,48041,Brazos County,31525,52274,0.634,0.715,153400
77807,48041,Brazos County,13227,74375,0.555,0.52,278600
77808,48041,Brazos County,15797,113343,0.905,0.829,375000
77830,48185,Grimes County,3238,102557,0.885,0.792,350000
77831,48185,Grimes County,3676,58229,0.909,0.744,195200
77833,48477,Washington County,29498,73388,0.66,0.737,280500
77835,48477,Washington County,2569,109917,0.908,0.866,394700
77836,48051,Burleson County,12670,75625,0.839,0.681,215100
77837,48395,Robertson County,1030,57917,0.717,0.686,119600
77840,48041,Brazos County,54864,30377,0.103,0.25,244800
77843,48041,Brazos County,8259,,,,
77845,48041,Brazos County,76764,88851,0.628,0.74,365100
77852,48051,Burleson County,16,,1.0,0.0,
77853,48287,Lee County,884,60069,0.925,0.608,128700
77855,48289,Leon County,165,,1.0,0.46,
77856,48395,Robertson County,5515,94785,0.746,0.7,318400
77857,48331,Milam County,1078,63000,0.893,0.844,355800
77859,48395,Robertson County,7532,52639,0.697,0.658,160000
77861,48185,Grimes County,3065,67275,0.859,0.751,232500
77863,48051,Burleson County,482,,0.369,0.774,
77864,48313,Madison County,7640,73247,0.724,0.756,168400
77865,48289,Leon County,1510,67114,0.856,0.577,187100
77867,48395,Robertson County,206,35781,0.985,0.702,9999
77868,48185,Grimes County,18416,67890,0.702,0.66,214800
77871,48289,Leon County,3058,67877,0.798,0.681,234300
77872,48313,Madison County,2026,87188,0.801,0.753,190300
77873,48339,Montgomery County,1383,80938,0.887,0.791,285000
77876,48185,Grimes County,34,,1.0,0.97,
77878,48051,Burleson County,1113,60417,0.68,0.933,207000
77879,48051,Burleson County,4611,65490,0.813,0.551,153900
77880,48477,Washington County,2517,90856,0.878,0.727,270800
77901,48469,Victoria County,39854,57923,0.535,0.615,143200
77904,48469,Victoria County,30061,83130,0.684,0.672,244700
77905,48469,Victoria County,16599,88585,0.85,0.757,227500
77950,48007,Aransas County,178,35417,0.87,0.87,95000
77951,48469,Victoria County,1930,49531,0.73,0.668,133300
77954,48123,DeWitt County,11424,66195,0.708,0.709,187200
77957,48239,Jackson County,9069,62926,0.666,0.74,168800
77961,48239,Jackson County,58,,1.0,1.0,
77962,48239,Jackson County,3491,82940,0.728,0.861,240100
77963,48175,Goliad County,5191,56804,0.849,0.749,185900
77964,48285,Lavaca County,8204,68056,0.801,0.737,238300
77968,48469,Victoria County,2605,76083,0.848,0.694,252300
77969,48239,Jackson County,84,64792,1.0,1.0,
77970,48239,Jackson County,217,,0.444,0.428,137500
77971,48239,Jackson County,744,60337,1.0,0.604,223200
77974,48123,DeWitt County,695,54250,0.711,0.749,164300
77975,48285,Lavaca County,1780,59786,0.737,0.758,184900
77976,48469,Victoria County,16,,1.0,1.0,
77977,48469,Victoria County,539,,1.0,0.344,45900
77978,48057,Calhoun County,304,142500,0.669,1.0,251600
77979,48057,Calhoun County,16488,77039,0.753,0.746,156200
77982,48057,Calhoun County,620,95593,1.0,0.675,415300
77983,48057,Calhoun County,2529,97850,0.854,0.77,292000
77984,48285,Lavaca County,4800,92656,0.91,0.842,213100
77987,48285,Lavaca County,253,83750,0.733,0.915,314100
77988,48469,Victoria County,281,,0.568,1.0,
77990,48391,Refugio County,590,75417,0.91,0.864,54200
77991,48239,Jackson County,440,,0.787,0.564,107600
77993,48175,Goliad County,370,,0.895,1.0,208800
77994,48123,DeWitt County,424,87589,0.836,0.926,
77995,48123,DeWitt County,10365,54298,0.693,0.752,188600
78002,48029,Bexar County,7035,66744,0.788,0.717,210700
78003,48019,Bandera County,9967,69457,0.826,0.639,242700
78004,48259,Kendall County,547,165353,0.926,1.0,680900
78005,48163,Frio County,1573,70559,0.563,0.632,263000
78006,48259,Kendall County,44560,116156,0.767,0.809,543900
78007,48311,McMullen County,196,38636,0.5,0.632,80000
78008,48013,Atascosa County,234,55440,0.65,0.966,227900
78009,48325,Medina County,9151,103125,0.86,0.76,368700
78010,48265,Kerr County,3635,86830,0.798,0.728,318600
78011,48013,Atascosa County,1757,29664,0.915,0.477,118300
78012,48013,Atascosa County,328,43571,0.741,0.594,107300
78013,48259,Kendall County,4809,82492,0.879,0.682,416300
78014,48283,La Salle County,5002,66250,0.725,0.698,100000
78015,48259,Kendall County,24867,162487,0.938,0.952,492400
78016,48325,Medina County,11670,60736,0.816,0.701,221500
78017,48163,Frio County,5551,59808,0.645,0.484,103100
78019,48479,Webb County,1836,50992,0.858,0.566,81900
78021,48283,La Salle County,165,,1.0,0.473,
78022,48297,Live Oak County,4682,55895,0.71,0.718,171100
78023,48029,Bexar County,28462,134007,0.891,0.931,412900
78024,48265,Kerr County,1401,105381,0.853,0.889,500000
78025,48265,Kerr County,4999,70964,0.766,0.632,248200
78026,48013,Atascosa County,7031,78501,0.726,0.559,172800
78027,48259,Kendall County,318,111119,1.0,1.0,289800
78028,48265,Kerr County,41206,66991,0.671,0.681,323200
78039,48325,Medina County,1862,96250,0.868,0.609,131400
78040,48479,Webb County,35709,36092,0.378,0.698,118700
78041,48479,Webb County,46550,61544,0.537,0.59,221300
78043,48479,Webb County,45760,54396,0.565,0.662,170600
78044,48479,Webb County,220,,1.0,0.724,220600
78045,48479,Webb County,67333,90608,0.789,0.829,243900
78046,48479,Webb County,72951,55826,0.794,0.706,150600
78050,48013,Atascosa County,529,74205,0.87,0.85,
78052,48013,Atascosa County,6389,71429,0.875,0.662,200400
78055,48019,Bandera County,1753,85345,0.8,0.636,266500
78056,48325,Medina County,2526,119946,0.946,0.84,553500
78057,48163,Frio County,881,66134,0.782,0.677,137500
78058,48265,Kerr County,985,93581,0.973,0.712,245400
78059,48325,Medina County,7061,74940,0.894,0.647,184100
78061,48163,Frio County,10500,60247,0.56,0.63,103400
78063,48019,Bandera County,10778,83914,0.923,0.704,304700
78064,48013,Atascosa County,16365,66887,0.689,0.644,220700
78065,48013,Atascosa County,11695,57200,0.786,0.614,167300
78066,48325,Medina County,259,87604,1.0,0.928,326900
78067,48505,Zapata County,629,,0.907,1.0,83300
78069,48013,Atascosa County,7038,75625,0.858,0.512,114300
78070,48091,Comal County,20200,115175,0.892,0.829,516600
78071,48297,Live Oak County,3576,60500,0.598,0.656,158500
78072,48311,McMullen County,403,37198,0.809,0.685,82200
78073,48029,Bexar County,10088,69635,0.862,0.531,158100
78075,48297,Live Oak County,252,52000,1.0,0.859,150700
78076,48505,Zapata County,13123,39239,0.714,0.58,100000
78101,48029,Bexar County,7267,111280,0.917,0.778,335500
78102,48025,Bee County,27455,58939,0.697,0.684,111000
78104,48025,Bee County,21,,0.0,0.833,
78107,48175,Goliad County,254,,0.753,0.534,45400
78108,48187,Guadalupe County,49784,113004,0.839,0.928,337600
78109,48029,Bexar County,63067,91320,0.749,0.856,252500
78112,48029,Bexar County,9769,54988,0.911,0.361,131400
78113,48493,Wilson County,3026,78505,0.739,0.733,300000
78114,48493,Wilson County,24283,88087,0.834,0.68,292600
78116,48255,Karnes County,226,88700,1.0,0.65,331800
78117,48255,Karnes County,661,,0.904,0.713,323800
78118,48255,Karnes County,4676,60711,0.748,0.696,103700
78119,48255,Karnes County,7270,62738,0.51,0.644,147000
78121,48493,Wilson County,16120,120048,0.869,0.697,402600
78122,48177,Gonzales County,338,,1.0,0.29,
78123,48187,Guadalupe County,2127,97553,0.893,0.786,238500
78124,48187,Guadalupe County,6157,74192,0.835,0.645,282700
78125,48025,Bee County,32,34583,1.0,0.593,350000
78130,48187,Guadalupe County,104009,83064,0.659,0.712,323200
78132,48091,Comal County,40953,135315,0.875,0.851,620300
78133,48091,Comal County,21959,83853,0.848,0.778,349100
78140,48177,Gonzales County,3474,50250,0.735,0.67,85200
78141,48123,DeWitt County,868,43553,0.884,0.71,75700
78144,48255,Karnes County,47,,1.0,1.0,
78145,48025,Bee County,64,46563,1.0,0.935,
78146,48025,Bee County,752,68250,0.709,0.662,169900
78147,48493,Wilson County,1532,72404,0.637,0.785,225000
78148,48029,Bexar County,22187,74783,0.526,0.633,267000
78151,48255,Karnes County,1378,26597,0.495,0.579,100900
78152,48029,Bexar County,4521,123981,0.834,0.9,325200
78154,48029,Bexar County,41907,100572,0.724,0.808,318700
78155,48187,Guadalupe County,55600,71039,0.725,0.677,266700
78159,48177,Gonzales County,623,35083,0.689,0.693,132600
78160,48493,Wilson County,4885,64800,0.827,0.556,243300
78161,48493,Wilson County,579,79904,1.0,0.836,204100
78162,48025,Bee County,331,,0.794,0.851,138300
78163,48091,Comal County,19141,140594,0.949,0.949,435600
78164,48123,DeWitt County,2927,67578,0.872,0.873,171300
78201,48029,Bexar County,41981,47121,0.486,0.645,197800
78202,48029,Bexar County,10224,47478,0.558,0.72,234700
78203,48029,Bexar County,5200,35536,0.451,0.747,158000
78204,48029,Bexar County,11983,60255,0.453,0.604,173100
78205,48029,Bexar County,1538,38964,0.093,0.007,604600
78207,48029,Bexar County,55474,32472,0.403,0.645,106700
78208,48029,Bexar County,3861,26595,0.325,0.489,146600
78209,48029,Bexar County,43400,86514,0.5,0.482,497000
78210,48029,Bexar County,34940,55028,0.608,0.729,189400
78211,48029,Bexar County,30857,55436,0.609,0.864,118300
78212,48029,Bexar County,27437,62801,0.466,0.533,330600
78213,48029,Bexar County,40526,55884,0.488,0.58,216400
78214,48029,Bexar County,22118,44902,0.565,0.748,128800
78215,48029,Bexar County,3506,84437,0.023,0.032,476500
78216,48029,Bexar County,41180,59110,0.352,0.374,310700
78217,48029,Bexar County,34055,60988,0.447,0.479,242300
78218,48029,Bexar County,39428,57285,0.482,0.557,190900
78219,48029,Bexar County,17924,52094,0.539,0.619,162000
78220,48029,Bexar County,19423,41710,0.527,0.747,143700
78221,48029,Bexar County,42178,63811,0.702,0.798,171200
78222,48029,Bexar County,26476,66362,0.715,0.71,199500
78223,48029,Bexar County,58983,52088,0.576,0.664,172600
78224,48029,Bexar County,22232,59891,0.577,0.617,162200
78225,48029,Bexar County,13104,46955,0.648,0.902,119600
78226,48029,Bexar County,6554,33398,0.378,0.427,107100
78227,48029,Bexar County,44035,51519,0.59,0.725,159700
78228,48029,Bexar County,56165,52976,0.593,0.734,174900
78229,48029,Bexar County,35664,46574,0.138,0.12,228900
78230,48029,Bexar County,41387,73529,0.49,0.516,386600
78231,48029,Bexar County,9744,109183,0.662,0.718,401800
78232,48029,Bexar County,36636,85273,0.559,0.605,362000
78233,48029,Bexar County,48911,76421,0.604,0.714,220800
78234,48029,Bexar County,7149,100662,0.0,0.911,
78235,48029,Bexar County,2304,62863,0.025,0.012,
78236,48029,Bexar County,7635,69219,0.023,0.959,
78237,48029,Bexar County,37379,42772,0.613,0.799,115500
78238,48029,Bexar County,26032,57769,0.448,0.52,209700
78239,48029,Bexar County,28609,70098,0.738,0.871,229200
78240,48029,Bexar County,57921,63351,0.344,0.385,257500
78242,48029,Bexar County,36168,50644,0.536,0.739,148200
78243,48029,Bexar County,232,,,,
78244,48029,Bexar County,38092,71128,0.735,0.881,216300
78245,48029,Bexar County,96015,90029,0.687,0.792,260300
78247,48029,Bexar County,51933,91013,0.771,0.861,275500
78248,48029,Bexar County,14488,130552,0.729,0.771,479500
78249,48029,Bexar County,63439,80565,0.51,0.62,305400
78250,48029,Bexar County,57323,80659,0.731,0.891,235000
78251,48029,Bexar County,59435,78958,0.508,0.571,268300
78252,48029,Bexar County,21790,85518,0.86,0.927,250600
78253,48029,Bexar County,69282,106373,0.77,0.796,360000
78254,48029,Bexar County,77893,115526,0.823,0.922,320800
78255,48029,Bexar County,17379,157428,0.848,0.892,531400
78256,48029,Bexar County,13453,74977,0.295,0.256,579300
78257,48029,Bexar County,10992,81301,0.364,0.288,670400
78258,48029,Bexar County,52448,117835,0.549,0.598,480500
78259,48029,Bexar County,29826,114156,0.647,0.672,380800
78260,48029,Bexar County,38023,154590,0.869,0.888,498100
78261,48029,Bexar County,26657,147727,0.798,0.866,430200
78263,48029,Bexar County,4253,80156,0.758,0.751,331900
78264,48029,Bexar County,11841,54409,0.827,0.58,163300
78266,48091,Comal County,7338,146792,0.943,0.932,586600
78330,48355,Nueces County,351,50536,0.899,0.931,101000
78332,48249,Jim Wells County,27042,49887,0.652,0.746,107500
78336,48409,San Patricio County,12424,58420,0.704,0.618,214200
78338,48261,Kenedy County,36,,0.0,0.3,
78339,48355,Nueces County,465,94444,0.377,0.555,
78340,48391,Refugio County,455,54000,0.933,0.879,162900
78341,48131,Duval County,1550,45259,0.549,0.823,76100
78342,48249,Jim Wells County,399,40739,0.621,0.803,
78343,48355,Nueces County,4345,65467,0.83,0.791,112200
78344,48479,Webb County,295,73250,0.866,0.904,137700
78347,48355,Nueces County,186,,1.0,1.0,
78349,48131,Duval County,438,38235,0.857,0.791,153600
78351,48355,Nueces County,483,38925,0.35,0.718,105400
78352,48409,San Patricio County,54,,1.0,1.0,
78353,48047,Brooks County,476,,0.541,0.712,
78355,48047,Brooks County,6772,48828,0.539,0.808,82400
78357,48131,Duval County,2624,68000,0.758,0.839,137500
78358,48007,Aransas County,478,86250,0.863,0.594,
78359,48409,San Patricio County,2154,45458,0.638,0.781,117700
78361,48247,Jim Hogg County,4727,42211,0.564,0.795,129400
78362,48409,San Patricio County,10816,71058,0.66,0.701,191200
78363,48273,Kleberg County,28920,60574,0.507,0.652,163300
78368,48409,San Patricio County,9464,46486,0.765,0.66,95300
78369,48479,Webb County,211,120417,0.975,0.81,120800
78370,48409,San Patricio County,5353,69570,0.807,0.81,176700
78371,48479,Webb County,101,,1.0,0.926,
78372,48249,Jim Wells County,5383,52237,0.781,0.653,161900
78373,48355,Nueces County,3348,91106,0.721,0.545,599400
78374,48409,San Patricio County,20408,83504,0.627,0.721,233800
78375,48249,Jim Wells County,2754,47941,0.598,0.733,91900
78376,48131,Duval County,105,40714,0.909,0.773,
78377,48391,Refugio County,3421,49974,0.677,0.772,97000
78379,48273,Kleberg County,1659,100944,0.802,0.708,133200
78380,48355,Nueces County,23149,54769,0.763,0.818,165600
78382,48007,Aransas County,20568,75135,0.763,0.749,270900
78383,48297,Live Oak County,4081,102135,0.844,0.764,237200
78384,48131,Duval County,5747,47603,0.673,0.823,78100
78385,48261,Kenedy County,109,39342,0.604,0.84,
78387,48409,San Patricio County,9640,53048,0.579,0.643,166300
78389,48025,Bee County,1754,37195,0.842,0.587,86200
78390,48409,San Patricio County,6013,78367,0.75,0.792,135700
78391,48025,Bee County,77,,0.0,1.0,
78393,48391,Refugio County,2063,77014,0.823,0.8,155100
78401,48355,Nueces County,4344,40841,0.14,0.321,77500
78402,48355,Nueces County,554,55565,0.74,0.239,193000
78404,48355,Nueces County,12635,61280,0.568,0.788,189000
78405,48355,Nueces County,14602,38294,0.51,0.828,80300
78406,48355,Nueces County,2301,54740,0.444,0.443,
78407,48355,Nueces County,1674,47688,0.63,0.837,98800
78408,48355,Nueces County,10111,41045,0.45,0.599,88400
78409,48355,Nueces County,2937,60089,0.609,0.641,172600
78410,48355,Nueces County,29040,79308,0.681,0.703,235200
78411,48355,Nueces County,23682,57742,0.596,0.744,184700
78412,48355,Nueces County,38631,61215,0.449,0.507,197500
78413,48355,Nueces County,34289,72815,0.572,0.591,244200
78414,48355,Nueces County,54263,98771,0.621,0.668,292600
78415,48355,Nueces County,43080,54990,0.602,0.752,152000
78416,48355,Nueces County,12480,43198,0.632,0.874,94600
78417,48355,Nueces County,4703,53750,0.652,0.81,155200
78418,48273,Kleberg County,29790,92445,0.682,0.645,302500
78419,48355,Nueces County,693,66182,0.0,0.559,
78501,48215,Hidalgo County,58935,48071,0.493,0.588,161000
78503,48215,Hidalgo County,22621,53322,0.611,0.708,150900
78504,48215,Hidalgo County,63094,81905,0.699,0.774,218900
78516,48215,Hidalgo County,34370,53229,0.755,0.601,121200
78520,48061,Cameron County,64740,50116,0.602,0.711,146000
78521,48061,Cameron County,87380,44509,0.603,0.673,99700
78526,48061,Cameron County,60012,70565,0.692,0.773,185000
78535,48061,Cameron County,425,39000,0.735,0.757,107300
78536,48427,Starr County,371,28393,0.735,0.811,
78537,48215,Hidalgo County,51426,40668,0.742,0.589,81900
78538,48215,Hidalgo County,11982,40399,0.729,0.741,92100
78539,48215,Hidalgo County,37168,66967,0.549,0.629,214500
78541,48215,Hidalgo County,51710,52863,0.53,0.551,156700
78542,48215,Hidalgo County,89401,55243,0.757,0.687,150200
78543,48215,Hidalgo County,8400,44527,0.745,0.755,87800
78545,48427,Starr County,392,24550,1.0,0.939,
78547,48427,Starr County,306,,0.691,1.0,
78548,48427,Starr County,1341,37308,0.854,0.977,54400
78549,48215,Hidalgo County,609,19222,0.895,0.896,75400
78550,48061,Cameron County,53335,49007,0.505,0.595,131100
78552,48061,Cameron County,42332,69811,0.753,0.719,169300
78557,48215,Hidalgo County,14498,59441,0.802,0.875,163600
78558,48215,Hidalgo County,722,57969,0.735,0.915,53500
78559,48061,Cameron County,12169,49383,0.715,0.61,103800
78560,48215,Hidalgo County,4635,55721,0.532,0.696,111600
78561,48489,Willacy County,1457,102528,0.829,0.809,55500
78562,48215,Hidalgo County,3211,31522,0.815,0.855,102400
78563,48215,Hidalgo County,92,,0.88,0.506,
78564,48505,Zapata County,89,,0.383,0.603,
78565,48215,Hidalgo County,20,,1.0,1.0,
78566,48061,Cameron County,25110,60187,0.75,0.78,154300
78567,48061,Cameron County,323,,0.822,0.922,56700
78569,48489,Willacy County,4342,58950,0.912,0.867,117000
78570,48215,Hidalgo County,34348,41965,0.742,0.707,86500
78572,48215,Hidalgo County,78024,54298,0.71,0.66,147300
78573,48215,Hidalgo County,44809,55000,0.66,0.678,163600
78574,48215,Hidalgo County,62456,52393,0.8,0.762,129900
78575,48061,Cameron County,4575,71765,0.56,0.679,249500
78576,48215,Hidalgo County,15484,49137,0.846,0.741,131400
78577,48215,Hidalgo County,80540,52770,0.59,0.613,122100
78578,48061,Cameron County,10016,51880,0.746,0.527,196200
78579,48215,Hidalgo County,2039,19172,0.683,0.808,
78580,48489,Willacy County,12964,53841,0.693,0.752,71700
78582,48427,Starr County,44741,42626,0.723,0.797,102800
78583,48061,Cameron County,5236,51453,0.79,0.734,161900
78584,48427,Starr County,18464,27056,0.604,0.79,81400
78586,48061,Cameron County,50964,45575,0.742,0.744,87200
78588,48427,Starr County,289,94821,0.657,0.795,52800
78589,48215,Hidalgo County,40231,54285,0.793,0.8,120400
78590,48489,Willacy County,428,82292,1.0,0.789,57400
78591,48427,Starr County,158,35750,0.895,0.888,
78592,48061,Cameron County,677,,1.0,0.986,76700
78593,48061,Cameron County,5455,48649,0.705,0.818,85100
78594,48489,Willacy County,1206,23307,0.622,0.705,38300
78595,48215,Hidalgo County,6118,58846,0.861,0.887,89200
78596,48215,Hidalgo County,39518,58411,0.64,0.59,104000
78597,48061,Cameron County,2935,68421,0.706,0.15,527200
78598,48489,Willacy County,245,,0.881,0.841,
78599,48215,Hidalgo County,35454,58349,0.688,0.675,125400
78602,48021,Bastrop County,38190,89968,0.708,0.716,332600
78605,48053,Burnet County,7573,83542,0.861,0.658,324000
78606,48031,Blanco County,7272,94817,0.771,0.811,437600
78607,48299,Llano County,118,58594,0.68,0.808,243800
78608,48053,Burnet County,428,,0.882,0.689,555800
78609,48299,Llano County,1983,64418,0.732,0.694,319700
78610,48209,Hays County,48319,119698,0.788,0.844,408000
78611,48053,Burnet County,14560,80938,0.803,0.805,319300
78612,48021,Bastrop County,19799,95496,0.852,0.567,309200
78613,48491,Williamson County,89956,125487,0.639,0.715,496200
78614,48177,Gonzales County,262,,0.816,0.723,
78615,48491,Williamson County,1637,80938,0.829,0.77,441200
78616,48055,Caldwell County,10683,64715,0.795,0.467,211500
78617,48453,Travis County,30756,71640,0.799,0.567,281700
78618,48171,Gillespie County,346,81528,0.913,0.855,349300
78619,48209,Hays County,6693,183393,0.956,0.976,810600
78620,48209,Hays County,22860,153477,0.859,0.898,676500
78621,48021,Bastrop County,30411,98534,0.811,0.715,320800
78622,48055,Caldwell County,331,,0.897,0.809,160900
78623,48091,Comal County,1645,116923,1.0,0.986,449600
78624,48171,Gillespie County,23741,75237,0.737,0.764,463300
78626,48491,Williamson County,48072,100431,0.618,0.709,387700
78628,48491,Williamson County,50822,125635,0.755,0.806,496600
78629,48177,Gonzales County,12740,59521,0.584,0.648,206700
78631,48267,Kimble County,3465,78560,0.842,0.621,351600
78632,48177,Gonzales County,1245,62500,0.899,0.812,187400
78633,48491,Williamson County,29309,100936,0.917,0.958,464600
78634,48491,Williamson County,46413,114426,0.786,0.88,375200
78635,48031,Blanco County,92,106458,0.63,1.0,
78636,48031,Blanco County,4134,72663,0.7,0.809,532600
78638,48187,Guadalupe County,2135,69250,0.793,0.602,317400
78639,48299,Llano County,8719,57742,0.74,0.674,245500
78640,48209,Hays County,77531,90075,0.71,0.722,330400
78641,48453,Travis County,99865,135024,0.772,0.852,480400
78642,48491,Williamson County,26434,132958,0.829,0.825,506600
78643,48299,Llano County,7088,68365,0.747,0.822,362600
78644,48055,Caldwell County,22348,74709,0.749,0.685,279800
78645,48453,Travis County,15256,113008,0.908,0.857,434600
78648,48055,Caldwell County,7863,57621,0.696,0.664,217500
78650,48021,Bastrop County,2409,85170,0.958,0.749,300300
78652,48453,Travis County,5287,133368,0.871,0.965,528100
78653,48453,Travis County,41291,93900,0.839,0.856,358000
78654,48053,Burnet County,20650,74130,0.667,0.712,358400
78655,48055,Caldwell County,3730,55952,0.653,0.632,269900
78656,48055,Caldwell County,2847,81346,0.692,0.525,238100
78657,48299,Llano County,7591,91452,0.813,0.807,483200
78658,48177,Gonzales County,94,,1.0,1.0,434600
78659,48021,Bastrop County,2660,89808,0.945,0.82,349700
78660,48453,Travis County,124834,113205,0.661,0.736,411900
78661,48055,Caldwell County,835,82896,0.914,0.693,209700
78662,48021,Bastrop County,3015,94005,0.845,0.609,248600
78663,48031,Blanco County,503,168125,0.83,0.931,356800
78664,48491,Williamson County,62060,87417,0.537,0.677,358200
78665,48491,Williamson County,66171,122680,0.614,0.73,474100
78666,48209,Hays County,88583,54737,0.381,0.432,306700
78669,48453,Travis County,12592,128000,0.921,0.874,671000
78670,48187,Guadalupe County,130,78625,0.723,0.872,244100
78671,48171,Gillespie County,413,61200,0.803,0.845,
78672,48299,Llano County,570,52813,0.896,0.908,212500
78674,48491,Williamson County,108,,1.0,0.068,47500
78675,48171,Gillespie County,102,78472,1.0,0.919,451500
78676,48209,Hays County,15822,87344,0.787,0.86,511600
78677,48177,Gonzales County,44,,1.0,0.0,
78681,48491,Williamson County,56691,137819,0.739,0.83,497300
78701,48453,Travis County,11824,162168,0.453,0.045,722400
78702,48453,Travis County,25985,102171,0.409,0.518,686800
78703,48453,Travis County,23483,153036,0.535,0.536,1495800
78704,48453,Travis County,50688,106897,0.33,0.385,916100
78705,48453,Travis County,33238,32380,0.131,0.135,647600
78712,48453,Travis County,201,,,,
78717,48491,Williamson County,37262,145325,0.513,0.575,652200
78719,48453,Travis County,1796,56202,0.826,0.487,456200
78721,48453,Travis County,10997,84573,0.513,0.647,523000
78722,48453,Travis County,6767,105046,0.523,0.625,678300
78723,48453,Travis County,38129,100329,0.486,0.546,562300
78724,48453,Travis County,31103,77926,0.606,0.629,344000
78725,48453,Travis County,10746,105795,0.767,0.973,330600
78726,48453,Travis County,14506,90885,0.399,0.449,698100
78727,48453,Travis County,29958,110379,0.422,0.523,540400
78728,48453,Travis County,26777,75243,0.291,0.368,437000
78729,48491,Williamson County,30460,86438,0.385,0.477,476200
78730,48453,Travis County,9142,158673,0.659,0.571,1014700
78731,48453,Travis County,27507,105494,0.531,0.555,903200
78732,48453,Travis County,21087,192500,0.729,0.728,853900
78733,48453,Travis County,9029,206368,0.908,0.937,1008600
78734,48453,Travis County,22145,130784,0.835,0.807,677300
78735,48453,Travis County,20996,139191,0.465,0.464,867500
78736,48453,Travis County,9651,93805,0.66,0.67,573100
78737,48209,Hays County,27023,168920,0.877,0.89,765000
78738,48453,Travis County,31019,183048,0.753,0.779,916300
78739,48453,Travis County,20659,238559,0.928,0.992,808600
78741,48453,Travis County,45951,66741,0.153,0.187,420100
78742,48453,Travis County,847,,0.575,0.611,
78744,48453,Travis County,50986,83002,0.51,0.554,357500
78745,48453,Travis County,61219,86109,0.463,0.604,504800
78746,48453,Travis County,28256,188414,0.658,0.694,1494300
78747,48453,Travis County,22180,92748,0.668,0.688,430300
78748,48453,Travis County,55631,115213,0.567,0.655,465100
78749,48453,Travis County,34562,111079,0.586,0.687,585200
78750,48453,Travis County,29277,121563,0.649,0.706,601800
78751,48453,Travis County,16961,80915,0.229,0.391,852000
78752,48453,Travis County,23317,67682,0.202,0.305,422000
78753,48453,Travis County,56920,65170,0.334,0.364,371300
78754,48453,Travis County,32690,90121,0.546,0.537,349400
78756,48453,Travis County,9197,94701,0.43,0.512,832000
78757,48453,Travis County,23856,103860,0.599,0.638,655900
78758,48453,Travis County,49617,74381,0.262,0.312,440200
78759,48453,Travis County,43182,102400,0.471,0.479,674000
78801,48463,Uvalde County,21607,54161,0.699,0.712,152700
78827,48127,Dimmit County,663,23167,0.622,0.73,87600
78829,48507,Zavala County,1028,28517,0.692,0.711,73400
78830,48127,Dimmit County,597,51354,0.752,0.789,66700
78832,48271,Kinney County,3157,70000,0.839,0.74,82000
78833,48385,Real County,1219,34036,0.667,0.661,109500
78834,48127,Dimmit County,6971,39477,0.672,0.621,87700
78836,48127,Dimmit County,155,,0.258,0.516,
78837,48465,Val Verde County,128,49737,0.871,0.604,209200
78838,48463,Uvalde County,125,106250,1.0,0.896,
78839,48507,Zavala County,7091,37365,0.682,0.651,103700
78840,48465,Val Verde County,47256,66084,0.689,0.756,164600
78843,48465,Val Verde County,307,,,,
78850,48325,Medina County,779,69531,0.867,0.737,247400
78851,48443,Terrell County,44,,1.0,1.0,
78852,48323,Maverick County,57434,49954,0.705,0.718,157900
78861,48325,Medina County,14008,64917,0.747,0.626,223200
78870,48463,Uvalde County,1070,54167,0.78,0.707,128600
78871,48465,Val Verde County,32,,1.0,0.722,
78872,48507,Zavala County,1287,39659,0.739,0.698,78500
78873,48385,Real County,1472,,0.809,0.597,100900
78877,48323,Maverick County,648,43998,0.728,1.0,313600
78879,48385,Real County,184,101484,0.789,0.903,1046900
78880,48137,Edwards County,1194,39211,0.874,0.738,
78881,48463,Uvalde County,1283,35104,0.777,0.721,69800
78883,48019,Bandera County,208,40491,0.745,0.943,414300
78884,48019,Bandera County,1171,84271,0.681,0.763,286900
78885,48019,Bandera County,23,68125,0.769,0.795,
78886,48325,Medina County,286,123532,1.0,0.358,163000
78931,48015,Austin County,185,,0.814,0.493,
78932,48477,Washington County,576,62917,0.858,0.773,323600
78933,48089,Colorado County,1395,68444,0.828,0.778,272600
78934,48089,Colorado County,6731,58302,0.77,0.786,234500
78935,48089,Colorado County,734,,1.0,0.696,216700
78938,48149,Fayette County,270,61250,0.805,0.794,201400
78940,48149,Fayette County,2188,89157,0.946,0.818,292200
78941,48149,Fayette County,3619,76477,0.805,0.806,194200
78942,48287,Lee County,10136,73429,0.753,0.75,255700
78943,48089,Colorado County,886,98531,0.656,1.0,206600
78944,48015,Austin County,720,126806,0.857,0.718,384100
78945,48149,Fayette County,10394,75446,0.763,0.771,340300
78946,48287,Lee County,1117,65221,0.959,0.663,315800
78947,48287,Lee County,5044,84649,0.752,0.723,319600
78948,48287,Lee County,567,58889,0.857,0.565,316100
78949,48149,Fayette County,760,64167,0.802,0.745,285000
78950,48015,Austin County,2300,91354,0.854,0.803,247700
78953,48021,Bastrop County,1089,83438,0.83,0.675,325400
78954,48149,Fayette County,1173,103750,0.919,0.91,427300
78956,48149,Fayette County,5243,67903,0.718,0.79,248600
78957,48021,Bastrop County,10543,69149,0.726,0.754,259900
78959,48177,Gonzales County,1157,60472,0.762,0.745,
78962,48089,Colorado County,5236,71278,0.757,0.827,235600
78963,48149,Fayette County,605,97917,1.0,0.757,235600
79001,48359,Oldham County,168,83125,0.716,0.755,122500
79002,48179,Gray County,15,,1.0,1.0,
79003,48211,Hemphill County,177,73125,0.673,0.969,83900
79005,48295,Lipscomb County,1536,70223,0.825,0.78,155900
79007,48233,Hutchinson County,13889,63929,0.806,0.865,112900
79009,48369,Parmer County,1795,65333,0.623,0.742,116300
79010,48375,Potter County,616,,0.739,0.845,
79011,48483,Wheeler County,176,54375,0.731,0.869,226600
79013,48341,Moore County,3048,45106,0.326,0.134,81500
79014,48211,Hemphill County,3201,62273,0.709,0.779,204300
79015,48381,Randall County,23765,83445,0.67,0.7,280400
79016,48381,Randall County,310,,,,
79018,48205,Hartley County,367,76667,0.706,0.735,106300
79019,48011,Armstrong County,1671,74750,0.824,0.91,172500
79021,48189,Hale County,46,51094,0.235,0.833,
79022,48111,Dallam County,10826,72286,0.67,0.809,172000
79024,48295,Lipscomb County,349,71250,0.713,0.85,110100
79027,48069,Castro County,4858,50865,0.579,0.752,90900
79029,48341,Moore County,15411,64652,0.638,0.744,161900
79031,48279,Lamb County,1156,43750,0.774,0.843,96600
79032,48189,Hale County,133,76250,0.921,0.875,
79033,48357,Ochiltree County,20,,1.0,1.0,
79034,48295,Lipscomb County,418,89250,0.86,0.944,123100
79035,48369,Parmer County,5391,72202,0.788,0.885,158600
79036,48065,Carson County,5007,90170,0.923,0.748,132300
79039,48065,Carson County,744,70357,0.821,0.911,105000
79040,48195,Hansford County,1979,84583,0.797,0.915,156400
79041,48189,Hale County,2861,61832,0.815,0.855,101000
79042,48381,Randall County,1218,70590,0.812,0.857,148500
79043,48069,Castro County,1462,57956,0.584,0.824,60200
79044,48205,Hartley County,583,66071,0.724,0.711,185400
79045,48117,Deaf Smith County,18189,60543,0.667,0.791,116500
79046,48295,Lipscomb County,514,57386,0.877,0.824,110000
79051,48111,Dallam County,9,,1.0,0.724,
79052,48437,Swisher County,1101,34922,0.791,0.957,99800
79053,48369,Parmer County,74,116750,0.56,1.0,
79054,48179,Gray County,660,62500,0.882,0.813,45000
79056,48295,Lipscomb County,107,,1.0,0.868,87500
79057,48179,Gray County,1010,70865,0.858,0.935,91300
79059,48393,Roberts County,726,66875,0.845,0.91,142500
79061,48483,Wheeler County,288,99861,0.899,0.912,95800
79062,48233,Hutchinson County,435,63317,0.765,0.932,76500
79063,48069,Castro County,665,110938,0.965,0.882,248900
79064,48279,Lamb County,2099,59698,0.712,0.896,89500
79065,48179,Gray County,19378,58912,0.756,0.891,110000
79066,48179,Gray County,19,,1.0,0.0,
79068,48065,Carson County,2784,86264,0.772,0.831,165300
79070,48357,Ochiltree County,9626,70915,0.722,0.738,131500
79072,48189,Hale County,25389,47255,0.564,0.759,114000
79078,48233,Hutchinson County,184,,0.982,0.77,
79079,48483,Wheeler County,2222,51250,0.752,0.878,92500
79080,48233,Hutchinson County,541,55313,0.804,0.874,41700
79081,48195,Hansford County,2974,68542,0.82,0.887,147700
79082,48279,Lamb County,382,67440,0.667,0.938,
79083,48233,Hutchinson County,1669,48611,0.82,0.844,105400
79084,48421,Sherman County,1595,54808,0.747,0.905,134800
79086,48421,Sherman County,3219,70648,0.835,0.828,137700
79087,48111,Dallam County,813,69135,0.709,0.674,102600
79088,48437,Swisher County,5302,35804,0.598,0.859,82800
79092,48359,Oldham County,1361,83068,0.796,0.869,176700
79093,48357,Ochiltree County,110,,1.0,0.433,
79094,48011,Armstrong County,7,,1.0,1.0,
79095,48087,Collingsworth County,2405,58889,0.738,0.839,103600
79096,48483,Wheeler County,2095,67165,0.759,0.835,160600
79097,48065,Carson County,1347,88182,0.757,0.957,144600
79098,48117,Deaf Smith County,576,70250,0.926,0.921,170600
79101,48375,Potter County,2526,47759,0.1,0.329,167600
79102,48375,Potter County,9393,51125,0.491,0.721,153100
79103,48375,Potter County,11306,57981,0.697,0.883,132300
79104,48375,Potter County,6561,39920,0.554,0.794,94400
79106,48375,Potter County,26161,59493,0.516,0.705,174400
79107,48375,Potter County,36662,40671,0.56,0.77,92600
79108,48375,Potter County,11216,66676,0.752,0.595,163200
79109,48381,Randall County,43578,70435,0.578,0.681,222900
79110,48381,Randall County,16994,66683,0.699,0.899,160100
79111,48375,Potter County,1575,71103,0.0,0.876,
79118,48381,Randall County,28107,87810,0.763,0.699,234500
79119,48381,Randall County,24907,114432,0.674,0.707,366000
79121,48381,Randall County,6437,74659,0.72,0.786,288300
79124,48375,Potter County,12019,112541,0.901,0.844,362300
79201,48075,Childress County,6779,58438,0.716,0.759,124600
79220,48125,Dickens County,225,49792,0.642,0.925,116700
79223,48101,Cottle County,61,,1.0,1.0,
79225,48197,Hardeman County,756,83333,0.817,0.803,101600
79226,48129,Donley County,2855,58031,0.703,0.75,102700
79227,48155,Foard County,1065,62188,0.755,0.836,69700
79229,48125,Dickens County,243,47583,0.901,0.938,43200
79230,48075,Childress County,31,,0.875,1.0,
79231,48153,Floyd County,24,,1.0,1.0,
79233,48191,Hall County,90,,1.0,0.926,64400
79234,48345,Motley County,85,83409,0.75,1.0,187500
79235,48153,Floyd County,2924,52935,0.67,0.921,95800
79236,48269,King County,197,45789,0.49,0.689,
79237,48129,Donley County,503,59688,0.87,0.854,62500
79239,48191,Hall County,121,36250,0.87,1.0,
79240,48129,Donley County,30,,1.0,1.0,
79241,48153,Floyd County,2204,61803,0.819,0.925,85700
79243,48125,Dickens County,26,61250,0.8,1.0,112500
79244,48345,Motley County,776,71875,0.732,0.856,88400
79245,48191,Hall County,2230,48403,0.721,0.913,78900
79247,48487,Wilbarger County,36,,1.0,0.667,
79248,48101,Cottle County,1273,49028,0.818,0.861,55000
79250,48189,Hale County,980,54917,0.66,0.911,78600
79251,48087,Collingsworth County,31,,1.0,1.0,133900
79252,48197,Hardeman County,2784,62228,0.728,0.783,84600
79255,48045,Briscoe County,399,54375,0.829,0.804,66700
79256,48345,Motley County,290,39231,0.755,0.96,65800
79257,48045,Briscoe County,845,43362,0.89,0.94,91300
79258,48153,Floyd County,14,,1.0,1.0,
79259,48191,Hall County,27,,1.0,1.0,
79261,48191,Hall County,411,49450,0.697,0.869,129200
79311,48189,Hale County,3536,81985,0.76,0.889,176800
79312,48279,Lamb County,1130,64722,0.703,0.934,49100
79313,48219,Hockley County,1527,62788,0.756,0.869,74300
79314,48079,Cochran County,130,27375,0.474,0.893,
79316,48445,Terry County,10055,43063,0.658,0.864,103900
79322,48107,Crosby County,1983,48750,0.593,0.826,65500
79323,48165,Gaines County,7485,87321,0.627,0.81,193300
79324,48017,Bailey County,72,,0.0,1.0,
79325,48369,Parmer County,2277,71771,0.666,0.802,163400
79326,48279,Lamb County,51,,1.0,0.2,
79329,48303,Lubbock County,3322,67059,0.78,0.827,220200
79330,48169,Garza County,56,60179,0.24,0.695,
79331,48115,Dawson County,11711,54000,0.703,0.898,101800
79336,48219,Hockley County,15132,61598,0.697,0.781,140000
79339,48279,Lamb County,6685,60375,0.748,0.877,79000
79342,48165,Gaines County,249,73750,0.872,0.907,120000
79343,48107,Crosby County,1233,58906,0.812,0.827,119800
79345,48445,Terry County,916,73438,0.7,0.813,95000
79346,48079,Cochran County,1767,40833,0.623,0.86,48100
79347,48017,Bailey County,7176,66792,0.781,0.898,105700
79350,48303,Lubbock County,296,,0.978,0.377,46100
79351,48115,Dawson County,1044,66853,0.753,0.92,98900
79353,48219,Hockley County,67,86188,0.355,1.0,18400
79355,48501,Yoakum County,1660,76967,0.68,0.77,143300
79356,48169,Garza County,5083,46351,0.712,0.831,79900
79357,48107,Crosby County,1810,57993,0.697,0.931,76400
79358,48219,Hockley County,1622,90333,0.782,0.805,217600
79359,48165,Gaines County,3294,53048,0.647,0.61,89000
79360,48165,Gaines County,17342,79467,0.793,0.667,219200
79363,48303,Lubbock County,5717,96128,0.801,0.771,210100
79364,48303,Lubbock County,7129,56538,0.774,0.824,89300
79366,48303,Lubbock County,1041,113950,0.984,0.992,341000
79367,48219,Hockley County,519,46458,0.757,0.599,83200
79369,48279,Lamb County,43,,1.0,1.0,86700
79370,48125,Dickens County,1363,48750,0.826,0.853,63100
79371,48017,Bailey County,1396,64917,0.786,0.791,101600
79372,48219,Hockley County,1359,58906,0.742,0.538,96700
79373,48305,Lynn County,3087,74728,0.719,0.905,137100
79376,48501,Yoakum County,10,,1.0,1.0,
79377,48115,Dawson County,230,44000,0.689,0.82,144100
79378,48445,Terry County,289,122232,0.831,0.991,
79379,48079,Cochran County,660,67813,0.772,0.79,80800
79380,48219,Hockley County,98,87917,0.688,0.805,55000
79381,48305,Lynn County,1463,97625,0.877,0.905,228300
79382,48303,Lubbock County,10512,84457,0.77,0.823,257100
79383,48305,Lynn County,38,,0.375,1.0,
79401,48303,Lubbock County,8741,26980,0.089,0.276,105600
79403,48303,Lubbock County,16089,47907,0.603,0.727,84100
79404,48303,Lubbock County,8529,51630,0.69,0.824,85600
79406,48303,Lubbock County,7995,,,0.0,
79407,48219,Hockley County,24000,61509,0.472,0.507,205200
79410,48303,Lubbock County,10137,44537,0.323,0.844,246400
79411,48303,Lubbock County,6865,47634,0.275,0.784,133900
79412,48303,Lubbock County,15018,48878,0.488,0.71,130700
79413,48303,Lubbock County,23343,69400,0.561,0.845,208600
79414,48303,Lubbock County,17596,49057,0.346,0.504,157500
79415,48303,Lubbock County,15794,36468,0.371,0.477,96400
79416,48303,Lubbock County,36442,63896,0.485,0.612,213700
79423,48303,Lubbock County,46998,84933,0.712,0.772,234400
79424,48303,Lubbock County,53478,97231,0.69,0.769,296300
79501,48253,Jones County,3630,55430,0.817,0.859,89200
79502,48433,Stonewall County,1135,52333,0.838,0.796,44100
79503,48253,Jones County,202,98697,0.89,0.906,114000
79504,48059,Callahan County,2969,64545,0.758,0.776,119600
79505,48275,Knox County,266,52708,0.604,0.806,62900
79506,48353,Nolan County,538,63942,0.799,0.75,113800
79508,48441,Taylor County,1078,105000,0.927,0.787,210000
79510,48059,Callahan County,8369,78686,0.815,0.817,161000
79511,48227,Howard County,1811,117578,0.891,0.874,264400
79512,48335,Mitchell County,7834,60353,0.786,0.814,88800
79517,48033,Borden County,210,74583,0.902,0.99,54000
79518,48263,Kent County,104,34342,0.5,0.835,
79519,48083,Coleman County,99,163380,0.849,0.841,220500
79520,48253,Jones County,2319,65331,0.738,0.91,74700
79521,48207,Haskell County,3487,64294,0.69,0.777,117400
79525,48253,Jones County,3121,89875,0.956,0.692,153300
79526,48415,Scurry County,986,83843,0.919,0.88,143800
79527,48415,Scurry County,219,63333,0.915,0.89,131300
79528,48263,Kent County,578,73476,0.827,0.806,103900
79529,48275,Knox County,1131,50694,0.759,0.901,63400
79530,48441,Taylor County,392,71979,0.786,0.765,88300
79532,48335,Mitchell County,1029,49643,0.799,0.844,69800
79533,48417,Shackelford County,475,59375,0.821,0.943,58300
79534,48151,Fisher County,360,70833,0.783,0.783,360000
79535,48353,Nolan County,129,68036,0.943,0.812,120000
79536,48441,Taylor County,5047,71131,0.74,0.662,136400
79537,48353,Nolan County,54,97917,0.739,0.565,
79538,48083,Coleman County,185,,0.94,0.828,
79539,48207,Haskell County,220,46250,0.794,0.923,
79540,48433,Stonewall County,52,,1.0,1.0,111000
79541,48441,Taylor County,1550,71032,0.844,0.947,271400
79543,48151,Fisher County,1091,64978,0.821,0.804,71500
79544,48207,Haskell County,382,41750,0.853,0.937,82500
79545,48353,Nolan County,1798,58482,0.866,0.978,109900
79546,48151,Fisher County,1597,58984,0.747,0.888,65000
79547,48207,Haskell County,957,41023,0.794,0.931,86800
79548,48207,Haskell County,104,,0.978,1.0,99000
79549,48415,Scurry County,15233,59147,0.755,0.841,112000
79553,48253,Jones County,3089,47839,0.617,0.861,69500
79556,48353,Nolan County,12532,49393,0.66,0.756,94900
79560,48151,Fisher County,37,85625,0.846,1.0,
79561,48353,Nolan County,665,93250,0.859,0.789,120800
79562,48441,Taylor County,5070,109572,0.906,0.876,329800
79563,48441,Taylor County,964,49276,0.827,0.41,64600
79565,48335,Mitchell County,202,,0.82,0.694,103800
79566,48441,Taylor County,230,77000,0.66,0.893,136100
79567,48399,Runnels County,2995,50781,0.684,0.873,71700
79601,48253,Jones County,28050,53631,0.492,0.62,190200
79602,48441,Taylor County,27425,89551,0.757,0.857,248100
79603,48441,Taylor County,23548,53513,0.627,0.84,120900
79605,48441,Taylor County,28467,62929,0.602,0.764,163600
79606,48441,Taylor County,29182,79196,0.53,0.604,272600
79607,48441,Taylor County,3315,62637,0.01,0.904,
79699,48441,Taylor County,113,,,0.0,
79701,48329,Midland County,27131,57346,0.67,0.651,214700
79703,48329,Midland County,20419,77285,0.621,0.792,224000
79705,48317,Martin County,46653,105310,0.712,0.691,351700
79706,48329,Midland County,34281,108059,0.796,0.623,316400
79707,48329,Midland County,40010,99886,0.6,0.605,389400
79713,48317,Martin County,840,64886,0.773,0.783,149200
79714,48003,Andrews County,18610,72242,0.785,0.709,195700
79718,48389,Reeves County,629,58750,0.662,0.784,52800
79719,48475,Ward County,198,,0.946,0.899,180800
79720,48227,Howard County,29936,68785,0.692,0.777,152500
79721,48227,Howard County,352,,,,
79730,48371,Pecos County,123,,1.0,0.618,
79731,48103,Crane County,4196,63096,0.827,0.626,129400
79733,48227,Howard County,371,92950,0.356,0.852,
79734,48243,Jeff Davis County,1779,65227,0.873,0.797,241300
79735,48371,Pecos County,13357,78935,0.708,0.682,174500
79738,48033,Borden County,353,76250,0.621,0.815,105000
79739,48173,Glasscock County,780,79352,0.588,0.815,258000
79741,48135,Ector County,177,112969,0.773,0.828,141700
79742,48475,Ward County,620,68681,0.864,0.54,
79743,48371,Pecos County,231,71833,0.796,0.916,120000
79744,48105,Crockett County,1283,42039,0.661,0.711,101100
79745,48495,Winkler County,6034,80585,0.848,0.89,154100
79748,48227,Howard County,232,,0.64,1.0,390900
79749,48317,Martin County,477,34286,0.545,0.792,182100
79752,48461,Upton County,1933,39423,0.757,0.783,94900
79754,48301,Loving County,33,51250,0.111,0.758,
79755,48461,Upton County,67,,0.333,0.809,
79756,48475,Ward County,9485,67468,0.766,0.72,160600
79758,48135,Ector County,2016,102560,0.934,0.704,390700
79761,48135,Ector County,30164,68228,0.583,0.633,166000
79762,48135,Ector County,39927,75272,0.559,0.626,232900
79763,48135,Ector County,35174,56877,0.704,0.505,132500
79764,48135,Ector County,27013,65170,0.674,0.505,143500
79765,48329,Midland County,25904,104965,0.646,0.683,302300
79766,48135,Ector County,11041,74407,0.829,0.551,140800
79772,48389,Reeves County,11987,63347,0.741,0.715,120400
79777,48475,Ward County,116,,0.76,0.642,257100
79778,48461,Upton County,1175,70808,0.809,0.876,123500
79780,48389,Reeves County,52,,1.0,1.0,
79781,48443,Terrell County,74,,1.0,0.484,
79782,48317,Martin County,3867,102986,0.825,0.701,171000
79783,48317,Martin County,113,128516,0.919,0.878,
79785,48389,Reeves County,22,43438,1.0,1.0,53800
79788,48475,Ward County,699,57109,0.929,0.847,84700
79789,48495,Winkler County,1420,106250,0.91,0.731,124600
79821,48141,El Paso County,7227,59232,0.785,0.724,153000
79830,48043,Brewster County,7853,66546,0.674,0.709,229400
79832,48043,Brewster County,330,,,,
79834,48043,Brewster County,331,49617,0.016,0.896,
79835,48141,El Paso County,11440,45924,0.772,0.575,109300
79836,48141,El Paso County,7711,59003,0.819,0.652,115500
79837,48229,Hudspeth County,113,,0.614,0.476,
79838,48141,El Paso County,4969,43367,0.726,0.626,95800
79839,48229,Hudspeth County,1416,47950,0.699,0.56,55000
79842,48043,Brewster County,285,45596,0.621,0.894,240000
79843,48377,Presidio County,2633,45263,0.769,0.694,289300
79845,48377,Presidio County,3226,42818,0.774,0.678,96800
79846,48377,Presidio County,71,,1.0,0.0,
79847,48109,Culberson County,201,50938,0.54,0.613,66100
79848,48443,Terrell County,791,51696,0.882,0.85,114700
79849,48141,El Paso County,14409,44831,0.749,0.559,109800
79851,48229,Hudspeth County,1198,55500,0.676,0.622,62600
79852,48043,Brewster County,641,34712,0.497,0.499,111200
79853,48141,El Paso County,2686,42234,0.916,0.645,83200
79854,48243,Jeff Davis County,86,33672,1.0,0.845,84700
79855,48109,Culberson County,2177,58910,0.706,0.699,79300
79901,48141,El Paso County,8554,14872,0.081,0.182,91400
79902,48141,El Paso County,19031,50873,0.42,0.465,238500
79903,48141,El Paso County,14715,37155,0.572,0.828,128400
79904,48141,El Paso County,32976,41841,0.442,0.686,127100
79905,48141,El Paso County,22594,25721,0.483,0.648,106800
79906,48141,El Paso County,5917,56044,0.0,0.806,
79907,48141,El Paso County,46365,41617,0.593,0.672,117800
79908,48141,El Paso County,4148,59792,0.015,0.901,
79911,48141,El Paso County,10192,122713,0.771,0.791,342300
79912,48141,El Paso County,78819,72943,0.53,0.6,264200
79915,48141,El Paso County,34230,35432,0.614,0.687,123200
79916,48141,El Paso County,3055,,,,
79918,48141,El Paso County,274,,,,
79920,48141,El Paso County,28,,,,
79922,48141,El Paso County,6800,106003,0.929,0.947,350200
79924,48141,El Paso County,60364,56976,0.615,0.715,148500
79925,48141,El Paso County,38621,57623,0.525,0.589,192900
79927,48141,El Paso County,44444,53652,0.808,0.772,138400
79928,48141,El Paso County,86599,76643,0.866,0.855,207900
79930,48141,El Paso County,24123,42099,0.463,0.653,135000
79932,48141,El Paso County,30786,78277,0.711,0.767,267200
79934,48141,El Paso County,28861,77754,0.706,0.787,210800
79935,48141,El Paso County,18720,61323,0.499,0.616,197500
79936,48141,El Paso County,102991,67198,0.705,0.812,179000
79938,48141,El Paso County,99621,77272,0.813,0.865,214800
