zip,lat,lon,county_fips,county_name,serviceable,home_fit,base_market,utility,utility_type,market,grid,ptc_median_1000kwh,res_rate,other_utilities_nearby,not_serviceable_reason,resilience_demand_score,need_score,value_score,ability_score,top_reasons,addressable_homes,population,median_hh_income,owner_rate,single_family_rate,median_home_value,rooms,electric_heat,outage_hours,event_days,weather_hazard,fema_risk_score,hurricane_score,ice_storm_score,winter_weather_score,strong_wind_score,cold_wave_score,heat_wave_score,tornado_score,stability,growth
77523,29.79,-94.859,48071,Chambers County,yes,yes,yes,CENTERPOINT ENERGY HOUSTON ELECTRIC LLC,Wires company (TDU),base_tdsp,ERCOT,13.0,,Entergy Texas Inc.,,77.6,80.882,78.333,72.486,Top 3% for home size; Top 3% for new-home growth; Top 5% for severe-weather risk (FEMA),9438,30186,124188,0.813,0.831,372100,7.1,0.49,18.05,49.6,84.593,93.11,95.8,88.5,61.29,79.48,86.34,82.37,98.37,8,42.3
76472,32.6,-98.173,48363,Palo Pinto County,yes,yes,yes,ONCOR ELECTRIC DELIVERY COMPANY,Wires company (TDU),base_tdsp,ERCOT,13.6,,"Tri-County Electric Coop, Inc (TX)",,75.3,73.748,80.964,71.837,Top 11% for homeownership; Top 12% for home size; Top 14% for household income,503,1725,103482,0.918,0.759,259700,6.2,0.824,11.27,37.9,74.523,80.82,50.2,57.02,81.74,93.7,85.66,74.13,79.21,13,2.8
78650,30.304,-97.219,48021,Bastrop County,yes,yes,yes,ONCOR ELECTRIC DELIVERY COMPANY,Wires company (TDU),base_tdsp,ERCOT,12.6,,"Bartlett Electric Coop, Inc; Bluebonnet Electric Coop, Inc",,75.3,77.12,66.366,81.662,Top 8% for homeownership; Top 8% for new-home growth; Top 12% for major outage days,693,2409,85170,0.958,0.749,300300,5.4,0.855,10.44,43.8,77.956,76.07,62.94,60.62,83.71,82.64,84.15,78.97,92.66,17,28.1
77355,30.156,-95.749,48339,Montgomery County,yes,yes,yes,CENTERPOINT ENERGY HOUSTON ELECTRIC LLC,Wires company (TDU),base_tdsp,ERCOT,13.0,,Mid-South Electric Coop Assn; Entergy Texas Inc.,,75.0,73.512,77.569,74.414,Top 1% for new-home growth; Top 5% for home size; Top 7% for outage hours per customer,9298,32847,102066,0.827,0.736,341300,6.7,0.54,22.46,27,74.017,67.35,80.06,82.7,47.17,63.98,82,68.52,93.69,12,47.8
77386,30.1,-95.356,48339,Montgomery County,yes,yes,yes,CENTERPOINT ENERGY HOUSTON ELECTRIC LLC,Wires company (TDU),base_tdsp,ERCOT,13.0,,Mid-South Electric Coop Assn; Entergy Texas Inc.,,74.1,74.038,74.356,74.012,Top 1% for new-home growth; Top 5% for home size; Top 5% for household income,21613,69980,132469,0.803,0.902,366600,6.8,0.29,22.46,27,78.843,79.84,85.17,84.16,60.95,64.68,85.68,73.82,97.44,10,47.8
77362,30.161,-95.669,48339,Montgomery County,yes,yes,yes,CENTERPOINT ENERGY HOUSTON ELECTRIC LLC,Wires company (TDU),base_tdsp,ERCOT,13.0,,Mid-South Electric Coop Assn; Entergy Texas Inc.,,73.9,75.602,73.994,71.532,Top 1% for new-home growth; Top 7% for outage hours per customer; Top 13% for homeownership,2176,8017,86852,0.909,0.706,366100,6.1,0.534,22.46,27,76.769,70.65,81.25,85.27,53.76,65.19,84.41,71.86,95.64,9,47.8
77382,30.195,-95.548,48339,Montgomery County,yes,yes,yes,CENTERPOINT ENERGY HOUSTON ELECTRIC LLC,Wires company (TDU),base_tdsp,ERCOT,13.0,,Mid-South Electric Coop Assn; Entergy Texas Inc.,,73.7,66.64,78.616,78.046,Top 1% for new-home growth; Top 1% for home size; Top 2% for household income,12355,38986,162384,0.824,0.886,566500,7.7,0.231,22.46,27,71.003,58.11,80.4,80.27,52.46,55.95,76.48,59.88,91.58,11,47.8
77418,29.987,-96.253,48015,Austin County,yes,yes,yes,CENTERPOINT ENERGY HOUSTON ELECTRIC LLC,Wires company (TDU),base_tdsp,ERCOT,13.0,,"Bluebonnet Electric Coop, Inc; Fayette Electric Coop, Inc; Entergy Texas Inc.",,73.5,78.81,77.735,62.266,Top 1% for major outage days; Top 11% for new-home growth; Top 16% for home size,2859,10171,90611,0.731,0.758,344400,6,0.691,14.74,84.2,77.753,80.05,83.39,77.67,31.36,93.88,83.79,78.08,96.1,12,24.9
77381,30.178,-95.501,48339,Montgomery County,yes,yes,yes,CENTERPOINT ENERGY HOUSTON ELECTRIC LLC,Wires company (TDU),base_tdsp,ERCOT,13.0,,Mid-South Electric Coop Assn; Entergy Texas Inc.,,73.4,65.546,77.654,79.575,Top 1% for new-home growth; Top 2% for home size; Top 3% for household income,10925,36139,143565,0.786,0.874,473600,7.6,0.254,22.46,27,69.857,62.32,80.88,77.41,53.3,53.85,74.9,57.43,91.23,14,47.8
78935,29.695,-96.424,48089,Colorado County,yes,yes,yes,AEP TEXAS CENTRAL,Wires company (TDU),base_tdsp,ERCOT,12.05,,"San Bernard Electric Coop, Inc",,73.2,78.911,68.063,70.658,Top 1% for major outage days; Top 1% for severe-weather risk (FEMA); Top 3% for homeownership,196,734,,1,0.696,216700,6.2,0.607,12.24,84.2,88.917,93.69,94.84,86.71,70.55,91.55,97.98,84.98,95.81,14,3.8
77535,30.055,-94.922,48291,Liberty County,yes,yes,yes,CENTERPOINT ENERGY HOUSTON ELECTRIC LLC,Wires company (TDU),base_tdsp,ERCOT,13.0,,Entergy Texas Inc.,,72.9,82.945,64.254,68.255,Top 2% for new-home growth; Top 5% for outage hours per customer; Top 12% for major outage days,8189,39504,84497,0.838,0.539,225200,5.7,0.702,23.68,43.1,76.061,74.85,88.9,85.11,42.62,54.61,82.6,81.45,97.14,11,45
78383,28.088,-97.956,48297,Live Oak County,yes,yes,yes,AEP TEXAS CENTRAL,Wires company (TDU),base_tdsp,ERCOT,12.1,,Nueces Electric Cooperative; San Patricio Electric Coop Inc,,72.8,79.778,67.915,68.265,Top 14% for all-electric heating; Top 15% for major outage days; Top 15% for household income,1199,4081,102135,0.844,0.764,237200,5.6,0.837,15.46,36.9,75.931,82.33,92.01,69.01,48.91,66.85,98.26,82.61,73.87,14,2
76682,31.453,-96.913,48145,Falls County,yes,yes,yes,ONCOR ELECTRIC DELIVERY COMPANY,Wires company (TDU),base_tdsp,ERCOT,12.6,,Heart of Texas Electric Coop,,72.5,82.42,70.168,61.584,Top 6% for outage hours per customer; Top 13% for major outage days; Top 14% for home size,1068,3661,84148,0.88,0.759,197400,6.1,0.735,23.19,42.1,74.791,63.77,77.12,55.12,65.9,68.84,83.79,77.68,95.09,13,0.8
75853,31.947,-95.814,48001,Anderson County,yes,yes,yes,ONCOR ELECTRIC DELIVERY COMPANY,Wires company (TDU),base_tdsp,ERCOT,12.6,,Trinity Valley Elec Coop Inc,,72.2,85.789,76.879,49.41,Top 1% for severe-weather risk (FEMA); Top 10% for all-electric heating; Top 16% for major outage days,265,999,71500,0.848,0.69,231500,6,0.875,13.62,35.1,93.363,98.25,84.2,98.15,95.04,98.35,94.44,83.7,99.66,11,1.2
75167,32.361,-96.916,48139,Ellis County,yes,yes,yes,ONCOR ELECTRIC DELIVERY COMPANY,Wires company (TDU),base_tdsp,ERCOT,12.6,,,,72.1,52.794,90.891,78.931,Top 4% for new-home growth; Top 7% for all-electric heating; Top 8% for home size,4625,13904,117714,0.908,0.865,411200,6.4,0.901,7.79,23.2,63.669,67.16,45.77,46.57,60.24,49.14,84.92,81.18,77.86,10,35.9
76638,31.551,-97.443,48309,McLennan County,yes,yes,yes,TEXAS-NEW MEXICO POWER COMPANY,Wires company (TDU),base_tdsp,ERCOT,15.1,,Heart of Texas Electric Coop,,72.1,55.276,86.321,80.369,Top 5% for household income; Top 7% for home size; Top 8% for homeownership,1282,3671,129917,0.952,0.908,440900,6.5,0.718,7.15,15.2,73.269,83.89,74.93,51.8,51.35,61.72,88.6,86.09,98.39,13,8.6
75437,33.261,-95.472,48223,Hopkins County,yes,yes,yes,ONCOR ELECTRIC DELIVERY COMPANY,Wires company (TDU),base_tdsp,ERCOT,12.6,,"Farmers Electric Coop, Inc - (TX); Southwestern Electric Power Co",,71.4,78.588,66.766,66.325,Top 5% for severe-weather risk (FEMA); Top 11% for homeownership; Top 17% for all-electric heating,301,1023,87574,0.92,0.766,231600,5.6,0.822,9.96,29.9,84.233,83.13,61.34,97.3,63.77,93.85,94.86,80.74,97.77,12,4.2
76433,32.316,-98.023,48143,Erath County,yes,yes,yes,TEXAS-NEW MEXICO POWER COMPANY,Wires company (TDU),base_tdsp,ERCOT,15.1,,United Electric Coop Service Inc - (TX),,71.4,64.039,85.944,66.649,Top 8% for household income; Top 13% for home value; Top 14% for home size,739,2178,117702,0.883,0.913,395000,6.1,0.826,7.32,26.4,74.573,91.26,58.09,52.14,68.48,85.11,96.92,64.42,96.85,9,2.2
77316,30.306,-95.686,48339,Montgomery County,yes,yes,yes,CENTERPOINT ENERGY HOUSTON ELECTRIC LLC,Wires company (TDU),base_tdsp,ERCOT,13.0,,Mid-South Electric Coop Assn; Entergy Texas Inc.,,71.4,61.701,77.233,78.415,Top 1% for new-home growth; Top 5% for home size; Top 6% for household income,11876,34694,124055,0.891,0.89,431400,6.7,0.402,22.46,27,65.659,42.24,77.18,74.98,43.84,51.22,72.76,54.17,85.46,9,47.8
77354,30.217,-95.647,48339,Montgomery County,yes,yes,yes,CENTERPOINT ENERGY HOUSTON ELECTRIC LLC,Wires company (TDU),base_tdsp,ERCOT,13.0,,Mid-South Electric Coop Assn; Entergy Texas Inc.,,71.4,67.686,76.473,71.416,Top 1% for new-home growth; Top 7% for home size; Top 7% for outage hours per customer,13798,44900,112504,0.799,0.806,397300,6.5,0.455,22.46,27,69.847,50.19,77.63,79.95,45.97,55.71,77.56,61.51,90.6,10,47.8
77363,30.316,-95.85,48185,Grimes County,yes,yes,yes,CENTERPOINT ENERGY HOUSTON ELECTRIC LLC,Wires company (TDU),base_tdsp,ERCOT,13.0,,Mid-South Electric Coop Assn; Entergy Texas Inc.,,70.8,81.926,62.686,64.175,Top 2% for major outage days; Top 12% for outage hours per customer; Top 16% for homeownership,903,3468,75278,0.893,0.677,318200,5.4,0.728,18.34,74.1,75.241,69.71,90.73,77.74,34.99,76.31,93.37,63.36,90.19,12,11.7
76633,31.695,-97.329,48309,McLennan County,yes,yes,yes,ONCOR ELECTRIC DELIVERY COMPANY,Wires company (TDU),base_tdsp,ERCOT,12.6,,Heart of Texas Electric Coop,,70.6,52.602,91.236,73.917,Top 4% for home size; Top 12% for household income; Top 12% for home value,2164,6268,106755,0.9,0.898,404300,6.9,0.834,7.15,15.2,67.85,74.83,66.65,47.35,40.73,55.61,85.24,83.1,96.27,12,8.6
77385,30.187,-95.429,48339,Montgomery County,yes,yes,yes,CENTERPOINT ENERGY HOUSTON ELECTRIC LLC,Wires company (TDU),base_tdsp,ERCOT,13.0,,Mid-South Electric Coop Assn; Entergy Texas Inc.,,70.5,70.107,73.114,68.343,Top 1% for new-home growth; Top 7% for home size; Top 7% for outage hours per customer,8154,28156,117118,0.753,0.833,327100,6.5,0.412,22.46,27,72.624,67.85,81.25,73.54,52.12,57.79,81.33,67.07,95.27,10,47.8
76571,30.926,-97.599,48027,Bell County,yes,yes,yes,ONCOR ELECTRIC DELIVERY COMPANY,Wires company (TDU),base_tdsp,ERCOT,12.6,,"Bartlett Electric Coop, Inc; Heart of Texas Electric Coop",,70.4,56.087,85.329,74.645,Top 8% for home value; Top 10% for household income; Top 11% for all-electric heating,2734,9000,111863,0.883,0.79,466100,5.9,0.869,8.1,11.4,68.159,62.63,64.35,38.5,83.3,54.44,77.33,68.44,90.75,10,17.1
79562,32.236,-99.866,48441,Taylor County,yes,yes,yes,AEP TEXAS NORTH,Wires company (TDU),base_tdsp,ERCOT,12.7,,Taylor Electric Coop Inc - (TX),,70.3,57.761,85.988,71.332,Top 5% for major outage days; Top 7% for home size; Top 12% for household income,1708,5070,109572,0.906,0.876,329800,6.5,0.797,13.66,58.4,56.714,69.73,39.12,42.46,88.9,64.46,43.37,63.64,55.05,10,8.4
75754,32.427,-95.668,48467,Van Zandt County,yes,yes,yes,ONCOR ELECTRIC DELIVERY COMPANY,Wires company (TDU),base_tdsp,ERCOT,12.6,,,,70.1,82.043,76.587,47.578,Top 8% for major outage days; Top 14% for outage hours per customer; Top 16% for home size,2207,7841,69815,0.817,0.732,268300,6,0.753,16.14,52.4,76.343,45.45,55.58,83.67,63.18,91.13,83.11,79.5,78.23,11,2.2
75103,32.517,-95.884,48467,Van Zandt County,yes,yes,yes,ONCOR ELECTRIC DELIVERY COMPANY,Wires company (TDU),base_tdsp,ERCOT,12.6,,,,70.0,84.746,70.124,50.342,Top 8% for major outage days; Top 14% for outage hours per customer; Top 18% for severe-weather risk (FEMA),4872,16824,71013,0.797,0.753,241500,5.7,0.81,16.14,52.4,77.827,51.41,57.06,84.75,66.05,92.02,83.96,80.47,80.48,13,2.2
75757,32.11,-95.348,48073,Cherokee County,yes,yes,yes,ONCOR ELECTRIC DELIVERY COMPANY,Wires company (TDU),base_tdsp,ERCOT,12.6,,,,69.9,73.873,76.794,57.826,Top 13% for major outage days; Top 16% for home size; Top 22% for household income,4364,14328,91165,0.836,0.792,275500,6,0.747,14.52,41.9,72.701,37.66,57.45,81.53,69.34,86.27,78.95,80.41,54.96,10,1.5
77365,30.11,-95.269,48339,Montgomery County,yes,yes,yes,CENTERPOINT ENERGY HOUSTON ELECTRIC LLC,Wires company (TDU),base_tdsp,ERCOT,13.0,,Mid-South Electric Coop Assn; Entergy Texas Inc.,,69.9,71.96,71.308,65.662,Top 1% for new-home growth; Top 7% for outage hours per customer; Top 12% for home size,12711,46418,95702,0.771,0.712,288700,6.2,0.523,22.46,27,72.8,63.93,81.47,77.1,48.48,57.75,81.84,68.89,94.07,10,47.8
75135,33.066,-96.221,48231,Hunt County,yes,yes,yes,ONCOR ELECTRIC DELIVERY COMPANY,Wires company (TDU),base_tdsp,ERCOT,12.6,,"Grayson-Collin Elec Coop, Inc",,69.7,63.307,73.41,74.561,Top 9% for severe-weather risk (FEMA); Top 11% for household income; Top 14% for new-home growth,3437,11326,111235,0.872,0.789,324200,5.8,0.701,6.64,26,82.017,78.52,41.84,97.64,67.82,88.53,89.62,89.93,98.74,10,22.8
76044,32.426,-97.54,48251,Johnson County,yes,yes,yes,ONCOR ELECTRIC DELIVERY COMPANY,Wires company (TDU),base_tdsp,ERCOT,12.6,,United Electric Coop Service Inc - (TX),,69.7,57.989,79.238,75.714,Top 7% for household income; Top 11% for new-home growth; Top 11% for home value,3080,9196,122715,0.882,0.871,414800,5.7,0.834,5.73,17.9,75.101,85.41,49.24,79.27,48.4,80.92,83.82,84.78,99.28,7,23.7
78943,29.709,-96.616,48089,Colorado County,yes,yes,yes,AEP TEXAS CENTRAL,Wires company (TDU),base_tdsp,ERCOT,12.05,,"Fayette Electric Coop, Inc",,69.7,82.453,75.527,46.942,Top 1% for major outage days; Top 1% for severe-weather risk (FEMA); Top 4% for home size,223,886,98531,0.656,1,206600,6.9,0.728,12.24,84.2,88.914,92.06,93.68,86.89,71.55,91.19,98.14,85.84,95.11,4,3.8
75124,32.326,-95.974,48213,Henderson County,yes,yes,yes,ONCOR ELECTRIC DELIVERY COMPANY,Wires company (TDU),base_tdsp,ERCOT,12.6,,,,69.6,67.507,77.226,64.799,Top 14% for all-electric heating; Top 16% for home size; Top 20% for major outage days,1614,5981,79083,0.858,0.702,240800,6,0.838,8.89,31.8,72.379,46.91,53.08,76.18,56.27,82.06,90.39,68.88,79.79,13,9.2
76462,32.527,-98.009,48221,Hood County,yes,yes,yes,ONCOR ELECTRIC DELIVERY COMPANY,Wires company (TDU),base_tdsp,ERCOT,12.6,,"Tri-County Electric Coop, Inc (TX)",,69.6,54.167,89.704,70.204,Top 5% for home size; Top 14% for all-electric heating; Top 16% for homeownership,1605,5167,99160,0.89,0.808,360800,6.7,0.84,4.44,18.4,75.367,86.77,52.81,71.35,60.19,76.2,92.93,78.3,95.79,13,4.7
76272,33.456,-97.127,48097,Cooke County,yes,yes,yes,ONCOR ELECTRIC DELIVERY COMPANY,Wires company (TDU),base_tdsp,ERCOT,12.6,,"Denton County Elec Coop, Inc",,69.3,73.03,69.533,64.121,Top 10% for severe-weather risk (FEMA); Top 16% for home value; Top 17% for homeownership,1467,5335,81174,0.883,0.715,362100,5.7,0.619,13.49,26.1,81.249,92.62,53.28,97.12,69.45,94.14,65.75,89.53,99.47,12,7.5
75859,31.893,-96.237,48161,Freestone County,yes,yes,yes,ONCOR ELECTRIC DELIVERY COMPANY,Wires company (TDU),base_tdsp,ERCOT,12.6,,Trinity Valley Elec Coop Inc,,69.2,86.862,69.737,45.087,Top 6% for outage hours per customer; Top 11% for severe-weather risk (FEMA); Top 11% for major outage days,677,2337,75139,0.803,0.754,231300,5.9,0.717,23.18,45.5,80.839,79.25,71.78,88.53,68.07,82.6,97.44,66.66,90.79,8,0.6
77971,28.833,-96.522,48239,Jackson County,yes,yes,yes,AEP TEXAS CENTRAL,Wires company (TDU),base_tdsp,ERCOT,12.05,,"Jackson Electric Coop, Inc - (TX)",,69.0,71.409,77.157,57.521,Top 1% for severe-weather risk (FEMA); Top 3% for homeownership; Top 3% for home size,172,744,60337,1,0.604,223200,7.1,0.715,9.66,12.8,88.519,99.61,99.95,91.46,69.5,78.24,95.36,90.45,94.67,25,0.2
76250,33.63,-97.236,48097,Cooke County,yes,yes,yes,ONCOR ELECTRIC DELIVERY COMPANY,Wires company (TDU),base_tdsp,ERCOT,12.6,,,,68.9,66.796,66.658,73.789,Top 14% for long-term owners; Top 20% for severe-weather risk (FEMA); Top 20% for home size,284,881,90625,0.84,1,286700,5.9,0.51,13.49,26.1,77.057,92.56,51.3,96.42,61.07,91.47,56.13,84.2,98.81,19,7.5
76252,33.682,-97.383,48097,Cooke County,yes,yes,yes,ONCOR ELECTRIC DELIVERY COMPANY,Wires company (TDU),base_tdsp,ERCOT,12.6,,Cooke County Elec Coop Assn,,68.8,68.316,69.428,68.864,Top 15% for severe-weather risk (FEMA); Top 16% for home size; Top 18% for long-term owners,875,2947,94444,0.772,0.949,310100,6,0.51,13.49,26.1,79.054,93.66,52.47,96.98,65.02,93.07,60.6,86.29,98.95,18,7.5
77583,29.381,-95.469,48039,Brazoria County,yes,yes,yes,CENTERPOINT ENERGY HOUSTON ELECTRIC LLC,Wires company (TDU),base_tdsp,ERCOT,13.0,,,,68.8,59.366,73.287,76.771,Top 8% for household income; Top 10% for home size; Top 10% for new-home growth,17893,52747,119287,0.902,0.882,338100,6.3,0.474,14.34,26.6,68.393,81.99,92.02,77.59,22.65,50.91,66.62,77.49,91.47,8,26.6
76065,32.469,-96.991,48139,Ellis County,yes,yes,yes,ONCOR ELECTRIC DELIVERY COMPANY,Wires company (TDU),base_tdsp,ERCOT,12.6,,,,68.5,48.521,89.435,74.305,Top 4% for new-home growth; Top 6% for household income; Top 7% for home size,14906,47438,127756,0.817,0.869,425100,6.5,0.805,7.79,23.2,61.906,57.32,42.31,46.52,58.61,48.34,82.63,78.49,76.44,10,35.9
76066,32.704,-97.993,48367,Parker County,yes,yes,yes,ONCOR ELECTRIC DELIVERY COMPANY,Wires company (TDU),base_tdsp,ERCOT,12.6,,"Tri-County Electric Coop, Inc (TX)",,68.4,55.57,82.309,71.594,Top 10% for household income; Top 14% for home size; Top 14% for homeownership,1606,5865,112733,0.898,0.712,358200,6.1,0.756,6.86,17.1,72.214,88.5,45.52,78.66,53.59,50.79,88.28,89.77,98.89,10,8.4
76049,32.46,-97.707,48221,Hood County,yes,yes,yes,ONCOR ELECTRIC DELIVERY COMPANY,Wires company (TDU),base_tdsp,ERCOT,12.6,,"Tri-County Electric Coop, Inc (TX); United Electric Coop Service Inc - (TX)",,68.3,54.343,88.661,66.414,Top 8% for all-electric heating; Top 10% for home size; Top 13% for household income,10396,31506,104967,0.877,0.858,363300,6.3,0.893,4.44,18.4,74.329,68.82,49.59,86.32,43.85,73.19,90.6,80,96.75,10,4.7
77510,29.363,-95.087,48167,Galveston County,yes,yes,yes,CENTERPOINT ENERGY HOUSTON ELECTRIC LLC,Wires company (TDU),base_tdsp,ERCOT,13.0,,,,68.3,58.211,73.44,76.652,Top 11% for outage hours per customer; Top 15% for household income; Top 16% for home size,4311,14155,102651,0.863,0.792,333100,6,0.594,20.41,26.1,61.153,66.35,87.69,71.25,17.61,28.93,91.36,56.93,74.3,13,17.5
75058,33.451,-96.742,48181,Grayson County,yes,yes,yes,ONCOR ELECTRIC DELIVERY COMPANY,Wires company (TDU),base_tdsp,ERCOT,12.6,,"Grayson-Collin Elec Coop, Inc",,68.2,54.912,81.785,72.346,Top 4% for home size; Top 6% for home value; Top 6% for household income,1127,3625,125694,0.809,0.908,532600,7,0.523,7.16,22.5,75.81,70.4,50.07,92.48,57.29,67.77,82.2,89.62,91.24,10,23.5
75846,31.329,-96.152,48289,Leon County,yes,yes,yes,ONCOR ELECTRIC DELIVERY COMPANY,Wires company (TDU),base_tdsp,ERCOT,12.6,,"Houston County Elec Coop Inc; Navasota Valley Elec Coop, Inc; Heart of Texas Electric Coop; Entergy Texas Inc.",,68.1,88.498,62.386,46.625,Top 2% for outage hours per customer; Top 4% for major outage days; Top 9% for all-electric heating,581,2741,64250,0.799,0.552,204100,5.5,0.886,27.83,62.2,74.354,72.7,79.2,67.96,60.08,81.25,98.08,55.63,78.28,17,0
76484,32.764,-98.277,48363,Palo Pinto County,yes,yes,yes,ONCOR ELECTRIC DELIVERY COMPANY,Wires company (TDU),base_tdsp,ERCOT,13.6,,,,68.1,71.012,56.365,75.885,Top 8% for homeownership; Top 15% for major outage days; Top 19% for household income,239,879,95476,0.954,0.707,164200,5.6,0.727,11.27,37.9,74.523,80.82,50.2,57.02,81.74,93.7,85.66,74.13,79.21,17,2.8
77423,29.857,-95.977,48473,Waller County,yes,yes,yes,CENTERPOINT ENERGY HOUSTON ELECTRIC LLC,Wires company (TDU),base_tdsp,ERCOT,13.0,,Entergy Texas Inc.,,68.0,77.215,64.405,59.461,Top 1% for major outage days; Top 12% for severe-weather risk (FEMA); Top 22% for outage hours per customer,5290,18767,84490,0.794,0.733,314800,5.7,0.539,15.72,84.2,80.407,92.06,90.68,80.98,29.25,94.81,88.62,79.85,98.66,9,14.3
76087,32.683,-97.783,48367,Parker County,yes,yes,yes,ONCOR ELECTRIC DELIVERY COMPANY,Wires company (TDU),base_tdsp,ERCOT,12.6,,"Tri-County Electric Coop, Inc (TX)",,67.9,51.178,88.508,69.743,Top 8% for home size; Top 9% for household income; Top 14% for home value,11414,36822,114306,0.843,0.806,383200,6.4,0.83,6.86,17.1,66.971,73.81,43.34,73.2,44.74,42.76,83.31,84.34,97.11,11,8.4
76524,31.269,-97.202,48145,Falls County,yes,yes,yes,ONCOR ELECTRIC DELIVERY COMPANY,Wires company (TDU),base_tdsp,ERCOT,12.6,,"Bartlett Electric Coop, Inc; Heart of Texas Electric Coop",,67.9,76.418,75.245,49.336,Top 6% for outage hours per customer; Top 12% for all-electric heating; Top 13% for major outage days,938,3668,69286,0.829,0.665,219700,6,0.855,23.19,42.1,66.496,39.18,69.82,46.87,62.1,61.09,73.03,65.93,86.63,13,0.8
77302,30.222,-95.345,48339,Montgomery County,yes,yes,yes,CENTERPOINT ENERGY HOUSTON ELECTRIC LLC,Wires company (TDU),base_tdsp,ERCOT,13.0,,Mid-South Electric Coop Assn; Entergy Texas Inc.,,67.9,67.821,68.009,67.927,Top 1% for new-home growth; Top 7% for outage hours per customer; Top 20% for home size,5726,21546,84673,0.829,0.691,266200,5.9,0.585,22.46,27,67.784,51.72,76.3,69,40.9,52.9,79.13,63.77,92.49,11,47.8
77484,30.079,-95.932,48473,Waller County,yes,yes,yes,CENTERPOINT ENERGY HOUSTON ELECTRIC LLC,Wires company (TDU),base_tdsp,ERCOT,13.0,,Mid-South Electric Coop Assn; Entergy Texas Inc.,,67.9,78.992,64.281,56.809,Top 1% for major outage days; Top 19% for all-electric heating; Top 22% for outage hours per customer,3018,14348,81250,0.736,0.547,284900,5.4,0.812,15.72,84.2,73.169,73.62,86.06,71.4,25.44,80.01,81.57,72.29,95.41,12,14.3
76453,32.584,-98.336,48363,Palo Pinto County,yes,yes,yes,TEXAS-NEW MEXICO POWER COMPANY,Wires company (TDU),base_tdsp,ERCOT,15.1,,,,67.7,64.211,72.376,67.765,Top 9% for homeownership; Top 15% for major outage days; Top 17% for household income,460,1440,99293,0.941,0.832,350000,5.8,0.649,11.27,37.9,70.039,79.94,51.11,46.8,75.32,92.05,81.77,62.38,80.84,11,2.8
75495,33.439,-96.547,48181,Grayson County,yes,yes,yes,ONCOR ELECTRIC DELIVERY COMPANY,Wires company (TDU),base_tdsp,ERCOT,12.6,,"Grayson-Collin Elec Coop, Inc",,67.6,56.002,79.02,71.581,Top 10% for household income; Top 12% for home size; Top 12% for new-home growth,3584,11120,111563,0.838,0.84,397900,6.2,0.614,7.16,22.5,74.1,68.49,49.32,90.09,56.51,64.08,79.43,87.97,91.3,8,23.5
76077,32.278,-97.692,48425,Somervell County,yes,yes,yes,TEXAS-NEW MEXICO POWER COMPANY,Wires company (TDU),base_tdsp,ERCOT,15.1,,United Electric Coop Service Inc - (TX),,67.4,60.264,73.896,70.54,Top 8% for homeownership; Top 8% for home value; Top 8% for household income,318,1001,118705,0.96,0.827,480000,5.7,0.663,7.54,19.1,77.366,84.38,59.14,87.09,54.72,78.96,91.4,73.17,97.08,8,4.7
78933,29.791,-96.359,48089,Colorado County,yes,yes,yes,AEP TEXAS CENTRAL,Wires company (TDU),base_tdsp,ERCOT,12.05,,"Bluebonnet Electric Coop, Inc; Fayette Electric Coop, Inc; San Bernard Electric Coop, Inc",,67.4,75.218,69.763,54.778,Top 1% for major outage days; Top 6% for severe-weather risk (FEMA); Top 14% for home size,417,1395,68444,0.828,0.778,272600,6.1,0.536,12.24,84.2,83.714,85.88,90.83,81.34,57.14,91.16,91.44,79.48,94.61,15,3.8
75851,31.092,-95.5,48225,Houston County,yes,yes,yes,ONCOR ELECTRIC DELIVERY COMPANY,Wires company (TDU),base_tdsp,ERCOT,12.6,,Houston County Elec Coop Inc; Mid-South Electric Coop Assn; Entergy Texas Inc.,,67.3,86.753,44.21,64.507,Top 6% for outage hours per customer; Top 8% for severe-weather risk (FEMA); Top 10% for major outage days,1180,4336,85982,0.898,0.708,164400,5.3,0.672,23.09,47.2,82.59,82.5,83.08,84.98,61.67,86.38,98.55,82.84,80.63,14,0.4
77546,29.515,-95.192,48167,Galveston County,yes,yes,yes,CENTERPOINT ENERGY HOUSTON ELECTRIC LLC,Wires company (TDU),base_tdsp,ERCOT,13.8,,,,67.2,57.716,76.856,70.212,Top 4% for home size; Top 6% for household income; Top 11% for outage hours per customer,16015,54789,123756,0.76,0.856,380700,6.9,0.426,20.41,26.1,63.6,79.49,91.39,68.68,19.17,32.14,86.5,64.83,82.49,12,17.5
77059,29.614,-95.119,48201,Harris County,yes,yes,yes,CENTERPOINT ENERGY HOUSTON ELECTRIC LLC,Wires company (TDU),base_tdsp,ERCOT,13.0,,,,67.1,46.966,76.717,84.412,Top 1% for home size; Top 2% for household income; Top 9% for homeownership,6799,18767,161944,0.942,0.959,416700,7.9,0.183,15.94,5.5,64.163,88.8,93.66,56.53,22.5,31.81,75.09,77.69,91.86,14,11.1
77430,29.26,-95.668,48039,Brazoria County,yes,yes,yes,CENTERPOINT ENERGY HOUSTON ELECTRIC LLC,Wires company (TDU),base_tdsp,ERCOT,13.0,,,,67.1,59.816,68.078,75.951,Top 10% for new-home growth; Top 23% for homeownership; Top 24% for home size,528,1664,85364,0.852,0.826,309600,5.8,0.586,14.34,26.6,67.087,85.59,93.55,69.76,23.67,52.27,65.7,76.12,88.54,16,26.6
75117,32.715,-95.854,48467,Van Zandt County,yes,yes,yes,ONCOR ELECTRIC DELIVERY COMPANY,Wires company (TDU),base_tdsp,ERCOT,13.6,,"Farmers Electric Coop, Inc - (TX)",,66.8,84.357,55.386,54.929,Top 8% for major outage days; Top 12% for severe-weather risk (FEMA); Top 14% for outage hours per customer,1566,5109,90954,0.797,0.837,250000,5.3,0.729,16.14,52.4,80.386,54.16,58.25,88.57,70.92,93.72,85.43,82.5,83.31,9,2.2
75752,32.252,-95.8,48213,Henderson County,yes,yes,yes,ONCOR ELECTRIC DELIVERY COMPANY,Wires company (TDU),base_tdsp,ERCOT,12.6,,Trinity Valley Elec Coop Inc,,66.8,73.421,67.684,57.133,Top 13% for all-electric heating; Top 15% for severe-weather risk (FEMA); Top 17% for homeownership,2107,7536,70223,0.885,0.727,232900,5.6,0.848,8.89,31.8,79.249,64.3,57.85,85.4,66.11,87.41,95.75,75.12,87.1,11,9.2
76632,31.307,-97.066,48145,Falls County,yes,yes,yes,ONCOR ELECTRIC DELIVERY COMPANY,Wires company (TDU),base_tdsp,ERCOT,12.6,,Heart of Texas Electric Coop,,66.7,71.816,67.656,58.77,Top 6% for outage hours per customer; Top 8% for home size; Top 13% for major outage days,353,1350,76193,0.805,0.681,156700,6.4,0.725,23.19,42.1,65.581,33.36,70.01,45.58,66.3,64.35,69,60.2,83.63,19,0.8
77433,29.945,-95.741,48201,Harris County,yes,yes,yes,CENTERPOINT ENERGY HOUSTON ELECTRIC LLC,Wires company (TDU),base_tdsp,ERCOT,13.0,,,,66.7,56.96,76.701,69.6,Top 3% for home size; Top 3% for household income; Top 12% for home value,36533,116550,143934,0.815,0.882,409400,7.2,0.318,15.94,5.5,71.746,86.49,93.88,63.66,26.15,51.39,83.71,85.7,97.73,9,11.1
78357,27.836,-98.629,48131,Duval County,yes,yes,yes,AEP TEXAS CENTRAL,Wires company (TDU),base_tdsp,ERCOT,12.1,,"Medina Electric Coop, Inc; Nueces Electric Cooperative",,66.7,87.57,49.399,56.009,Top 3% for all-electric heating; Top 8% for major outage days; Top 9% for outage hours per customer,764,2624,68000,0.758,0.839,137500,5.3,0.975,21.18,52.4,76.014,90.12,82.62,85.97,43.13,64.42,99.84,92.94,63.18,20,
76071,33.001,-97.444,48497,Wise County,yes,yes,yes,ONCOR ELECTRIC DELIVERY COMPANY,Wires company (TDU),base_tdsp,ERCOT,12.6,,Wise Electric Coop Inc,,66.5,59.198,81.231,61.65,Top 14% for all-electric heating; Top 16% for household income; Top 19% for major outage days,1432,5159,101989,0.799,0.722,334200,5.9,0.842,7.28,33.2,68.174,58.91,36.82,84.77,43.76,74.06,65.87,89.42,82.52,8,8.8
76073,33.096,-97.721,48497,Wise County,yes,yes,yes,ONCOR ELECTRIC DELIVERY COMPANY,Wires company (TDU),base_tdsp,ERCOT,12.6,,Wise Electric Coop Inc,,66.5,49.798,81.307,73.912,Top 14% for home size; Top 16% for homeownership; Top 16% for household income,2017,7648,101563,0.891,0.686,336000,6.1,0.755,7.28,33.2,62.751,50.66,37.58,71.31,40.48,67.55,62.25,85.86,74.23,13,8.8
76578,30.535,-97.237,48491,Williamson County,yes,yes,yes,ONCOR ELECTRIC DELIVERY COMPANY,Wires company (TDU),base_tdsp,ERCOT,12.6,,"Bartlett Electric Coop, Inc; Bluebonnet Electric Coop, Inc; Heart of Texas Electric Coop",,66.5,51.806,73.851,78.623,Top 9% for new-home growth; Top 13% for household income; Top 17% for all-electric heating,539,1762,105063,0.865,0.796,341300,5.6,0.823,6.41,9.9,70.519,74.42,77.07,46.73,90.11,54.84,87.54,61.76,75.58,13,27.6
76085,32.861,-97.692,48367,Parker County,yes,yes,yes,ONCOR ELECTRIC DELIVERY COMPANY,Wires company (TDU),base_tdsp,ERCOT,12.6,,Weatherford Mun Utility System,,66.4,46.221,88.49,71.233,Top 7% for all-electric heating; Top 12% for home size; Top 14% for household income,3878,12357,104531,0.867,0.816,381900,6.2,0.901,6.86,17.1,62.054,62.38,37.01,62.77,37.16,35.92,81.19,83.52,96.81,12,8.4
76687,31.373,-96.495,48293,Limestone County,yes,yes,yes,ONCOR ELECTRIC DELIVERY COMPANY,Wires company (TDU),base_tdsp,ERCOT,12.6,,"Navasota Valley Elec Coop, Inc; Heart of Texas Electric Coop; Entergy Texas Inc.",,66.4,82.442,57.207,54.334,Top 1% for outage hours per customer; Top 6% for major outage days; Top 21% for severe-weather risk (FEMA),560,1830,73323,0.835,0.797,254500,5.5,0.59,31.36,57,76.47,74.76,81.35,81.77,66.73,77.8,94.23,56.98,76.43,13,1.9
75127,32.69,-95.79,48467,Van Zandt County,yes,yes,yes,ONCOR ELECTRIC DELIVERY COMPANY,Wires company (TDU),base_tdsp,ERCOT,12.6,,,,66.3,88.443,47.213,56.015,Top 6% for long-term owners; Top 7% for severe-weather risk (FEMA); Top 8% for major outage days,462,1576,60366,0.875,0.763,216800,5.1,0.806,16.14,52.4,83.096,77.61,64.41,88.73,72.26,95.48,89.73,85.37,85.69,23,2.2
75770,32.159,-95.644,48213,Henderson County,yes,yes,yes,ONCOR ELECTRIC DELIVERY COMPANY,Wires company (TDU),base_tdsp,ERCOT,12.6,,,,66.2,62.188,65.639,72.254,Top 10% for homeownership; Top 20% for major outage days,735,2523,83542,0.924,0.758,239200,5.7,0.699,8.89,31.8,71.04,47.45,54.25,76,53.45,78.36,94.9,62.83,77.49,14,9.2
77357,30.159,-95.188,48339,Montgomery County,yes,yes,yes,CENTERPOINT ENERGY HOUSTON ELECTRIC LLC,Wires company (TDU),base_tdsp,ERCOT,13.0,,Mid-South Electric Coop Assn; Entergy Texas Inc.,,66.2,76.424,63.662,54.976,Top 1% for new-home growth; Top 7% for outage hours per customer,8255,37592,76050,0.739,0.571,246200,5.6,0.694,22.46,27,72.391,71.17,81.17,73.46,44.82,57.7,82.8,72.12,94.67,10,47.8
75109,32.043,-96.344,48349,Navarro County,yes,yes,yes,ONCOR ELECTRIC DELIVERY COMPANY,Wires company (TDU),base_tdsp,ERCOT,12.6,,,,66.1,57.648,72.31,71.069,Top 2% for severe-weather risk (FEMA); Top 8% for new-home growth; Top 15% for homeownership,1471,5344,88074,0.896,0.716,258400,5.7,0.824,3.88,10.2,88.069,91,61.91,93.97,77.01,97.41,94.83,91.75,99.6,10,28.8
76655,31.401,-97.183,48309,McLennan County,yes,yes,yes,ONCOR ELECTRIC DELIVERY COMPANY,Wires company (TDU),base_tdsp,ERCOT,12.6,,Heart of Texas Electric Coop,,66.0,49.752,84.553,69.109,Top 12% for home size; Top 13% for all-electric heating; Top 17% for household income,3470,10603,99917,0.851,0.862,313100,6.2,0.852,7.15,15.2,65.387,53.13,67.64,46.07,42.99,46.89,82.55,78.72,92.85,12,8.6
75490,33.438,-96.308,48147,Fannin County,yes,yes,yes,TEXAS-NEW MEXICO POWER COMPANY,Wires company (TDU),base_tdsp,ERCOT,15.1,,"Grayson-Collin Elec Coop, Inc",,65.7,60.256,73.383,65.436,Top 9% for severe-weather risk (FEMA); Top 15% for homeownership; Top 16% for home value,1055,3196,92500,0.895,0.859,361500,5.9,0.603,7.15,19,81.591,83.09,49.68,97.38,59.95,90.71,80.68,95.09,97.65,10,5.7
77578,29.485,-95.362,48039,Brazoria County,yes,yes,yes,CENTERPOINT ENERGY HOUSTON ELECTRIC LLC,Wires company (TDU),base_tdsp,ERCOT,13.0,,,,65.7,51.769,75.682,74.242,Top 4% for household income; Top 5% for home size; Top 10% for new-home growth,9655,30210,134016,0.831,0.858,377900,6.7,0.389,14.34,26.6,63.507,74.76,90.76,72.83,21.35,43.53,59.75,69.87,86.46,9,26.6
77389,30.123,-95.517,48201,Harris County,yes,yes,yes,CENTERPOINT ENERGY HOUSTON ELECTRIC LLC,Wires company (TDU),base_tdsp,ERCOT,13.0,,Mid-South Electric Coop Assn; Entergy Texas Inc.,,65.6,56.798,78.618,64.294,Top 2% for home size; Top 4% for household income; Top 11% for home value,13218,45701,140683,0.752,0.779,417500,7.5,0.401,15.94,5.5,70.889,87.09,93.38,64.94,25.1,48.53,82.46,84.64,97.17,9,11.1
75447,33.777,-96.109,48147,Fannin County,yes,yes,yes,ONCOR ELECTRIC DELIVERY COMPANY,Wires company (TDU),base_tdsp,ERCOT,12.6,,Fannin County Electric Coop,,65.5,58.25,67.285,73.216,Top 6% for severe-weather risk (FEMA); Top 6% for homeownership; Top 8% for home size,329,1028,110391,0.991,0.833,234300,6.4,0.468,7.15,19,83.541,94.45,51.75,98.68,64.42,90.51,84.98,95.94,98.51,11,5.7
75789,32.11,-95.094,48073,Cherokee County,yes,yes,yes,ONCOR ELECTRIC DELIVERY COMPANY,Wires company (TDU),base_tdsp,ERCOT,12.6,,Cherokee County Elec Coop Assn - (TX); Southwestern Electric Power Co,,65.5,76.346,54.661,61.713,Top 13% for major outage days; Top 16% for severe-weather risk (FEMA); Top 25% for homeownership,2679,9095,83131,0.847,0.766,202000,5.5,0.663,14.52,41.9,78.464,55.95,68.01,84.33,77.5,88.46,84.14,85.28,61.53,14,1.5
75433,33.098,-95.803,48223,Hopkins County,yes,yes,yes,ONCOR ELECTRIC DELIVERY COMPANY,Wires company (TDU),base_tdsp,ERCOT,12.6,,,,65.4,76.405,53.737,62.384,Top 3% for severe-weather risk (FEMA); Top 22% for major outage days,1001,3359,86042,0.829,0.775,207600,5.4,0.719,9.96,29.9,87.016,87.87,57.26,98.39,72.58,97,97.21,87.47,99.2,13,4.2
75453,32.998,-95.933,48231,Hunt County,yes,yes,yes,TEXAS-NEW MEXICO POWER COMPANY,Wires company (TDU),base_tdsp,ERCOT,15.1,,"Farmers Electric Coop, Inc - (TX)",,65.4,65.798,50.592,79.758,Top 5% for severe-weather risk (FEMA); Top 10% for household income; Top 11% for homeownership,1026,3430,111406,0.917,0.778,275700,5.1,0.746,6.64,26,84.14,81.56,48.71,98.38,72.66,90.45,90.03,89.67,99.08,12,22.8
77517,29.364,-95.131,48167,Galveston County,yes,yes,yes,CENTERPOINT ENERGY HOUSTON ELECTRIC LLC,Wires company (TDU),base_tdsp,ERCOT,13.0,,,,65.3,53.813,72.672,73.171,Top 11% for outage hours per customer; Top 18% for new-home growth; Top 20% for home size,1656,5529,88567,0.844,0.779,314100,5.9,0.641,20.41,26.1,53.741,51.06,85.12,59.96,16.76,24.12,79.59,44.96,65.68,14,17.5
77401,29.705,-95.461,48201,Harris County,yes,yes,yes,CENTERPOINT ENERGY HOUSTON ELECTRIC LLC,Wires company (TDU),base_tdsp,ERCOT,13.0,,,,65.2,41.899,80.591,80.851,Top 1% for household income; Top 1% for home size; Top 1% for home value,5819,17213,243750,0.879,0.967,1036800,8.2,0.266,15.94,5.5,59.284,93.79,91.91,54.96,20.23,32.36,63.74,63.74,88.05,13,11.1
78621,30.339,-97.362,48021,Bastrop County,yes,yes,yes,ONCOR ELECTRIC DELIVERY COMPANY,Wires company (TDU),base_tdsp,ERCOT,12.6,,"Bartlett Electric Coop, Inc; Bluebonnet Electric Coop, Inc",,65.0,66.176,57.472,71.113,Top 8% for new-home growth; Top 12% for major outage days; Top 18% for household income,8363,30411,98534,0.811,0.715,320800,5.3,0.683,10.44,43.8,71.031,70.58,60.64,50.91,76.72,71.72,73.85,74.56,88.82,12,28.1
77441,29.667,-95.92,48157,Fort Bend County,yes,yes,yes,CENTERPOINT ENERGY HOUSTON ELECTRIC LLC,Wires company (TDU),base_tdsp,ERCOT,13.0,,Entergy Texas Inc.,,64.9,42.4,78.905,80.775,Top 1% for home size; Top 1% for household income; Top 4% for home value,14622,41324,184390,0.92,0.942,582000,8.1,0.198,5.55,3.2,81.534,97.16,95.82,85.17,36.49,80.34,83.74,91.58,97.6,6,35.7
75943,31.658,-94.894,48347,Nacogdoches County,yes,yes,yes,ONCOR ELECTRIC DELIVERY COMPANY,Wires company (TDU),base_tdsp,ERCOT,12.6,,,,64.8,76.121,66.568,48.026,Top 1% for severe-weather risk (FEMA); Top 17% for homeownership; Top 20% for home size,316,1144,61302,0.885,0.719,219100,5.9,0.663,12.84,22.4,92.704,94.27,90.15,93.49,91.63,99.3,81.95,93.09,99.32,13,1.3
76657,31.446,-97.38,48309,McLennan County,yes,yes,yes,ONCOR ELECTRIC DELIVERY COMPANY,Wires company (TDU),base_tdsp,ERCOT,12.6,,Heart of Texas Electric Coop,,64.8,50.548,82.255,66.355,Top 10% for home size; Top 15% for home value; Top 18% for household income,4019,12760,97634,0.819,0.895,373300,6.3,0.692,7.15,15.2,69.26,73.16,69.81,49.43,47.37,52.66,86.85,82.69,96.01,12,8.6
77493,29.853,-95.831,48201,Harris County,yes,yes,yes,CENTERPOINT ENERGY HOUSTON ELECTRIC LLC,Wires company (TDU),base_tdsp,ERCOT,13.0,,Entergy Texas Inc.,,64.8,58.399,72.719,65.378,Top 8% for household income; Top 10% for home size; Top 17% for home value,21885,71484,118464,0.796,0.896,358100,6.3,0.399,15.94,5.5,72.35,79.65,92.05,66.22,28.81,63.8,82.03,79.09,94.45,7,11.1
76035,32.562,-97.634,48367,Parker County,yes,yes,yes,ONCOR ELECTRIC DELIVERY COMPANY,Wires company (TDU),base_tdsp,ERCOT,12.6,,"Tri-County Electric Coop, Inc (TX)",,64.7,51.405,87.776,59.246,Top 6% for all-electric heating; Top 8% for household income; Top 9% for home value,713,2656,118333,0.698,0.728,438600,6,0.919,6.86,17.1,65.904,64.94,44.83,71.45,40.18,49.6,80.25,79.1,95.92,11,8.4
76642,31.503,-96.52,48293,Limestone County,yes,yes,yes,ONCOR ELECTRIC DELIVERY COMPANY,Wires company (TDU),base_tdsp,ERCOT,12.6,,"Navasota Valley Elec Coop, Inc; Heart of Texas Electric Coop",,64.7,88.146,57.548,40.639,Top 1% for outage hours per customer; Top 6% for major outage days; Top 13% for severe-weather risk (FEMA),1727,6363,62243,0.706,0.733,189000,5.6,0.687,31.36,57,80.247,83.56,79.55,84.62,65.04,82.54,98.59,68.42,82.97,16,1.9
76534,30.884,-97.378,48027,Bell County,yes,yes,yes,ONCOR ELECTRIC DELIVERY COMPANY,Wires company (TDU),base_tdsp,ERCOT,12.6,,"Bartlett Electric Coop, Inc; Heart of Texas Electric Coop; Entergy Texas Inc.",,64.6,60.171,67.892,67.317,Top 19% for new-home growth; Top 24% for home size; Top 25% for all-electric heating,750,2675,80536,0.816,0.729,210100,5.8,0.78,8.1,11.4,74.05,73.77,71.92,45.38,86.34,63.2,82.74,74.26,94.51,14,17.1
75473,33.816,-95.488,48277,Lamar County,yes,yes,yes,ONCOR ELECTRIC DELIVERY COMPANY,Wires company (TDU),base_tdsp,ERCOT,12.6,,Lamar County Elec Coop Assn,,64.5,54.279,74.568,68.016,Top 3% for severe-weather risk (FEMA); Top 7% for home size; Top 14% for household income,1225,3674,103793,0.886,0.867,234200,6.5,0.663,3.79,16.1,86.989,88.96,52.04,99.48,85.89,83.44,96.41,92.06,99.6,12,2.1
76519,31.021,-97.121,48331,Milam County,yes,yes,yes,ONCOR ELECTRIC DELIVERY COMPANY,Wires company (TDU),base_tdsp,ERCOT,12.6,,"Bartlett Electric Coop, Inc; Heart of Texas Electric Coop; Entergy Texas Inc.",,64.5,65.799,56.306,70.853,Top 18% for long-term owners; Top 20% for home size; Top 23% for household income,251,782,90682,0.837,0.967,209800,5.9,0.29,15.2,29.8,75.104,73.84,80.1,53.96,75.77,70.58,84.05,67.97,93.3,18,4.9
78934,29.693,-96.558,48089,Colorado County,yes,yes,yes,AEP TEXAS CENTRAL,Wires company (TDU),base_tdsp,ERCOT,12.05,,"Fayette Electric Coop, Inc; San Bernard Electric Coop, Inc; Wharton County Elec Coop, Inc",,64.5,79.593,65.504,43.462,Top 1% for major outage days; Top 3% for severe-weather risk (FEMA); Top 24% for home size,1993,6731,58302,0.77,0.786,234500,5.8,0.652,12.24,84.2,87.019,91.97,94.55,83.75,68.27,90.07,96.99,81.66,93.84,16,3.8
75173,33.062,-96.396,48085,Collin County,yes,yes,yes,ONCOR ELECTRIC DELIVERY COMPANY,Wires company (TDU),base_tdsp,ERCOT,12.6,,"Grayson-Collin Elec Coop, Inc",,64.4,39.839,85.941,75.448,Top 7% for new-home growth; Top 9% for homeownership; Top 12% for home size,3190,10664,101988,0.945,0.778,355900,6.2,0.833,5.38,5.6,64.223,89.96,39.44,60.41,56.41,44.86,69.02,79.47,99.95,8,29.1
76630,31.341,-97.211,48309,McLennan County,yes,yes,yes,ONCOR ELECTRIC DELIVERY COMPANY,Wires company (TDU),base_tdsp,ERCOT,12.6,,Heart of Texas Electric Coop,,64.4,52.505,77.794,66.856,Top 13% for all-electric heating; Top 20% for home size; Top 21% for homeownership,483,1589,83950,0.861,0.791,263700,5.9,0.848,7.15,15.2,67.559,59.1,68.97,49.49,42.98,46.99,85.93,83.31,95.24,13,8.6
77345,30.053,-95.158,48201,Harris County,yes,yes,yes,CENTERPOINT ENERGY HOUSTON ELECTRIC LLC,Wires company (TDU),base_tdsp,ERCOT,13.0,,,,64.4,44.16,77.048,78.686,Top 1% for home size; Top 3% for household income; Top 13% for home value,9234,27917,150742,0.86,0.874,393600,8.2,0.286,15.94,5.5,61.389,80.59,91.04,52.17,20.87,32.59,69.92,71.47,91.66,13,11.1
77377,30.062,-95.681,48201,Harris County,yes,yes,yes,CENTERPOINT ENERGY HOUSTON ELECTRIC LLC,Wires company (TDU),base_tdsp,ERCOT,13.0,,Mid-South Electric Coop Assn; Entergy Texas Inc.,,64.4,50.13,76.001,71.684,Top 3% for home size; Top 5% for household income; Top 14% for home value,13321,41680,129327,0.843,0.831,378200,7.1,0.352,15.94,5.5,65.879,81.97,92.94,58.63,22.56,42.87,73.91,75.66,94.58,10,11.1
79525,32.63,-99.831,48253,Jones County,yes,yes,yes,AEP TEXAS NORTH,Wires company (TDU),base_tdsp,ERCOT,12.7,,"Big Country Electric Coop, Inc",,64.4,70.382,57.336,63.516,Top 8% for homeownership; Top 23% for household income,830,3121,89875,0.956,0.692,153300,5.7,0.735,13.34,26.9,73.569,90.12,48.29,63.76,90.59,95.6,48.82,79.03,88.89,12,0.1
77435,29.516,-96.121,48481,Wharton County,yes,yes,yes,CENTERPOINT ENERGY HOUSTON ELECTRIC LLC,Wires company (TDU),base_tdsp,ERCOT,13.0,,,,64.3,71.63,61.74,57.187,Top 2% for major outage days; Top 5% for severe-weather risk (FEMA); Top 17% for home value,1595,4812,68778,0.862,0.873,356000,5.6,0.464,9.53,74.1,84.686,96.15,97.3,76.36,61.14,85.08,96.12,86.91,89.89,13,8.2
75154,32.524,-96.809,48139,Ellis County,yes,yes,yes,ONCOR ELECTRIC DELIVERY COMPANY,Wires company (TDU),base_tdsp,ERCOT,12.6,,,,64.2,43.854,82.248,73.12,Top 4% for new-home growth; Top 10% for home size; Top 17% for household income,16603,52516,100388,0.822,0.844,345500,6.3,0.721,7.79,23.2,59.7,51.76,38.83,47.85,52.25,41.99,83.01,80.48,73.49,12,35.9
75491,33.486,-96.396,48181,Grayson County,yes,yes,yes,TEXAS-NEW MEXICO POWER COMPANY,Wires company (TDU),base_tdsp,ERCOT,15.1,,"Grayson-Collin Elec Coop, Inc",,64.2,58.116,70.057,66.351,Top 12% for new-home growth; Top 16% for home size; Top 22% for severe-weather risk (FEMA),1475,5471,79386,0.818,0.701,247300,6,0.63,7.16,22.5,76.056,68.85,50.02,93.34,55.38,72.84,78.16,90.17,92.48,13,23.5
75497,32.925,-95.568,48499,Wood County,yes,yes,yes,ONCOR ELECTRIC DELIVERY COMPANY,Wires company (TDU),base_tdsp,ERCOT,12.6,,"Farmers Electric Coop, Inc - (TX); Wood County Electric Coop, Inc; Southwestern Electric Power Co",,64.2,87.474,59.602,37.855,Top 3% for major outage days; Top 8% for outage hours per customer; Top 15% for severe-weather risk (FEMA),1116,3669,56205,0.823,0.791,212800,5.5,0.768,21.45,65.8,79.146,62.76,56.97,98.43,77.15,94.3,83.65,82.49,61.03,11,2.1
77485,29.633,-96.055,48015,Austin County,yes,yes,yes,CENTERPOINT ENERGY HOUSTON ELECTRIC LLC,Wires company (TDU),base_tdsp,ERCOT,13.0,,,,64.2,73.112,69.484,47.117,Top 1% for major outage days; Top 11% for new-home growth; Top 20% for home size,1138,4378,51742,0.778,0.676,224700,5.9,0.725,14.74,84.2,70.55,83.31,84.61,71.05,25.32,80.83,73.5,72.43,86.11,15,24.9
75762,32.218,-95.413,48423,Smith County,yes,yes,yes,ONCOR ELECTRIC DELIVERY COMPANY,Wires company (TDU),base_tdsp,ERCOT,12.6,,,,64.1,56.885,73.852,63.943,Top 16% for home size; Top 23% for homeownership; Top 23% for household income,5158,15704,90057,0.854,0.876,299500,6,0.646,12.99,17.2,66.891,35.19,56.56,72.81,69.33,73.58,78.65,86.65,30.66,11,7.1
76078,33.093,-97.463,48497,Wise County,yes,yes,yes,ONCOR ELECTRIC DELIVERY COMPANY,Wires company (TDU),base_tdsp,ERCOT,12.6,,"Denton County Elec Coop, Inc; Tri-County Electric Coop, Inc (TX); Wise Electric Coop Inc",,64.1,50.693,80.857,65.351,Top 14% for home size; Top 17% for household income; Top 19% for major outage days,2702,10828,99866,0.836,0.649,309600,6.1,0.78,7.28,33.2,62.986,39.75,36.31,80.2,37.21,68.74,59.31,85.2,73.93,10,8.8
78370,27.949,-97.599,48409,San Patricio County,yes,yes,yes,AEP TEXAS CENTRAL,Wires company (TDU),base_tdsp,ERCOT,12.05,,San Patricio Electric Coop Inc,,64.1,72.978,60.823,55.577,Top 19% for severe-weather risk (FEMA); Top 21% for all-electric heating; Top 22% for major outage days,1661,5353,69570,0.807,0.81,176700,5.6,0.797,9.9,30,77.251,90.85,96.06,59.8,49.65,75.12,95.3,85.69,79.14,12,14.8
75169,32.703,-95.995,48467,Van Zandt County,yes,yes,yes,ONCOR ELECTRIC DELIVERY COMPANY,Wires company (TDU),base_tdsp,ERCOT,12.6,,"Farmers Electric Coop, Inc - (TX)",,63.9,85.165,48.82,50.464,Top 8% for major outage days; Top 14% for outage hours per customer; Top 16% for severe-weather risk (FEMA),4038,16029,74350,0.815,0.655,194500,5.2,0.81,16.14,52.4,78.367,57.68,55.57,81.02,67.46,90.26,85.93,84.31,84.02,11,2.2
75803,31.882,-95.679,48001,Anderson County,yes,yes,yes,ONCOR ELECTRIC DELIVERY COMPANY,Wires company (TDU),base_tdsp,ERCOT,12.6,,Houston County Elec Coop Inc; Trinity Valley Elec Coop Inc; Entergy Texas Inc.,,63.9,82.415,61.645,41.473,Top 2% for severe-weather risk (FEMA); Top 16% for major outage days,5668,21770,61794,0.754,0.677,200600,5.6,0.768,13.62,35.1,87.336,81.28,74.04,93,79.75,95.1,91.37,80.01,98.08,15,1.2
76088,32.851,-97.903,48367,Parker County,yes,yes,yes,ONCOR ELECTRIC DELIVERY COMPANY,Wires company (TDU),base_tdsp,ERCOT,12.6,,"Weatherford Mun Utility System; Tri-County Electric Coop, Inc (TX)",,63.9,46.418,82.715,68.486,Top 12% for home value; Top 14% for household income; Top 16% for home size,4686,15290,104038,0.85,0.797,408700,6,0.764,6.86,17.1,64.481,69.94,42.63,61.89,45.72,41.12,80.54,82.07,97.4,11,8.4
77474,29.78,-96.181,48015,Austin County,yes,yes,yes,CENTERPOINT ENERGY HOUSTON ELECTRIC LLC,Wires company (TDU),base_tdsp,ERCOT,13.0,,"San Bernard Electric Coop, Inc; Entergy Texas Inc.",,63.9,69.794,56.105,63.673,Top 1% for major outage days; Top 11% for new-home growth; Top 24% for outage hours per customer,3862,15146,75272,0.791,0.663,287600,5.4,0.595,14.74,84.2,70.983,66.28,78.75,69.52,26.07,88.33,76.81,68.7,88.7,14,24.9
75486,33.745,-95.744,48277,Lamar County,yes,yes,yes,ONCOR ELECTRIC DELIVERY COMPANY,Wires company (TDU),base_tdsp,ERCOT,12.6,,Fannin County Electric Coop,,63.8,52.067,69.412,73.901,Top 1% for severe-weather risk (FEMA); Top 4% for home size; Top 7% for homeownership,837,2774,92460,0.968,0.785,208400,7,0.558,3.79,16.1,90.897,96.72,57.62,99.87,94.47,92.08,97.96,94.4,99.88,16,2.1
75771,32.538,-95.436,48423,Smith County,yes,yes,yes,ONCOR ELECTRIC DELIVERY COMPANY,Wires company (TDU),base_tdsp,ERCOT,12.6,,Southwestern Electric Power Co,,63.7,62.379,71.005,58.202,Top 20% for household income; Top 22% for all-electric heating,6379,21238,93462,0.783,0.781,301600,5.6,0.796,12.99,17.2,67.757,30.12,54.94,76.57,69.25,75.51,78.74,86.03,33.26,10,7.1
76008,32.696,-97.63,48367,Parker County,yes,yes,yes,ONCOR ELECTRIC DELIVERY COMPANY,Wires company (TDU),base_tdsp,ERCOT,12.6,,,,63.7,36.646,87.429,75.933,Top 1% for household income; Top 2% for home size; Top 7% for home value,8885,25165,168314,0.918,0.971,493200,7.4,0.661,6.86,17.1,58.07,51.43,39.6,61.45,35.29,27.93,72.91,76.06,93.25,10,8.4
76234,33.276,-97.514,48497,Wise County,yes,yes,yes,ONCOR ELECTRIC DELIVERY COMPANY,Wires company (TDU),base_tdsp,ERCOT,12.6,,"Cooke County Elec Coop Assn; Denton County Elec Coop, Inc; Tri-County Electric Coop, Inc (TX); Wise Electric Coop Inc",,63.7,50.893,81.211,63.174,Top 16% for home size; Top 19% for home value; Top 19% for major outage days,6499,21418,93727,0.789,0.799,344700,6,0.78,7.28,33.2,63.119,46.05,39.1,77.23,40.86,68.3,58.17,82.99,75.18,12,8.8
77573,29.504,-95.087,48167,Galveston County,yes,yes,yes,CENTERPOINT ENERGY HOUSTON ELECTRIC LLC,Wires company (TDU),base_tdsp,ERCOT,13.8,,,,63.7,51.161,75.783,68.416,Top 5% for home size; Top 7% for household income; Top 11% for outage hours per customer,28602,98109,122722,0.758,0.797,367500,6.7,0.412,20.41,26.1,57.246,53.92,86.41,66.09,16.63,23.45,92.31,48.82,67.01,11,17.5
78390,27.997,-97.327,48409,San Patricio County,yes,yes,yes,AEP TEXAS CENTRAL,Wires company (TDU),base_tdsp,ERCOT,12.05,,San Patricio Electric Coop Inc,,63.6,70.989,55.595,61.728,Top 14% for severe-weather risk (FEMA); Top 22% for major outage days; Top 22% for new-home growth,1734,6013,78367,0.75,0.792,135700,5.8,0.667,9.9,30,79.499,94.53,98.52,57.54,54.48,79.52,96.19,86.5,83.74,15,14.8
77429,29.996,-95.665,48201,Harris County,yes,yes,yes,CENTERPOINT ENERGY HOUSTON ELECTRIC LLC,Wires company (TDU),base_tdsp,ERCOT,13.0,,,,63.4,49.351,75.911,69.601,Top 2% for home size; Top 8% for household income; Top 15% for home value,30085,96334,119191,0.812,0.851,369000,7.3,0.329,15.94,5.5,65.496,82.83,91.58,54.17,22.82,41.56,76.14,77.99,94.21,11,11.1
79124,35.267,-101.958,48375,Potter County,yes,yes,yes,ONCOR ELECTRIC DELIVERY COMPANY,Wires company (TDU),base_tdsp,ERCOT,12.6,,Southwestern Public Service Co,,63.4,46.871,73.939,74.947,Top 7% for home size; Top 10% for household income; Top 14% for homeownership,3901,12019,112541,0.901,0.844,362300,6.5,0.369,6.68,20.4,71.989,93.84,0,77.24,99.67,95.18,89.88,44.15,97.8,10,13.6
75652,32.239,-94.728,48401,Rusk County,yes,yes,yes,ONCOR ELECTRIC DELIVERY COMPANY,Wires company (TDU),base_tdsp,ERCOT,12.6,,"Rusk County Electric Coop, Inc; Southwestern Electric Power Co",,63.3,82.96,55.98,44.385,Top 9% for outage hours per customer; Top 10% for major outage days; Top 15% for severe-weather risk (FEMA),4210,15290,69250,0.716,0.786,182000,5.6,0.662,20.88,45.8,79.213,44.32,69.97,85.28,72.1,96.62,70.87,84.01,75.64,17,0.3
75763,32.043,-95.523,48001,Anderson County,yes,yes,yes,ONCOR ELECTRIC DELIVERY COMPANY,Wires company (TDU),base_tdsp,ERCOT,12.6,,,,63.3,80.581,53.854,49.847,Top 13% for severe-weather risk (FEMA); Top 14% for all-electric heating; Top 16% for major outage days,1610,6259,69756,0.878,0.669,163200,5.4,0.842,13.62,35.1,79.891,67.2,63.03,86.05,66.27,89.4,90.69,72.17,91.63,11,1.2
77465,28.763,-96.23,48321,Matagorda County,yes,yes,yes,AEP TEXAS CENTRAL,Wires company (TDU),base_tdsp,ERCOT,12.05,,"Jackson Electric Coop, Inc - (TX); Victoria Electric Coop, Inc; Wharton County Elec Coop, Inc",,63.3,70.796,56.88,59.772,Top 11% for outage hours per customer; Top 18% for major outage days; Top 23% for homeownership,2478,7681,64666,0.854,0.839,177200,5.8,0.568,18.96,33.8,70.69,94.17,98.91,71.96,33.39,54.43,84.33,84.66,67.15,16,11.1
79735,30.754,-102.805,48371,Pecos County,yes,yes,yes,TEXAS-NEW MEXICO POWER COMPANY,Wires company (TDU),base_tdsp,ERCOT,15.1,,"Rio Grande Electric Coop, Inc; Southwest Texas Elec Coop, Inc",,63.3,75.84,59.413,50.305,Top 8% for outage hours per customer; Top 13% for major outage days; Top 20% for home size,3503,13357,78935,0.708,0.682,174500,5.9,0.584,21.39,41.8,73.519,81.14,47.39,85.81,93.47,90.53,53.99,87.16,56.28,15,1.4
77865,31.236,-96.229,48289,Leon County,yes,yes,yes,ONCOR ELECTRIC DELIVERY COMPANY,Wires company (TDU),base_tdsp,ERCOT,12.6,,"Navasota Valley Elec Coop, Inc; Heart of Texas Electric Coop; Entergy Texas Inc.",,63.1,84.802,45.184,52.039,Top 2% for outage hours per customer; Top 4% for major outage days; Top 17% for severe-weather risk (FEMA),335,1510,67114,0.856,0.577,187100,5.3,0.633,27.83,62.2,77.96,79.31,82.55,70.21,67.12,86.46,98.32,57.58,83.48,16,0
76028,32.533,-97.307,48251,Johnson County,yes,yes,yes,ONCOR ELECTRIC DELIVERY COMPANY,Wires company (TDU),base_tdsp,ERCOT,12.6,,,,63.0,49.622,75.642,68.327,Top 11% for new-home growth; Top 16% for household income; Top 18% for all-electric heating,24245,81549,101138,0.773,0.838,327100,5.7,0.82,5.73,17.9,67.526,66.32,42.93,72.18,41.21,60.48,76.72,83.16,96,12,23.7
76041,32.238,-96.842,48139,Ellis County,yes,yes,yes,ONCOR ELECTRIC DELIVERY COMPANY,Wires company (TDU),base_tdsp,ERCOT,12.6,,,,63.0,41.112,72.094,83.182,Top 3% for homeownership; Top 4% for new-home growth; Top 5% for household income,280,755,131250,1,0.967,173200,6,0.905,7.79,23.2,46.56,28.42,47.16,23.13,42.09,30.43,67.91,56.89,58.31,10,35.9
76621,31.882,-97.085,48217,Hill County,yes,yes,yes,ONCOR ELECTRIC DELIVERY COMPANY,Wires company (TDU),base_tdsp,ERCOT,12.6,,Heart of Texas Electric Coop,,63.0,57.678,64.387,68.826,Top 16% for home size; Top 17% for homeownership; Top 24% for long-term owners,374,1104,81932,0.881,0.935,241300,6,0.484,8.54,28,73.649,71.21,64.03,84.12,31.23,75.16,97.39,71.31,92.3,17,4.5
76624,31.661,-96.955,48309,McLennan County,yes,yes,yes,ONCOR ELECTRIC DELIVERY COMPANY,Wires company (TDU),base_tdsp,ERCOT,12.6,,Heart of Texas Electric Coop,,63.0,52.105,66.671,73.989,Top 9% for long-term owners; Top 15% for homeownership; Top 20% for home size,643,2660,79625,0.897,0.629,188300,5.9,0.742,7.15,15.2,69.353,67.29,74.1,50.2,45.07,57.33,87.59,77.87,93.31,21,8.6
76476,32.363,-97.924,48221,Hood County,yes,yes,yes,TEXAS-NEW MEXICO POWER COMPANY,Wires company (TDU),base_tdsp,ERCOT,15.1,,United Electric Coop Service Inc - (TX),,62.9,56.991,71.72,61.858,Top 15% for severe-weather risk (FEMA); Top 16% for all-electric heating,1305,4144,81364,0.825,0.819,249600,5.7,0.83,4.44,18.4,79.106,82.89,53.29,90.52,51.55,80.57,93.92,85.23,98.66,14,4.7
76567,30.65,-97.006,48331,Milam County,yes,yes,yes,ONCOR ELECTRIC DELIVERY COMPANY,Wires company (TDU),base_tdsp,ERCOT,12.6,,"Bartlett Electric Coop, Inc; Bluebonnet Electric Coop, Inc; Heart of Texas Electric Coop; Entergy Texas Inc.",,62.9,78.475,60.699,44.225,Top 11% for severe-weather risk (FEMA); Top 23% for major outage days; Top 23% for outage hours per customer,2629,9032,69983,0.757,0.787,218700,5.6,0.697,15.2,29.8,80.854,76.84,82.09,66.62,77.92,78.95,91.45,75.72,93.23,11,4.9
75861,31.852,-95.888,48001,Anderson County,yes,yes,yes,ONCOR ELECTRIC DELIVERY COMPANY,Wires company (TDU),base_tdsp,ERCOT,12.6,,Trinity Valley Elec Coop Inc,,62.8,85.076,70.327,25.536,Top 1% for severe-weather risk (FEMA); Top 14% for all-electric heating; Top 16% for major outage days,277,1381,54224,0.676,0.523,214000,5.8,0.838,13.62,35.1,91.579,96.17,79.93,96.02,88.78,97.9,94.44,84.45,99.53,12,1.2
77447,30.048,-95.834,48201,Harris County,yes,yes,yes,CENTERPOINT ENERGY HOUSTON ELECTRIC LLC,Wires company (TDU),base_tdsp,ERCOT,13.0,,Mid-South Electric Coop Assn; Entergy Texas Inc.,,62.8,48.989,73.659,70.247,Top 9% for household income; Top 12% for home size; Top 19% for outage hours per customer,8345,25231,116925,0.86,0.902,326400,6.2,0.541,15.94,5.5,62.609,59.29,86.52,53.5,23.02,49.66,71.35,66,88.21,8,11.1
78374,27.892,-97.384,48409,San Patricio County,yes,yes,yes,AEP TEXAS CENTRAL,Wires company (TDU),base_tdsp,ERCOT,12.05,,,,62.8,71.826,61.553,52.154,Top 19% for severe-weather risk (FEMA); Top 22% for major outage days; Top 22% for new-home growth,4921,20408,83504,0.627,0.721,233800,5.5,0.757,9.9,30,77.129,85.8,97.13,56.03,53.65,71.56,95.17,86.96,79.4,12,14.8
77442,29.422,-96.506,48089,Colorado County,yes,yes,yes,AEP TEXAS CENTRAL,Wires company (TDU),base_tdsp,ERCOT,12.05,,"Guadalupe Valley Elec Coop Inc; Jackson Electric Coop, Inc - (TX); San Bernard Electric Coop, Inc; Wharton County Elec Coop, Inc",,62.7,68.955,60.965,56.164,Top 1% for major outage days; Top 20% for homeownership,374,1123,70859,0.866,0.867,237100,5.6,0.654,12.24,84.2,71.454,84.3,92.06,63.74,47.99,74.06,89.21,57.38,75.74,13,3.8
76664,31.561,-96.803,48293,Limestone County,yes,yes,yes,ONCOR ELECTRIC DELIVERY COMPANY,Wires company (TDU),base_tdsp,ERCOT,12.6,,Heart of Texas Electric Coop,,62.6,78.988,55.432,47.851,Top 1% for outage hours per customer; Top 6% for major outage days,927,3231,74618,0.746,0.784,168900,5.6,0.686,31.36,57,69.889,65.42,72.4,62.75,50.43,66.47,90.54,64.29,82.34,13,1.9
75189,32.942,-96.312,48397,Rockwall County,yes,yes,yes,ONCOR ELECTRIC DELIVERY COMPANY,Wires company (TDU),base_tdsp,ERCOT,12.6,,"Grayson-Collin Elec Coop, Inc",,62.5,36.748,82.814,76.612,Top 3% for new-home growth; Top 8% for home size; Top 9% for household income,16590,48739,117125,0.885,0.886,356600,6.4,0.703,4.53,13.8,64.371,54.59,34.73,62.37,45.78,67.65,70.1,78.78,91.19,8,44.8
75791,32.222,-95.221,48423,Smith County,yes,yes,yes,ONCOR ELECTRIC DELIVERY COMPANY,Wires company (TDU),base_tdsp,ERCOT,12.6,,,,62.5,62.797,68.97,55.785,Top 22% for household income,4505,15786,92107,0.742,0.783,267000,5.7,0.723,12.99,17.2,69.749,44.48,58.17,76.05,72.45,77.73,82.43,88.2,33.21,11,7.1
77532,29.933,-95.057,48201,Harris County,yes,yes,yes,CENTERPOINT ENERGY HOUSTON ELECTRIC LLC,Wires company (TDU),base_tdsp,ERCOT,13.0,,Entergy Texas Inc.,,62.4,49.228,70.959,71.298,Top 12% for home size; Top 19% for outage hours per customer; Top 21% for homeownership,10666,33780,92201,0.861,0.821,268000,6.2,0.546,15.94,5.5,62.703,70.8,90.29,49.74,21.83,33.68,74.55,76.23,92.6,13,11.1
75134,32.618,-96.778,48113,Dallas County,yes,yes,yes,ONCOR ELECTRIC DELIVERY COMPANY,Wires company (TDU),base_tdsp,ERCOT,12.6,,,,62.2,54.401,73.793,61.113,Top 12% for home size; Top 14% for long-term owners,6174,19045,69778,0.843,0.947,235700,6.2,0.697,9.52,4.5,71.52,77.37,43.29,76.48,60.28,49.91,85.42,97.8,87.46,19,5.5
75783,32.816,-95.425,48499,Wood County,yes,yes,yes,ONCOR ELECTRIC DELIVERY COMPANY,Wires company (TDU),base_tdsp,ERCOT,12.6,,"Wood County Electric Coop, Inc; Southwestern Electric Power Co",,62.2,82.667,51.356,45.722,Top 3% for major outage days; Top 8% for outage hours per customer; Top 21% for severe-weather risk (FEMA),2281,8263,59407,0.851,0.718,200100,5.4,0.67,21.45,65.8,76.489,54.12,60.31,98.36,76.56,93.68,78.73,81.1,46.68,13,2.1
76023,33.042,-97.597,48497,Wise County,yes,yes,yes,ONCOR ELECTRIC DELIVERY COMPANY,Wires company (TDU),base_tdsp,ERCOT,12.6,,Wise Electric Coop Inc,,62.1,50.357,79.283,60.579,Top 19% for major outage days; Top 20% for home size; Top 20% for all-electric heating,1784,7534,77277,0.818,0.616,319700,5.9,0.803,7.28,33.2,62.263,44.46,35.27,75.16,37.52,66.81,60.93,85.72,74.43,13,8.8
76082,32.97,-97.734,48367,Parker County,yes,yes,yes,ONCOR ELECTRIC DELIVERY COMPANY,Wires company (TDU),base_tdsp,ERCOT,12.6,,Wise Electric Coop Inc,,62.1,47.558,77.913,65.758,Top 20% for home size; Top 21% for household income; Top 23% for homeownership,6621,24880,92485,0.852,0.692,306000,5.9,0.784,6.86,17.1,64.914,66.69,38.54,68.06,41.3,47.51,79.32,85.71,93.96,11,8.4
77005,29.718,-95.424,48201,Harris County,yes,yes,yes,CENTERPOINT ENERGY HOUSTON ELECTRIC LLC,Wires company (TDU),base_tdsp,ERCOT,13.0,,,,62.1,41.736,82.636,68.791,Top 1% for household income; Top 1% for home value; Top 2% for home size,7984,28874,229267,0.719,0.727,1395100,7.3,0.463,15.94,5.5,56.504,79.55,90.08,48.4,19.55,28.87,61.94,61.45,85.24,13,11.1
79508,32.274,-99.826,48441,Taylor County,yes,yes,yes,AEP TEXAS NORTH,Wires company (TDU),base_tdsp,ERCOT,12.7,,,,62.0,55.566,62.197,70.229,Top 5% for major outage days; Top 10% for homeownership; Top 13% for household income,326,1078,105000,0.927,0.787,210000,5.7,0.693,13.66,58.4,57.694,69.66,38.85,44.07,89.92,65.08,43.87,66.01,56.06,8,8.4
76050,32.281,-97.161,48251,Johnson County,yes,yes,yes,ONCOR ELECTRIC DELIVERY COMPANY,Wires company (TDU),base_tdsp,ERCOT,13.6,,"HILCO Electric Cooperative, Inc.",,61.9,51.888,68.104,69.047,Top 11% for new-home growth; Top 14% for all-electric heating,2148,7282,85194,0.796,0.767,273600,5.5,0.839,5.73,17.9,68.654,67.19,51.61,66.35,41.41,67.45,82.04,78.76,92.96,14,23.7
76636,32.17,-97.29,48217,Hill County,yes,yes,yes,TEXAS-NEW MEXICO POWER COMPANY,Wires company (TDU),base_tdsp,ERCOT,15.1,,"HILCO Electric Cooperative, Inc.",,61.9,69.378,56.663,57.018,Top 12% for severe-weather risk (FEMA); Top 13% for homeownership,499,1748,69018,0.905,0.743,204800,5.5,0.714,8.54,28,80.61,91.01,64.29,91.52,35.24,88.55,99.58,86.2,98.89,13,4.5
75147,32.437,-96.08,48467,Van Zandt County,yes,yes,yes,ONCOR ELECTRIC DELIVERY COMPANY,Wires company (TDU),base_tdsp,ERCOT,12.6,,,,61.8,80.996,69.187,28.943,Top 8% for major outage days; Top 14% for outage hours per customer; Top 18% for all-electric heating,2227,9177,56940,0.631,0.667,255800,5.6,0.816,16.14,52.4,73.299,59.86,52.52,62.1,65.66,80.76,84.68,85.34,82.03,13,2.2
77041,29.859,-95.581,48201,Harris County,yes,yes,yes,CENTERPOINT ENERGY HOUSTON ELECTRIC LLC,Wires company (TDU),base_tdsp,ERCOT,13.0,,,,61.8,60.297,67.97,57.792,Top 16% for home size; Top 19% for outage hours per customer,9209,33349,77083,0.718,0.815,285200,6,0.5,15.94,5.5,72.851,93.06,96.47,74.74,25.67,56.94,78.11,80.19,97.84,16,11.1
75009,33.339,-96.753,48085,Collin County,yes,yes,yes,ONCOR ELECTRIC DELIVERY COMPANY,Wires company (TDU),base_tdsp,ERCOT,12.6,,"Denton County Elec Coop, Inc; Grayson-Collin Elec Coop, Inc",,61.7,34.601,78.982,80.55,Top 2% for household income; Top 2% for home size; Top 6% for home value,12122,34260,168250,0.92,0.948,515400,7.5,0.336,5.38,5.6,69.003,92.94,42.65,70.19,62.36,51.87,73.15,82.9,99.9,8,29.1
77346,29.994,-95.177,48201,Harris County,yes,yes,yes,CENTERPOINT ENERGY HOUSTON ELECTRIC LLC,Wires company (TDU),base_tdsp,ERCOT,13.0,,,,61.7,47.355,73.359,69.242,Top 2% for home size; Top 7% for household income; Top 19% for outage hours per customer,24993,79538,122241,0.817,0.878,317800,7.3,0.306,15.94,5.5,63.837,76.5,90.96,52.66,21.94,34.92,75.1,77.24,94.04,10,11.1
75078,33.241,-96.812,48085,Collin County,yes,yes,yes,ONCOR ELECTRIC DELIVERY COMPANY,Wires company (TDU),base_tdsp,ERCOT,12.6,,"Denton County Elec Coop, Inc; Grayson-Collin Elec Coop, Inc",,61.6,33.545,81.134,79.541,Top 1% for home size; Top 1% for household income; Top 2% for home value,18268,53011,196564,0.896,0.926,732300,10,0.345,5.38,5.6,68.103,90.18,40.87,74.11,58.77,51.97,69.53,81.63,99.84,7,29.1
75114,32.611,-96.444,48257,Kaufman County,yes,yes,yes,ONCOR ELECTRIC DELIVERY COMPANY,Wires company (TDU),base_tdsp,ERCOT,12.6,,,,61.6,49.026,72.586,67.491,Top 13% for new-home growth; Top 14% for home size; Top 19% for homeownership,3036,9333,88013,0.873,0.846,293000,6.1,0.586,5.94,20.5,71.129,75.23,48.11,40.95,71.48,69.48,87.85,93.99,86.04,7,22.9
75756,32.302,-95.601,48213,Henderson County,yes,yes,yes,ONCOR ELECTRIC DELIVERY COMPANY,Wires company (TDU),base_tdsp,ERCOT,12.6,,,,61.6,68.57,57.132,56.639,Top 20% for major outage days; Top 20% for severe-weather risk (FEMA),1212,4414,81619,0.76,0.714,267700,5.3,0.741,8.89,31.8,76.76,62.54,54.87,80.94,59.22,84.11,97.1,74.45,86.63,12,9.2
77094,29.769,-95.681,48201,Harris County,yes,yes,yes,CENTERPOINT ENERGY HOUSTON ELECTRIC LLC,Wires company (TDU),base_tdsp,ERCOT,13.0,,,,61.6,38.23,79.516,74.83,Top 1% for home size; Top 4% for household income; Top 8% for home value,2970,10395,139932,0.743,0.782,477500,7.8,0.384,15.94,5.5,52.204,50.39,88.3,40.75,18.59,27.69,56.09,53.64,80.37,18,11.1
79541,32.148,-99.81,48441,Taylor County,yes,yes,yes,AEP TEXAS NORTH,Wires company (TDU),base_tdsp,ERCOT,12.7,,Comanche County Elec Coop Assn; Taylor Electric Coop Inc - (TX),,61.6,50.464,74.463,63.742,Top 5% for major outage days; Top 7% for home size; Top 18% for long-term owners,503,1550,71032,0.844,0.947,271400,6.5,0.573,13.66,58.4,55.803,69.49,38.82,38.36,87.74,65.8,42.47,61.07,56.36,18,8.4
75153,32.158,-96.33,48349,Navarro County,yes,yes,yes,AEP TEXAS NORTH,Wires company (TDU),base_tdsp,ERCOT,12.65,,,,61.5,57.338,69.466,59.066,Top 6% for all-electric heating; Top 7% for severe-weather risk (FEMA); Top 8% for new-home growth,141,647,93708,0.651,0.57,,5.5,0.911,3.88,10.2,82.961,80.08,57.07,89.29,62.73,94.77,91.18,87.07,98.62,12,28.8
76084,32.426,-97.09,48251,Johnson County,yes,yes,yes,ONCOR ELECTRIC DELIVERY COMPANY,Wires company (TDU),base_tdsp,ERCOT,12.6,,,,61.5,47.739,69.174,72.215,Top 11% for new-home growth; Top 15% for household income; Top 18% for homeownership,3806,14097,102115,0.878,0.702,264700,5.6,0.797,5.73,17.9,66.509,62.44,44.76,62.16,46.93,60,81.9,80.49,89.32,8,23.7
76043,32.208,-97.795,48425,Somervell County,yes,yes,yes,TEXAS-NEW MEXICO POWER COMPANY,Wires company (TDU),base_tdsp,ERCOT,15.1,,United Electric Coop Service Inc - (TX); Heart of Texas Electric Coop,,61.4,61.601,68.832,53.837,Top 18% for all-electric heating,1722,6858,78306,0.746,0.653,250500,5.6,0.817,7.54,19.1,73.827,81.41,57.73,78.53,49.5,76.58,87.81,70.94,95.7,14,4.7
77534,29.232,-95.314,48039,Brazoria County,yes,yes,yes,CENTERPOINT ENERGY HOUSTON ELECTRIC LLC,Wires company (TDU),base_tdsp,ERCOT,13.0,,,,61.4,52.685,57.869,76.436,Top 10% for new-home growth; Top 13% for household income,1087,3403,105741,0.831,0.867,245700,5.5,0.627,14.34,26.6,59.997,78.48,92.86,63.21,20.83,39.12,58,65.91,80.05,13,26.6
78393,28.187,-97.382,48391,Refugio County,yes,yes,yes,AEP TEXAS CENTRAL,Wires company (TDU),base_tdsp,ERCOT,12.05,,San Patricio Electric Coop Inc,,61.4,80.252,33.592,64.094,Top 16% for severe-weather risk (FEMA); Top 16% for all-electric heating; Top 23% for major outage days,634,2063,77014,0.823,0.8,155100,4.7,0.826,14.89,29.8,78.626,98.06,98.85,59.91,55.04,72.28,99.21,84.27,80.82,16,7.5
75102,32.058,-96.633,48349,Navarro County,yes,yes,yes,ONCOR ELECTRIC DELIVERY COMPANY,Wires company (TDU),base_tdsp,ERCOT,12.6,,,,61.3,56.244,53.383,76.009,Top 8% for new-home growth; Top 8% for severe-weather risk (FEMA); Top 9% for homeownership,410,1583,88929,0.944,0.674,123500,5.5,0.867,3.88,10.2,82.511,78.7,56.43,86.96,62.17,94.85,91.46,87.69,98.02,12,28.8
75462,33.624,-95.492,48277,Lamar County,yes,yes,yes,ONCOR ELECTRIC DELIVERY COMPANY,Wires company (TDU),base_tdsp,ERCOT,13.6,,,,61.3,56.657,78.902,49.825,Top 4% for severe-weather risk (FEMA); Top 10% for home size,3606,12372,81563,0.758,0.852,250200,6.3,0.761,3.79,16.1,85.174,84.41,53.18,98.94,82.16,81.97,93.45,87.56,98.96,11,2.1
75773,32.681,-95.448,48499,Wood County,yes,yes,yes,ONCOR ELECTRIC DELIVERY COMPANY,Wires company (TDU),base_tdsp,ERCOT,12.6,,"Wood County Electric Coop, Inc; Southwestern Electric Power Co",,61.3,86.128,56.231,33.152,Top 3% for major outage days; Top 8% for outage hours per customer; Top 18% for severe-weather risk (FEMA),4006,14230,58138,0.732,0.764,245600,5.3,0.763,21.45,65.8,77.407,56.96,62.06,93.71,77.68,91.02,83.78,86.59,47.01,12,2.1
76247,33.101,-97.347,48121,Denton County,yes,yes,yes,ONCOR ELECTRIC DELIVERY COMPANY,Wires company (TDU),base_tdsp,ERCOT,12.6,,"Denton County Elec Coop, Inc; Tri-County Electric Coop, Inc (TX); Wise Electric Coop Inc",,61.3,36.968,82.572,72.481,Top 6% for household income; Top 7% for home size; Top 13% for home value,6985,21726,124383,0.836,0.87,397900,6.5,0.647,4.58,4.6,68.846,73.79,41.96,84.85,53.58,56.08,64.82,82.88,97.75,5,22.9
76712,31.527,-97.261,48309,McLennan County,yes,yes,yes,ONCOR ELECTRIC DELIVERY COMPANY,Wires company (TDU),base_tdsp,ERCOT,12.6,,Heart of Texas Electric Coop,,61.2,47.105,83.532,57.539,Top 12% for home size; Top 18% for household income; Top 19% for home value,7895,29118,97903,0.705,0.776,340600,6.2,0.783,7.15,15.2,64.527,59.23,65.15,42.85,39.91,46.63,82.95,79.89,94.31,12,8.6
77575,30.076,-94.733,48291,Liberty County,yes,yes,yes,CENTERPOINT ENERGY HOUSTON ELECTRIC LLC,Wires company (TDU),base_tdsp,ERCOT,13.0,,Entergy Texas Inc.,,61.2,82.391,47.005,47.216,Top 2% for new-home growth; Top 5% for outage hours per customer; Top 12% for major outage days,4408,16613,57056,0.739,0.69,186300,5.3,0.683,23.68,43.1,76.089,75.22,90.75,84.33,50.71,55.19,79.39,76.98,95.27,14,45
77586,29.584,-95.036,48201,Harris County,yes,yes,yes,CENTERPOINT ENERGY HOUSTON ELECTRIC LLC,Wires company (TDU),base_tdsp,ERCOT,13.0,,,,61.2,48.139,73.165,66.806,Top 7% for home size; Top 10% for household income; Top 18% for home value,6382,23807,114057,0.743,0.697,345700,6.5,0.366,15.94,5.5,64.134,83.45,93.04,54.35,22.62,31.38,76.35,79.13,92.07,13,11.1
75440,32.881,-95.748,48379,Rains County,yes,yes,yes,TEXAS-NEW MEXICO POWER COMPANY,Wires company (TDU),base_tdsp,ERCOT,15.1,,"Farmers Electric Coop, Inc - (TX); Southwestern Electric Power Co",,61.1,60.808,74.816,47.802,Top 11% for severe-weather risk (FEMA); Top 24% for all-electric heating; Top 24% for home size,2305,7846,65232,0.842,0.764,286800,5.8,0.784,5.94,14.1,80.866,69.66,54.11,98.58,65.16,90.76,79.62,81.68,96.15,11,4.9
75860,31.611,-96.238,48161,Freestone County,yes,yes,yes,ONCOR ELECTRIC DELIVERY COMPANY,Wires company (TDU),base_tdsp,ERCOT,12.6,,"Navasota Valley Elec Coop, Inc; Entergy Texas Inc.",,61.0,89.267,44.029,40.17,Top 1% for severe-weather risk (FEMA); Top 6% for outage hours per customer; Top 11% for major outage days,1796,6624,59950,0.803,0.705,128400,5.4,0.685,23.18,45.5,88.486,92.53,82.39,93.55,81.02,89.21,99.54,76.68,97.01,13,0.6
76530,30.711,-97.414,48491,Williamson County,yes,yes,yes,ONCOR ELECTRIC DELIVERY COMPANY,Wires company (TDU),base_tdsp,ERCOT,12.6,,"Bartlett Electric Coop, Inc; Heart of Texas Electric Coop; Entergy Texas Inc.",,61.0,37.137,73.678,80.165,Top 9% for new-home growth; Top 13% for household income; Top 14% for home size,789,2598,106250,0.888,0.79,288300,6.1,0.619,6.41,9.9,63.336,64.39,65.26,41.87,85.31,42.93,80.77,51.69,75.52,13,27.6
77068,30.007,-95.488,48201,Harris County,yes,yes,yes,CENTERPOINT ENERGY HOUSTON ELECTRIC LLC,Wires company (TDU),base_tdsp,ERCOT,13.0,,,,61.0,55.4,75.495,54.022,Top 7% for home size; Top 19% for outage hours per customer; Top 21% for home value,3271,13189,86028,0.684,0.645,328600,6.5,0.523,15.94,5.5,67.927,89.55,92.87,59.47,23.33,41.37,79.42,82.01,97.02,12,11.1
77962,29.021,-96.49,48239,Jackson County,yes,yes,yes,AEP TEXAS CENTRAL,Wires company (TDU),base_tdsp,ERCOT,12.05,,"Jackson Electric Coop, Inc - (TX)",,61.0,66.288,59.923,55.025,Top 3% for severe-weather risk (FEMA); Top 11% for long-term owners,977,3491,82940,0.728,0.861,240100,5.7,0.55,9.66,12.8,87.26,99.25,99.82,90.75,67.48,75.57,94.63,89.48,93.09,20,0.2
77990,28.485,-96.925,48391,Refugio County,yes,yes,yes,AEP TEXAS CENTRAL,Wires company (TDU),base_tdsp,ERCOT,12.05,,"San Patricio Electric Coop Inc; Victoria Electric Coop, Inc",,61.0,77.081,38.192,62.53,Top 6% for all-electric heating; Top 12% for homeownership; Top 23% for major outage days,196,590,75417,0.91,0.864,54200,5.2,0.91,14.89,29.8,73.254,93.38,98.2,54,49.76,63.02,96.91,75.54,75.35,12,7.5
77584,29.545,-95.351,48039,Brazoria County,yes,yes,yes,CENTERPOINT ENERGY HOUSTON ELECTRIC LLC,Wires company (TDU),base_tdsp,ERCOT,13.8,,,,60.9,46.594,73.467,67.504,Top 7% for home size; Top 7% for household income; Top 10% for new-home growth,25813,91065,121872,0.737,0.79,365300,6.5,0.326,14.34,26.6,59.376,66.01,89.76,67.35,20.44,38.75,54.08,63.29,81.96,11,26.6
75152,32.44,-96.678,48139,Ellis County,yes,yes,yes,ONCOR ELECTRIC DELIVERY COMPANY,Wires company (TDU),base_tdsp,ERCOT,12.6,,,,60.8,42.469,73.335,72.68,Top 4% for new-home growth; Top 19% for homeownership; Top 19% for household income,1520,5321,94935,0.873,0.743,250000,5.8,0.807,7.79,23.2,54.546,36.33,42.58,36.64,48.73,37.95,77.36,71.57,66.99,10,35.9
75166,33.013,-96.454,48085,Collin County,yes,yes,yes,ONCOR ELECTRIC DELIVERY COMPANY,Wires company (TDU),base_tdsp,ERCOT,12.6,,"Grayson-Collin Elec Coop, Inc",,60.8,32.388,81.254,78.361,Top 5% for household income; Top 7% for new-home growth; Top 10% for home size,2443,6989,132101,0.909,0.99,396600,6.3,0.651,5.38,5.6,62.483,89.2,38.32,59.2,54.21,42.29,66.38,77.04,99.94,6,29.1
75707,32.302,-95.178,48423,Smith County,yes,yes,yes,ONCOR ELECTRIC DELIVERY COMPANY,Wires company (TDU),base_tdsp,ERCOT,12.6,,,,60.7,56.614,70.018,56.925,Top 20% for home size,5030,17532,84954,0.746,0.776,274900,5.9,0.619,12.99,17.2,67.367,33.4,57.08,74.4,69.57,74.46,78.62,86.16,31.28,13,7.1
76629,31.15,-96.652,48395,Robertson County,yes,yes,yes,TEXAS-NEW MEXICO POWER COMPANY,Wires company (TDU),base_tdsp,ERCOT,15.1,,"Bartlett Electric Coop, Inc; Heart of Texas Electric Coop; Entergy Texas Inc.",,60.7,79.141,41.45,55.266,Top 1% for outage hours per customer; Top 4% for major outage days; Top 18% for long-term owners,577,2053,72262,0.731,0.767,211000,5.2,0.582,29.45,59.1,73.109,72.32,80.62,59.4,69.89,77.75,74.26,59.63,90.21,18,7.7
77482,29.093,-95.903,48321,Matagorda County,yes,yes,yes,CENTERPOINT ENERGY HOUSTON ELECTRIC LLC,Wires company (TDU),base_tdsp,ERCOT,13.0,,"Jackson Electric Coop, Inc - (TX)",,60.7,63.773,62.73,54.696,Top 11% for outage hours per customer; Top 18% for major outage days; Top 19% for homeownership,621,2050,58103,0.873,0.788,205900,5.9,0.603,18.96,33.8,64.134,91.2,98.51,62.43,22,51.32,70.03,74.1,70.55,15,11.1
77539,29.453,-95.028,48167,Galveston County,yes,yes,yes,CENTERPOINT ENERGY HOUSTON ELECTRIC LLC,Wires company (TDU),base_tdsp,ERCOT,13.8,,,,60.7,58.842,62.448,61.293,Top 11% for outage hours per customer; Top 18% for new-home growth; Top 24% for household income,13995,49375,89111,0.757,0.737,264800,5.8,0.473,20.41,26.1,63.857,71.8,88.88,73.19,18.22,30.88,95.34,62.93,77.56,11,17.5
75684,32.277,-94.937,48401,Rusk County,yes,yes,yes,ONCOR ELECTRIC DELIVERY COMPANY,Wires company (TDU),base_tdsp,ERCOT,12.6,,"Rusk County Electric Coop, Inc; Southwestern Electric Power Co",,60.6,79.221,56.007,40.473,Top 9% for outage hours per customer; Top 10% for major outage days; Top 23% for severe-weather risk (FEMA),2235,8040,57273,0.845,0.723,156100,5.8,0.63,20.88,45.8,75.766,37.52,62.42,83.2,70.65,91.23,71.73,84.3,66.83,13,0.3
75839,31.607,-95.583,48001,Anderson County,yes,yes,yes,ONCOR ELECTRIC DELIVERY COMPANY,Wires company (TDU),base_tdsp,ERCOT,12.6,,Houston County Elec Coop Inc; Entergy Texas Inc.,,60.6,78.092,52.807,45.093,Top 10% for severe-weather risk (FEMA); Top 16% for major outage days,1756,6796,67404,0.81,0.672,165800,5.5,0.711,13.62,35.1,81.369,63.43,70.8,87.06,65.67,90.43,87.88,73.87,93.87,12,1.2
79602,32.336,-99.667,48441,Taylor County,yes,yes,yes,AEP TEXAS NORTH,Wires company (TDU),base_tdsp,ERCOT,12.7,,Comanche County Elec Coop Assn,,60.6,59.334,65.479,57.29,Top 5% for major outage days; Top 24% for household income,7984,27425,89551,0.757,0.857,248100,5.7,0.668,13.66,58.4,62.406,66.45,41.23,41.88,91.49,72.43,47.91,74.01,67.89,11,8.4
75163,32.167,-96.119,48213,Henderson County,yes,yes,yes,ONCOR ELECTRIC DELIVERY COMPANY,Wires company (TDU),base_tdsp,ERCOT,12.6,,,,60.5,66.276,61.779,51.525,Top 20% for major outage days; Top 24% for homeownership,790,2443,60462,0.848,0.841,198200,5.6,0.778,8.89,31.8,72.903,59.09,52.72,75.37,57.98,80.23,95.68,65.9,82.44,13,9.2
75182,32.801,-96.548,48113,Dallas County,yes,yes,yes,ONCOR ELECTRIC DELIVERY COMPANY,Wires company (TDU),base_tdsp,ERCOT,12.6,,City of Garland - (TX),,60.5,34.041,79.702,76.597,Top 1% for home size; Top 1% for household income; Top 5% for home value,2933,8336,170348,0.915,0.949,565300,8.2,0.307,9.52,4.5,61.331,64.01,37.45,65.65,44.86,33.26,75.09,96.09,76.92,12,5.5
75482,33.168,-95.608,48223,Hopkins County,yes,yes,yes,ONCOR ELECTRIC DELIVERY COMPANY,Wires company (TDU),base_tdsp,ERCOT,12.6,,"Farmers Electric Coop, Inc - (TX); Southwestern Electric Power Co",,60.5,76.417,56.725,42.896,Top 4% for severe-weather risk (FEMA); Top 22% for major outage days,6773,26483,69970,0.665,0.751,231000,5.4,0.729,9.96,29.9,85.433,83.03,56.47,98.05,70.46,95.84,95.75,83.07,98.39,14,4.2
76273,33.744,-96.936,48181,Grayson County,yes,yes,yes,ONCOR ELECTRIC DELIVERY COMPANY,Wires company (TDU),base_tdsp,ERCOT,12.6,,"Grayson-Collin Elec Coop, Inc",,60.4,57.498,68.861,55.907,Top 12% for new-home growth; Top 20% for home size,2897,11229,82021,0.689,0.671,242300,5.9,0.657,7.16,22.5,74.276,74.37,47.1,94.71,59.75,73.67,67.65,85.53,91.52,12,23.5
76548,31.051,-97.645,48027,Bell County,yes,yes,yes,ONCOR ELECTRIC DELIVERY COMPANY,Wires company (TDU),base_tdsp,ERCOT,12.6,,"Bartlett Electric Coop, Inc; Heart of Texas Electric Coop",,60.4,58.398,75.728,47.826,Top 8% for all-electric heating; Top 19% for new-home growth,7965,33729,80520,0.614,0.698,287800,5.7,0.895,8.1,11.4,69.786,52.69,55.91,48.48,84.82,50.72,80.61,75.4,92.56,10,17.1
76652,32.118,-97.576,48035,Bosque County,yes,yes,yes,TEXAS-NEW MEXICO POWER COMPANY,Wires company (TDU),base_tdsp,ERCOT,15.1,,"HILCO Electric Cooperative, Inc.; United Electric Coop Service Inc - (TX); Heart of Texas Electric Coop",,60.4,64.509,50.699,64.716,Top 9% for long-term owners; Top 15% for homeownership; Top 20% for major outage days,269,1044,73545,0.896,0.671,207700,5.3,0.73,10.54,31.6,69.124,82.47,56.35,49.12,39.42,80.42,81.23,80.54,96.79,21,1.4
77434,29.528,-96.305,48089,Colorado County,yes,yes,yes,AEP TEXAS CENTRAL,Wires company (TDU),base_tdsp,ERCOT,12.6,,"Wharton County Elec Coop, Inc",,60.4,75.653,48.371,52.021,Top 1% for major outage days; Top 1% for severe-weather risk (FEMA); Top 24% for home size,1143,3970,71705,0.751,0.749,129300,5.8,0.477,12.24,84.2,88.49,95.46,95.99,84.3,69.19,89.98,98.52,87.06,94.39,16,3.8
76539,31.096,-98.027,48281,Lampasas County,yes,yes,yes,ONCOR ELECTRIC DELIVERY COMPANY,Wires company (TDU),base_tdsp,ERCOT,12.6,,"Bartlett Electric Coop, Inc; Hamilton County Elec Coop Assn; Pedernales Electric Coop, Inc; Heart of Texas Electric Coop",,60.3,36.133,84.847,68.074,Top 9% for all-electric heating; Top 10% for home size; Top 10% for homeownership,2712,9415,100625,0.931,0.749,286200,6.3,0.883,1.91,6,65.661,66.18,55.04,31.74,87.46,80.11,62.29,54.72,88.27,11,2.9
77420,29.259,-95.93,48481,Wharton County,yes,yes,yes,CENTERPOINT ENERGY HOUSTON ELECTRIC LLC,Wires company (TDU),base_tdsp,ERCOT,13.0,,"Jackson Electric Coop, Inc - (TX)",,60.3,66.863,55.461,56.443,Top 2% for major outage days; Top 21% for homeownership; Top 22% for severe-weather risk (FEMA),740,2236,67697,0.861,0.922,226400,5.6,0.538,9.53,74.1,75.827,93.02,97.63,68.01,44.25,70.4,87.1,81.08,82.32,13,8.2
75104,32.585,-96.972,48113,Dallas County,yes,yes,yes,ONCOR ELECTRIC DELIVERY COMPANY,Wires company (TDU),base_tdsp,ERCOT,12.6,,,,60.2,42.566,81.453,62.515,Top 10% for home size; Top 15% for household income,13632,49228,102875,0.72,0.858,304200,6.3,0.748,9.52,4.5,60.689,55.25,36.12,60.13,47.04,34.11,76.73,95.03,75.66,15,5.5
75161,32.739,-96.164,48257,Kaufman County,yes,yes,yes,ONCOR ELECTRIC DELIVERY COMPANY,Wires company (TDU),base_tdsp,ERCOT,12.6,,,,60.2,46.389,66.673,72.26,Top 13% for new-home growth; Top 21% for homeownership,1885,8011,85981,0.861,0.612,264500,5.6,0.733,5.94,20.5,65.577,60.15,46.82,33.09,66.09,62.53,80.62,90.34,79.55,13,22.9
75790,32.535,-95.644,48467,Van Zandt County,yes,yes,yes,ONCOR ELECTRIC DELIVERY COMPANY,Wires company (TDU),base_tdsp,ERCOT,12.6,,,,60.2,76.021,49.35,49.842,Top 8% for major outage days; Top 14% for outage hours per customer,1209,3915,65039,0.803,0.842,173900,5.4,0.677,16.14,52.4,72.191,31.72,54.54,80.41,59.85,87.41,77.91,73.71,71.51,15,2.2
75855,31.557,-95.864,48289,Leon County,yes,yes,yes,ONCOR ELECTRIC DELIVERY COMPANY,Wires company (TDU),base_tdsp,ERCOT,12.6,,Houston County Elec Coop Inc; Trinity Valley Elec Coop Inc; Entergy Texas Inc.,,60.2,84.731,55.406,32.326,Top 2% for outage hours per customer; Top 4% for major outage days; Top 18% for severe-weather risk (FEMA),699,2635,45962,0.784,0.69,186000,5.6,0.639,27.83,62.2,77.656,78.2,80.19,77.78,62.02,85.33,97.52,55.64,85.11,16,0
76225,33.374,-97.668,48497,Wise County,yes,yes,yes,ONCOR ELECTRIC DELIVERY COMPANY,Wires company (TDU),base_tdsp,ERCOT,12.6,,Wise Electric Coop Inc,,60.2,44.584,76.692,64.425,Top 19% for all-electric heating; Top 19% for major outage days; Top 24% for home size,969,3487,84336,0.801,0.723,305800,5.8,0.811,7.28,33.2,55.463,28.91,32.39,66.17,33.83,59.11,51.79,78.31,66.64,14,8.8
76641,32.039,-96.808,48349,Navarro County,yes,yes,yes,ONCOR ELECTRIC DELIVERY COMPANY,Wires company (TDU),base_tdsp,ERCOT,12.6,,,,60.2,53.346,61.298,68.179,Top 6% for severe-weather risk (FEMA); Top 8% for new-home growth; Top 24% for homeownership,699,2487,81094,0.851,0.731,166300,5.8,0.721,3.88,10.2,83.966,85.85,59.4,86.44,68.98,92.51,93.35,90.02,97.06,12,28.8
78734,30.379,-97.951,48453,Travis County,yes,yes,yes,AEP TEXAS NORTH,Wires company (TDU),base_tdsp,ERCOT,12.7,,"Austin Energy; Pedernales Electric Coop, Inc",,60.2,33.483,84.423,71.553,Top 2% for home value; Top 5% for household income; Top 16% for home size,6873,22145,130784,0.835,0.807,677300,6,0.736,7.98,4.8,52.49,63.89,50.47,37.3,32.73,49.45,35.16,73.42,88.9,11,9.1
75181,32.724,-96.556,48113,Dallas County,yes,yes,yes,ONCOR ELECTRIC DELIVERY COMPANY,Wires company (TDU),base_tdsp,ERCOT,12.6,,,,60.1,39.09,75.084,73.257,Top 3% for home size; Top 11% for household income; Top 24% for home value,9600,29788,111052,0.838,0.919,312400,7.1,0.46,9.52,4.5,63.929,66.64,36.44,63.44,52.49,38.94,82.18,97.34,76.67,15,5.5
77336,30.063,-95.099,48201,Harris County,yes,yes,yes,CENTERPOINT ENERGY HOUSTON ELECTRIC LLC,Wires company (TDU),base_tdsp,ERCOT,13.0,,Mid-South Electric Coop Assn; Entergy Texas Inc.,,60.1,47.681,72.512,64.283,Top 12% for home size; Top 19% for household income; Top 19% for outage hours per customer,3828,14342,96404,0.782,0.694,276500,6.2,0.574,15.94,5.5,60.76,73.38,89.72,46.49,20.78,30.88,71.9,73.48,92.07,12,11.1
77379,30.039,-95.534,48201,Harris County,yes,yes,yes,CENTERPOINT ENERGY HOUSTON ELECTRIC LLC,Wires company (TDU),base_tdsp,ERCOT,13.0,,,,60.1,44.438,75.349,65.677,Top 3% for home size; Top 12% for household income; Top 18% for home value,24279,85190,107486,0.741,0.806,353500,7.2,0.356,15.94,5.5,61.163,71.19,90.25,48.72,20.99,35.66,70.11,71.41,91,13,11.1
77456,29.04,-96.061,48321,Matagorda County,yes,yes,yes,AEP TEXAS CENTRAL,Wires company (TDU),base_tdsp,ERCOT,12.6,,"Wharton County Elec Coop, Inc",,60.1,71.556,39.499,65.29,Top 3% for homeownership; Top 11% for outage hours per customer; Top 18% for major outage days,269,1394,65284,1,0.503,128600,5.2,0.755,18.96,33.8,66.811,92.8,98.28,69.82,22.39,57.19,77.34,79.33,63.33,15,11.1
75438,33.616,-96.072,48147,Fannin County,yes,yes,yes,ONCOR ELECTRIC DELIVERY COMPANY,Wires company (TDU),base_tdsp,ERCOT,12.6,,Fannin County Electric Coop,,60.0,58.701,66.104,55.792,Top 14% for severe-weather risk (FEMA); Top 16% for household income; Top 20% for home size,336,1262,101125,0.694,0.732,238000,5.9,0.602,7.15,19,79.763,85.61,51.13,97.03,57.6,88.01,75.76,93.4,95.41,12,5.7
76556,30.7,-96.831,48331,Milam County,yes,yes,yes,ONCOR ELECTRIC DELIVERY COMPANY,Wires company (TDU),base_tdsp,ERCOT,12.6,,"Bartlett Electric Coop, Inc; Bluebonnet Electric Coop, Inc; Heart of Texas Electric Coop; Entergy Texas Inc.",,60.0,75.407,45.663,53.817,Top 9% for long-term owners; Top 9% for homeownership; Top 17% for severe-weather risk (FEMA),488,1692,52328,0.939,0.751,153800,5.4,0.663,15.2,29.8,78.116,73.5,84.59,60.07,73.83,77.22,88.46,69.37,93.27,21,4.9
75422,33.142,-95.934,48231,Hunt County,yes,yes,yes,ONCOR ELECTRIC DELIVERY COMPANY,Wires company (TDU),base_tdsp,ERCOT,12.6,,,,59.9,61.932,48.52,68.422,Top 5% for severe-weather risk (FEMA); Top 14% for new-home growth; Top 24% for long-term owners,896,3229,75690,0.814,0.722,229400,5.3,0.613,6.64,26,84.157,82.8,46.49,98.29,74.6,89.15,90.58,90.78,99.21,17,22.8
75760,31.796,-94.854,48347,Nacogdoches County,yes,yes,yes,ONCOR ELECTRIC DELIVERY COMPANY,Wires company (TDU),base_tdsp,ERCOT,12.6,,Cherokee County Elec Coop Assn - (TX); Southwestern Electric Power Co,,59.9,75.339,42.727,56.449,Top 2% for severe-weather risk (FEMA); Top 7% for long-term owners; Top 19% for homeownership,617,2396,63182,0.875,0.67,124600,5.4,0.657,12.84,22.4,87.947,76.44,85.18,90.44,84.74,98.08,78.09,89.15,89.95,22,1.3
75840,31.783,-96.094,48161,Freestone County,yes,yes,yes,ONCOR ELECTRIC DELIVERY COMPANY,Wires company (TDU),base_tdsp,ERCOT,12.6,,Trinity Valley Elec Coop Inc,,59.9,83.708,58.492,29.62,Top 6% for outage hours per customer; Top 11% for major outage days; Top 13% for all-electric heating,1831,6994,58224,0.681,0.722,206200,5.4,0.854,23.18,45.5,72.523,63.86,71.7,82.26,57.23,72.01,96.84,47.37,80.25,13,0.6
77384,30.234,-95.496,48339,Montgomery County,yes,yes,yes,CENTERPOINT ENERGY HOUSTON ELECTRIC LLC,Wires company (TDU),base_tdsp,ERCOT,13.0,,Mid-South Electric Coop Assn; Entergy Texas Inc.,,59.9,73.27,50.805,51.281,Top 1% for new-home growth; Top 7% for outage hours per customer; Top 11% for home value,5314,26781,91667,0.516,0.564,422200,5.2,0.508,22.46,27,74.546,62.24,80.89,81.48,53.53,61.16,82.06,68.33,94.37,9,47.8
78059,29.2,-98.841,48325,Medina County,yes,yes,yes,AEP TEXAS CENTRAL,Wires company (TDU),base_tdsp,ERCOT,12.05,,City of San Antonio - (TX); Karnes Electric Coop Inc,,59.9,67.962,50.853,58.254,Top 14% for major outage days; Top 15% for homeownership; Top 23% for all-electric heating,1757,7061,74940,0.894,0.647,184100,5.3,0.789,12.2,39.2,69.014,61.62,55.26,38.63,87.72,95.14,56.54,82.02,67.79,12,3.3
75125,32.537,-96.622,48139,Ellis County,yes,yes,yes,ONCOR ELECTRIC DELIVERY COMPANY,Wires company (TDU),base_tdsp,ERCOT,12.6,,,,59.8,47.705,62.107,73.698,Top 4% for new-home growth; Top 24% for long-term owners; Top 25% for all-electric heating,1844,7873,79545,0.833,0.609,231800,5.5,0.78,7.79,23.2,61.847,49.94,43.92,52.39,54.38,44.68,82.06,79.76,75.74,17,35.9
76259,33.199,-97.312,48121,Denton County,yes,yes,yes,ONCOR ELECTRIC DELIVERY COMPANY,Wires company (TDU),base_tdsp,ERCOT,12.6,,"Denton County Elec Coop, Inc; Tri-County Electric Coop, Inc (TX); Wise Electric Coop Inc",,59.8,38.645,85.568,62.327,Top 10% for home size; Top 13% for new-home growth; Top 16% for household income,1872,6596,101845,0.738,0.77,354100,6.3,0.797,4.58,4.6,66.949,68.76,42.87,82.62,51.4,52.51,62.24,79.91,97.09,10,22.9
76271,33.465,-96.893,48181,Grayson County,yes,yes,yes,TEXAS-NEW MEXICO POWER COMPANY,Wires company (TDU),base_tdsp,ERCOT,15.1,,"Denton County Elec Coop, Inc; Grayson-Collin Elec Coop, Inc",,59.8,58.345,65.573,55.838,Top 12% for new-home growth; Top 20% for severe-weather risk (FEMA); Top 21% for home value,514,1859,78125,0.719,0.869,329300,5.6,0.62,7.16,22.5,76.733,76.63,50.22,93.82,58.85,75.34,75.72,89.52,93.66,12,23.5
76557,31.285,-97.39,48027,Bell County,yes,yes,yes,ONCOR ELECTRIC DELIVERY COMPANY,Wires company (TDU),base_tdsp,ERCOT,12.6,,"Bartlett Electric Coop, Inc; Heart of Texas Electric Coop",,59.8,49.364,69.284,64.258,Top 19% for new-home growth; Top 24% for home size,1628,5644,86056,0.81,0.75,232400,5.8,0.754,8.1,11.4,65.119,50.03,64.72,42.96,62.93,46.76,78.17,69.09,91.2,11,17.1
76693,31.788,-96.395,48161,Freestone County,yes,yes,yes,ONCOR ELECTRIC DELIVERY COMPANY,Wires company (TDU),base_tdsp,ERCOT,12.6,,,,59.8,83.404,57.974,30.147,Top 6% for outage hours per customer; Top 11% for major outage days; Top 16% for severe-weather risk (FEMA),534,2153,55645,0.645,0.652,176100,5.7,0.658,23.18,45.5,78.537,72.59,69.22,84.96,59.6,82.23,94.43,69.48,89.84,16,0.6
75076,33.801,-96.726,48181,Grayson County,yes,yes,yes,ONCOR ELECTRIC DELIVERY COMPANY,Wires company (TDU),base_tdsp,ERCOT,12.6,,"Grayson-Collin Elec Coop, Inc",,59.7,55.05,62.536,63.085,Top 12% for new-home growth,2362,7989,76919,0.818,0.769,267500,5.5,0.7,7.16,22.5,70.667,60,43.01,93.52,60.6,56.43,73.6,82.58,84.93,12,23.5
78615,30.465,-97.384,48491,Williamson County,yes,yes,yes,ONCOR ELECTRIC DELIVERY COMPANY,Wires company (TDU),base_tdsp,ERCOT,12.6,,"Bartlett Electric Coop, Inc",,59.6,34.742,80.916,71.363,Top 9% for new-home growth; Top 9% for home value; Top 14% for home size,484,1637,80938,0.829,0.77,441200,6.1,0.663,6.41,9.9,60.069,55.85,67.95,35.36,67.23,46.56,67.06,60.69,75.63,15,27.6
78870,29.304,-99.631,48463,Uvalde County,yes,yes,yes,AEP TEXAS CENTRAL,Wires company (TDU),base_tdsp,ERCOT,12.05,,"Medina Electric Coop, Inc",,59.6,77.661,59.244,35.961,Top 14% for major outage days; Top 15% for outage hours per customer; Top 20% for home size,290,1070,54167,0.78,0.707,128600,5.9,0.726,15.98,39.5,73.653,95.11,73.43,47.02,87.24,79.76,60.03,91.85,76.24,13,2
75489,33.519,-96.484,48181,Grayson County,yes,yes,yes,TEXAS-NEW MEXICO POWER COMPANY,Wires company (TDU),base_tdsp,ERCOT,15.1,,"Grayson-Collin Elec Coop, Inc",,59.5,57.898,60.713,60.551,Top 12% for new-home growth; Top 24% for household income; Top 25% for severe-weather risk (FEMA),212,803,88676,0.688,0.806,233200,5.6,0.658,7.16,22.5,74.841,67.65,51.22,91.83,55.46,63.98,80.7,89.14,91.56,13,23.5
76487,32.972,-97.905,48367,Parker County,yes,yes,yes,ONCOR ELECTRIC DELIVERY COMPANY,Wires company (TDU),base_tdsp,ERCOT,12.6,,"Tri-County Electric Coop, Inc (TX); Wise Electric Coop Inc",,59.5,47.214,76.626,58.889,Top 14% for home size; Top 15% for homeownership,1082,4133,77361,0.894,0.681,272000,6.1,0.719,6.86,17.1,66.354,68.45,43.25,65.9,45.9,53.16,77.09,84.6,94.58,7,8.4
76643,31.453,-97.195,48309,McLennan County,yes,yes,yes,ONCOR ELECTRIC DELIVERY COMPANY,Wires company (TDU),base_tdsp,ERCOT,12.6,,Heart of Texas Electric Coop,,59.4,49.727,75.455,56.408,Top 6% for all-electric heating,4316,16432,83511,0.683,0.815,273300,5.7,0.92,7.15,15.2,64.413,59.87,62.06,45.91,36.38,42.62,85.61,83.36,94.95,15,8.6
76667,31.652,-96.468,48293,Limestone County,yes,yes,yes,ONCOR ELECTRIC DELIVERY COMPANY,Wires company (TDU),base_tdsp,ERCOT,12.6,,,,59.4,88.82,47.645,32.074,Top 1% for outage hours per customer; Top 6% for major outage days; Top 13% for severe-weather risk (FEMA),2700,10494,52541,0.669,0.679,154700,5.4,0.715,31.36,57,80.191,81.61,77.9,83.9,64.24,82.34,98.91,70.25,83.8,17,1.9
77459,29.526,-95.531,48157,Fort Bend County,yes,yes,yes,CENTERPOINT ENERGY HOUSTON ELECTRIC LLC,Wires company (TDU),base_tdsp,ERCOT,13.0,,,,59.4,32.766,76.428,78.05,Top 3% for home size; Top 5% for new-home growth; Top 5% for household income,27598,84221,129151,0.852,0.903,386900,7.1,0.364,5.55,3.2,69.26,72.94,90.49,71.79,24.99,57,68.41,81.87,90.27,11,35.7
75159,32.604,-96.544,48113,Dallas County,yes,yes,yes,ONCOR ELECTRIC DELIVERY COMPANY,Wires company (TDU),base_tdsp,ERCOT,12.6,,,,59.3,55.88,68.559,54.541,Top 24% for home size,7090,23456,72897,0.81,0.786,234300,5.8,0.732,9.52,4.5,72.1,80.01,44.97,61.99,66.56,57.07,90.19,97.33,86.59,13,5.5
76055,32.163,-97.155,48217,Hill County,yes,yes,yes,ONCOR ELECTRIC DELIVERY COMPANY,Wires company (TDU),base_tdsp,ERCOT,13.6,,"HILCO Electric Cooperative, Inc.",,59.3,67.528,53.349,54.288,Top 11% for severe-weather risk (FEMA),1068,3577,80025,0.822,0.777,197300,5.5,0.644,8.54,28,80.734,89.92,65.42,91.46,35.53,88.45,99.54,86.05,98.69,10,4.5
77406,29.646,-95.795,48157,Fort Bend County,yes,yes,yes,CENTERPOINT ENERGY HOUSTON ELECTRIC LLC,Wires company (TDU),base_tdsp,ERCOT,13.0,,,,59.3,32.625,76.339,77.748,Top 2% for home size; Top 4% for household income; Top 5% for new-home growth,23019,69918,141869,0.856,0.909,406300,7.3,0.277,5.55,3.2,69.864,81.16,90.34,71.98,25.48,59.09,68.64,82.3,91.22,10,35.7
77581,29.562,-95.28,48039,Brazoria County,yes,yes,yes,CENTERPOINT ENERGY HOUSTON ELECTRIC LLC,Wires company (TDU),base_tdsp,ERCOT,13.8,,,,59.3,41.961,71.2,70.442,Top 10% for home size; Top 10% for new-home growth; Top 11% for household income,15221,51332,111139,0.771,0.807,338000,6.3,0.358,14.34,26.6,51.886,54.6,87.87,56.26,18.66,30.02,45.69,51.15,73.55,12,26.6
75409,33.355,-96.516,48085,Collin County,yes,yes,yes,ONCOR ELECTRIC DELIVERY COMPANY,Wires company (TDU),base_tdsp,ERCOT,13.6,,"Grayson-Collin Elec Coop, Inc",,59.2,33.566,83.983,68.522,Top 5% for home size; Top 7% for new-home growth; Top 14% for household income,8441,27131,104814,0.809,0.916,353600,6.7,0.696,5.38,5.6,62.364,86.32,41.15,56.28,54.53,42.39,66.69,75.63,99.88,7,29.1
75654,32.078,-94.83,48401,Rusk County,yes,yes,yes,ONCOR ELECTRIC DELIVERY COMPANY,Wires company (TDU),base_tdsp,ERCOT,12.6,,"Cherokee County Elec Coop Assn - (TX); Rusk County Electric Coop, Inc; Southwestern Electric Power Co",,59.2,78.115,45.438,47.596,Top 9% for outage hours per customer; Top 10% for major outage days; Top 21% for severe-weather risk (FEMA),3494,12164,69848,0.814,0.747,173400,5.4,0.577,20.88,45.8,76.19,35.49,70.09,82.21,67.53,94.81,68,80.41,70.28,13,0.3
77062,29.574,-95.131,48201,Harris County,yes,yes,yes,CENTERPOINT ENERGY HOUSTON ELECTRIC LLC,Wires company (TDU),base_tdsp,ERCOT,13.0,,,,59.2,40.075,72.166,71.882,Top 5% for home size; Top 14% for household income; Top 18% for long-term owners,7421,25523,103889,0.756,0.81,302900,6.7,0.371,15.94,5.5,55.987,67.96,89.22,40.34,20.06,23.66,67.06,68.28,83.29,18,11.1
77450,29.744,-95.741,48201,Harris County,yes,yes,yes,CENTERPOINT ENERGY HOUSTON ELECTRIC LLC,Wires company (TDU),base_tdsp,ERCOT,13.0,,,,59.2,43.576,75.619,63.665,Top 5% for home size; Top 12% for household income; Top 16% for home value,19027,71906,106402,0.688,0.752,361400,6.8,0.402,15.94,5.5,59.76,61.45,88.09,50.57,20.88,39.9,63.82,68.91,86.15,14,11.1
78146,28.603,-97.839,48025,Bee County,yes,yes,yes,AEP TEXAS CENTRAL,Wires company (TDU),base_tdsp,ERCOT,12.05,,,,59.2,63.585,76.706,35.896,Top 5% for all-electric heating; Top 7% for home size; Top 24% for major outage days,191,752,68250,0.709,0.662,169900,6.5,0.934,9.25,29.4,67.866,69.32,93.93,49.86,46.05,75.35,70.67,74.75,64.45,10,1.6
76513,31.051,-97.5,48027,Bell County,yes,yes,yes,ONCOR ELECTRIC DELIVERY COMPANY,Wires company (TDU),base_tdsp,ERCOT,12.6,,"Bartlett Electric Coop, Inc; Heart of Texas Electric Coop",,59.1,51.779,74.864,53.23,Top 13% for all-electric heating; Top 19% for new-home growth,12700,45928,80661,0.719,0.749,289600,5.7,0.85,8.1,11.4,65.041,51.78,58.08,42.16,78.95,47.84,74.19,66.76,87.31,10,17.1
76689,31.662,-97.506,48035,Bosque County,yes,yes,yes,TEXAS-NEW MEXICO POWER COMPANY,Wires company (TDU),base_tdsp,ERCOT,15.1,,Heart of Texas Electric Coop,,59.1,55.698,65.562,57.052,Top 19% for homeownership; Top 20% for major outage days; Top 24% for home size,1314,4564,77863,0.875,0.749,217400,5.8,0.7,10.54,31.6,63.057,60.86,62.33,40.97,43.04,58.2,76.63,70.72,89.51,12,1.4
77422,28.96,-95.558,48039,Brazoria County,yes,yes,yes,CENTERPOINT ENERGY HOUSTON ELECTRIC LLC,Wires company (TDU),base_tdsp,ERCOT,13.8,,"Jackson Electric Coop, Inc - (TX)",,59.1,57.133,51.704,69.183,Top 10% for new-home growth; Top 24% for homeownership,4112,14547,76829,0.848,0.735,208000,5.3,0.753,14.34,26.6,60.776,81.09,91.58,62.48,21.24,36.44,61.04,71.79,80.86,14,26.6
76009,32.415,-97.2,48251,Johnson County,yes,yes,yes,ONCOR ELECTRIC DELIVERY COMPANY,Wires company (TDU),base_tdsp,ERCOT,12.6,,,,59.0,52.234,65.968,61.156,Top 11% for new-home growth; Top 14% for all-electric heating,4771,22803,79755,0.776,0.544,245400,5.5,0.845,5.73,17.9,68.889,61.84,44.05,75.02,35.88,69.7,80.05,80.67,96.85,12,23.7
76270,33.456,-97.753,48337,Montague County,yes,yes,yes,ONCOR ELECTRIC DELIVERY COMPANY,Wires company (TDU),base_tdsp,ERCOT,12.6,,Wise Electric Coop Inc,,59.0,65.851,54.335,54.434,Top 7% for homeownership; Top 25% for severe-weather risk (FEMA),493,1826,73553,0.974,0.703,235200,5.3,0.746,8.73,27.2,74.877,65.37,41.65,88.17,60.52,85.69,72.39,87.99,87.73,6,2
76449,32.902,-98.316,48363,Palo Pinto County,yes,yes,yes,ONCOR ELECTRIC DELIVERY COMPANY,Wires company (TDU),base_tdsp,ERCOT,12.6,,"Tri-County Electric Coop, Inc (TX)",,59.0,63.064,63.991,48.725,Top 13% for home value; Top 15% for major outage days,624,2113,72813,0.802,0.769,398700,5.5,0.596,11.27,37.9,70.43,84.23,49.39,50.7,76.62,94.47,78.27,63.92,79.64,11,2.8
76537,30.817,-97.603,48491,Williamson County,yes,yes,yes,ONCOR ELECTRIC DELIVERY COMPANY,Wires company (TDU),base_tdsp,ERCOT,12.6,,"Bartlett Electric Coop, Inc; Heart of Texas Electric Coop",,59.0,38.113,80.715,65.126,Top 7% for all-electric heating; Top 9% for new-home growth; Top 18% for household income,4975,16272,98199,0.795,0.908,290900,5.9,0.909,6.41,9.9,56.836,33.96,48.8,40.82,80.91,32.45,74.81,49.62,70.44,6,27.6
75156,32.278,-96.105,48213,Henderson County,yes,yes,yes,ONCOR ELECTRIC DELIVERY COMPANY,Wires company (TDU),base_tdsp,ERCOT,12.6,,,,58.9,70.044,57.286,45.794,Top 7% for all-electric heating; Top 20% for major outage days,4120,16333,60867,0.815,0.656,218200,5.3,0.907,8.89,31.8,74.006,60.92,50.93,74.84,57.44,80.99,96.74,70.93,86.17,11,9.2
76249,33.279,-97.302,48121,Denton County,yes,yes,yes,ONCOR ELECTRIC DELIVERY COMPANY,Wires company (TDU),base_tdsp,ERCOT,12.6,,"Cooke County Elec Coop Assn; Denton County Elec Coop, Inc; Tri-County Electric Coop, Inc (TX); Wise Electric Coop Inc",,58.9,30.06,82.73,73.365,Top 7% for household income; Top 8% for home size; Top 13% for new-home growth,3338,10637,120169,0.816,0.874,356000,6.4,0.701,4.58,4.6,62.289,55.12,41.67,76.28,46.18,46.15,56.42,73.95,95.37,11,22.9
76559,31.076,-97.604,48027,Bell County,yes,yes,yes,ONCOR ELECTRIC DELIVERY COMPANY,Wires company (TDU),base_tdsp,ERCOT,12.6,,"Bartlett Electric Coop, Inc; Heart of Texas Electric Coop",,58.9,54.868,76.973,46.058,Top 6% for all-electric heating; Top 19% for new-home growth; Top 24% for home size,1813,7197,76286,0.655,0.665,263500,5.8,0.912,8.1,11.4,66.839,47.94,55.27,45.02,81.9,46.53,77.64,71.89,89.62,8,17.1
77478,29.62,-95.606,48157,Fort Bend County,yes,yes,yes,CENTERPOINT ENERGY HOUSTON ELECTRIC LLC,Wires company (TDU),base_tdsp,ERCOT,13.0,,,,58.9,30.741,76.393,78.836,Top 5% for new-home growth; Top 6% for home size; Top 8% for household income,6749,23182,118495,0.757,0.824,404600,6.6,0.411,5.55,3.2,67.411,80.34,93.26,66.82,29.26,56.69,62,74.44,89.41,18,35.7
77486,29.16,-95.692,48039,Brazoria County,yes,yes,yes,CENTERPOINT ENERGY HOUSTON ELECTRIC LLC,Wires company (TDU),base_tdsp,ERCOT,13.8,,,,58.9,55.569,65.048,57.193,Top 10% for new-home growth; Top 24% for home size,2152,7195,74857,0.778,0.9,240200,5.8,0.624,14.34,26.6,62.757,82.05,92.8,65.26,22.22,43.13,60.99,70.75,84.15,11,26.6
75032,32.857,-96.431,48397,Rockwall County,yes,yes,yes,ONCOR ELECTRIC DELIVERY COMPANY,Wires company (TDU),base_tdsp,ERCOT,12.6,,,,58.8,30.826,81.694,73.37,Top 3% for new-home growth; Top 4% for home size; Top 4% for household income,12220,39865,135742,0.797,0.844,491300,7,0.535,4.53,13.8,63.533,51.24,34.65,50.82,41.86,77.26,67.31,81.88,90.95,10,44.8
77044,29.906,-95.181,48201,Harris County,yes,yes,yes,CENTERPOINT ENERGY HOUSTON ELECTRIC LLC,Wires company (TDU),base_tdsp,ERCOT,13.0,,,,58.8,48.552,71.514,59.607,Top 10% for home size; Top 19% for outage hours per customer; Top 19% for household income,17032,58347,95000,0.759,0.777,294200,6.3,0.486,15.94,5.5,63.25,71.05,91.05,52.72,22.26,35.43,73.95,75.12,92.22,10,11.1
78067,27.128,-99.331,48505,Zapata County,yes,yes,yes,AEP TEXAS CENTRAL,Wires company (TDU),base_tdsp,ERCOT,12.05,,,,58.8,51.037,36.726,91.149,Top 1% for long-term owners; Top 3% for all-electric heating; Top 13% for homeownership,219,629,,0.907,1,83300,5.1,0.977,12.87,17,53.87,79.5,82.43,6.44,54.83,40.04,99.29,55.74,38.32,35,
75048,32.969,-96.58,48113,Dallas County,yes,yes,yes,ONCOR ELECTRIC DELIVERY COMPANY,Wires company (TDU),base_tdsp,ERCOT,12.6,,"City of Garland - (TX); Grayson-Collin Elec Coop, Inc",,58.7,37.582,76.782,68.701,Top 4% for home size; Top 5% for household income; Top 12% for home value,9905,30993,131087,0.831,0.847,407200,6.9,0.384,9.52,4.5,63.617,70.82,36.21,66.05,51.18,39.2,79.33,94.48,78.87,11,5.5
76258,33.371,-96.932,48121,Denton County,yes,yes,yes,TEXAS-NEW MEXICO POWER COMPANY,Wires company (TDU),base_tdsp,ERCOT,15.1,,"Denton County Elec Coop, Inc; Grayson-Collin Elec Coop, Inc",,58.7,36.264,76.729,70.727,Top 13% for new-home growth; Top 14% for home size; Top 14% for household income,2653,8444,103532,0.817,0.852,366600,6.1,0.607,4.58,4.6,69.23,70.95,46.26,85.02,56.22,55.1,65.64,79.3,97.07,11,22.9
77445,30.102,-96.059,48473,Waller County,yes,yes,yes,CENTERPOINT ENERGY HOUSTON ELECTRIC LLC,Wires company (TDU),base_tdsp,ERCOT,13.0,,"Bluebonnet Electric Coop, Inc; Mid-South Electric Coop Assn; Entergy Texas Inc.",,58.7,78.48,49.136,41.875,Top 1% for major outage days; Top 22% for outage hours per customer; Top 22% for all-electric heating,3290,16142,65909,0.643,0.53,270400,5,0.792,15.72,84.2,73.236,65.77,82.64,72.23,24.87,87.67,81.23,69.22,94.79,12,14.3
76569,30.94,-97.227,48027,Bell County,yes,yes,yes,ONCOR ELECTRIC DELIVERY COMPANY,Wires company (TDU),base_tdsp,ERCOT,12.6,,"Bartlett Electric Coop, Inc; Heart of Texas Electric Coop; Entergy Texas Inc.",,58.6,62.155,50.89,61.628,Top 19% for new-home growth; Top 21% for severe-weather risk (FEMA); Top 24% for long-term owners,842,2761,65491,0.824,0.793,125500,5.5,0.78,8.1,11.4,76.22,77.99,77.23,49.6,83.89,68.25,85.4,73.91,95.26,17,17.1
76627,32.109,-97.396,48217,Hill County,yes,yes,yes,TEXAS-NEW MEXICO POWER COMPANY,Wires company (TDU),base_tdsp,ERCOT,15.1,,"HILCO Electric Cooperative, Inc.; Heart of Texas Electric Coop",,58.6,71.637,37.737,62.246,Top 13% for homeownership; Top 13% for severe-weather risk (FEMA); Top 20% for all-electric heating,383,1736,70375,0.908,0.574,126900,5.1,0.807,8.54,28,80.12,91.22,63.14,91.23,34.58,87.95,99.55,85.63,98.76,16,4.5
75094,33.022,-96.615,48085,Collin County,yes,yes,yes,ONCOR ELECTRIC DELIVERY COMPANY,Wires company (TDU),base_tdsp,ERCOT,12.6,,"Grayson-Collin Elec Coop, Inc",,58.5,20.648,78.722,88.742,Top 1% for home size; Top 1% for household income; Top 6% for home value,8637,24200,171476,0.928,0.965,539200,8,0.233,5.38,5.6,57.391,79.31,34.86,55.23,48.66,36.86,58.4,68.08,99.65,14,29.1
75225,32.865,-96.79,48113,Dallas County,yes,yes,yes,ONCOR ELECTRIC DELIVERY COMPANY,Wires company (TDU),base_tdsp,ERCOT,12.6,,,,58.5,34.878,83.62,64.744,Top 1% for home value; Top 1% for household income; Top 1% for home size,5678,22237,200234,0.759,0.664,1671900,8,0.469,9.52,4.5,60.273,58.48,37.65,65.56,43.05,32.29,70.39,94.9,78.07,11,5.5
75474,32.924,-96.109,48231,Hunt County,yes,yes,yes,ONCOR ELECTRIC DELIVERY COMPANY,Wires company (TDU),base_tdsp,ERCOT,12.6,,"Farmers Electric Coop, Inc - (TX)",,58.5,64.648,52.772,56.071,Top 14% for severe-weather risk (FEMA); Top 14% for new-home growth; Top 18% for all-electric heating,4071,17671,64103,0.822,0.599,191400,5.3,0.82,6.64,26,79.423,73.59,39.33,94.56,64.88,85.12,87.03,87.91,97.13,13,22.8
78414,27.662,-97.372,48355,Nueces County,yes,yes,yes,AEP TEXAS CENTRAL,Wires company (TDU),base_tdsp,ERCOT,12.05,,,,58.5,62.45,59.608,52.081,Top 8% for all-electric heating; Top 17% for household income,12960,54263,98771,0.621,0.668,292600,5.2,0.899,8.18,18,71.05,73.24,94.45,47.72,48.83,62.41,90.57,86.22,67.15,9,12.4
79772,31.422,-103.627,48389,Reeves County,yes,yes,yes,AEP TEXAS NORTH,Wires company (TDU),base_tdsp,ERCOT,13.3,,"Rio Grande Electric Coop, Inc",,58.5,73.472,47.056,49.911,Top 9% for long-term owners; Top 9% for outage hours per customer; Top 14% for major outage days,3296,11987,63347,0.741,0.715,120400,5.8,0.45,21.18,39.8,74.231,90.67,40.11,94.78,97.5,99.35,57.9,71.2,58.78,21,5.6
75249,32.636,-96.965,48113,Dallas County,yes,yes,yes,ONCOR ELECTRIC DELIVERY COMPANY,Wires company (TDU),base_tdsp,ERCOT,12.6,,,,58.4,42.479,81.589,56.383,Top 14% for home size; Top 15% for all-electric heating,4731,16447,85500,0.748,0.973,286000,6.1,0.831,9.52,4.5,57.747,45.42,30.67,54.83,45.44,30.66,78.95,96.73,66.95,13,5.5
75833,31.269,-95.844,48289,Leon County,yes,yes,yes,ONCOR ELECTRIC DELIVERY COMPANY,Wires company (TDU),base_tdsp,ERCOT,12.6,,"Houston County Elec Coop Inc; Mid-South Electric Coop Assn; Navasota Valley Elec Coop, Inc; Entergy Texas Inc.",,58.4,84.568,36.578,45.387,Top 2% for outage hours per customer; Top 4% for major outage days; Top 22% for severe-weather risk (FEMA),865,3550,69338,0.781,0.634,179500,5,0.687,27.83,62.2,75.811,84.9,81.97,62.98,59.23,86.57,98.61,60.8,80.52,14,0
77494,29.744,-95.831,48157,Fort Bend County,yes,yes,yes,CENTERPOINT ENERGY HOUSTON ELECTRIC LLC,Wires company (TDU),base_tdsp,ERCOT,13.0,,Entergy Texas Inc.,,58.4,37.5,78.399,66.15,Top 2% for home size; Top 3% for household income; Top 5% for new-home growth,38219,140157,148720,0.709,0.807,476200,7.3,0.354,5.55,3.2,74.07,81.17,91.69,75.65,28.48,69.72,74.55,84.08,94.32,9,35.7
78569,26.368,-97.744,48489,Willacy County,yes,yes,yes,AEP TEXAS CENTRAL,Wires company (TDU),base_tdsp,ERCOT,12.05,,Magic Valley Electric Coop Inc,,58.4,62.813,49.947,61.008,Top 3% for long-term owners; Top 9% for all-electric heating; Top 12% for homeownership,1447,4342,58950,0.912,0.867,117000,5.4,0.892,14.15,22.2,63.946,94.3,95.74,68.77,45.23,26.76,99.75,68.91,42.46,25,8.4
76020,32.9,-97.561,48367,Parker County,yes,yes,yes,AEP TEXAS NORTH,Wires company (TDU),base_tdsp,ERCOT,12.65,,Wise Electric Coop Inc,,58.3,41.017,81.738,58.002,Top 12% for all-electric heating; Top 16% for home size,9795,34602,87298,0.777,0.736,299300,6,0.867,6.86,17.1,56.893,50.66,34.25,59.67,38.03,28.16,69.16,78.31,90.67,11,8.4
76052,32.986,-97.375,48439,Tarrant County,yes,yes,yes,ONCOR ELECTRIC DELIVERY COMPANY,Wires company (TDU),base_tdsp,ERCOT,12.6,,"Denton County Elec Coop, Inc; Tri-County Electric Coop, Inc (TX); Wise Electric Coop Inc",,58.3,29.107,83.257,72.395,Top 3% for household income; Top 4% for home size; Top 9% for home value,11117,34249,143555,0.844,0.933,441800,6.9,0.601,5.45,3.8,62.931,62.14,38.79,71.45,52.95,41.95,62.64,84.57,88.17,7,13.2
76262,33.009,-97.227,48121,Denton County,yes,yes,yes,ONCOR ELECTRIC DELIVERY COMPANY,Wires company (TDU),base_tdsp,ERCOT,12.6,,"Denton County Elec Coop, Inc; Tri-County Electric Coop, Inc (TX)",,58.3,32.088,83.014,68.494,Top 3% for household income; Top 4% for home size; Top 5% for home value,12297,43620,151250,0.733,0.748,577100,7,0.55,4.58,4.6,67.419,77.01,40.43,81.62,58.78,49.3,63.11,82.96,95.73,11,22.9
76486,33.015,-98.053,48237,Jack County,yes,yes,yes,ONCOR ELECTRIC DELIVERY COMPANY,Wires company (TDU),base_tdsp,ERCOT,12.6,,,,58.2,59.172,70.466,44.776,Top 12% for home value; Top 20% for home size; Top 25% for major outage days,310,1123,69808,0.733,0.72,408600,5.9,0.465,11.39,28.2,70.817,71.09,48.44,63.69,60.4,84.91,66.29,84.21,87.78,13,3.6
77461,29.383,-95.806,48157,Fort Bend County,yes,yes,yes,CENTERPOINT ENERGY HOUSTON ELECTRIC LLC,Wires company (TDU),base_tdsp,ERCOT,13.0,,,,58.2,38.214,68.721,74.305,Top 5% for new-home growth; Top 16% for home size; Top 20% for household income,3790,12365,93446,0.797,0.832,275300,6,0.538,5.55,3.2,71.809,83.57,92.15,72.03,25.47,69.4,69.95,82.5,91.16,15,35.7
77536,29.698,-95.121,48201,Harris County,yes,yes,yes,CENTERPOINT ENERGY HOUSTON ELECTRIC LLC,Wires company (TDU),base_tdsp,ERCOT,13.0,,,,58.2,42.788,64.77,72.071,Top 14% for home size; Top 16% for household income; Top 19% for outage hours per customer,10207,33174,102045,0.8,0.826,264600,6.1,0.285,15.94,5.5,60.157,71.56,90.65,48.87,21.33,30.04,69.67,70.78,89.76,15,11.1
77963,28.652,-97.406,48175,Goliad County,yes,yes,yes,AEP TEXAS CENTRAL,Wires company (TDU),base_tdsp,ERCOT,12.05,,"Karnes Electric Coop Inc; San Patricio Electric Coop Inc; Victoria Electric Coop, Inc",,58.2,75.429,51.118,42.207,Top 14% for outage hours per customer; Top 23% for all-electric heating; Top 24% for homeownership,1495,5191,56804,0.849,0.749,185900,5.3,0.789,16.64,21.9,72.423,92.15,97.87,56.31,54.39,63.57,83.94,67.98,82.9,13,1.4
75442,33.174,-96.356,48085,Collin County,yes,yes,yes,ONCOR ELECTRIC DELIVERY COMPANY,Wires company (TDU),base_tdsp,ERCOT,13.6,,"Grayson-Collin Elec Coop, Inc",,58.0,36.635,75.039,69.601,Top 7% for new-home growth; Top 16% for home value; Top 16% for home size,3382,10805,95250,0.816,0.814,364000,6,0.599,5.38,5.6,67.144,85.76,42.81,65.13,58.14,51.43,72.52,80.25,99.73,11,29.1
77577,29.284,-95.282,48039,Brazoria County,yes,yes,yes,CENTERPOINT ENERGY HOUSTON ELECTRIC LLC,Wires company (TDU),base_tdsp,ERCOT,13.0,,,,58.0,51.566,54.471,69.976,Top 10% for new-home growth; Top 16% for homeownership,413,1562,70938,0.89,0.688,253000,5.3,0.698,14.34,26.6,56.079,76.76,91.29,60.13,18.86,37.26,52.23,57.59,75.19,16,26.6
76240,33.662,-97.176,48097,Cooke County,yes,yes,yes,ONCOR ELECTRIC DELIVERY COMPANY,Wires company (TDU),base_tdsp,ERCOT,12.6,,"Cooke County Elec Coop Assn; Denton County Elec Coop, Inc; Grayson-Collin Elec Coop, Inc",,57.9,71.682,52.089,45.501,Top 14% for severe-weather risk (FEMA),7626,29419,71502,0.674,0.768,227100,5.4,0.62,13.49,26.1,79.599,91.41,51.84,97.14,65.68,93.63,61.92,87.76,99.22,13,7.5
76518,30.853,-97.149,48331,Milam County,yes,yes,yes,ONCOR ELECTRIC DELIVERY COMPANY,Wires company (TDU),base_tdsp,ERCOT,12.6,,"Bartlett Electric Coop, Inc; Heart of Texas Electric Coop; Entergy Texas Inc.",,57.9,75.691,42.31,49.911,Top 3% for long-term owners; Top 15% for severe-weather risk (FEMA); Top 23% for major outage days,305,1031,59333,0.784,0.77,225000,5.1,0.654,15.2,29.8,79.077,81.19,83.62,60.89,75.2,77.34,90.14,71.87,94.48,25,4.9
75126,32.743,-96.453,48257,Kaufman County,yes,yes,yes,ONCOR ELECTRIC DELIVERY COMPANY,Wires company (TDU),base_tdsp,ERCOT,12.6,,,,57.8,35.972,77.616,67.029,Top 8% for home size; Top 13% for new-home growth; Top 14% for household income,26255,84799,103673,0.805,0.915,361100,6.4,0.566,5.94,20.5,60.98,48.97,40.88,31,58.98,56.19,77.65,87.42,74.74,7,22.9
75436,33.713,-95.241,48387,Red River County,yes,yes,yes,TEXAS-NEW MEXICO POWER COMPANY,Wires company (TDU),base_tdsp,ERCOT,15.1,,Lamar County Elec Coop Assn,,57.8,58.824,55.62,58.781,Top 23% for household income,687,2454,90043,0.779,0.728,201400,5.7,0.54,10.06,22.1,71.563,80.03,50.08,99.9,51.78,73.2,65.5,71.35,89.13,13,2.6
75476,33.708,-96.241,48147,Fannin County,yes,yes,yes,ONCOR ELECTRIC DELIVERY COMPANY,Wires company (TDU),base_tdsp,ERCOT,12.6,,,,57.8,61.406,54.165,56.478,Top 7% for severe-weather risk (FEMA); Top 10% for homeownership; Top 18% for long-term owners,331,1111,57697,0.926,0.775,249300,5.4,0.609,7.15,19,83.207,92.45,51.5,98.52,63.78,90.44,84.17,95.77,98.27,18,5.7
77597,29.836,-94.702,48071,Chambers County,yes,yes,yes,CENTERPOINT ENERGY HOUSTON ELECTRIC LLC,Wires company (TDU),base_tdsp,ERCOT,13.0,,Entergy Texas Inc.,,57.8,81.871,29.14,54.457,Top 3% for new-home growth; Top 9% for major outage days; Top 12% for all-electric heating,125,623,,0.704,0.522,,3.5,0.861,18.05,49.6,72.713,74.97,90.08,79.6,38.6,67.36,74.37,66.11,92.87,13,42.3
75477,33.53,-95.738,48277,Lamar County,yes,yes,yes,ONCOR ELECTRIC DELIVERY COMPANY,Wires company (TDU),base_tdsp,ERCOT,12.6,,"Farmers Electric Coop, Inc - (TX); Lamar County Elec Coop Assn",,57.7,49.515,66.231,59.948,Top 4% for severe-weather risk (FEMA); Top 8% for home size; Top 23% for household income,272,846,90469,0.838,0.898,216300,6.4,0.511,3.79,16.1,85.01,86.37,55.69,98.92,82.3,83.15,91.52,84.54,98.95,11,2.1
75423,33.285,-96.2,48231,Hunt County,yes,yes,yes,ONCOR ELECTRIC DELIVERY COMPANY,Wires company (TDU),base_tdsp,ERCOT,13.6,,"Grayson-Collin Elec Coop, Inc",,57.6,61.217,63.813,46.631,Top 7% for severe-weather risk (FEMA); Top 14% for new-home growth,845,3104,59375,0.809,0.708,252900,5.7,0.614,6.64,26,82.714,79.52,46.54,97.65,67.96,88.03,89.43,90.59,98.8,10,22.8
77375,30.095,-95.586,48201,Harris County,yes,yes,yes,CENTERPOINT ENERGY HOUSTON ELECTRIC LLC,Wires company (TDU),base_tdsp,ERCOT,13.0,,Mid-South Electric Coop Assn; Entergy Texas Inc.,,57.6,49.783,69.813,55.956,Top 14% for home size; Top 15% for household income; Top 19% for outage hours per customer,19412,72311,102488,0.698,0.783,332300,6.1,0.406,15.94,5.5,64.957,75.72,91.38,55.14,22.83,41.65,74.77,76.09,92.84,9,11.1
77479,29.567,-95.636,48157,Fort Bend County,yes,yes,yes,CENTERPOINT ENERGY HOUSTON ELECTRIC LLC,Wires company (TDU),base_tdsp,ERCOT,13.0,,,,57.6,26.373,77.559,79.143,Top 2% for home size; Top 2% for household income; Top 5% for new-home growth,29333,92221,156735,0.827,0.898,478300,7.5,0.236,5.55,3.2,64.979,59.44,89.42,65.7,23.93,51.46,62.37,76.16,85.81,12,35.7
78877,28.951,-100.593,48323,Maverick County,yes,yes,yes,AEP TEXAS CENTRAL,Wires company (TDU),base_tdsp,ERCOT,12.05,,"Medina Electric Coop, Inc; Rio Grande Electric Coop, Inc",,57.6,52.848,87.891,33.657,Top 4% for all-electric heating; Top 8% for home size; Top 18% for long-term owners,181,648,43998,0.728,1,313600,6.4,0.948,8.48,19.8,62.133,92.47,65.49,7.78,73.38,57.74,58.59,94.43,77.52,18,3.7
75019,32.963,-96.985,48113,Dallas County,yes,yes,yes,ONCOR ELECTRIC DELIVERY COMPANY,Wires company (TDU),base_tdsp,ERCOT,12.6,,"Denton County Elec Coop, Inc",,57.5,42.473,77.74,57.305,Top 4% for household income; Top 5% for home value; Top 10% for home size,10935,44917,141923,0.633,0.701,559500,6.3,0.478,9.52,4.5,66.524,74.52,40.45,70.84,53.92,45.14,78.76,95.87,80.69,12,5.5
75402,33.068,-96.088,48231,Hunt County,yes,yes,yes,ONCOR ELECTRIC DELIVERY COMPANY,Wires company (TDU),base_tdsp,ERCOT,12.6,,City of Greenville - (TX),,57.5,60.455,58.85,52.272,Top 8% for severe-weather risk (FEMA); Top 14% for new-home growth,5171,20098,77877,0.669,0.773,273300,5.5,0.597,6.64,26,82.393,79.71,42.47,98.17,73.52,87.85,88.22,88.27,98.25,12,22.8
76502,31.104,-97.412,48027,Bell County,yes,yes,yes,ONCOR ELECTRIC DELIVERY COMPANY,Wires company (TDU),base_tdsp,ERCOT,12.6,,"Bartlett Electric Coop, Inc; Heart of Texas Electric Coop",,57.4,54.92,68.454,49.678,Top 12% for all-electric heating; Top 19% for new-home growth,12984,52669,82088,0.641,0.752,272500,5.5,0.864,8.1,11.4,67.519,48.86,61.58,44.36,81.26,49.47,76.17,68.65,91.14,10,17.1
77388,30.058,-95.471,48201,Harris County,yes,yes,yes,CENTERPOINT ENERGY HOUSTON ELECTRIC LLC,Wires company (TDU),base_tdsp,ERCOT,13.0,,,,57.4,44.266,72.26,59.968,Top 6% for home size; Top 15% for household income; Top 19% for outage hours per customer,13808,53425,102323,0.672,0.783,288300,6.6,0.432,15.94,5.5,60.034,65.68,89.42,46.79,20.75,31.24,70.23,71.48,90.33,13,11.1
77469,29.483,-95.68,48157,Fort Bend County,yes,yes,yes,CENTERPOINT ENERGY HOUSTON ELECTRIC LLC,Wires company (TDU),base_tdsp,ERCOT,13.0,,,,57.4,40.497,70.263,66.982,Top 5% for new-home growth; Top 14% for home size; Top 15% for household income,21323,69826,102125,0.794,0.841,327200,6.1,0.445,5.55,3.2,76.091,89.58,93.5,78.43,28.62,72.49,76.22,87.86,95.52,8,35.7
78016,29.172,-98.967,48325,Medina County,yes,yes,yes,AEP TEXAS CENTRAL,Wires company (TDU),base_tdsp,ERCOT,12.05,,"City of San Antonio - (TX); Karnes Electric Coop Inc; Medina Electric Coop, Inc",,57.4,64.129,62.615,43.113,Top 14% for major outage days; Top 17% for all-electric heating,3146,11670,60736,0.816,0.701,221500,5.5,0.822,12.2,39.2,65.543,66.64,58.76,32.1,82.67,92.09,52.9,74.99,65.29,12,3.3
76577,30.627,-97.17,48331,Milam County,yes,yes,yes,ONCOR ELECTRIC DELIVERY COMPANY,Wires company (TDU),base_tdsp,ERCOT,12.6,,"Bartlett Electric Coop, Inc; Bluebonnet Electric Coop, Inc; Heart of Texas Electric Coop; Entergy Texas Inc.",,57.3,73.683,51.244,41.492,Top 18% for severe-weather risk (FEMA); Top 23% for major outage days; Top 23% for outage hours per customer,821,3128,64107,0.732,0.683,218400,5.4,0.623,15.2,29.8,77.59,72.57,79.54,58.6,76.88,73.2,89.93,72.26,92.72,13,4.9
76579,31.196,-97.265,48027,Bell County,yes,yes,yes,ONCOR ELECTRIC DELIVERY COMPANY,Wires company (TDU),base_tdsp,ERCOT,12.6,,"Bartlett Electric Coop, Inc; Heart of Texas Electric Coop",,57.3,57.886,61.887,51.988,Top 8% for all-electric heating; Top 19% for new-home growth,1380,5448,85480,0.659,0.787,229700,5.4,0.893,8.1,11.4,69.267,54.96,69.42,45.7,80.08,55.7,75.8,66.52,91.65,10,17.1
78362,27.854,-97.197,48409,San Patricio County,yes,yes,yes,AEP TEXAS CENTRAL,Wires company (TDU),base_tdsp,ERCOT,12.05,,,,57.3,73.463,44.646,48.367,Top 8% for all-electric heating; Top 22% for major outage days; Top 22% for new-home growth,2745,10816,71058,0.66,0.701,191200,5,0.9,9.9,30,75.373,86.61,96.26,55.93,53.65,63.12,94.46,88.2,75.99,13,14.8
75022,33.035,-97.125,48121,Denton County,yes,yes,yes,ONCOR ELECTRIC DELIVERY COMPANY,Wires company (TDU),base_tdsp,ERCOT,12.6,,"Denton County Elec Coop, Inc",,57.1,22.491,80.618,79.733,Top 1% for home size; Top 1% for household income; Top 3% for home value,8398,26090,177357,0.847,0.837,657400,8.2,0.335,4.58,4.6,62.387,62.71,36.52,79.95,48.91,45.66,54.75,74.73,96.19,12,22.9
75479,33.618,-96.333,48147,Fannin County,yes,yes,yes,ONCOR ELECTRIC DELIVERY COMPANY,Wires company (TDU),base_tdsp,ERCOT,12.6,,"Grayson-Collin Elec Coop, Inc",,57.1,58.055,62.604,50.297,Top 15% for severe-weather risk (FEMA); Top 20% for home size,663,2284,74803,0.778,0.755,209500,5.9,0.591,7.15,19,79.269,75.31,49.15,96.83,55.96,87.43,76.01,93.72,95.78,11,5.7
76058,32.47,-97.424,48251,Johnson County,yes,yes,yes,ONCOR ELECTRIC DELIVERY COMPANY,Wires company (TDU),base_tdsp,ERCOT,12.6,,United Electric Coop Service Inc - (TX),,57.1,55.108,64.909,51.997,Top 11% for new-home growth; Top 14% for all-electric heating,4395,22276,71328,0.745,0.513,275900,5.4,0.838,5.73,17.9,71.661,67.29,42.89,80.14,36.25,72.93,84.6,86.02,98.8,11,23.7
76542,31.01,-97.742,48027,Bell County,yes,yes,yes,ONCOR ELECTRIC DELIVERY COMPANY,Wires company (TDU),base_tdsp,ERCOT,12.6,,"Bartlett Electric Coop, Inc; Heart of Texas Electric Coop",,57.1,57.948,67.418,45.611,Top 5% for all-electric heating; Top 19% for new-home growth,13535,53892,74055,0.653,0.729,244000,5.5,0.928,8.1,11.4,68.911,56.94,57.63,45.65,84.05,51.2,79.32,73.23,91.3,10,17.1
77095,29.91,-95.651,48201,Harris County,yes,yes,yes,CENTERPOINT ENERGY HOUSTON ELECTRIC LLC,Wires company (TDU),base_tdsp,ERCOT,13.0,,,,57.1,41.842,73.151,61.23,Top 5% for home size; Top 19% for outage hours per customer; Top 22% for household income,18944,69767,91594,0.706,0.77,315500,6.7,0.4,15.94,5.5,57.586,56.04,88.05,40.99,19.91,30.79,67.06,67.91,88.39,14,11.1
77515,29.173,-95.452,48039,Brazoria County,yes,yes,yes,CENTERPOINT ENERGY HOUSTON ELECTRIC LLC,Wires company (TDU),base_tdsp,ERCOT,13.8,,"Jackson Electric Coop, Inc - (TX)",,57.1,56.601,50.094,64.859,Top 10% for new-home growth; Top 24% for household income,9780,34088,88787,0.746,0.796,226200,5.4,0.57,14.34,26.6,64.711,82.1,93.68,67.97,22.89,42.19,64.86,75.44,85.95,13,26.6
77554,29.252,-94.924,48167,Galveston County,yes,yes,yes,CENTERPOINT ENERGY HOUSTON ELECTRIC LLC,Wires company (TDU),base_tdsp,ERCOT,13.0,,,,57.1,59.796,55.336,55.404,Top 8% for home value; Top 11% for outage hours per customer; Top 15% for all-electric heating,2755,10414,86490,0.688,0.77,466800,4.9,0.835,20.41,26.1,54.581,75.46,91.88,53.34,16.83,22.77,90.67,42.98,63.6,11,17.5
78372,27.988,-98.067,48249,Jim Wells County,yes,yes,yes,AEP TEXAS CENTRAL,Wires company (TDU),base_tdsp,ERCOT,12.1,,Nueces Electric Cooperative; San Patricio Electric Coop Inc,,57.1,77.562,57.865,28.957,Top 9% for all-electric heating; Top 14% for severe-weather risk (FEMA),1351,5383,52237,0.781,0.653,161900,5.5,0.891,11.49,28,79.459,90.15,94.06,87.68,47.37,70.04,99.48,84.11,73.47,11,0.4
75459,33.533,-96.671,48181,Grayson County,yes,yes,yes,ONCOR ELECTRIC DELIVERY COMPANY,Wires company (TDU),base_tdsp,ERCOT,12.6,,"Grayson-Collin Elec Coop, Inc",,57.0,61.835,59.371,48.13,Top 12% for new-home growth; Top 19% for severe-weather risk (FEMA),1797,6554,71228,0.724,0.713,258300,5.4,0.723,7.16,22.5,77.299,73.06,50.41,93.3,60.58,70.19,83.43,90.56,92.62,9,23.5
76064,32.302,-97.037,48139,Ellis County,yes,yes,yes,ONCOR ELECTRIC DELIVERY COMPANY,Wires company (TDU),base_tdsp,ERCOT,12.6,,,,57.0,57.393,56.613,56.905,Top 4% for new-home growth; Top 19% for home value,666,2513,73125,0.69,0.875,343300,5.2,0.732,7.79,23.2,70.807,84.87,48.5,55.03,68.45,57.66,90.98,88.66,86.37,15,35.9
76226,33.115,-97.174,48121,Denton County,yes,yes,yes,ONCOR ELECTRIC DELIVERY COMPANY,Wires company (TDU),base_tdsp,ERCOT,12.6,,"Denton County Elec Coop, Inc; Tri-County Electric Coop, Inc (TX)",,57.0,22.026,80.629,79.955,Top 1% for household income; Top 1% for home size; Top 4% for home value,15691,43587,180982,0.936,0.978,606100,7.9,0.369,4.58,4.6,61.734,61.78,36.47,79.36,46.78,45.98,54.27,73.39,95.89,7,22.9
76431,33.332,-97.868,48497,Wise County,yes,yes,yes,ONCOR ELECTRIC DELIVERY COMPANY,Wires company (TDU),base_tdsp,ERCOT,12.6,,Wise Electric Coop Inc,,57.0,47.198,57.49,69.697,Top 19% for major outage days; Top 22% for homeownership,1298,4494,86875,0.857,0.751,194700,5.7,0.608,7.28,33.2,63.99,57.41,36.45,73.08,47.39,72.77,56.79,83.85,77.6,14,8.8
75035,33.157,-96.779,48085,Collin County,yes,yes,yes,ONCOR ELECTRIC DELIVERY COMPANY,Wires company (TDU),base_tdsp,ERCOT,12.6,,"Denton County Elec Coop, Inc; Grayson-Collin Elec Coop, Inc",,56.9,28.695,80.103,71.442,Top 2% for household income; Top 2% for home size; Top 4% for home value,26456,89682,166590,0.767,0.851,608900,7.4,0.368,5.38,5.6,64.153,85.67,38.28,64.47,57.29,46.41,66.87,76.01,99.74,10,29.1
75424,33.322,-96.379,48085,Collin County,yes,yes,yes,ONCOR ELECTRIC DELIVERY COMPANY,Wires company (TDU),base_tdsp,ERCOT,13.6,,"Grayson-Collin Elec Coop, Inc",,56.8,30.769,74.472,73.697,Top 7% for new-home growth; Top 18% for homeownership; Top 24% for home value,1183,3790,89157,0.88,0.812,312300,5.8,0.745,5.38,5.6,57.803,74.8,44.64,48.4,46.85,36.08,60.66,68.35,99.64,12,29.1
77957,29.042,-96.69,48239,Jackson County,yes,yes,yes,AEP TEXAS CENTRAL,Wires company (TDU),base_tdsp,ERCOT,12.05,,"Guadalupe Valley Elec Coop Inc; Jackson Electric Coop, Inc - (TX); San Bernard Electric Coop, Inc; Victoria Electric Coop, Inc; Wharton County Elec Coop, Inc",,56.8,69.09,60.448,36.894,Top 6% for severe-weather risk (FEMA); Top 24% for long-term owners; Top 24% for home size,2323,9069,62926,0.666,0.74,168800,5.8,0.691,9.66,12.8,83.631,98.31,99.48,88.58,61.64,68.19,92.37,86.47,88.69,17,0.2
78413,27.683,-97.406,48355,Nueces County,yes,yes,yes,AEP TEXAS CENTRAL,Wires company (TDU),base_tdsp,ERCOT,12.1,,,,56.8,61.413,58.397,49.062,Top 16% for all-electric heating,7543,34289,72815,0.572,0.591,244200,5.3,0.827,8.18,18,71.177,71.95,94.3,47.73,48.85,62.71,90.94,86.4,67.31,16,12.4
79510,32.266,-99.519,48059,Callahan County,yes,yes,yes,AEP TEXAS NORTH,Wires company (TDU),base_tdsp,ERCOT,12.7,,Comanche County Elec Coop Assn,,56.8,61.189,48.564,59.3,Top 19% for major outage days,2623,8369,78686,0.815,0.817,161000,5.4,0.716,14.52,32.8,63.634,63.3,43.14,12.17,91.86,90.76,46.71,71.08,89.72,15,2
78410,27.838,-97.596,48355,Nueces County,yes,yes,yes,AEP TEXAS CENTRAL,Wires company (TDU),base_tdsp,ERCOT,12.1,,San Patricio Electric Coop Inc,,56.7,62.924,53.543,51.432,Top 16% for all-electric heating,7606,29040,79308,0.681,0.703,235200,5.2,0.827,8.18,18,72.753,74.64,95.09,50.34,48.44,68.94,89.44,86.52,70.5,12,12.4
75667,31.988,-94.844,48401,Rusk County,yes,yes,yes,ONCOR ELECTRIC DELIVERY COMPANY,Wires company (TDU),base_tdsp,ERCOT,12.6,,Cherokee County Elec Coop Assn - (TX); Southwestern Electric Power Co,,56.6,78.127,44.454,39.989,Top 9% for outage hours per customer; Top 10% for major outage days; Top 17% for severe-weather risk (FEMA),385,1413,61065,0.819,0.71,105400,5.7,0.513,20.88,45.8,78.294,39.73,74.33,84.19,70.51,95.71,70.2,81.62,71.5,12,0.3
75835,31.285,-95.491,48225,Houston County,yes,yes,yes,ONCOR ELECTRIC DELIVERY COMPANY,Wires company (TDU),base_tdsp,ERCOT,12.6,,Houston County Elec Coop Inc; Mid-South Electric Coop Assn; Entergy Texas Inc.,,56.6,84.231,48.417,27.841,Top 6% for outage hours per customer; Top 10% for major outage days; Top 14% for severe-weather risk (FEMA),3124,12439,53611,0.653,0.693,172200,5.4,0.659,23.09,47.2,79.647,79.72,83.25,78.07,63.32,84.4,95.76,76.03,76.7,15,0.4
76182,32.886,-97.208,48439,Tarrant County,yes,yes,yes,ONCOR ELECTRIC DELIVERY COMPANY,Wires company (TDU),base_tdsp,ERCOT,12.6,,,,56.6,21.906,82.48,77.121,Top 7% for home size; Top 7% for household income; Top 12% for home value,9526,30242,120558,0.819,0.925,403000,6.5,0.641,5.45,3.8,52.819,45.23,34.51,54.32,46.96,17.7,54.25,78.61,83.38,14,13.2
76310,33.799,-98.51,48009,Archer County,yes,yes,yes,ONCOR ELECTRIC DELIVERY COMPANY,Wires company (TDU),base_tdsp,ERCOT,13.6,,,,56.6,59.264,60.333,49.296,,5298,19029,82183,0.724,0.765,224600,5.7,0.606,11.26,23.9,69.083,56.87,41.99,81.07,66.97,82.75,53.5,77.12,80.18,12,2.6
76435,32.243,-98.857,48133,Eastland County,yes,yes,yes,ONCOR ELECTRIC DELIVERY COMPANY,Wires company (TDU),base_tdsp,ERCOT,12.6,,Comanche County Elec Coop Assn,,56.6,59.541,57.915,51.237,Top 15% for outage hours per customer; Top 18% for major outage days; Top 20% for home size,215,726,76667,0.828,0.77,148000,5.9,0.648,16.01,33.5,60.756,42.41,49.32,34.39,67.59,75.35,80.62,47.74,70.28,10,1.8
77568,29.363,-94.98,48167,Galveston County,yes,yes,yes,CENTERPOINT ENERGY HOUSTON ELECTRIC LLC,Wires company (TDU),base_tdsp,ERCOT,13.8,,,,56.6,60.557,57.863,50.127,Top 11% for outage hours per customer; Top 18% for new-home growth,6392,23083,74694,0.72,0.856,230400,5.7,0.522,20.41,26.1,64.644,74.08,90.78,74.15,17.94,30.37,96.85,63.92,78.5,10,17.5
75454,33.286,-96.566,48085,Collin County,yes,yes,yes,ONCOR ELECTRIC DELIVERY COMPANY,Wires company (TDU),base_tdsp,ERCOT,12.6,,"Grayson-Collin Elec Coop, Inc",,56.5,24.194,78.644,77.563,Top 2% for home size; Top 4% for household income; Top 7% for new-home growth,7834,22990,138827,0.886,0.914,456100,7.3,0.384,5.38,5.6,60.193,84.53,38.31,54.64,52.07,40.04,63.34,73.1,99.85,6,29.1
76357,34.082,-98.185,48077,Clay County,yes,yes,yes,TEXAS-NEW MEXICO POWER COMPANY,Wires company (TDU),base_tdsp,ERCOT,15.1,,,,56.5,55.806,50.917,62.863,Top 8% for homeownership; Top 15% for severe-weather risk (FEMA); Top 20% for home size,171,525,74318,0.95,0.851,143800,5.9,0.427,7.52,19,79.093,83.08,48.37,86.22,75.8,95.21,65.7,85.14,97.21,15,1.4
77024,29.772,-95.514,48201,Harris County,yes,yes,yes,CENTERPOINT ENERGY HOUSTON ELECTRIC LLC,Wires company (TDU),base_tdsp,ERCOT,13.0,,,,56.5,44.004,68.881,60.733,Top 1% for home value; Top 4% for household income; Top 19% for outage hours per customer,7878,38288,136149,0.633,0.535,1127500,5.6,0.542,15.94,5.5,57.35,76.85,91.13,51.46,19.75,33.38,60.41,59.48,85.84,12,11.1
77339,30.047,-95.221,48201,Harris County,yes,yes,yes,CENTERPOINT ENERGY HOUSTON ELECTRIC LLC,Wires company (TDU),base_tdsp,ERCOT,13.0,,Mid-South Electric Coop Assn; Entergy Texas Inc.,,56.5,54.667,67.095,48.224,Top 16% for home size; Top 19% for outage hours per customer,9575,44538,84102,0.559,0.654,297500,6,0.42,15.94,5.5,68.531,83.14,90.82,62.42,33.82,43.96,77.42,76.57,94.71,12,11.1
75089,32.937,-96.552,48113,Dallas County,yes,yes,yes,ONCOR ELECTRIC DELIVERY COMPANY,Wires company (TDU),base_tdsp,ERCOT,12.6,,City of Garland - (TX),,56.4,33.403,76.609,66.915,Top 4% for home size; Top 8% for household income; Top 14% for home value,10398,35619,118318,0.759,0.863,382400,7,0.395,9.52,4.5,59.88,54.67,34.13,60.53,45.17,34.54,77.79,96.05,70.95,14,5.5
76054,32.859,-97.179,48439,Tarrant County,yes,yes,yes,ONCOR ELECTRIC DELIVERY COMPANY,Wires company (TDU),base_tdsp,ERCOT,12.6,,,,56.4,20.263,80.174,80.767,Top 4% for home size; Top 11% for household income; Top 15% for home value,3902,11744,109881,0.864,0.898,377800,6.9,0.56,5.45,3.8,53.984,58.76,37.38,62.24,46.57,18.58,51.26,76.07,85.79,16,13.2
76430,32.79,-99.242,48417,Shackelford County,yes,yes,yes,AEP TEXAS NORTH,Wires company (TDU),base_tdsp,ERCOT,12.65,,"Big Country Electric Coop, Inc; Comanche County Elec Coop Assn",,56.4,48.711,65.422,57.754,Top 10% for home size,723,2395,77102,0.785,0.848,202400,6.3,0.547,9.34,10.8,67.897,74.36,50.55,40.32,79.18,94.06,62.61,63.68,84.88,13,
75414,33.624,-96.428,48181,Grayson County,yes,yes,yes,ONCOR ELECTRIC DELIVERY COMPANY,Wires company (TDU),base_tdsp,ERCOT,13.6,,"Grayson-Collin Elec Coop, Inc",,56.3,51.772,55.544,63.193,Top 12% for new-home growth,1084,3719,86993,0.796,0.758,246700,5.5,0.566,7.16,22.5,71.104,53.72,48.37,90.6,50.49,57.38,76.91,86.26,87.72,10,23.5
75448,33.316,-95.789,48119,Delta County,yes,yes,yes,ONCOR ELECTRIC DELIVERY COMPANY,Wires company (TDU),base_tdsp,ERCOT,12.6,,,,56.3,67.843,43.44,53.883,Top 10% for severe-weather risk (FEMA); Top 19% for all-electric heating,281,1127,85827,0.774,0.649,172800,5.1,0.81,7.99,15.8,81.107,85.29,58.71,99.6,66.36,89.01,76.08,80.02,97.97,11,3.4
76426,33.166,-97.845,48497,Wise County,yes,yes,yes,ONCOR ELECTRIC DELIVERY COMPANY,Wires company (TDU),base_tdsp,ERCOT,12.6,,Wise Electric Coop Inc,,56.3,57.764,52.71,57.936,Top 19% for major outage days; Top 22% for household income,3355,11632,92130,0.75,0.76,268900,5.3,0.626,7.28,33.2,72.433,77.26,40.62,81.51,54.43,81.87,69.97,91.05,87.58,11,8.8
77407,29.67,-95.708,48157,Fort Bend County,yes,yes,yes,CENTERPOINT ENERGY HOUSTON ELECTRIC LLC,Wires company (TDU),base_tdsp,ERCOT,13.0,,,,56.3,39.063,74.456,61.164,Top 5% for new-home growth; Top 8% for home size; Top 15% for home value,24627,88319,98913,0.725,0.796,372000,6.4,0.424,5.55,3.2,74.891,85.15,90.55,79.26,26.52,68.29,76.69,87.84,95.09,9,35.7
75778,32.301,-95.71,48213,Henderson County,yes,yes,yes,ONCOR ELECTRIC DELIVERY COMPANY,Wires company (TDU),base_tdsp,ERCOT,12.6,,,,56.2,72.768,43.862,46.29,Top 14% for severe-weather risk (FEMA); Top 20% for all-electric heating; Top 20% for major outage days,781,3152,57589,0.763,0.645,154900,5.2,0.806,8.89,31.8,79.773,67.22,57.11,85.1,65.24,88,96.5,77.72,88.74,16,9.2
76034,32.891,-97.15,48439,Tarrant County,yes,yes,yes,ONCOR ELECTRIC DELIVERY COMPANY,Wires company (TDU),base_tdsp,ERCOT,12.6,,,,56.2,19.145,80.078,81.773,Top 1% for home size; Top 1% for household income; Top 2% for home value,9708,26103,217914,0.967,0.984,782300,10,0.228,5.45,3.8,58.536,70.69,38.88,67.98,51.84,21.27,57.48,81.7,90.6,11,13.2
76365,33.758,-98.202,48077,Clay County,yes,yes,yes,ONCOR ELECTRIC DELIVERY COMPANY,Wires company (TDU),base_tdsp,ERCOT,13.6,,,,56.2,54.637,55.14,59.469,Top 20% for home size; Top 23% for severe-weather risk (FEMA); Top 24% for long-term owners,1502,4842,78484,0.807,0.819,162300,5.9,0.521,7.52,19,75.78,77.36,47.65,81.33,70.87,92.75,63.15,80.75,93.96,17,1.4
77505,29.646,-95.14,48201,Harris County,yes,yes,yes,CENTERPOINT ENERGY HOUSTON ELECTRIC LLC,Wires company (TDU),base_tdsp,ERCOT,13.0,,,,56.2,45.988,62.102,63.985,Top 18% for household income; Top 19% for outage hours per customer; Top 24% for home size,6158,23174,98125,0.691,0.722,294800,5.8,0.361,15.94,5.5,62.5,77.36,92.02,51.07,22.2,30.44,74.73,76.97,90.07,16,11.1
77591,29.399,-94.999,48167,Galveston County,yes,yes,yes,CENTERPOINT ENERGY HOUSTON ELECTRIC LLC,Wires company (TDU),base_tdsp,ERCOT,13.8,,,,56.2,68.424,51.1,44.902,Top 11% for outage hours per customer; Top 18% for new-home growth,3898,18294,68593,0.554,0.654,222600,5.4,0.608,20.41,26.1,68.857,74.36,90.64,79.28,19.29,36.37,98.15,73.51,84.76,14,17.5
77968,28.905,-96.829,48469,Victoria County,yes,yes,yes,AEP TEXAS CENTRAL,Wires company (TDU),base_tdsp,ERCOT,12.05,,"Jackson Electric Coop, Inc - (TX); Victoria Electric Coop, Inc",,56.2,35.649,76.791,62.97,Top 14% for home size; Top 24% for long-term owners; Top 24% for homeownership,695,2605,76083,0.848,0.694,252300,6.1,0.754,3.27,11.5,65.553,81.22,95.09,53.55,47.07,45,87.12,60.59,70.45,17,2.8
77979,28.608,-96.619,48057,Calhoun County,yes,yes,yes,AEP TEXAS CENTRAL,Wires company (TDU),base_tdsp,ERCOT,12.05,,"Victoria Electric Coop, Inc",,56.1,53.292,54.44,61.411,,4730,16488,77039,0.753,0.746,156200,5.7,0.651,10.22,18,65.397,89.15,97.1,52.03,42.16,45.88,91.74,60.52,68.35,16,13.1
75831,31.474,-96.009,48289,Leon County,yes,yes,yes,ONCOR ELECTRIC DELIVERY COMPANY,Wires company (TDU),base_tdsp,ERCOT,12.6,,"Houston County Elec Coop Inc; Navasota Valley Elec Coop, Inc; Entergy Texas Inc.",,55.9,88.587,38.832,29.267,Top 2% for outage hours per customer; Top 4% for major outage days; Top 18% for severe-weather risk (FEMA),1075,4881,51935,0.713,0.573,117500,5.2,0.767,27.83,62.2,77.844,79.58,79.76,72.49,62.24,85.03,98.46,62.1,84.83,15,0
76016,32.689,-97.189,48439,Tarrant County,yes,yes,yes,ONCOR ELECTRIC DELIVERY COMPANY,Wires company (TDU),base_tdsp,ERCOT,12.6,,,,55.9,21.659,81.038,76.57,Top 6% for home size; Top 12% for household income; Top 20% for home value,10057,31280,108885,0.836,0.926,334500,6.6,0.651,5.45,3.8,51.343,56.84,39.23,48.51,45.01,16.52,51.7,75.56,82.87,14,13.2
77066,29.957,-95.503,48201,Harris County,yes,yes,yes,CENTERPOINT ENERGY HOUSTON ELECTRIC LLC,Wires company (TDU),base_tdsp,ERCOT,13.0,,,,55.9,44.471,63.34,63.604,Top 12% for home size; Top 19% for outage hours per customer,11112,39311,87138,0.735,0.862,225700,6.2,0.387,15.94,5.5,60.82,72.47,89.84,48.66,20.88,35.42,69.25,70.61,91.08,16,11.1
78052,29.204,-98.777,48013,Atascosa County,yes,yes,yes,AEP TEXAS CENTRAL,Wires company (TDU),base_tdsp,ERCOT,12.05,,"City of San Antonio - (TX); Karnes Electric Coop Inc; Medina Electric Coop, Inc",,55.9,46.409,64.032,60.311,Top 15% for all-electric heating; Top 19% for homeownership,1626,6389,71429,0.875,0.662,200400,5.6,0.834,5.74,22.9,63.176,56.68,54.54,32.12,68.29,71.36,52.75,80.9,82.27,13,8.4
75002,33.09,-96.609,48085,Collin County,yes,yes,yes,ONCOR ELECTRIC DELIVERY COMPANY,Wires company (TDU),base_tdsp,ERCOT,12.6,,"Denton County Elec Coop, Inc; Grayson-Collin Elec Coop, Inc",,55.8,23.291,78.601,76.367,Top 2% for home size; Top 4% for household income; Top 7% for new-home growth,22632,75057,137037,0.784,0.881,447800,7.4,0.374,5.38,5.6,59.261,84.24,36.3,59.01,50.43,38.33,60.32,70.61,99.83,13,29.1
75098,33.012,-96.535,48085,Collin County,yes,yes,yes,ONCOR ELECTRIC DELIVERY COMPANY,Wires company (TDU),base_tdsp,ERCOT,12.6,,"City of Garland - (TX); Grayson-Collin Elec Coop, Inc",,55.8,26.803,78.472,71.853,Top 5% for home size; Top 7% for new-home growth; Top 7% for household income,21304,69325,122089,0.799,0.869,401500,6.7,0.505,5.38,5.6,60.991,81.85,35.18,57.64,51.66,41.82,66,77.5,97.14,10,29.1
75431,33.014,-95.461,48223,Hopkins County,yes,yes,yes,ONCOR ELECTRIC DELIVERY COMPANY,Wires company (TDU),base_tdsp,ERCOT,12.6,,Southwestern Electric Power Co,,55.8,75.415,55.834,29.593,Top 1% for severe-weather risk (FEMA); Top 18% for long-term owners; Top 22% for major outage days,471,2069,43242,0.659,0.592,306900,5.3,0.656,9.96,29.9,89.271,89.11,66.25,99.49,88.75,98.46,94.68,88.55,88.72,18,4.2
76092,32.96,-97.148,48439,Tarrant County,yes,yes,yes,ONCOR ELECTRIC DELIVERY COMPANY,Wires company (TDU),base_tdsp,ERCOT,12.6,,,,55.8,18.018,80.647,81.473,Top 1% for household income; Top 1% for home size; Top 1% for home value,11468,31520,250001,0.946,0.962,1007500,10,0.262,5.45,3.8,56.917,64.76,38.85,68.13,49.24,23.48,53.41,76.75,88.56,11,13.2
77566,29.053,-95.474,48039,Brazoria County,yes,yes,yes,CENTERPOINT ENERGY HOUSTON ELECTRIC LLC,Wires company (TDU),base_tdsp,ERCOT,13.0,,,,55.8,46.801,60.219,63.23,Top 10% for new-home growth; Top 21% for household income,7514,30246,92586,0.646,0.697,262500,5.7,0.489,14.34,26.6,57.139,68.25,91.78,56.58,20.55,31.87,56.63,66.59,75.97,15,26.6
78384,27.85,-98.386,48131,Duval County,yes,yes,yes,AEP TEXAS CENTRAL,Wires company (TDU),base_tdsp,ERCOT,12.1,,Nueces Electric Cooperative,,55.8,88.408,36.756,31.442,Top 8% for major outage days; Top 9% for outage hours per customer; Top 13% for severe-weather risk (FEMA),1487,5747,47603,0.673,0.823,78100,5.2,0.817,21.18,52.4,80.02,95.24,86.9,84.95,48.18,73.92,99.89,94.28,72.02,18,
75487,33.335,-95.162,48159,Franklin County,yes,yes,yes,TEXAS-NEW MEXICO POWER COMPANY,Wires company (TDU),base_tdsp,ERCOT,15.1,,"Farmers Electric Coop, Inc - (TX); Lamar County Elec Coop Assn; Southwestern Electric Power Co",,55.7,83.394,38.119,36.459,Top 8% for outage hours per customer; Top 13% for major outage days; Top 14% for severe-weather risk (FEMA),410,1437,31912,0.861,0.742,151100,5.2,0.667,21.42,40.9,79.757,68.33,64.67,98.69,71.43,92.21,68.35,73.29,89.66,16,0.6
76126,32.636,-97.512,48439,Tarrant County,yes,yes,yes,ONCOR ELECTRIC DELIVERY COMPANY,Wires company (TDU),base_tdsp,ERCOT,12.6,,,,55.7,25.833,81.378,69.704,Top 10% for household income; Top 14% for home value; Top 16% for home size,8732,27689,113905,0.82,0.868,383700,6,0.746,5.45,3.8,54.421,52.79,41.18,53.74,42.24,20.76,58.81,77.31,86.91,10,13.2
76935,31.083,-100.424,48413,Schleicher County,yes,yes,yes,AEP TEXAS NORTH,Wires company (TDU),base_tdsp,ERCOT,12.7,,"Concho Valley Elec Coop Inc; Pedernales Electric Coop, Inc; Southwest Texas Elec Coop, Inc",,55.7,48.408,63.168,57.882,Top 6% for homeownership; Top 17% for all-electric heating; Top 21% for home value,560,1696,76250,0.989,0.859,328800,5.3,0.822,12.47,10.9,56.534,79.89,48.03,11.31,90.41,71.5,58.8,56.75,58.94,11,1
77521,29.802,-94.972,48201,Harris County,yes,yes,yes,CENTERPOINT ENERGY HOUSTON ELECTRIC LLC,Wires company (TDU),base_tdsp,ERCOT,13.0,,Entergy Texas Inc.,,55.7,62.875,58.47,43.272,Top 19% for outage hours per customer,15453,69038,73629,0.582,0.631,231400,5.6,0.607,15.94,5.5,72.551,87.41,93.37,64.03,33.69,48.53,84.61,85.86,97.77,12,11.1
76520,30.891,-96.908,48331,Milam County,yes,yes,yes,ONCOR ELECTRIC DELIVERY COMPANY,Wires company (TDU),base_tdsp,ERCOT,12.6,,"Bartlett Electric Coop, Inc; Heart of Texas Electric Coop; Entergy Texas Inc.",,55.6,76.438,42.205,41.292,Top 20% for severe-weather risk (FEMA); Top 23% for major outage days; Top 23% for outage hours per customer,2330,8426,64800,0.719,0.746,162100,5.2,0.735,15.2,29.8,76.993,72.52,82.6,58.57,72.88,74.05,88.69,69.32,92.84,13,4.9
75033,,,48121,Denton County,yes,yes,yes,ONCOR ELECTRIC DELIVERY COMPANY,Wires company (TDU),base_tdsp,ERCOT,12.6,,"Denton County Elec Coop, Inc",,55.5,28.51,81.41,65.411,Top 1% for household income; Top 2% for home size; Top 3% for home value,14132,52795,174762,0.696,0.79,652100,7.6,0.418,4.58,4.6,66.426,82.35,38.24,76.75,54.13,51.48,64.88,80.18,99.32,10,22.9
75071,33.246,-96.631,48085,Collin County,yes,yes,yes,ONCOR ELECTRIC DELIVERY COMPANY,Wires company (TDU),base_tdsp,ERCOT,12.6,,"Denton County Elec Coop, Inc; Grayson-Collin Elec Coop, Inc",,55.5,28.613,79.41,67.331,Top 3% for home size; Top 5% for household income; Top 7% for new-home growth,20850,72964,132447,0.743,0.873,481400,7.1,0.427,5.38,5.6,63.514,88.41,39.22,61.27,56,44.36,66.97,76.89,99.89,9,29.1
75229,32.893,-96.864,48113,Dallas County,yes,yes,yes,ONCOR ELECTRIC DELIVERY COMPANY,Wires company (TDU),base_tdsp,ERCOT,12.6,,,,55.4,34.962,77.37,60.755,Top 3% for home value; Top 7% for household income; Top 10% for home size,8983,33656,121469,0.694,0.732,631700,6.3,0.425,9.52,4.5,60.926,59.95,38.24,65.72,45.23,35.75,69.94,94.25,77.35,13,5.5
75416,33.683,-95.341,48277,Lamar County,yes,yes,yes,TEXAS-NEW MEXICO POWER COMPANY,Wires company (TDU),base_tdsp,ERCOT,15.1,,Lamar County Elec Coop Assn,,55.4,50.234,59.183,58.462,Top 7% for severe-weather risk (FEMA); Top 24% for long-term owners; Top 24% for home size,882,2873,75735,0.799,0.799,202500,5.8,0.574,3.79,16.1,83.057,74.6,51.83,98.5,77.89,78.54,91.68,85.19,97.77,17,2.1
76673,31.751,-96.892,48217,Hill County,yes,yes,yes,ONCOR ELECTRIC DELIVERY COMPANY,Wires company (TDU),base_tdsp,ERCOT,12.6,,Heart of Texas Electric Coop,,55.4,67.005,40.723,54.657,Top 17% for all-electric heating; Top 18% for long-term owners,298,1196,63750,0.829,0.649,115300,5.2,0.824,8.54,28,73.657,76.92,72.56,80.63,36.99,73.94,97.85,68.31,85.32,18,4.5
77905,28.735,-97.043,48469,Victoria County,yes,yes,yes,AEP TEXAS CENTRAL,Wires company (TDU),base_tdsp,ERCOT,12.05,,"Victoria Electric Coop, Inc",,55.4,35.385,73.339,64.029,Top 18% for all-electric heating; Top 20% for home size; Top 24% for homeownership,4832,16599,88585,0.85,0.757,227500,5.9,0.818,3.27,11.5,63.809,75.92,94.72,46.84,45.86,44.18,85.35,59.14,70.57,13,2.8
78045,27.834,-99.681,48479,Webb County,yes,yes,yes,AEP TEXAS CENTRAL,Wires company (TDU),base_tdsp,ERCOT,12.05,,"Medina Electric Coop, Inc; Rio Grande Electric Coop, Inc",,55.4,39.178,65.306,66.965,Top 16% for all-electric heating; Top 23% for household income; Top 24% for new-home growth,20432,67333,90608,0.789,0.829,243900,5.5,0.829,5.06,13.1,62.677,69.38,84.45,78.24,40.21,65.77,64.87,56.67,48.53,13,13.9
75421,33.661,-95.731,48277,Lamar County,yes,yes,yes,ONCOR ELECTRIC DELIVERY COMPANY,Wires company (TDU),base_tdsp,ERCOT,12.6,,,,55.3,49.994,57.599,59.959,Top 1% for severe-weather risk (FEMA); Top 12% for home size; Top 14% for homeownership,276,850,75197,0.899,0.847,158600,6.2,0.477,3.79,16.1,88.507,92.51,56.83,99.49,89.53,88.45,95.35,90.4,99.5,13,2.1
76458,33.22,-98.188,48237,Jack County,yes,yes,yes,ONCOR ELECTRIC DELIVERY COMPANY,Wires company (TDU),base_tdsp,ERCOT,12.6,,"Tri-County Electric Coop, Inc (TX); Wise Electric Coop Inc",,55.3,64.215,54.566,44.182,Top 23% for severe-weather risk (FEMA); Top 25% for major outage days,1764,6240,64297,0.735,0.798,259000,5.5,0.499,11.39,28.2,75.583,77.31,48.91,75.13,64.7,94.84,62.27,92.46,90.77,15,3.6
77373,30.062,-95.384,48201,Harris County,yes,yes,yes,CENTERPOINT ENERGY HOUSTON ELECTRIC LLC,Wires company (TDU),base_tdsp,ERCOT,13.0,,Mid-South Electric Coop Assn; Entergy Texas Inc.,,55.3,46.785,64.153,57.723,Top 14% for home size; Top 19% for outage hours per customer; Top 24% for household income,19526,69739,88617,0.728,0.862,231400,6.1,0.465,15.94,5.5,62.097,64.35,89.3,47.27,21.52,32.48,74.41,76.45,93.25,12,11.1
77437,29.212,-96.281,48481,Wharton County,yes,yes,yes,AEP TEXAS CENTRAL,Wires company (TDU),base_tdsp,ERCOT,12.6,,"Wharton County Elec Coop, Inc",,55.3,63.541,47.356,52.205,Top 2% for major outage days; Top 24% for long-term owners,4889,18238,72200,0.697,0.819,184700,5.4,0.606,9.53,74.1,70.407,86.98,96.92,55.43,48.34,61.27,94.68,72.21,64,17,8.2
78628,30.665,-97.779,48491,Williamson County,yes,yes,yes,ONCOR ELECTRIC DELIVERY COMPANY,Wires company (TDU),base_tdsp,ERCOT,12.6,,"Bartlett Electric Coop, Inc; Pedernales Electric Coop, Inc",,55.3,27.44,80.549,67.032,Top 6% for household income; Top 7% for home value; Top 8% for home size,14757,50822,125635,0.755,0.806,496600,6.4,0.567,6.41,9.9,54.347,41.84,48.21,36.8,79.77,31.17,72.54,44.31,67.63,8,27.6
75072,,,48085,Collin County,yes,yes,yes,ONCOR ELECTRIC DELIVERY COMPANY,Wires company (TDU),base_tdsp,ERCOT,12.6,,,,55.2,21.06,78.594,77.434,Top 1% for home size; Top 2% for household income; Top 6% for home value,17500,55087,165682,0.826,0.918,502700,7.7,0.282,5.38,5.6,57.43,79.47,34.78,55.58,48.66,36.67,58.32,68.26,99.74,11,29.1
75087,32.942,-96.453,48397,Rockwall County,yes,yes,yes,ONCOR ELECTRIC DELIVERY COMPANY,Wires company (TDU),base_tdsp,ERCOT,12.6,,"Grayson-Collin Elec Coop, Inc",,55.2,24.553,78.005,73.268,Top 2% for home size; Top 3% for new-home growth; Top 5% for household income,13843,44326,129484,0.812,0.873,435400,7.3,0.363,4.53,13.8,60.587,42.14,32.7,46.13,38.42,71.75,65.8,80.12,89.19,9,44.8
76233,33.538,-96.907,48181,Grayson County,yes,yes,yes,ONCOR ELECTRIC DELIVERY COMPANY,Wires company (TDU),base_tdsp,ERCOT,12.6,,"Denton County Elec Coop, Inc; Grayson-Collin Elec Coop, Inc",,55.1,60.358,53.912,49.211,Top 12% for new-home growth; Top 21% for severe-weather risk (FEMA),1066,3711,67516,0.747,0.822,250000,5.3,0.692,7.16,22.5,76.5,75.62,50.12,93.64,58.68,74.02,76.5,89.39,93.15,11,23.5
75088,32.898,-96.55,48113,Dallas County,yes,yes,yes,ONCOR ELECTRIC DELIVERY COMPANY,Wires company (TDU),base_tdsp,ERCOT,12.6,,City of Garland - (TX),,55.0,35.756,74.309,61.224,Top 8% for home size; Top 13% for household income; Top 17% for home value,7968,28075,105313,0.738,0.824,358400,6.4,0.441,9.52,4.5,61.509,55.83,35.32,62.45,44.97,39.39,76.87,95.72,75.84,13,5.5
75137,32.643,-96.916,48113,Dallas County,yes,yes,yes,ONCOR ELECTRIC DELIVERY COMPANY,Wires company (TDU),base_tdsp,ERCOT,12.6,,,,55.0,38.393,74.164,58.078,Top 12% for home size; Top 18% for long-term owners,5395,19729,82253,0.711,0.851,275600,6.2,0.618,9.52,4.5,60.256,64.11,34.81,59.52,46.54,32.88,78.06,96.53,73.45,18,5.5
75901,31.302,-94.641,48005,Angelina County,yes,yes,yes,ONCOR ELECTRIC DELIVERY COMPANY,Wires company (TDU),base_tdsp,ERCOT,12.6,,Sam Houston Electric Coop Inc; Entergy Texas Inc.,,55.0,68.825,55.179,36.384,Top 17% for major outage days,6895,28234,62966,0.635,0.699,177700,5.6,0.65,13.68,34.4,72.029,39.59,75.23,71.32,66.49,88.96,55.54,92.56,54.1,14,3.3
75937,31.465,-94.367,48347,Nacogdoches County,yes,yes,yes,ONCOR ELECTRIC DELIVERY COMPANY,Wires company (TDU),base_tdsp,ERCOT,12.6,,Deep East Texas Elec Coop Inc,,55.0,74.138,26.097,58.381,Top 1% for severe-weather risk (FEMA),296,1313,80441,0.808,0.587,89500,5.1,0.6,12.84,22.4,91.474,90.57,88.76,93.46,87.16,98.93,80.36,92.96,98.69,15,1.3
76179,32.91,-97.434,48439,Tarrant County,yes,yes,yes,ONCOR ELECTRIC DELIVERY COMPANY,Wires company (TDU),base_tdsp,ERCOT,12.6,,,,55.0,25.637,82.812,66.238,Top 8% for home size; Top 12% for household income; Top 21% for home value,24365,80090,107428,0.791,0.918,330300,6.4,0.733,5.45,3.8,54.624,56.42,36.45,59.18,48.47,18.89,54.98,78.74,85.66,10,13.2
77073,30.0,-95.4,48201,Harris County,yes,yes,yes,CENTERPOINT ENERGY HOUSTON ELECTRIC LLC,Wires company (TDU),base_tdsp,ERCOT,13.0,,,,55.0,55.565,58.641,50.75,Top 19% for outage hours per customer; Top 24% for home size,11503,46084,78592,0.649,0.686,220500,5.8,0.502,15.94,5.5,68.3,78.82,93.07,62.19,23.97,43.38,78.45,80.72,96.32,13,11.1
75077,33.081,-97.061,48121,Denton County,yes,yes,yes,ONCOR ELECTRIC DELIVERY COMPANY,Wires company (TDU),base_tdsp,ERCOT,13.6,,"Denton County Elec Coop, Inc",,54.9,22.352,78.84,74.296,Top 3% for home size; Top 6% for household income; Top 9% for home value,12835,42950,127211,0.777,0.87,464000,7.2,0.402,4.58,4.6,61.629,60.44,34.44,79.19,44.71,46.51,54.46,75.18,96.91,13,22.9
77449,29.838,-95.734,48201,Harris County,yes,yes,yes,CENTERPOINT ENERGY HOUSTON ELECTRIC LLC,Wires company (TDU),base_tdsp,ERCOT,13.0,,,,54.9,50.582,62.634,53.055,Top 19% for outage hours per customer; Top 20% for home size,34157,130028,87808,0.683,0.835,255900,5.9,0.399,15.94,5.5,65.761,76.58,89.99,49.12,23.33,40.75,79.69,81.84,95.61,11,11.1
75148,32.125,-96.026,48213,Henderson County,yes,yes,yes,ONCOR ELECTRIC DELIVERY COMPANY,Wires company (TDU),base_tdsp,ERCOT,12.6,,,,54.8,60.887,50.443,50.93,Top 20% for major outage days,1482,5842,68569,0.769,0.66,203000,5.3,0.734,8.89,31.8,68.879,45.47,52.08,71.6,52.96,75.62,93.73,59.42,76.74,13,9.2
75165,32.373,-96.787,48139,Ellis County,yes,yes,yes,ONCOR ELECTRIC DELIVERY COMPANY,Wires company (TDU),base_tdsp,ERCOT,12.6,,,,54.8,41.962,72.113,54.713,Top 4% for new-home growth; Top 19% for home value,13584,53513,86391,0.66,0.75,341600,5.7,0.71,7.79,23.2,57.697,49.06,43.12,40.43,52.01,41.18,80.65,75.83,70.66,10,35.9
75801,31.734,-95.531,48001,Anderson County,yes,yes,yes,ONCOR ELECTRIC DELIVERY COMPANY,Wires company (TDU),base_tdsp,ERCOT,12.6,,Houston County Elec Coop Inc; Entergy Texas Inc.,,54.8,80.069,53.934,21.868,Top 4% for severe-weather risk (FEMA); Top 16% for major outage days,4180,17531,56787,0.62,0.705,173200,5.5,0.712,13.62,35.1,85.12,73.12,72.37,90.68,73.82,92.8,90.36,78.89,96.92,10,1.2
76692,31.96,-97.33,48217,Hill County,yes,yes,yes,ONCOR ELECTRIC DELIVERY COMPANY,Wires company (TDU),base_tdsp,ERCOT,13.6,,"HILCO Electric Cooperative, Inc.; Heart of Texas Electric Coop",,54.8,68.764,52.738,38.078,Top 19% for severe-weather risk (FEMA); Top 24% for all-electric heating,2868,9853,55149,0.819,0.757,169100,5.4,0.783,8.54,28,77.234,81.37,62.93,88.34,31.35,82.35,99.05,80.22,96.4,11,4.5
75115,32.599,-96.864,48113,Dallas County,yes,yes,yes,ONCOR ELECTRIC DELIVERY COMPANY,Wires company (TDU),base_tdsp,ERCOT,12.6,,,,54.7,39.217,77.028,53.062,Top 5% for home size; Top 23% for home value,15047,56211,82782,0.696,0.771,319400,6.7,0.554,9.52,4.5,62.644,66.23,36.44,63.58,49.29,36.06,79.58,96.64,76.92,14,5.5
75432,33.398,-95.682,48119,Delta County,yes,yes,yes,ONCOR ELECTRIC DELIVERY COMPANY,Wires company (TDU),base_tdsp,ERCOT,12.6,,"Farmers Electric Coop, Inc - (TX); Lamar County Elec Coop Assn; Southwestern Electric Power Co",,54.7,61.837,54.707,45.022,Top 11% for severe-weather risk (FEMA); Top 24% for home size,936,3049,65030,0.799,0.861,151700,5.8,0.611,7.99,15.8,80.723,82.36,58.03,99.55,65.38,88.52,75.89,79.84,97.85,12,3.4
75452,33.402,-96.239,48147,Fannin County,yes,yes,yes,ONCOR ELECTRIC DELIVERY COMPANY,Wires company (TDU),base_tdsp,ERCOT,13.6,,"Grayson-Collin Elec Coop, Inc",,54.7,58.698,55.182,48.984,Top 10% for severe-weather risk (FEMA),1528,5024,69479,0.791,0.807,295900,5.4,0.557,7.15,19,81.21,86.33,49.82,95.24,61.61,88.39,81.64,93.46,98.31,12,5.7
77069,29.988,-95.531,48201,Harris County,yes,yes,yes,CENTERPOINT ENERGY HOUSTON ELECTRIC LLC,Wires company (TDU),base_tdsp,ERCOT,13.0,,,,54.7,47.435,73.4,45.794,Top 14% for home size; Top 19% for outage hours per customer; Top 22% for home value,4636,20608,80257,0.59,0.585,324100,6.1,0.569,15.94,5.5,60.679,77.96,89.77,46.96,20.65,34.45,69.94,71.54,91.44,11,11.1
78022,28.257,-98.143,48297,Live Oak County,yes,yes,yes,AEP TEXAS CENTRAL,Wires company (TDU),base_tdsp,ERCOT,12.1,,Nueces Electric Cooperative; San Patricio Electric Coop Inc,,54.7,72.661,47.55,37.854,Top 14% for all-electric heating; Top 15% for major outage days; Top 18% for long-term owners,1278,4682,55895,0.71,0.718,171100,5.2,0.837,15.46,36.9,68.607,69.96,87.84,55.67,42.75,58.39,96.31,72.19,67.1,18,2
75418,33.572,-96.171,48147,Fannin County,yes,yes,yes,ONCOR ELECTRIC DELIVERY COMPANY,Wires company (TDU),base_tdsp,ERCOT,12.6,,Fannin County Electric Coop,,54.6,59.819,56.701,45.429,Top 9% for severe-weather risk (FEMA),4383,15155,68918,0.752,0.782,223700,5.6,0.584,7.15,19,81.883,83.79,50.69,97.85,62.69,90.84,79.69,94.56,96.86,12,5.7
78801,29.363,-99.898,48463,Uvalde County,yes,yes,yes,AEP TEXAS CENTRAL,Wires company (TDU),base_tdsp,ERCOT,12.05,,"Bandera Electric Coop, Inc; Medina Electric Coop, Inc; Rio Grande Electric Coop, Inc",,54.6,77.45,45.811,33.066,Top 14% for major outage days; Top 15% for outage hours per customer,5808,21607,54161,0.699,0.712,152700,5.3,0.766,15.98,39.5,72.207,96.78,74.02,38.48,87.36,78.89,60.76,90.92,75.02,15,2
75068,33.173,-96.952,48121,Denton County,yes,yes,yes,ONCOR ELECTRIC DELIVERY COMPANY,Wires company (TDU),base_tdsp,ERCOT,12.6,,"Denton County Elec Coop, Inc",,54.5,23.466,79.468,70.756,Top 6% for home size; Top 6% for household income; Top 12% for home value,22428,72710,126635,0.802,0.89,410900,6.6,0.539,4.58,4.6,60.559,54.52,33.43,76.14,40.18,47.48,55.6,75.25,95.83,9,22.9
75205,32.836,-96.796,48113,Dallas County,yes,yes,yes,ONCOR ELECTRIC DELIVERY COMPANY,Wires company (TDU),base_tdsp,ERCOT,12.6,,,,54.5,35.62,80.14,54.011,Top 1% for home value; Top 1% for household income; Top 12% for home size,5580,26572,181631,0.552,0.546,1706700,6.2,0.541,9.52,4.5,59.39,59.03,37.12,64.05,42.21,31.49,69.55,94.51,76.8,11,5.5
75244,32.925,-96.836,48113,Dallas County,yes,yes,yes,ONCOR ELECTRIC DELIVERY COMPANY,Wires company (TDU),base_tdsp,ERCOT,12.6,,,,54.5,47.513,66.428,51.85,Top 3% for home value; Top 7% for household income,2641,13389,120286,0.513,0.544,617800,5.5,0.589,9.52,4.5,68.264,75.57,42.05,76.13,53.27,44.79,78.62,96.62,86.37,12,5.5
75708,32.418,-95.213,48423,Smith County,yes,yes,yes,ONCOR ELECTRIC DELIVERY COMPANY,Wires company (TDU),base_tdsp,ERCOT,12.6,,Southwestern Electric Power Co,,54.5,62.893,38.289,59.609,,2316,9732,85441,0.776,0.619,157400,5.2,0.654,12.99,17.2,71.501,39.35,57.37,82.14,74.75,79.86,82.19,89.21,34.99,13,7.1
75785,31.775,-95.197,48073,Cherokee County,yes,yes,yes,ONCOR ELECTRIC DELIVERY COMPANY,Wires company (TDU),base_tdsp,ERCOT,12.6,,,,54.5,75.732,35.823,44.941,Top 9% for severe-weather risk (FEMA); Top 13% for major outage days,3112,10705,65000,0.775,0.756,165000,5.2,0.551,14.52,41.9,82.049,59.92,73.53,89.56,77.46,94.92,86.52,84.85,67.5,14,1.5
75844,31.514,-95.438,48225,Houston County,yes,yes,yes,ONCOR ELECTRIC DELIVERY COMPANY,Wires company (TDU),base_tdsp,ERCOT,12.6,,Houston County Elec Coop Inc; Entergy Texas Inc.,,54.5,80.15,32.418,42.445,Top 6% for outage hours per customer; Top 10% for major outage days; Top 19% for severe-weather risk (FEMA),1370,4770,60376,0.793,0.747,160100,5.1,0.585,23.09,47.2,77.246,62.44,75.44,78.86,56.64,84.92,93.61,72.69,78.56,15,0.4
76248,32.925,-97.23,48439,Tarrant County,yes,yes,yes,ONCOR ELECTRIC DELIVERY COMPANY,Wires company (TDU),base_tdsp,ERCOT,12.6,,,,54.5,19.263,80.166,75.822,Top 1% for home size; Top 1% for household income; Top 5% for home value,12894,40936,171804,0.819,0.886,576600,7.8,0.365,5.45,3.8,57.386,62.62,37.74,63.71,51.07,20.3,57.94,82.13,88.81,12,13.2
76538,31.629,-97.922,48193,Hamilton County,yes,yes,yes,TEXAS-NEW MEXICO POWER COMPANY,Wires company (TDU),base_tdsp,ERCOT,15.1,,Heart of Texas Electric Coop,,54.5,53.312,54.564,56.04,Top 14% for long-term owners; Top 24% for home size; Top 25% for homeownership,287,882,63750,0.847,0.921,122500,5.8,0.674,9.62,13.6,66.763,68.6,58.23,38.31,81.28,74.15,80.65,47.28,87.44,19,3.6
75013,33.114,-96.694,48085,Collin County,yes,yes,yes,ONCOR ELECTRIC DELIVERY COMPANY,Wires company (TDU),base_tdsp,ERCOT,12.6,,"Denton County Elec Coop, Inc; Grayson-Collin Elec Coop, Inc",,54.4,28.953,79.985,62.717,Top 3% for household income; Top 4% for home value; Top 6% for home size,12180,49796,146891,0.636,0.656,590700,6.6,0.474,5.38,5.6,63.296,89.67,37.91,65.46,55.27,43.47,65.18,75.87,99.91,10,29.1
75758,32.271,-95.521,48213,Henderson County,yes,yes,yes,ONCOR ELECTRIC DELIVERY COMPANY,Wires company (TDU),base_tdsp,ERCOT,12.6,,,,54.4,70.575,45.712,41.647,Top 20% for severe-weather risk (FEMA); Top 20% for major outage days; Top 20% for all-electric heating,2405,9945,57859,0.797,0.629,201200,5.1,0.805,8.89,31.8,76.991,60.53,54.38,81.1,59.59,85.64,94.97,77.18,86.08,11,9.2
76131,32.882,-97.346,48439,Tarrant County,yes,yes,yes,ONCOR ELECTRIC DELIVERY COMPANY,Wires company (TDU),base_tdsp,ERCOT,12.6,,,,54.4,32.453,77.219,60.802,Top 12% for home size; Top 12% for household income; Top 19% for home value,15878,56322,108694,0.733,0.864,343100,6.2,0.617,5.45,3.8,65.133,77.31,39.44,70.39,62.25,25.86,71.27,91.07,95.65,9,13.2
77018,29.826,-95.426,48201,Harris County,yes,yes,yes,CENTERPOINT ENERGY HOUSTON ELECTRIC LLC,Wires company (TDU),base_tdsp,ERCOT,13.0,,,,54.4,40.982,66.279,60.472,Top 4% for home value; Top 6% for household income; Top 19% for outage hours per customer,8056,31031,127017,0.675,0.791,584600,5.7,0.355,15.94,5.5,57.276,74.6,89.24,46.17,19.77,28.82,64.79,65.17,86.97,11,11.1
76001,32.632,-97.151,48439,Tarrant County,yes,yes,yes,ONCOR ELECTRIC DELIVERY COMPANY,Wires company (TDU),base_tdsp,ERCOT,12.6,,,,54.3,24.447,80.454,67.842,Top 8% for home size; Top 13% for household income; Top 18% for home value,11329,38913,105311,0.757,0.868,352700,6.4,0.65,5.45,3.8,56.536,58.95,40.89,54.14,51.02,18.93,59.13,82.83,88.81,13,13.2
77396,29.95,-95.257,48201,Harris County,yes,yes,yes,CENTERPOINT ENERGY HOUSTON ELECTRIC LLC,Wires company (TDU),base_tdsp,ERCOT,13.0,,,,54.3,52.806,61.326,49.403,Top 19% for outage hours per customer,15457,61735,78169,0.669,0.651,240600,5.7,0.588,15.94,5.5,64.627,81.36,91.13,53.92,22.42,36.71,75.83,77.89,94.49,12,11.1
77455,29.132,-96.428,48481,Wharton County,yes,yes,yes,AEP TEXAS CENTRAL,Wires company (TDU),base_tdsp,ERCOT,12.05,,"Jackson Electric Coop, Inc - (TX); San Bernard Electric Coop, Inc; Wharton County Elec Coop, Inc",,54.3,65.95,36.043,57.166,Top 2% for major outage days,491,1629,77625,0.784,0.793,190600,5,0.65,9.53,74.1,71.357,93.46,97.52,56.15,48.57,65.92,94.87,71.67,64.8,13,8.2
75142,32.568,-96.25,48257,Kaufman County,yes,yes,yes,ONCOR ELECTRIC DELIVERY COMPANY,Wires company (TDU),base_tdsp,ERCOT,12.6,,,,54.2,41.77,65.223,59.617,Top 13% for new-home growth,5854,22822,80028,0.758,0.667,237900,5.6,0.759,5.94,20.5,61.053,52.4,44.9,27.33,59.64,55.78,77.81,88.29,73.62,12,22.9
75164,33.066,-96.309,48085,Collin County,yes,yes,yes,ONCOR ELECTRIC DELIVERY COMPANY,Wires company (TDU),base_tdsp,ERCOT,12.6,,"Grayson-Collin Elec Coop, Inc",,54.2,36.82,70.408,61.1,Top 7% for new-home growth; Top 16% for homeownership; Top 24% for home size,303,885,65825,0.893,1,242500,5.8,0.751,5.38,5.6,63.587,89.46,39.04,60.56,55.53,43.71,67.89,78.43,99.95,12,29.1
77563,29.304,-95.032,48167,Galveston County,yes,yes,yes,CENTERPOINT ENERGY HOUSTON ELECTRIC LLC,Wires company (TDU),base_tdsp,ERCOT,13.0,,,,54.2,64.857,42.462,51.612,Top 11% for outage hours per customer; Top 18% for new-home growth,2798,9955,75806,0.731,0.819,220700,5.3,0.437,20.41,26.1,68.97,90.62,91.88,81.49,18.94,36.73,98.05,71.29,84.41,10,17.5
79606,32.363,-99.817,48441,Taylor County,yes,yes,yes,AEP TEXAS NORTH,Wires company (TDU),base_tdsp,ERCOT,12.7,,Taylor Electric Coop Inc - (TX),,54.2,60.385,59.47,40.641,Top 5% for major outage days,5948,29182,79196,0.53,0.604,272600,5.4,0.699,13.66,58.4,62.501,71.31,42.31,50.45,92.25,68.48,49.66,72.99,61.37,10,8.4
76446,32.075,-98.35,48143,Erath County,yes,yes,yes,ONCOR ELECTRIC DELIVERY COMPANY,Wires company (TDU),base_tdsp,ERCOT,12.6,,Heart of Texas Electric Coop,,54.1,56.733,61.126,43.565,,2151,8131,57583,0.842,0.688,185500,5.7,0.724,7.32,26.4,70.169,86.21,57.96,40.28,74.91,80.45,93.69,52.43,91.46,13,2.2
76691,31.77,-97.098,48309,McLennan County,yes,yes,yes,ONCOR ELECTRIC DELIVERY COMPANY,Wires company (TDU),base_tdsp,ERCOT,12.6,,Heart of Texas Electric Coop,,54.1,39.559,63.061,64.538,,2041,6661,85694,0.797,0.867,304500,5.7,0.513,7.15,15.2,64.61,53.55,68.62,43.08,38.96,49.57,82.54,76,93.5,14,8.6
77545,29.537,-95.475,48157,Fort Bend County,yes,yes,yes,CENTERPOINT ENERGY HOUSTON ELECTRIC LLC,Wires company (TDU),base_tdsp,ERCOT,13.0,,,,54.1,33.229,66.688,69.257,Top 5% for new-home growth; Top 14% for home size; Top 20% for household income,8001,26236,94474,0.793,0.846,261500,6.1,0.435,5.55,3.2,68.789,69.4,89.68,73.01,23.87,54.68,68.87,81.94,89.47,12,35.7
75025,33.09,-96.74,48085,Collin County,yes,yes,yes,ONCOR ELECTRIC DELIVERY COMPANY,Wires company (TDU),base_tdsp,ERCOT,12.6,,"Denton County Elec Coop, Inc; Grayson-Collin Elec Coop, Inc",,54.0,21.342,79.911,71.489,Top 3% for home size; Top 3% for household income; Top 7% for new-home growth,13546,53202,143260,0.662,0.755,486100,7.1,0.451,5.38,5.6,55.721,76.11,33.4,51.32,46.9,35.17,56.93,66.64,99.69,15,29.1
75028,33.033,-97.06,48121,Denton County,yes,yes,yes,ONCOR ELECTRIC DELIVERY COMPANY,Wires company (TDU),base_tdsp,ERCOT,13.6,,"Denton County Elec Coop, Inc",,54.0,18.3,77.816,77.72,Top 3% for home size; Top 3% for household income; Top 7% for home value,15162,49094,149436,0.803,0.882,488700,7.2,0.3,4.58,4.6,58.271,52.5,33.8,75.26,43.34,41.58,49.67,69.75,94.5,13,22.9
76511,30.802,-97.424,48027,Bell County,yes,yes,yes,ONCOR ELECTRIC DELIVERY COMPANY,Wires company (TDU),base_tdsp,ERCOT,12.6,,"Bartlett Electric Coop, Inc; Heart of Texas Electric Coop; Entergy Texas Inc.",,54.0,48.161,53.595,62.042,Top 19% for new-home growth,873,2702,69286,0.841,0.858,222900,5.6,0.486,8.1,11.4,70.05,67.7,68.54,44.58,85.85,55.31,82.2,66.34,87.53,14,17.1
75407,33.156,-96.48,48085,Collin County,yes,yes,yes,ONCOR ELECTRIC DELIVERY COMPANY,Wires company (TDU),base_tdsp,ERCOT,13.6,,"Grayson-Collin Elec Coop, Inc",,53.9,27.107,79.999,63.463,Top 7% for new-home growth; Top 12% for home size; Top 17% for household income,10014,34171,100037,0.762,0.811,329000,6.2,0.702,5.38,5.6,54.581,69.18,34.84,45.12,46.05,33.89,56.86,65.66,99.65,7,29.1
76230,33.521,-97.956,48337,Montague County,yes,yes,yes,ONCOR ELECTRIC DELIVERY COMPANY,Wires company (TDU),base_tdsp,ERCOT,12.6,,Cooke County Elec Coop Assn; Wise Electric Coop Inc,,53.9,62.559,53.878,42.413,Top 15% for severe-weather risk (FEMA),3193,10536,66641,0.788,0.803,220600,5.6,0.506,8.73,27.2,79.14,80.78,46.52,89.81,67.11,95.3,71.91,89.94,93.39,11,2
76649,32.002,-97.883,48035,Bosque County,yes,yes,yes,TEXAS-NEW MEXICO POWER COMPANY,Wires company (TDU),base_tdsp,ERCOT,15.1,,United Electric Coop Service Inc - (TX); Heart of Texas Electric Coop,,53.9,61.868,38.477,58.758,Top 20% for major outage days,255,813,81771,0.817,0.827,185300,5.1,0.655,10.54,31.6,68.749,84.23,56.97,45.97,45.52,80.16,83.91,71.92,96.79,14,1.4
78343,27.615,-97.754,48355,Nueces County,yes,yes,yes,AEP TEXAS CENTRAL,Wires company (TDU),base_tdsp,ERCOT,12.1,,Nueces Electric Cooperative,,53.9,52.35,46.323,63.513,Top 4% for long-term owners,1321,4345,65467,0.83,0.791,112200,5.6,0.615,8.18,18,68.499,89.58,95.67,41.85,41.75,63.55,91.73,81.69,63.25,24,12.4
78377,28.322,-97.162,48391,Refugio County,yes,yes,yes,AEP TEXAS CENTRAL,Wires company (TDU),base_tdsp,ERCOT,12.05,,"San Patricio Electric Coop Inc; Victoria Electric Coop, Inc",,53.9,77.698,41.745,34.389,Top 21% for severe-weather risk (FEMA); Top 21% for all-electric heating; Top 23% for major outage days,890,3421,49974,0.677,0.772,97000,5.3,0.799,14.89,29.8,76.286,95.52,98.42,56.06,52.49,67.63,98.78,82,78.62,16,7.5
78634,30.561,-97.546,48491,Williamson County,yes,yes,yes,ONCOR ELECTRIC DELIVERY COMPANY,Wires company (TDU),base_tdsp,ERCOT,12.6,,"Bartlett Electric Coop, Inc",,53.9,25.973,76.567,68.552,Top 9% for new-home growth; Top 9% for household income; Top 15% for home value,14031,46413,114426,0.786,0.88,375200,6,0.629,6.41,9.9,45.723,18.3,47.25,25.76,70.86,23.5,64.46,35.79,52.44,9,27.6
75021,33.727,-96.471,48181,Grayson County,yes,yes,yes,ONCOR ELECTRIC DELIVERY COMPANY,Wires company (TDU),base_tdsp,ERCOT,12.6,,"Grayson-Collin Elec Coop, Inc",,53.8,46.048,48.67,69.134,Top 12% for new-home growth,2935,9173,83067,0.832,0.865,190500,5.5,0.53,7.16,22.5,67.349,47.66,43.88,87.74,45.76,51.82,74.18,83.37,84.69,13,23.5
75146,32.566,-96.749,48113,Dallas County,yes,yes,yes,ONCOR ELECTRIC DELIVERY COMPANY,Wires company (TDU),base_tdsp,ERCOT,12.6,,,,53.8,52.604,68.143,41.103,Top 24% for home size,5482,25097,68071,0.568,0.733,263900,5.8,0.649,9.52,4.5,71.213,79.85,44.53,74.55,60.15,48.6,86.82,97.96,85.88,16,5.5
75751,32.094,-95.906,48213,Henderson County,yes,yes,yes,ONCOR ELECTRIC DELIVERY COMPANY,Wires company (TDU),base_tdsp,ERCOT,12.6,,Trinity Valley Elec Coop Inc,,53.8,71.561,42.442,41.465,Top 8% for severe-weather risk (FEMA); Top 20% for major outage days,4560,18644,70620,0.656,0.636,209400,5.1,0.7,8.89,31.8,82.22,72.25,65.97,87.02,73.26,88.36,95.6,75.42,89.91,11,9.2
75143,32.365,-96.245,48257,Kaufman County,yes,yes,yes,ONCOR ELECTRIC DELIVERY COMPANY,Wires company (TDU),base_tdsp,ERCOT,12.6,,,,53.7,55.296,48.342,56.819,Top 13% for new-home growth; Top 16% for all-electric heating,3145,14709,67897,0.82,0.556,182900,5.2,0.826,5.94,20.5,70.67,65.95,49.8,52.73,63.57,72.2,88.14,84.25,84,12,22.9
76018,32.663,-97.095,48439,Tarrant County,yes,yes,yes,ONCOR ELECTRIC DELIVERY COMPANY,Wires company (TDU),base_tdsp,ERCOT,12.6,,,,53.7,29.245,74.17,65.676,Top 21% for all-electric heating; Top 24% for home size; Top 25% for household income,7885,26834,88288,0.764,0.913,265100,5.8,0.798,5.45,3.8,57.077,53.19,41.18,54.53,51.54,19.32,59.78,83.89,89.3,14,13.2
76227,33.274,-96.989,48121,Denton County,yes,yes,yes,ONCOR ELECTRIC DELIVERY COMPANY,Wires company (TDU),base_tdsp,ERCOT,13.6,,"Denton County Elec Coop, Inc",,53.7,25.085,79.829,65.774,Top 8% for home size; Top 11% for household income; Top 13% for home value,18494,62127,111402,0.774,0.888,400800,6.4,0.594,4.58,4.6,60.706,54.64,38.2,75.2,43.67,45.87,55.43,72.02,94.55,5,22.9
78102,28.408,-97.711,48025,Bee County,yes,yes,yes,AEP TEXAS CENTRAL,Wires company (TDU),base_tdsp,ERCOT,12.05,,San Patricio Electric Coop Inc,,53.7,69.947,48.082,37.807,Top 14% for all-electric heating; Top 23% for severe-weather risk (FEMA); Top 24% for major outage days,7222,27455,58939,0.697,0.684,111000,5.4,0.837,9.25,29.4,75.497,72.91,93.66,63.95,55.38,75.87,81.06,84.17,74.39,17,1.6
78653,30.34,-97.523,48453,Travis County,yes,yes,yes,ONCOR ELECTRIC DELIVERY COMPANY,Wires company (TDU),base_tdsp,ERCOT,12.6,,"Austin Energy; Bartlett Electric Coop, Inc; Bluebonnet Electric Coop, Inc",,53.7,32.043,72.943,63.393,Top 17% for home value; Top 20% for household income; Top 24% for home size,13324,41291,93900,0.839,0.856,358000,5.8,0.653,7.98,4.8,54.43,54.33,51.6,31.47,36.56,48.53,42.94,79.13,90.78,8,9.1
75468,33.507,-95.404,48277,Lamar County,yes,yes,yes,TEXAS-NEW MEXICO POWER COMPANY,Wires company (TDU),base_tdsp,ERCOT,15.1,,Lamar County Elec Coop Assn,,53.6,45.995,56.948,60.502,Top 8% for severe-weather risk (FEMA); Top 13% for household income; Top 18% for long-term owners,276,1085,105875,0.663,0.884,252200,5.7,0.347,3.79,16.1,82.577,72.98,53.25,98.38,76.59,78.94,90.51,83.08,97.29,18,2.1
76427,33.158,-98.378,48237,Jack County,yes,yes,yes,TEXAS-NEW MEXICO POWER COMPANY,Wires company (TDU),base_tdsp,ERCOT,15.1,,,,53.6,68.319,48.859,38.815,Top 25% for major outage days,216,1001,75191,0.563,0.67,153600,5.4,0.747,11.39,28.2,72.301,66.85,49.28,67.88,58.85,92.64,59.85,90.22,87.39,12,3.6
76457,31.945,-98.028,48193,Hamilton County,yes,yes,yes,TEXAS-NEW MEXICO POWER COMPANY,Wires company (TDU),base_tdsp,ERCOT,15.1,,Hamilton County Elec Coop Assn; United Electric Coop Service Inc - (TX); Heart of Texas Electric Coop,,53.6,50.862,57.935,52.801,,1318,4244,72238,0.808,0.851,264100,5.5,0.593,9.62,13.6,66.753,68.28,57.33,33.09,72.14,81.17,84.73,46.67,92.14,13,3.6
77089,29.587,-95.226,48201,Harris County,yes,yes,yes,CENTERPOINT ENERGY HOUSTON ELECTRIC LLC,Wires company (TDU),base_tdsp,ERCOT,13.0,,,,53.6,46.225,61.056,56.129,Top 19% for outage hours per customer; Top 24% for home size; Top 25% for household income,14946,57741,88140,0.673,0.768,250900,5.8,0.451,15.94,5.5,61.784,80.36,90.64,46.28,21.88,29.05,75.45,77.56,91.63,13,11.1
78164,28.983,-97.521,48123,DeWitt County,yes,yes,yes,AEP TEXAS CENTRAL,Wires company (TDU),base_tdsp,ERCOT,12.05,,"Karnes Electric Coop Inc; Victoria Electric Coop, Inc",,53.6,46.735,60.339,56.08,Top 16% for home size; Top 19% for homeownership; Top 19% for severe-weather risk (FEMA),981,2927,67578,0.872,0.873,171300,6,0.578,3.97,16.9,77.229,97.24,95.98,49.65,64.48,77.42,88.57,76.35,88.15,16,1.5
79742,31.342,-102.868,48475,Ward County,yes,yes,yes,ONCOR ELECTRIC DELIVERY COMPANY,Wires company (TDU),base_tdsp,ERCOT,12.6,,,,53.6,56.162,51.143,52.483,Top 21% for homeownership; Top 22% for severe-weather risk (FEMA),128,620,68681,0.864,0.54,,5.4,0.63,6.62,23.1,76.079,86.42,44.96,85.5,97.01,98.66,59.97,73.72,72.73,13,1.6
75446,33.615,-95.9,48147,Fannin County,yes,yes,yes,ONCOR ELECTRIC DELIVERY COMPANY,Wires company (TDU),base_tdsp,ERCOT,12.6,,Fannin County Electric Coop,,53.5,58.176,60.97,39.954,Top 9% for severe-weather risk (FEMA); Top 24% for home size,1091,3814,52460,0.785,0.744,238800,5.8,0.516,7.15,19,82.113,90.63,52.66,97.89,65.98,87.44,81.44,92.61,96.77,14,5.7
76063,32.571,-97.145,48439,Tarrant County,yes,yes,yes,ONCOR ELECTRIC DELIVERY COMPANY,Wires company (TDU),base_tdsp,ERCOT,12.6,,,,53.5,24.728,80.378,65.016,Top 7% for home size; Top 8% for household income; Top 11% for home value,22753,82625,118946,0.716,0.775,411800,6.5,0.58,5.45,3.8,59.32,58.37,42.55,59.87,48.14,31.7,62.92,79.57,90.49,12,13.2
76570,31.082,-96.954,48145,Falls County,yes,yes,yes,ONCOR ELECTRIC DELIVERY COMPANY,Wires company (TDU),base_tdsp,ERCOT,12.6,,"Bartlett Electric Coop, Inc; Heart of Texas Electric Coop; Entergy Texas Inc.",,53.5,75.657,45.916,31.419,Top 2% for long-term owners; Top 6% for outage hours per customer; Top 13% for major outage days,647,2339,40000,0.72,0.881,86100,5.9,0.455,23.19,42.1,75.341,63.83,80.04,55.64,73.82,75.78,80.99,68.62,92.5,27,0.8
76626,32.123,-96.723,48349,Navarro County,yes,yes,yes,ONCOR ELECTRIC DELIVERY COMPANY,Wires company (TDU),base_tdsp,ERCOT,12.6,,"Navarro County Elec Coop, Inc",,53.5,51.094,50.194,59.884,Top 5% for severe-weather risk (FEMA); Top 8% for new-home growth; Top 15% for household income,246,1036,102500,0.618,0.822,205600,5.4,0.629,3.88,10.2,84.924,87.05,59.75,88.41,69.49,94.44,93.8,90.53,98.05,12,28.8
76670,32.136,-96.989,48139,Ellis County,yes,yes,yes,ONCOR ELECTRIC DELIVERY COMPANY,Wires company (TDU),base_tdsp,ERCOT,12.6,,,,53.5,53.325,62.55,44.535,Top 4% for new-home growth,548,1963,60104,0.742,0.726,216900,5.6,0.749,7.79,23.2,67.034,66.94,56.61,56.38,49.11,58.92,88.33,78.5,81.39,11,35.9
76031,32.346,-97.328,48251,Johnson County,yes,yes,yes,ONCOR ELECTRIC DELIVERY COMPANY,Wires company (TDU),base_tdsp,ERCOT,12.6,,"HILCO Electric Cooperative, Inc.; United Electric Coop Service Inc - (TX); Heart of Texas Electric Coop",,53.4,51.856,48.346,60.527,Top 11% for new-home growth; Top 24% for all-electric heating,5312,18920,69155,0.782,0.73,200200,5.2,0.784,5.73,17.9,70.031,65.64,44.9,74.53,38.49,71.26,81.13,82.08,97.83,16,23.7
76656,31.185,-97.044,48145,Falls County,yes,yes,yes,ONCOR ELECTRIC DELIVERY COMPANY,Wires company (TDU),base_tdsp,ERCOT,12.6,,"Bartlett Electric Coop, Inc; Heart of Texas Electric Coop",,53.4,62.029,46.041,49.099,Top 6% for outage hours per customer; Top 13% for major outage days,618,2391,70703,0.792,0.673,128200,5.6,0.569,23.19,42.1,61.183,26.42,70.77,40.1,61.22,61.04,64.22,51.98,78.95,14,0.8
77064,29.917,-95.538,48201,Harris County,yes,yes,yes,CENTERPOINT ENERGY HOUSTON ELECTRIC LLC,Wires company (TDU),base_tdsp,ERCOT,13.0,,,,53.4,45.1,61.92,55.935,Top 19% for outage hours per customer; Top 24% for home size,12264,49591,81658,0.643,0.724,253100,5.8,0.488,15.94,5.5,60.117,71.86,90.11,48.22,20.54,34.82,67.85,68.81,90.47,16,11.1
76251,33.632,-97.689,48337,Montague County,yes,yes,yes,TEXAS-NEW MEXICO POWER COMPANY,Wires company (TDU),base_tdsp,ERCOT,15.1,,Cooke County Elec Coop Assn; Wise Electric Coop Inc,,53.3,59.379,48.451,50.093,Top 16% for homeownership,228,708,62375,0.889,0.839,262500,5.3,0.523,8.73,27.2,74.706,60.22,44.45,95.66,55.61,90.78,67.52,82.22,86.7,13,2
76491,33.037,-99.049,48447,Throckmorton County,yes,yes,yes,AEP TEXAS NORTH,Wires company (TDU),base_tdsp,ERCOT,12.7,,,,53.3,45.953,60.125,56.411,Top 16% for home size,208,743,77917,0.728,0.818,103100,6,0.776,10.49,6,58.416,81.09,48.89,33.03,55.34,95.02,53.76,49.31,73.56,15,
76554,30.968,-97.377,48027,Bell County,yes,yes,yes,ONCOR ELECTRIC DELIVERY COMPANY,Wires company (TDU),base_tdsp,ERCOT,12.6,,"Bartlett Electric Coop, Inc; Heart of Texas Electric Coop",,53.3,43.195,60.091,60.136,Top 19% for new-home growth,706,2344,75500,0.784,0.811,177300,5.7,0.713,8.1,11.4,61.17,39.16,60.48,33.15,76.02,44.26,69.86,59.15,85.27,13,17.1
78379,27.307,-97.78,48273,Kleberg County,yes,yes,yes,AEP TEXAS CENTRAL,Wires company (TDU),base_tdsp,ERCOT,12.1,,Nueces Electric Cooperative,,53.3,58.924,34.859,64.233,Top 16% for household income; Top 17% for severe-weather risk (FEMA); Top 23% for all-electric heating,451,1659,100944,0.802,0.708,133200,5,0.787,5.99,14.9,77.87,96.79,98.42,77.43,54.28,65.53,99.8,86.33,63.3,15,0.8
77904,28.938,-97.02,48469,Victoria County,yes,yes,yes,AEP TEXAS CENTRAL,Wires company (TDU),base_tdsp,ERCOT,12.05,,"Victoria Electric Coop, Inc",,53.2,44.086,67.485,51.065,,7769,30061,83130,0.684,0.672,244700,5.7,0.732,3.27,11.5,73.399,87.07,96.83,59.44,54.66,56.18,91.89,71.77,83.02,14,2.8
78633,30.741,-97.756,48491,Williamson County,yes,yes,yes,ONCOR ELECTRIC DELIVERY COMPANY,Wires company (TDU),base_tdsp,ERCOT,12.6,,"Bartlett Electric Coop, Inc; Pedernales Electric Coop, Inc",,53.2,22.404,72.031,75.433,Top 9% for home value; Top 9% for new-home growth; Top 11% for homeownership,10337,29309,100936,0.917,0.958,464600,6.1,0.311,6.41,9.9,51.751,33.03,47.68,33.46,77.82,28.08,70.24,40.3,64.68,10,27.6
79713,32.49,-101.754,48317,Martin County,yes,yes,yes,ONCOR ELECTRIC DELIVERY COMPANY,Wires company (TDU),base_tdsp,ERCOT,12.6,,"Lyntegar Electric Coop, Inc",,53.2,53.038,60.307,46.318,Top 11% for major outage days; Top 16% for home size; Top 18% for long-term owners,249,840,64886,0.773,0.783,149200,6,0.66,14.68,45.5,55.073,87.04,47.01,26.31,70.29,91.15,54.77,30.34,65.64,18,0.1
75093,33.034,-96.812,48085,Collin County,yes,yes,yes,ONCOR ELECTRIC DELIVERY COMPANY,Wires company (TDU),base_tdsp,ERCOT,12.6,,"Denton County Elec Coop, Inc; Grayson-Collin Elec Coop, Inc",,53.1,22.85,80.074,66.41,Top 3% for home value; Top 6% for household income; Top 7% for new-home growth,10900,47954,124563,0.591,0.615,670500,6.5,0.486,5.38,5.6,56.884,76.97,36.34,62,47.06,34.95,54.2,64.32,99.32,14,29.1
75488,33.779,-95.997,48147,Fannin County,yes,yes,yes,ONCOR ELECTRIC DELIVERY COMPANY,Wires company (TDU),base_tdsp,ERCOT,12.6,,Fannin County Electric Coop,,53.1,62.036,46.484,47.967,Top 6% for severe-weather risk (FEMA); Top 7% for homeownership,401,1244,54700,0.978,0.839,206300,5.3,0.626,7.15,19,83.541,94.45,51.75,98.68,64.42,90.51,84.98,95.94,98.51,12,5.7
76827,31.518,-99.135,48049,Brown County,yes,yes,yes,ONCOR ELECTRIC DELIVERY COMPANY,Wires company (TDU),base_tdsp,ERCOT,12.6,,,,53.1,29.374,53.653,84.329,Top 1% for long-term owners; Top 15% for homeownership; Top 24% for home size,211,731,,0.894,0.753,185500,5.8,0.416,5.2,19.2,60.801,54.43,43.54,2.88,87.86,87.09,76.16,56.48,71.6,31,11.3
78382,28.114,-97.046,48007,Aransas County,yes,yes,yes,AEP TEXAS CENTRAL,Wires company (TDU),base_tdsp,ERCOT,12.05,,"Victoria Electric Coop, Inc",,53.1,53.619,52.416,53.149,Top 17% for new-home growth; Top 19% for major outage days; Top 20% for all-electric heating,5925,20568,75135,0.763,0.749,270900,5.1,0.804,11.76,32.6,56.814,69.42,93.97,31.81,34.29,43.03,78.56,52.06,63.98,9,18
79758,31.971,-102.321,48135,Ector County,yes,yes,yes,ONCOR ELECTRIC DELIVERY COMPANY,Wires company (TDU),base_tdsp,ERCOT,12.6,,,,53.1,19.959,74.548,75.984,Top 10% for homeownership; Top 13% for home value; Top 15% for household income,545,2016,102560,0.934,0.704,390700,5.6,0.793,2.62,4.1,53.279,31.38,29.24,53.34,88.78,63.9,39.11,44.62,53.96,11,15.1
75007,33.005,-96.897,48121,Denton County,yes,yes,yes,ONCOR ELECTRIC DELIVERY COMPANY,Wires company (TDU),base_tdsp,ERCOT,12.6,,"Denton County Elec Coop, Inc",,53.0,23.762,75.6,69.267,Top 10% for household income; Top 12% for home size; Top 13% for new-home growth,14165,54646,111521,0.674,0.753,381100,6.2,0.535,4.58,4.6,60.871,57.61,33.64,76.64,41.61,45.5,56.15,76.34,96.22,16,22.9
76645,32.022,-97.133,48217,Hill County,yes,yes,yes,ONCOR ELECTRIC DELIVERY COMPANY,Wires company (TDU),base_tdsp,ERCOT,12.6,,"HILCO Electric Cooperative, Inc.",,53.0,62.831,56.432,36.505,Top 24% for severe-weather risk (FEMA),2913,11494,63737,0.659,0.752,199100,5.6,0.637,8.54,28,75.227,74.96,63.94,87.02,32.1,78.52,98.28,73.25,93.48,13,4.5
78057,29.037,-99.001,48163,Frio County,yes,yes,yes,AEP TEXAS CENTRAL,Wires company (TDU),base_tdsp,ERCOT,12.05,,"Karnes Electric Coop Inc; Medina Electric Coop, Inc",,53.0,72.8,27.629,52.123,Top 11% for long-term owners; Top 21% for severe-weather risk (FEMA); Top 21% for major outage days,229,881,66134,0.782,0.677,137500,4.3,0.796,10.14,30.6,76.353,76.33,74.47,61.47,67.99,76.56,88.95,89.5,75.53,20,2.1
78881,29.384,-99.53,48463,Uvalde County,yes,yes,yes,AEP TEXAS CENTRAL,Wires company (TDU),base_tdsp,ERCOT,12.05,,"Bandera Electric Coop, Inc; Medina Electric Coop, Inc",,53.0,85.214,26.899,36.247,Top 4% for long-term owners; Top 6% for all-electric heating; Top 14% for major outage days,355,1283,35104,0.777,0.721,69800,4.6,0.914,15.98,39.5,77.44,98.88,71.94,70.7,86.43,84.31,56.93,90.77,81,24,2
75052,32.665,-97.029,48113,Dallas County,yes,yes,yes,ONCOR ELECTRIC DELIVERY COMPANY,Wires company (TDU),base_tdsp,ERCOT,12.6,,,,52.9,37.107,71.098,55.689,Top 24% for household income; Top 24% for home size; Top 25% for home value,24169,97278,89301,0.646,0.75,307100,5.8,0.662,9.52,4.5,57.137,51.39,35.56,55.05,46.76,25.57,69.24,90.57,77.21,16,5.5
76527,30.842,-97.81,48491,Williamson County,yes,yes,yes,ONCOR ELECTRIC DELIVERY COMPANY,Wires company (TDU),base_tdsp,ERCOT,12.6,,"Bartlett Electric Coop, Inc; Pedernales Electric Coop, Inc; Heart of Texas Electric Coop",,52.9,30.173,70.335,65.632,Top 9% for new-home growth; Top 19% for home value,1233,4918,81574,0.816,0.652,345400,5.6,0.725,6.41,9.9,49.814,28.85,47.54,28.93,74.08,30.08,66.48,38.32,63.27,12,27.6
78071,28.47,-98.226,48297,Live Oak County,yes,yes,yes,AEP TEXAS CENTRAL,Wires company (TDU),base_tdsp,ERCOT,12.05,,Karnes Electric Coop Inc; San Patricio Electric Coop Inc,,52.9,80.291,32.476,36.854,Top 14% for long-term owners; Top 15% for major outage days; Top 16% for all-electric heating,822,3576,60500,0.598,0.656,158500,4.5,0.83,15.46,36.9,76.78,83.36,90.11,65.7,53.67,66.82,97.61,82.23,81.32,19,2
78332,27.724,-98.134,48249,Jim Wells County,yes,yes,yes,AEP TEXAS CENTRAL,Wires company (TDU),base_tdsp,ERCOT,12.1,,Nueces Electric Cooperative,,52.9,76.588,45.304,28.995,Top 9% for severe-weather risk (FEMA); Top 14% for long-term owners,6781,27042,49887,0.652,0.746,107500,5.4,0.77,11.49,28,81.591,95.52,95.53,89.94,50.34,73.37,99.8,88.62,73.54,19,0.4
78681,30.534,-97.726,48491,Williamson County,yes,yes,yes,ONCOR ELECTRIC DELIVERY COMPANY,Wires company (TDU),base_tdsp,ERCOT,12.6,,"Austin Energy; Bartlett Electric Coop, Inc; Pedernales Electric Coop, Inc",,52.9,21.797,76.615,70.615,Top 4% for household income; Top 6% for home size; Top 7% for home value,16113,56691,137819,0.739,0.83,497300,6.6,0.312,6.41,9.9,50.62,32.29,46.39,30.79,78.02,27.91,71.45,42.81,56.97,12,27.6
78750,30.419,-97.802,48453,Travis County,yes,yes,yes,ONCOR ELECTRIC DELIVERY COMPANY,Wires company (TDU),base_tdsp,ERCOT,12.6,,"Austin Energy; Bartlett Electric Coop, Inc; Pedernales Electric Coop, Inc",,52.9,26.154,77.379,64.195,Top 4% for home value; Top 7% for household income; Top 14% for home size,7307,29277,121563,0.649,0.706,601800,6.1,0.526,7.98,4.8,48.581,35.59,47.47,29.77,40.59,38.99,41.59,63.74,77.92,15,9.1
75054,32.591,-97.039,48439,Tarrant County,yes,yes,yes,ONCOR ELECTRIC DELIVERY COMPANY,Wires company (TDU),base_tdsp,ERCOT,12.6,,,,52.8,15.948,78.534,76.146,Top 2% for home size; Top 2% for household income; Top 8% for home value,6251,18388,163229,0.884,0.889,470000,7.6,0.34,5.45,3.8,52.71,41.17,34.91,48.91,43.6,18.92,59.55,85.91,77.17,9,13.2
75904,31.34,-94.826,48005,Angelina County,yes,yes,yes,ONCOR ELECTRIC DELIVERY COMPANY,Wires company (TDU),base_tdsp,ERCOT,12.6,,Houston County Elec Coop Inc; Entergy Texas Inc.,,52.8,75.251,47.478,28.322,Top 17% for major outage days; Top 18% for severe-weather risk (FEMA),7621,34462,60205,0.575,0.648,185000,5.3,0.698,13.68,34.4,77.629,53.68,78.9,78.71,71.36,93.14,67.85,90.82,62.62,12,3.3
76017,32.663,-97.164,48439,Tarrant County,yes,yes,yes,ONCOR ELECTRIC DELIVERY COMPANY,Wires company (TDU),base_tdsp,ERCOT,12.6,,,,52.8,29.098,74.824,62.263,Top 23% for household income; Top 24% for home value; Top 24% for long-term owners,11913,47074,90083,0.658,0.755,311600,5.8,0.752,5.45,3.8,58.404,62.83,41.36,55.65,53.45,20.01,62.28,85.54,90.54,17,13.2
77480,29.086,-95.767,48039,Brazoria County,yes,yes,yes,CENTERPOINT ENERGY HOUSTON ELECTRIC LLC,Wires company (TDU),base_tdsp,ERCOT,13.8,,"Jackson Electric Coop, Inc - (TX)",,52.8,52.642,47.629,58.123,Top 10% for new-home growth,2141,7626,73022,0.787,0.73,209900,5.3,0.646,14.34,26.6,59.29,86.84,95.3,57.28,23.04,42.15,55.72,63.02,78.52,12,26.6
77498,29.644,-95.653,48157,Fort Bend County,yes,yes,yes,CENTERPOINT ENERGY HOUSTON ELECTRIC LLC,Wires company (TDU),base_tdsp,ERCOT,13.0,,,,52.8,25.628,70.867,71.102,Top 5% for new-home growth; Top 12% for home size; Top 16% for household income,14338,52806,100950,0.706,0.823,302600,6.2,0.483,5.55,3.2,62.464,60.37,86.46,63.5,21.44,48.24,60.65,73.94,83.02,17,35.7
78387,28.122,-97.553,48409,San Patricio County,yes,yes,yes,AEP TEXAS CENTRAL,Wires company (TDU),base_tdsp,ERCOT,12.05,,San Patricio Electric Coop Inc,,52.8,72.344,40.071,39.386,Top 9% for long-term owners; Top 17% for severe-weather risk (FEMA); Top 22% for major outage days,2146,9640,53048,0.579,0.643,166300,5.1,0.746,9.9,30,78.27,92.27,96.26,61.63,52.12,78.76,93.69,86.71,78.72,21,14.8
75230,32.903,-96.793,48113,Dallas County,yes,yes,yes,ONCOR ELECTRIC DELIVERY COMPANY,Wires company (TDU),base_tdsp,ERCOT,12.6,,,,52.7,34.38,77.585,52.285,Top 1% for home value; Top 11% for household income; Top 20% for home size,5509,27763,110956,0.574,0.516,931500,5.9,0.593,9.52,4.5,56.414,53.71,35.99,59.78,39.52,28.91,64.81,92.93,72.96,12,5.5
75941,31.187,-94.759,48005,Angelina County,yes,yes,yes,ONCOR ELECTRIC DELIVERY COMPANY,Wires company (TDU),base_tdsp,ERCOT,12.6,,Houston County Elec Coop Inc; Sam Houston Electric Coop Inc; Entergy Texas Inc.,,52.7,72.602,35.676,43.157,Top 14% for long-term owners; Top 17% for major outage days,2362,8461,59593,0.726,0.737,109900,5.2,0.708,13.68,34.4,74.207,51.34,76.94,74.03,69.34,90.72,58.57,93.69,56.16,19,3.3
76802,31.744,-98.912,48049,Brown County,yes,yes,yes,ONCOR ELECTRIC DELIVERY COMPANY,Wires company (TDU),base_tdsp,ERCOT,12.6,,Comanche County Elec Coop Assn,,52.7,39.048,69.86,53.645,Top 20% for home size; Top 24% for all-electric heating,1576,5415,70714,0.789,0.757,207400,5.9,0.783,5.2,19.2,61.344,51.63,44.5,2.33,88.21,86.57,77.92,57.2,72.68,12,11.3
79788,31.582,-102.977,48475,Ward County,yes,yes,yes,ONCOR ELECTRIC DELIVERY COMPANY,Wires company (TDU),base_tdsp,ERCOT,13.6,,,,52.7,55.603,57.838,43.549,Top 5% for home size; Top 10% for homeownership; Top 22% for severe-weather risk (FEMA),227,699,57109,0.929,0.847,84700,6.7,0.611,6.62,23.1,76.079,86.42,44.96,85.5,97.01,98.66,59.97,73.72,72.73,11,1.6
75160,32.758,-96.301,48257,Kaufman County,yes,yes,yes,ONCOR ELECTRIC DELIVERY COMPANY,Wires company (TDU),base_tdsp,ERCOT,12.6,,,,52.6,45.913,64.442,49.573,Top 13% for new-home growth,7431,28206,71801,0.685,0.714,255700,5.6,0.692,5.94,20.5,66.233,59.12,42.97,43.95,63.13,63.84,80.1,88.35,81.29,12,22.9
76265,33.757,-97.538,48337,Montague County,yes,yes,yes,TEXAS-NEW MEXICO POWER COMPANY,Wires company (TDU),base_tdsp,ERCOT,15.1,,Cooke County Elec Coop Assn; Wise Electric Coop Inc,,52.6,62.982,36.41,54.927,Top 15% for severe-weather risk (FEMA),461,1566,76036,0.767,0.78,216500,5.1,0.523,8.73,27.2,79.156,75.62,48.59,97.12,62.52,93.29,71.54,87.08,93.95,16,2
77085,29.621,-95.485,48201,Harris County,yes,yes,yes,CENTERPOINT ENERGY HOUSTON ELECTRIC LLC,Wires company (TDU),base_tdsp,ERCOT,13.0,,,,52.6,52.957,53.281,51.361,Top 18% for long-term owners; Top 19% for outage hours per customer,4344,16513,68470,0.684,0.766,191800,5.7,0.486,15.94,5.5,66.783,82.83,91.94,53.07,23.84,35.5,82,84.84,96.29,18,11.1
75023,33.057,-96.731,48085,Collin County,yes,yes,yes,ONCOR ELECTRIC DELIVERY COMPANY,Wires company (TDU),base_tdsp,ERCOT,12.6,,"Denton County Elec Coop, Inc; Grayson-Collin Elec Coop, Inc",,52.5,21.396,78.389,68.219,Top 7% for new-home growth; Top 7% for home size; Top 11% for home value,12136,49229,109660,0.641,0.756,416500,6.5,0.518,5.38,5.6,53.661,73.36,32.49,47.82,44.6,32.74,54.42,63.93,99.63,16,29.1
75417,33.44,-95.14,48387,Red River County,yes,yes,yes,TEXAS-NEW MEXICO POWER COMPANY,Wires company (TDU),base_tdsp,ERCOT,15.1,,"Farmers Electric Coop, Inc - (TX); Lamar County Elec Coop Assn; Southwestern Electric Power Co",,52.5,68.266,44.989,39.092,Top 12% for severe-weather risk (FEMA),636,2162,56842,0.766,0.844,133200,5.5,0.609,10.06,22.1,80.573,96.35,54.32,99.99,65.22,88.27,75.93,83.07,97.21,14,2.6
76648,31.849,-96.807,48217,Hill County,yes,yes,yes,ONCOR ELECTRIC DELIVERY COMPANY,Wires company (TDU),base_tdsp,ERCOT,12.6,,,,52.5,63.449,47.561,42.859,Top 19% for severe-weather risk (FEMA),743,2777,54669,0.802,0.696,132000,5.6,0.597,8.54,28,77.289,80.74,71.57,86.45,37.11,78.16,97.86,77.41,92.46,15,4.5
77047,29.611,-95.387,48201,Harris County,yes,yes,yes,CENTERPOINT ENERGY HOUSTON ELECTRIC LLC,Wires company (TDU),base_tdsp,ERCOT,13.0,,,,52.5,50.484,56.306,51.358,Top 19% for outage hours per customer,9742,34987,78538,0.724,0.875,234300,5.7,0.428,15.94,5.5,65.477,80.92,92.42,52.99,23.14,33.12,79.57,82.07,95.03,11,11.1
78336,27.927,-97.178,48409,San Patricio County,yes,yes,yes,AEP TEXAS CENTRAL,Wires company (TDU),base_tdsp,ERCOT,12.05,,,,52.5,69.176,44.819,37.887,Top 16% for all-electric heating; Top 22% for major outage days; Top 22% for new-home growth,2953,12424,58420,0.704,0.618,214200,5,0.825,9.9,30,72.051,82.09,96.27,49.87,48.59,65.16,90.71,76.9,76.86,11,14.8
79782,32.15,-101.827,48317,Martin County,yes,yes,yes,ONCOR ELECTRIC DELIVERY COMPANY,Wires company (TDU),base_tdsp,ERCOT,12.6,,,,52.5,48.355,48.238,62.415,Top 11% for major outage days; Top 14% for household income; Top 25% for outage hours per customer,1042,3867,102986,0.825,0.701,171000,5.5,0.574,14.68,45.5,50.641,85.16,43.67,13.93,65.82,88.21,48.13,30.19,64.54,13,0.1
76635,31.716,-96.661,48293,Limestone County,yes,yes,yes,ONCOR ELECTRIC DELIVERY COMPANY,Wires company (TDU),base_tdsp,ERCOT,12.6,,,,52.4,74.949,32.772,41.811,Top 1% for outage hours per customer; Top 6% for major outage days; Top 24% for long-term owners,377,1392,62031,0.714,0.706,153300,5,0.689,31.36,57,66.707,67.17,72.27,67.66,46,69.07,95.96,47.57,68.42,17,1.9
75420,33.053,-95.721,48223,Hopkins County,yes,yes,yes,ONCOR ELECTRIC DELIVERY COMPANY,Wires company (TDU),base_tdsp,ERCOT,12.6,,,,52.3,71.165,19.52,60.014,Top 3% for severe-weather risk (FEMA); Top 12% for homeownership; Top 22% for major outage days,295,1041,72521,0.915,0.737,134000,4.6,0.531,9.96,29.9,87.116,88.2,57.07,98.52,73.6,97.27,97.11,87.03,99.21,13,4.2
75709,32.304,-95.391,48423,Smith County,yes,yes,yes,ONCOR ELECTRIC DELIVERY COMPANY,Wires company (TDU),base_tdsp,ERCOT,12.6,,,,52.3,60.767,48.076,45.27,,1304,6015,75625,0.696,0.564,240600,5.1,0.756,12.99,17.2,67.4,31.4,56.49,74.68,70.91,73.66,78.31,86.37,31.38,11,7.1
76060,32.638,-97.214,48439,Tarrant County,yes,yes,yes,ONCOR ELECTRIC DELIVERY COMPANY,Wires company (TDU),base_tdsp,ERCOT,12.6,,,,52.3,22.62,81.397,62.865,Top 8% for household income; Top 10% for home size; Top 14% for home value,2644,9444,119156,0.728,0.82,378600,6.3,0.663,5.45,3.8,52.809,54.9,41.12,52.45,45.76,17.01,51.78,76.42,85.12,10,13.2
76305,34.006,-98.388,48077,Clay County,yes,yes,yes,ONCOR ELECTRIC DELIVERY COMPANY,Wires company (TDU),base_tdsp,ERCOT,13.6,,,,52.3,55.742,48.914,51.168,,1328,4941,78071,0.747,0.699,184700,5.4,0.647,7.52,19,73.053,72.66,44.64,83.4,71.85,81.56,60.68,80.41,88.83,14,1.4
75065,33.11,-97.005,48121,Denton County,yes,yes,yes,ONCOR ELECTRIC DELIVERY COMPANY,Wires company (TDU),base_tdsp,ERCOT,12.6,,"Denton County Elec Coop, Inc",,52.2,27.279,72.145,65.578,Top 12% for home size; Top 13% for new-home growth; Top 15% for household income,3876,13657,102597,0.738,0.745,334400,6.2,0.469,4.58,4.6,64.721,64.68,35.2,81.52,46.06,52.66,60.06,79.79,97.76,12,22.9
75119,32.327,-96.59,48139,Ellis County,yes,yes,yes,ONCOR ELECTRIC DELIVERY COMPANY,Wires company (TDU),base_tdsp,ERCOT,12.6,,,,52.2,40.805,62.955,56.489,Top 4% for new-home growth,8444,31866,77053,0.689,0.772,278800,5.5,0.695,7.79,23.2,56.846,44.06,47.69,35.47,55.07,44.91,76,68.6,70.18,13,35.9
76002,32.622,-97.094,48439,Tarrant County,yes,yes,yes,ONCOR ELECTRIC DELIVERY COMPANY,Wires company (TDU),base_tdsp,ERCOT,12.6,,,,52.2,19.494,77.512,70.541,Top 6% for home size; Top 16% for household income; Top 20% for home value,10918,35265,100667,0.805,0.974,339100,6.6,0.552,5.45,3.8,53.057,41.9,38.28,46.01,47.61,16.86,56.38,81.16,85.1,13,13.2
77565,29.536,-95.027,48167,Galveston County,yes,yes,yes,CENTERPOINT ENERGY HOUSTON ELECTRIC LLC,Wires company (TDU),base_tdsp,ERCOT,13.8,,,,52.2,50.374,56.885,50.075,Top 11% for outage hours per customer; Top 11% for home value; Top 18% for new-home growth,1329,6943,95268,0.498,0.605,419000,5.3,0.578,20.41,26.1,49.931,34.82,84.59,54.49,15.67,18.76,85.04,33.89,57.08,10,17.5
78644,29.872,-97.677,48055,Caldwell County,yes,yes,yes,AEP TEXAS CENTRAL,Wires company (TDU),base_tdsp,ERCOT,12.05,,"Bluebonnet Electric Coop, Inc; Pedernales Electric Coop, Inc",,52.2,46.752,52.944,58.845,Top 6% for new-home growth,5887,22348,74709,0.749,0.685,279800,5.2,0.716,3.89,15.5,73.234,83.96,58.11,50.5,80.59,92.7,66.26,75.62,88.86,13,32
76861,31.592,-100.193,48451,Tom Green County,yes,yes,yes,AEP TEXAS NORTH,Wires company (TDU),base_tdsp,ERCOT,12.7,,Concho Valley Elec Coop Inc,,52.1,42.428,60.194,56.903,,624,2177,85714,0.746,0.839,218200,5.6,0.686,7.25,18.8,61.349,75.64,48.09,14.1,88.24,78.89,74.77,62.99,62.36,13,5.8
78629,29.477,-97.449,48177,Gonzales County,yes,yes,yes,AEP TEXAS CENTRAL,Wires company (TDU),base_tdsp,ERCOT,12.05,,"Guadalupe Valley Elec Coop Inc; Victoria Electric Coop, Inc",,52.1,68.791,49.167,32.79,Top 9% for severe-weather risk (FEMA); Top 17% for major outage days; Top 22% for all-electric heating,2861,12740,59521,0.584,0.648,206700,5.2,0.792,6.85,34.2,82.13,98.63,95.74,41.82,79.65,96.97,90.96,76.37,93.4,17,1.3
76264,33.738,-96.84,48181,Grayson County,yes,yes,yes,ONCOR ELECTRIC DELIVERY COMPANY,Wires company (TDU),base_tdsp,ERCOT,12.6,,"Grayson-Collin Elec Coop, Inc",,52.0,52.785,43.163,59.662,Top 12% for new-home growth; Top 24% for home value,246,997,77955,0.815,0.643,309500,4.9,0.642,7.16,22.5,70.087,61.4,43.42,93.44,59,54.72,72.96,82.76,84.31,9,23.5
76934,31.603,-100.669,48451,Tom Green County,yes,yes,yes,AEP TEXAS NORTH,Wires company (TDU),base_tdsp,ERCOT,12.7,,Concho Valley Elec Coop Inc,,52.0,45.203,65.194,47.998,Top 8% for homeownership,475,1471,52125,0.952,0.84,269600,5.6,0.686,7.25,18.8,63.627,80.38,42.77,24.67,96.27,63.77,68.17,83.71,66.03,13,5.8
78061,28.888,-99.141,48163,Frio County,yes,yes,yes,AEP TEXAS CENTRAL,Wires company (TDU),base_tdsp,ERCOT,12.05,,"Karnes Electric Coop Inc; Medina Electric Coop, Inc",,52.0,72.498,41.859,34.806,Top 18% for long-term owners; Top 21% for severe-weather risk (FEMA); Top 21% for major outage days,2261,10500,60247,0.56,0.63,103400,5.3,0.789,10.14,30.6,76.19,80.71,75.52,59.81,63.85,68.07,97.13,93.77,75.18,18,2.1
77489,29.601,-95.516,48157,Fort Bend County,yes,yes,yes,CENTERPOINT ENERGY HOUSTON ELECTRIC LLC,Wires company (TDU),base_tdsp,ERCOT,13.0,,,,51.9,31.399,65.524,65.637,Top 5% for new-home growth; Top 14% for home size; Top 24% for long-term owners,11651,39292,74689,0.771,0.94,225000,6.1,0.54,5.55,3.2,66.094,63.72,88.01,67.52,23.76,51.92,65.12,78.7,87.63,17,35.7
77562,29.834,-95.051,48201,Harris County,yes,yes,yes,CENTERPOINT ENERGY HOUSTON ELECTRIC LLC,Wires company (TDU),base_tdsp,ERCOT,13.0,,,,51.9,51.635,57.855,46.248,Top 19% for outage hours per customer; Top 24% for home size,2327,8914,57364,0.805,0.679,217700,5.8,0.483,15.94,5.5,65.663,72.57,90.15,49.99,23.42,35.78,81.13,83.78,95.39,13,11.1
77444,29.286,-95.778,48157,Fort Bend County,yes,yes,yes,CENTERPOINT ENERGY HOUSTON ELECTRIC LLC,Wires company (TDU),base_tdsp,ERCOT,13.0,,,,51.8,38.755,31.608,89.526,Top 2% for long-term owners; Top 5% for new-home growth; Top 18% for homeownership,210,911,,0.88,0.601,167400,4.8,0.686,5.55,3.2,68.391,84.83,92.9,69.9,23.95,58.4,66.62,77.92,89.05,30,35.7
76651,32.178,-96.851,48139,Ellis County,yes,yes,yes,ONCOR ELECTRIC DELIVERY COMPANY,Wires company (TDU),base_tdsp,ERCOT,12.6,,,,51.6,38.608,65.668,54.851,Top 4% for new-home growth; Top 24% for home size,1078,3984,67500,0.704,0.842,224500,5.8,0.684,7.79,23.2,54.164,44.45,49.44,29.61,50.7,37.43,76.58,69.16,66.23,16,35.9
77043,29.811,-95.585,48201,Harris County,yes,yes,yes,CENTERPOINT ENERGY HOUSTON ELECTRIC LLC,Wires company (TDU),base_tdsp,ERCOT,13.0,,,,51.6,55.141,49.617,48.759,Top 12% for home value; Top 19% for outage hours per customer,5898,29048,79359,0.528,0.577,411100,5.1,0.587,15.94,5.5,66.576,79.3,93.69,62.06,22.6,44.82,72.9,74.94,95.02,14,11.1
78380,27.791,-97.742,48355,Nueces County,yes,yes,yes,AEP TEXAS CENTRAL,Wires company (TDU),base_tdsp,ERCOT,12.1,,Nueces Electric Cooperative,,51.6,59.391,44.463,48.471,Top 14% for long-term owners,6793,23149,54769,0.763,0.818,165600,5.2,0.773,8.18,18,70.891,88.75,96.02,46.12,44.66,67.27,91.43,83.85,66.89,19,12.4
79734,30.686,-103.96,48243,Jeff Davis County,yes,yes,yes,AEP TEXAS NORTH,Wires company (TDU),base_tdsp,ERCOT,12.7,,"Rio Grande Electric Coop, Inc",,51.5,44.237,54.628,58.171,Top 19% for homeownership,545,1779,65227,0.873,0.797,241300,5.5,0.555,13.03,10.2,60.056,79.02,37.76,91.3,90.01,61.75,36.03,66.23,37.31,14,
75411,33.858,-95.649,48277,Lamar County,yes,yes,yes,ONCOR ELECTRIC DELIVERY COMPANY,Wires company (TDU),base_tdsp,ERCOT,12.6,,,,51.4,54.947,81.384,16.567,Top 1% for severe-weather risk (FEMA); Top 7% for home size,226,1090,,0.54,0.888,,6.5,0.659,3.79,16.1,90.503,95.94,57.06,99.83,93.61,91.21,97.8,94.16,99.85,9,2.1
75496,33.35,-96.058,48231,Hunt County,yes,yes,yes,ONCOR ELECTRIC DELIVERY COMPANY,Wires company (TDU),base_tdsp,ERCOT,12.6,,,,51.4,55.43,46.006,51.288,Top 14% for new-home growth; Top 17% for severe-weather risk (FEMA),869,2893,64808,0.781,0.833,200900,5.4,0.526,6.64,26,78.069,68.37,45.87,96.5,58.85,83,80.05,86.48,95.73,12,22.8
76475,32.673,-98.486,48363,Palo Pinto County,yes,yes,yes,TEXAS-NEW MEXICO POWER COMPANY,Wires company (TDU),base_tdsp,ERCOT,15.1,,,,51.4,60.87,54.24,35.771,Top 15% for major outage days,269,997,58333,0.703,0.739,201100,5.5,0.656,11.27,37.9,67.307,73.94,48.7,46.08,67.95,91.66,76.76,61.52,78.48,14,2.8
78341,27.634,-98.497,48131,Duval County,yes,yes,yes,AEP TEXAS CENTRAL,Wires company (TDU),base_tdsp,ERCOT,12.1,,,,51.4,87.213,27.266,27.734,Top 2% for long-term owners; Top 8% for major outage days; Top 9% for outage hours per customer,327,1550,45259,0.549,0.823,76100,4.7,0.877,21.18,52.4,76.783,93.99,87.3,81.46,41.19,70.2,99.84,92.66,64.83,30,
75075,33.021,-96.742,48085,Collin County,yes,yes,yes,ONCOR ELECTRIC DELIVERY COMPANY,Wires company (TDU),base_tdsp,ERCOT,12.6,,"Grayson-Collin Elec Coop, Inc",,51.3,22.41,76.393,64.637,Top 7% for new-home growth; Top 8% for home size; Top 10% for home value,8961,38135,98365,0.611,0.639,428000,6.4,0.45,5.38,5.6,56.969,77.64,35.31,56.2,48.55,36.48,57.04,65.78,99.42,16,29.1
78956,29.686,-96.934,48149,Fayette County,yes,yes,yes,AEP TEXAS CENTRAL,Wires company (TDU),base_tdsp,ERCOT,12.05,,"Fayette Electric Coop, Inc",,51.3,43.863,64.981,47.66,Top 11% for long-term owners; Top 23% for severe-weather risk (FEMA),1447,5243,67903,0.718,0.79,248600,5.6,0.723,2.49,8.5,75.556,74.45,87.04,53.42,68.96,80.01,88.32,67.86,83.28,20,1.6
75705,32.364,-95.086,48423,Smith County,yes,yes,yes,ONCOR ELECTRIC DELIVERY COMPANY,Wires company (TDU),base_tdsp,ERCOT,12.6,,Southwestern Electric Power Co,,51.2,48.998,53.244,51.956,Top 11% for long-term owners; Top 24% for home size,344,1704,81346,0.525,0.792,197200,5.8,0.324,12.99,17.2,65.513,27.54,55.03,73.18,64.28,74.02,77.34,84.94,29.8,20,7.1
75750,32.268,-95.078,48423,Smith County,yes,yes,yes,ONCOR ELECTRIC DELIVERY COMPANY,Wires company (TDU),base_tdsp,ERCOT,12.6,,Southwestern Electric Power Co,,51.2,57.329,54.146,40.007,,915,3132,50948,0.792,0.76,172300,5.6,0.64,12.99,17.2,67.417,37.69,57.85,73.49,68.73,75.26,79.23,86.28,31.08,14,7.1
76210,33.149,-97.096,48121,Denton County,yes,yes,yes,ONCOR ELECTRIC DELIVERY COMPANY,Wires company (TDU),base_tdsp,ERCOT,12.6,,"Denton County Elec Coop, Inc",,51.2,19.849,76.237,67.885,Top 6% for home size; Top 10% for household income; Top 13% for new-home growth,13880,47610,113980,0.758,0.833,376000,6.6,0.444,4.58,4.6,58.187,47.98,32.5,73.9,38.98,42.92,52.04,72.55,94.42,11,22.9
76442,31.891,-98.613,48093,Comanche County,yes,yes,yes,ONCOR ELECTRIC DELIVERY COMPANY,Wires company (TDU),base_tdsp,ERCOT,13.6,,Comanche County Elec Coop Assn; Hamilton County Elec Coop Assn,,51.2,70.682,37.916,38.393,Top 24% for major outage days,2259,7372,59853,0.797,0.817,150300,5.2,0.665,14.54,28.4,73.47,84.44,60.95,32.95,90.35,87.92,90.38,61,90.74,12,1.2
77083,29.694,-95.65,48201,Harris County,yes,yes,yes,CENTERPOINT ENERGY HOUSTON ELECTRIC LLC,Wires company (TDU),base_tdsp,ERCOT,13.0,,,,51.2,47.489,60.55,46.672,Top 18% for long-term owners; Top 19% for outage hours per customer; Top 24% for home size,18082,73230,64418,0.642,0.779,239300,5.8,0.494,15.94,5.5,62.311,73.57,86.37,50.72,20.89,40.53,70.24,76.95,90.48,18,11.1
77419,28.85,-96.257,48321,Matagorda County,yes,yes,yes,AEP TEXAS CENTRAL,Wires company (TDU),base_tdsp,ERCOT,12.05,,,,51.2,72.494,27.643,46.418,Top 7% for homeownership; Top 11% for outage hours per customer; Top 18% for major outage days,228,609,51641,0.977,1,140900,4.3,0.79,18.96,33.8,66.811,92.8,98.28,69.82,22.39,57.19,77.34,79.33,63.33,10,11.1
75550,33.498,-94.891,48387,Red River County,yes,yes,yes,ONCOR ELECTRIC DELIVERY COMPANY,Wires company (TDU),base_tdsp,ERCOT,12.6,,Lamar County Elec Coop Assn; Southwestern Electric Power Co,,51.1,63.286,51.294,34.629,,150,561,61875,0.699,0.845,,5.4,0.633,10.06,22.1,73.537,78.65,50.75,99.99,50.48,82.86,66.19,73.23,91.26,12,2.6
75965,31.723,-94.629,48347,Nacogdoches County,yes,yes,yes,ONCOR ELECTRIC DELIVERY COMPANY,Wires company (TDU),base_tdsp,ERCOT,12.6,,"Rusk County Electric Coop, Inc; Southwestern Electric Power Co",,51.1,77.941,42.005,24.253,Top 2% for severe-weather risk (FEMA),3606,18243,55291,0.514,0.552,244500,4.8,0.75,12.84,22.4,87.601,84.43,84.33,90.35,85.45,97.89,69.13,88.33,97.73,14,1.3
78373,27.779,-97.114,48355,Nueces County,yes,yes,yes,AEP TEXAS CENTRAL,Wires company (TDU),base_tdsp,ERCOT,12.05,,,,51.1,42.159,54.998,59.044,Top 4% for home value; Top 10% for all-electric heating; Top 22% for household income,701,3348,91106,0.721,0.545,599400,4.7,0.879,8.18,18,48.48,69.87,94.6,21.84,26.98,46.34,64.29,31.12,54.19,12,12.4
75020,33.771,-96.604,48181,Grayson County,yes,yes,yes,ONCOR ELECTRIC DELIVERY COMPANY,Wires company (TDU),base_tdsp,ERCOT,12.6,,"Grayson-Collin Elec Coop, Inc",,51.0,53.984,50.362,47.52,Top 12% for new-home growth,5606,24835,71605,0.587,0.757,204300,5.5,0.548,7.16,22.5,73.976,63.7,43.58,93.92,61.74,61.5,79.16,87.96,89.97,13,23.5
75766,31.945,-95.257,48073,Cherokee County,yes,yes,yes,ONCOR ELECTRIC DELIVERY COMPANY,Wires company (TDU),base_tdsp,ERCOT,12.6,,Cherokee County Elec Coop Assn - (TX); Southwestern Electric Power Co,,51.0,77.053,40.856,26.26,Top 11% for severe-weather risk (FEMA); Top 13% for major outage days,7029,25850,51394,0.707,0.723,156000,5.3,0.627,14.52,41.9,80.75,60.95,66.59,89.49,76.62,95.13,84.36,82.45,70.61,12,1.5
76123,32.619,-97.394,48439,Tarrant County,yes,yes,yes,ONCOR ELECTRIC DELIVERY COMPANY,Wires company (TDU),base_tdsp,ERCOT,12.6,,,,51.0,22.852,76.289,63.369,Top 14% for home size; Top 15% for household income; Top 24% for home value,12672,42957,102768,0.767,0.916,310500,6.1,0.659,5.45,3.8,53.496,40.33,39.67,47.75,48.42,17.8,56.71,79.77,84.35,10,13.2
76634,31.817,-97.547,48035,Bosque County,yes,yes,yes,TEXAS-NEW MEXICO POWER COMPANY,Wires company (TDU),base_tdsp,ERCOT,15.1,,Heart of Texas Electric Coop,,51.0,57.878,47.397,45.508,Top 20% for major outage days,2168,7537,74694,0.748,0.847,211500,5.3,0.633,10.54,31.6,66.363,72.26,62.38,45.06,40.52,70.51,77.95,75.25,92.87,12,1.4
76941,31.272,-100.889,48235,Irion County,yes,yes,yes,AEP TEXAS NORTH,Wires company (TDU),base_tdsp,ERCOT,12.65,,"Concho Valley Elec Coop Inc; Southwest Texas Elec Coop, Inc",,51.0,51.142,45.942,55.865,Top 14% for outage hours per customer,352,1158,78359,0.806,0.792,191700,5.2,0.739,16.21,14.6,51.356,64.04,38,6.5,78.76,93.91,44.13,43.86,54.33,16,0
77530,29.786,-95.117,48201,Harris County,yes,yes,yes,CENTERPOINT ENERGY HOUSTON ELECTRIC LLC,Wires company (TDU),base_tdsp,ERCOT,13.0,,,,51.0,59.12,45.133,46.131,Top 19% for outage hours per customer,7675,31527,62195,0.698,0.633,180800,5.3,0.648,15.94,5.5,68.103,79.67,92.68,60.32,24.59,42.3,79.61,81.93,95.29,16,11.1
77571,29.688,-95.057,48201,Harris County,yes,yes,yes,CENTERPOINT ENERGY HOUSTON ELECTRIC LLC,Wires company (TDU),base_tdsp,ERCOT,13.0,,,,51.0,40.899,57.25,58.084,Top 19% for outage hours per customer,10688,38543,81850,0.721,0.783,237500,5.7,0.463,15.94,5.5,55.526,78.64,94.2,63.92,21.61,38.3,46.78,39.9,83.97,14,11.1
76432,31.843,-98.805,48049,Brown County,yes,yes,yes,ONCOR ELECTRIC DELIVERY COMPANY,Wires company (TDU),base_tdsp,ERCOT,12.6,,Comanche County Elec Coop Assn; Hamilton County Elec Coop Assn,,50.9,38.39,55.336,63.045,Top 12% for homeownership,450,1459,69688,0.915,0.803,216700,5.6,0.567,5.2,19.2,65.937,64.12,51.78,15.72,88.48,86.49,82.94,57.84,78.31,13,11.3
78418,27.642,-97.262,48273,Kleberg County,yes,yes,yes,AEP TEXAS CENTRAL,Wires company (TDU),base_tdsp,ERCOT,12.05,,,,50.9,54.869,48.069,48.41,Top 21% for household income,7390,29790,92445,0.682,0.645,302500,4.9,0.776,5.99,14.9,73.489,85.04,97.03,64.04,51.6,64.78,91.98,80.3,64.69,12,0.8
75081,32.949,-96.71,48113,Dallas County,yes,yes,yes,ONCOR ELECTRIC DELIVERY COMPANY,Wires company (TDU),base_tdsp,ERCOT,12.6,,City of Garland - (TX),,50.8,40.503,64.077,51.311,Top 15% for home value; Top 21% for household income,7112,36544,93165,0.506,0.629,371500,5.6,0.534,9.52,4.5,63.976,63.07,38.09,68.98,49.61,38.79,77.08,95.56,79.72,15,5.5
78005,28.942,-98.851,48163,Frio County,yes,yes,yes,AEP TEXAS CENTRAL,Wires company (TDU),base_tdsp,ERCOT,12.05,,Karnes Electric Coop Inc,,50.8,68.833,39.376,38.342,Top 21% for major outage days; Top 24% for severe-weather risk (FEMA),340,1573,70559,0.563,0.632,263000,4.6,0.698,10.14,30.6,75.147,71.73,77.55,59.35,62.75,70.28,91.13,90.53,74.44,14,2.1
79536,32.474,-100.033,48441,Taylor County,yes,yes,yes,AEP TEXAS NORTH,Wires company (TDU),base_tdsp,ERCOT,12.7,,"Big Country Electric Coop, Inc; Taylor Electric Coop Inc - (TX)",,50.8,58.226,41.961,49.84,Top 5% for major outage days,1285,5047,71131,0.74,0.662,136400,5.4,0.609,13.66,58.4,63.007,76.95,45.49,48.62,89.32,75.34,46.64,68.04,67.6,13,8.4
76048,32.422,-97.812,48221,Hood County,yes,yes,yes,ONCOR ELECTRIC DELIVERY COMPANY,Wires company (TDU),base_tdsp,ERCOT,13.6,,"Tri-County Electric Coop, Inc (TX); United Electric Coop Service Inc - (TX)",,50.7,53.964,54.567,42.488,Top 17% for all-electric heating; Top 23% for severe-weather risk (FEMA),6365,27000,70346,0.736,0.613,246000,5.2,0.822,4.44,18.4,75.681,72.29,51.34,87.15,46.88,75.45,91.46,80.67,96.82,11,4.7
76208,33.209,-97.055,48121,Denton County,yes,yes,yes,ONCOR ELECTRIC DELIVERY COMPANY,Wires company (TDU),base_tdsp,ERCOT,12.6,,"City of Denton - (TX); Denton County Elec Coop, Inc",,50.7,30.526,73.617,54.631,Top 13% for new-home growth; Top 15% for home value; Top 20% for home size,6593,30025,88967,0.667,0.571,369100,5.9,0.602,4.58,4.6,64.89,67.07,37.32,80.95,49.81,52.31,59.7,77.41,96.73,10,22.9
76455,31.813,-98.384,48093,Comanche County,yes,yes,yes,TEXAS-NEW MEXICO POWER COMPANY,Wires company (TDU),base_tdsp,ERCOT,15.1,,Hamilton County Elec Coop Assn; Heart of Texas Electric Coop,,50.7,67.814,33.163,45.366,Top 24% for long-term owners; Top 24% for major outage days,250,784,56346,0.83,0.852,146700,5.2,0.552,14.54,28.4,73.976,97.11,59.84,50.05,90.87,87.37,84.67,46.48,98.55,17,1.2
76660,31.925,-96.904,48217,Hill County,yes,yes,yes,ONCOR ELECTRIC DELIVERY COMPANY,Wires company (TDU),base_tdsp,ERCOT,12.6,,,,50.7,60.689,41.035,47.189,Top 14% for homeownership; Top 15% for severe-weather risk (FEMA),197,572,49375,0.899,0.921,174300,5.4,0.392,8.54,28,78.884,84.22,73.01,90.09,32.34,78.14,99.4,82.56,96.65,16,4.5
77511,29.381,-95.242,48039,Brazoria County,yes,yes,yes,CENTERPOINT ENERGY HOUSTON ELECTRIC LLC,Wires company (TDU),base_tdsp,ERCOT,13.8,,,,50.7,51.311,46.78,53.969,Top 10% for new-home growth,12014,51892,74939,0.713,0.602,235700,5.2,0.65,14.34,26.6,57.433,66.87,89.3,64.2,19.4,36.05,58.25,57.91,76.92,12,26.6
78050,29.071,-98.482,48013,Atascosa County,yes,yes,yes,AEP TEXAS CENTRAL,Wires company (TDU),base_tdsp,ERCOT,12.05,,Karnes Electric Coop Inc,,50.7,42.25,43.616,68.95,Top 1% for all-electric heating; Top 9% for long-term owners; Top 20% for homeownership,172,529,74205,0.87,0.85,,4.9,1,5.74,22.9,56.76,27.82,54.2,34.11,57.55,63.28,42.53,70.36,75.29,21,8.4
77045,29.647,-95.431,48201,Harris County,yes,yes,yes,CENTERPOINT ENERGY HOUSTON ELECTRIC LLC,Wires company (TDU),base_tdsp,ERCOT,13.0,,,,50.6,54.774,52.429,43.27,Top 9% for long-term owners; Top 19% for outage hours per customer,7887,33563,59688,0.611,0.818,181200,5.6,0.573,15.94,5.5,66.531,84.07,92.49,54.08,23.91,35.05,81.19,83.55,95.45,21,11.1
77983,28.442,-96.58,48057,Calhoun County,yes,yes,yes,AEP TEXAS CENTRAL,Wires company (TDU),base_tdsp,ERCOT,12.05,,"Victoria Electric Coop, Inc",,50.6,44.548,39.575,69.65,Top 18% for household income; Top 23% for homeownership,748,2529,97850,0.854,0.77,292000,4.5,0.682,10.22,18,55.974,84.01,96.96,36.34,32.92,35.09,88.33,44.61,57.57,11,13.1
79705,32.051,-102.06,48317,Martin County,yes,yes,yes,ONCOR ELECTRIC DELIVERY COMPANY,Wires company (TDU),base_tdsp,ERCOT,12.6,,,,50.6,46.022,57.89,49.422,Top 11% for major outage days; Top 13% for household income; Top 18% for home value,12398,46653,105310,0.712,0.691,351700,5.5,0.431,14.68,45.5,51.437,73.65,40.01,13.81,75.27,76.04,49.94,33.55,71.44,10,0.1
75090,33.604,-96.55,48181,Grayson County,yes,yes,yes,ONCOR ELECTRIC DELIVERY COMPANY,Wires company (TDU),base_tdsp,ERCOT,12.6,,"Grayson-Collin Elec Coop, Inc",,50.5,57.749,52.251,39.042,Top 12% for new-home growth; Top 23% for severe-weather risk (FEMA),5850,26594,55543,0.572,0.789,188000,5.5,0.634,7.16,22.5,75.577,63.97,48.55,92.68,58.69,66.7,81.46,89.44,91.52,16,23.5
75214,32.828,-96.746,48113,Dallas County,yes,yes,yes,ONCOR ELECTRIC DELIVERY COMPANY,Wires company (TDU),base_tdsp,ERCOT,12.6,,,,50.5,34.661,66.462,55.551,Top 2% for home value; Top 5% for household income,7856,34274,132313,0.598,0.596,777100,5.6,0.467,9.52,4.5,60.117,57.47,35.54,62.52,45.05,33.33,75.36,95.86,73.16,12,5.5
75925,31.615,-95.062,48073,Cherokee County,yes,yes,yes,ONCOR ELECTRIC DELIVERY COMPANY,Wires company (TDU),base_tdsp,ERCOT,12.6,,Cherokee County Elec Coop Assn - (TX); Houston County Elec Coop Inc,,50.5,72.18,32.243,39.878,Top 13% for major outage days; Top 17% for severe-weather risk (FEMA); Top 18% for long-term owners,978,3657,60811,0.696,0.718,105200,5.3,0.529,14.52,41.9,77.987,46.11,69.11,86.34,74.52,91.82,80.46,78.33,65.33,18,1.5
76036,32.581,-97.42,48439,Tarrant County,yes,yes,yes,ONCOR ELECTRIC DELIVERY COMPANY,Wires company (TDU),base_tdsp,ERCOT,12.6,,,,50.5,24.193,75.047,60.941,Top 18% for household income; Top 20% for home size; Top 23% for home value,10577,36044,97973,0.763,0.87,319300,5.9,0.695,5.45,3.8,54.247,39.67,40.71,51.69,41.14,27.74,57.85,76.47,84.13,9,13.2
76448,32.398,-98.798,48133,Eastland County,yes,yes,yes,ONCOR ELECTRIC DELIVERY COMPANY,Wires company (TDU),base_tdsp,ERCOT,12.6,,Comanche County Elec Coop Assn,,50.5,62.77,52.624,32.167,Top 15% for outage hours per customer; Top 18% for major outage days,1384,5100,57122,0.706,0.798,183000,5.6,0.576,16.01,33.5,64.97,56.83,49.05,44.74,70.33,77.65,79.68,52.97,80.37,13,1.8
77084,29.827,-95.66,48201,Harris County,yes,yes,yes,CENTERPOINT ENERGY HOUSTON ELECTRIC LLC,Wires company (TDU),base_tdsp,ERCOT,13.0,,,,50.5,48.12,54.543,49.792,Top 19% for outage hours per customer,25434,110217,80575,0.6,0.681,248300,5.5,0.53,15.94,5.5,62.264,66.67,89.7,48,21.7,37.38,72.62,74.2,92.25,13,11.1
78832,29.396,-100.44,48271,Kinney County,yes,yes,yes,AEP TEXAS CENTRAL,Wires company (TDU),base_tdsp,ERCOT,12.3,,"Medina Electric Coop, Inc; Pedernales Electric Coop, Inc; Rio Grande Electric Coop, Inc",,50.5,59.089,34.696,54.852,Top 2% for outage hours per customer,898,3157,70000,0.839,0.74,82000,5.2,0.75,26.66,11.1,58.446,70.55,61.57,3.84,78.65,55.93,75.56,77.27,56.3,16,0.9
79511,32.416,-101.25,48227,Howard County,yes,yes,yes,ONCOR ELECTRIC DELIVERY COMPANY,Wires company (TDU),base_tdsp,ERCOT,12.6,,,,50.5,23.354,70.547,66.747,Top 8% for household income; Top 16% for homeownership,608,1811,117578,0.891,0.874,264400,5.7,0.768,2.97,8.4,53.399,67.59,40.43,23.38,80.85,83.68,46.89,34.67,63.89,8,2.7
79526,32.636,-100.717,48415,Scurry County,yes,yes,yes,ONCOR ELECTRIC DELIVERY COMPANY,Wires company (TDU),base_tdsp,ERCOT,12.6,,"Big Country Electric Coop, Inc",,50.5,34.047,52.457,70.527,Top 11% for homeownership; Top 16% for home size; Top 24% for long-term owners,333,986,83843,0.919,0.88,143800,6,0.42,2.49,10.9,71.944,83.19,40.37,62.32,91.46,94.26,68.74,65.7,80.76,17,2.2
76067,32.8,-98.127,48363,Palo Pinto County,yes,yes,yes,ONCOR ELECTRIC DELIVERY COMPANY,Wires company (TDU),base_tdsp,ERCOT,12.6,,,,50.4,62.175,46.972,38.08,Top 15% for major outage days,5229,21080,62190,0.645,0.7,172200,5.5,0.534,11.27,37.9,71.077,69.12,46.46,55.01,76.26,88.24,82.13,71.73,77.71,16,2.8
76244,32.928,-97.284,48439,Tarrant County,yes,yes,yes,ONCOR ELECTRIC DELIVERY COMPANY,Wires company (TDU),base_tdsp,ERCOT,12.6,,"Denton County Elec Coop, Inc",,50.4,19.747,79.993,61.525,Top 5% for home size; Top 7% for household income; Top 13% for home value,20067,76728,122217,0.68,0.769,391200,6.7,0.557,5.45,3.8,53.261,45.4,34.66,54.53,47.6,18.14,55.04,79.22,83.64,11,13.2
77049,29.833,-95.149,48201,Harris County,yes,yes,yes,CENTERPOINT ENERGY HOUSTON ELECTRIC LLC,Wires company (TDU),base_tdsp,ERCOT,13.0,,,,50.4,54.463,55.676,39.769,Top 19% for outage hours per customer,10555,40418,62971,0.679,0.76,217600,5.5,0.653,15.94,5.5,64.409,75.2,91.53,54.68,22.22,35.67,75.24,77.63,93.89,12,11.1
78359,27.924,-97.287,48409,San Patricio County,yes,yes,yes,AEP TEXAS CENTRAL,Wires company (TDU),base_tdsp,ERCOT,12.05,,,,50.4,65.86,42.923,37.325,Top 9% for long-term owners; Top 22% for major outage days; Top 22% for new-home growth,528,2154,45458,0.638,0.781,117700,5.3,0.773,9.9,30,70.234,75.64,94.06,46.14,45.88,62.16,90.55,79.9,72.95,21,14.8
75044,32.965,-96.65,48113,Dallas County,yes,yes,yes,ONCOR ELECTRIC DELIVERY COMPANY,Wires company (TDU),base_tdsp,ERCOT,12.6,,"City of Garland - (TX); Grayson-Collin Elec Coop, Inc",,50.3,43.742,55.952,53.55,Top 19% for home value; Top 21% for household income,10767,47529,92178,0.589,0.674,344300,5.3,0.615,9.52,4.5,64.737,69.76,36.23,67.92,52.15,40.2,82.72,97.27,76.67,15,5.5
76681,31.893,-96.434,48349,Navarro County,yes,yes,yes,ONCOR ELECTRIC DELIVERY COMPANY,Wires company (TDU),base_tdsp,ERCOT,12.6,,"Navarro County Elec Coop, Inc",,50.3,53.685,35.856,60.263,Top 8% for new-home growth; Top 12% for severe-weather risk (FEMA); Top 19% for all-electric heating,195,674,72530,0.813,0.756,106300,5.1,0.813,3.88,10.2,80.346,70.92,60.99,86.49,58.14,90.91,87.41,81.83,96.65,12,28.8
75554,33.554,-94.78,48387,Red River County,yes,yes,yes,ONCOR ELECTRIC DELIVERY COMPANY,Wires company (TDU),base_tdsp,ERCOT,12.6,,"Bowie-Cass Electric Coop, Inc; Lamar County Elec Coop Assn; Southwestern Electric Power Co",,50.2,61.37,43.257,42.215,Top 23% for homeownership,582,1883,46750,0.853,0.804,166900,5.3,0.637,10.06,22.1,71.41,76.61,50.41,98.93,51.4,74.96,62.07,73.46,88.64,16,2.6
76228,33.618,-98.063,48077,Clay County,yes,yes,yes,ONCOR ELECTRIC DELIVERY COMPANY,Wires company (TDU),base_tdsp,ERCOT,12.6,,Cooke County Elec Coop Assn; Wise Electric Coop Inc,,50.2,51.221,51.222,47.734,Top 24% for home size,396,1263,69250,0.823,0.816,171200,5.8,0.354,7.52,19,74.5,75.78,47.26,80.25,67.9,91.54,63.76,78.54,92.25,12,1.4
77488,29.307,-96.091,48481,Wharton County,yes,yes,yes,CENTERPOINT ENERGY HOUSTON ELECTRIC LLC,Wires company (TDU),base_tdsp,ERCOT,13.0,,"Jackson Electric Coop, Inc - (TX); Wharton County Elec Coop, Inc",,50.2,70.32,33.097,40.591,Top 2% for major outage days; Top 16% for severe-weather risk (FEMA),3782,14548,60327,0.676,0.681,163200,5.1,0.585,9.53,74.1,78.577,89.08,96.63,66.82,54.91,74.81,96.55,79.68,80.64,15,8.2
79501,32.748,-99.905,48253,Jones County,yes,yes,yes,AEP TEXAS NORTH,Wires company (TDU),base_tdsp,ERCOT,12.7,,"Big Country Electric Coop, Inc",,50.2,65.579,41.406,38.615,,1140,3630,55430,0.817,0.859,89200,5.6,0.544,13.34,26.9,74.321,89.13,48.32,64.63,91.63,96.04,49.5,80.63,89.5,14,0.1
76148,32.868,-97.252,48439,Tarrant County,yes,yes,yes,ONCOR ELECTRIC DELIVERY COMPANY,Wires company (TDU),base_tdsp,ERCOT,12.6,,,,50.1,25.733,59.642,73.19,Top 24% for household income; Top 24% for long-term owners,7315,23367,89840,0.814,0.984,242200,5.4,0.771,5.45,3.8,52.867,42.26,33.06,50.65,47.89,17.58,56.67,81.06,83.16,17,13.2
76905,31.51,-100.322,48451,Tom Green County,yes,yes,yes,AEP TEXAS NORTH,Wires company (TDU),base_tdsp,ERCOT,12.7,,Concho Valley Elec Coop Inc,,50.1,47.456,44.464,59.248,Top 24% for long-term owners; Top 25% for all-electric heating,3969,14456,84712,0.714,0.768,163900,5.2,0.78,7.25,18.8,63.307,90.38,49.83,19.39,94.73,66.69,71.79,77.95,62.77,17,5.8
79097,35.438,-101.181,48065,Carson County,yes,yes,yes,ONCOR ELECTRIC DELIVERY COMPANY,Wires company (TDU),base_tdsp,ERCOT,12.6,,North Plains Electric Coop Inc; Southwestern Public Service Co,,50.1,55.826,29.508,63.076,Top 25% for household income,392,1347,88182,0.757,0.957,144600,5.2,0.401,13.39,17.9,69.497,97.1,2.7,86.68,98.8,97.81,87.28,16.39,96.82,14,11
75964,31.632,-94.741,48347,Nacogdoches County,yes,yes,yes,ONCOR ELECTRIC DELIVERY COMPANY,Wires company (TDU),base_tdsp,ERCOT,12.6,,,,50.0,76.014,37.777,27.521,Top 4% for severe-weather risk (FEMA),4841,20470,56762,0.64,0.615,130900,5.2,0.706,12.84,22.4,85.407,70.15,83.33,85.47,77.19,96.5,70.56,88.83,95.97,13,1.3
75976,31.528,-94.925,48073,Cherokee County,yes,yes,yes,ONCOR ELECTRIC DELIVERY COMPANY,Wires company (TDU),base_tdsp,ERCOT,12.6,,,,49.8,68.174,33.661,41.383,Top 11% for long-term owners; Top 13% for major outage days,223,912,62857,0.674,0.638,66400,5.2,0.746,14.52,41.9,67.767,20.08,63.12,75.9,62.38,85.15,68.3,63.58,55.94,20,1.5
79756,31.54,-102.845,48475,Ward County,yes,yes,yes,ONCOR ELECTRIC DELIVERY COMPANY,Wires company (TDU),base_tdsp,ERCOT,12.6,,,,49.8,53.887,45.913,48.266,Top 22% for severe-weather risk (FEMA),2626,9485,67468,0.766,0.72,160600,5.5,0.558,6.62,23.1,75.833,85.29,44.71,85.01,96.9,98.62,59.77,73.5,72.32,16,1.6
76437,32.404,-99.039,48133,Eastland County,yes,yes,yes,AEP TEXAS NORTH,Wires company (TDU),base_tdsp,ERCOT,12.65,,Comanche County Elec Coop Assn,,49.7,61.405,42.168,41.785,Top 15% for outage hours per customer; Top 18% for major outage days,1737,5882,60923,0.768,0.822,117500,5.5,0.576,16.01,33.5,63.844,60.4,49.49,35.56,67.21,81.97,76.58,55.06,81.04,14,1.8
78830,28.525,-99.508,48127,Dimmit County,yes,yes,yes,AEP TEXAS CENTRAL,Wires company (TDU),base_tdsp,ERCOT,12.05,,"Medina Electric Coop, Inc",,49.7,77.044,26.16,36.854,Top 1% for outage hours per customer; Top 9% for all-electric heating; Top 14% for long-term owners,172,597,51354,0.752,0.789,66700,4.6,0.885,31.36,31,66.249,80.99,76.73,61.63,45.25,42.98,80.41,98.96,57.78,19,0.9
78638,29.66,-97.785,48187,Guadalupe County,yes,yes,yes,AEP TEXAS CENTRAL,Wires company (TDU),base_tdsp,ERCOT,12.05,,"Bluebonnet Electric Coop, Inc; Guadalupe Valley Elec Coop Inc",,49.6,27.007,70.498,58.726,Top 12% for all-electric heating; Top 15% for new-home growth; Top 23% for home value,494,2135,69250,0.793,0.602,317400,5.5,0.858,1.51,9.1,57.981,58.65,63.16,34.22,67.82,54.27,50,61.33,75.07,14,19
75209,32.848,-96.825,48113,Dallas County,yes,yes,yes,ONCOR ELECTRIC DELIVERY COMPANY,Wires company (TDU),base_tdsp,ERCOT,12.6,,,,49.5,34.921,62.449,55.829,Top 1% for home value; Top 4% for household income,3301,14211,134707,0.643,0.604,864200,5.4,0.551,9.52,4.5,58.273,55.44,35.78,61.46,42.31,31.18,69.66,94.14,73.38,11,5.5
75706,32.47,-95.308,48423,Smith County,yes,yes,yes,ONCOR ELECTRIC DELIVERY COMPANY,Wires company (TDU),base_tdsp,ERCOT,12.6,,Southwestern Electric Power Co,,49.5,58.536,40.469,46.602,,1992,9560,61687,0.777,0.542,135400,5.2,0.763,12.99,17.2,65.483,22.79,54.84,75.68,67.28,72.08,74.92,82.9,30.68,14,7.1
76033,32.275,-97.511,48251,Johnson County,yes,yes,yes,ONCOR ELECTRIC DELIVERY COMPANY,Wires company (TDU),base_tdsp,ERCOT,12.6,,United Electric Coop Service Inc - (TX); Heart of Texas Electric Coop,,49.5,47.853,51.004,50.272,Top 11% for new-home growth,7111,29538,76292,0.626,0.721,253800,5.2,0.706,5.73,17.9,68.404,65.34,46.94,70.56,41.11,69.29,77.99,76.41,96.53,12,23.7
77338,30.008,-95.289,48201,Harris County,yes,yes,yes,CENTERPOINT ENERGY HOUSTON ELECTRIC LLC,Wires company (TDU),base_tdsp,ERCOT,13.0,,Mid-South Electric Coop Assn; Entergy Texas Inc.,,49.5,57.653,52.095,35.882,Top 19% for outage hours per customer,8774,48031,64755,0.475,0.606,233300,5.4,0.604,15.94,5.5,67.949,82.37,92.84,60.28,23.85,41.5,79.35,81.37,96.45,13,11.1
78592,26.062,-97.847,48061,Cameron County,yes,yes,yes,AEP TEXAS CENTRAL,Wires company (TDU),base_tdsp,ERCOT,12.05,,,,49.5,34.766,27.912,90.84,Top 2% for long-term owners; Top 3% for homeownership; Top 21% for all-electric heating,256,677,,1,0.986,76700,4.9,0.802,4.36,6.1,62.554,62.08,92.81,61.88,43.3,37.62,95.16,69.21,37.9,29,12.6
76118,32.8,-97.193,48439,Tarrant County,yes,yes,yes,ONCOR ELECTRIC DELIVERY COMPANY,Wires company (TDU),base_tdsp,ERCOT,12.6,,,,49.4,21.98,74.28,61.144,Top 14% for home size; Top 20% for household income; Top 22% for home value,5058,17991,94530,0.731,0.848,326400,6.1,0.591,5.45,3.8,55.729,62.89,36.77,59.78,49.76,19.47,56.11,80.39,87.82,12,13.2
77053,29.584,-95.461,48157,Fort Bend County,yes,yes,yes,CENTERPOINT ENERGY HOUSTON ELECTRIC LLC,Wires company (TDU),base_tdsp,ERCOT,13.0,,,,49.4,39.38,57.094,54.905,Top 5% for new-home growth; Top 11% for long-term owners; Top 24% for home size,7805,30198,66510,0.672,0.925,172900,5.8,0.587,5.55,3.2,71.607,83.25,91.61,70.02,26.24,53.77,78.06,87,94.55,20,35.7
78118,28.801,-98.063,48255,Karnes County,yes,yes,yes,AEP TEXAS CENTRAL,Wires company (TDU),base_tdsp,ERCOT,12.05,,"Karnes Electric Coop Inc; Victoria Electric Coop, Inc",,49.4,59.871,37.313,47.401,Top 16% for new-home growth; Top 19% for severe-weather risk (FEMA),1251,4676,60711,0.748,0.696,103700,5.2,0.769,6.25,19.6,77.307,90.75,92.56,52.62,66.98,80.14,78.73,81.43,88.69,13,18.7
75949,31.23,-94.509,48005,Angelina County,yes,yes,yes,ONCOR ELECTRIC DELIVERY COMPANY,Wires company (TDU),base_tdsp,ERCOT,12.6,,"Jasper-Newton Elec Coop, Inc; Sam Houston Electric Coop Inc; Entergy Texas Inc.",,49.3,73.337,28.278,38.242,Top 17% for major outage days,2263,9138,63047,0.704,0.644,100400,4.9,0.756,13.68,34.4,73.377,41.11,76.89,74.61,67.06,89.83,57.57,93.12,54.56,13,3.3
76012,32.755,-97.139,48439,Tarrant County,yes,yes,yes,ONCOR ELECTRIC DELIVERY COMPANY,Wires company (TDU),base_tdsp,ERCOT,12.6,,,,49.3,21.316,73.51,62.242,Top 16% for home size; Top 20% for home value; Top 24% for long-term owners,7213,27991,88141,0.67,0.751,334600,6,0.594,5.45,3.8,54.401,59.95,39.47,53.44,48.15,17.96,55.4,80.01,86.38,17,13.2
77590,29.391,-94.92,48167,Galveston County,yes,yes,yes,CENTERPOINT ENERGY HOUSTON ELECTRIC LLC,Wires company (TDU),base_tdsp,ERCOT,13.8,,,,49.3,63.289,36.401,43.475,Top 11% for outage hours per customer; Top 18% for new-home growth,6377,31642,65801,0.524,0.695,188900,5.1,0.594,20.41,26.1,65.406,71.47,93.09,75.03,18.48,32.2,96.33,62.87,79.84,15,17.5
78014,28.371,-99.135,48283,La Salle County,yes,yes,yes,AEP TEXAS CENTRAL,Wires company (TDU),base_tdsp,ERCOT,12.05,,"Karnes Electric Coop Inc; Medina Electric Coop, Inc",,49.3,73.925,23.617,42.122,Top 16% for severe-weather risk (FEMA); Top 24% for long-term owners,1342,5002,66250,0.725,0.698,100000,4.5,0.751,13.62,20.5,78.471,93.24,83.43,78.14,56.02,63.7,99.21,96.2,72.6,17,0
79830,29.802,-103.222,48043,Brewster County,yes,yes,yes,AEP TEXAS NORTH,Wires company (TDU),base_tdsp,ERCOT,12.7,,"Rio Grande Electric Coop, Inc",,49.3,62.695,47.781,32.968,Top 13% for outage hours per customer; Top 24% for major outage days,2035,7853,66546,0.674,0.709,229400,5.3,0.595,17.39,28.9,64.736,88.74,48.79,87.35,89.42,51.05,38.78,94.78,42.98,11,1.2
79504,32.336,-99.351,48059,Callahan County,yes,yes,yes,AEP TEXAS NORTH,Wires company (TDU),base_tdsp,ERCOT,12.7,,Comanche County Elec Coop Assn,,49.2,62.256,38.719,42.254,Top 19% for major outage days,865,2969,64545,0.758,0.776,119600,5.4,0.568,14.52,32.8,67.86,74.17,49.69,14.71,92.75,92.01,59.97,73.55,92.34,13,2
75980,31.138,-94.375,48005,Angelina County,yes,yes,yes,ONCOR ELECTRIC DELIVERY COMPANY,Wires company (TDU),base_tdsp,ERCOT,12.6,,"Deep East Texas Elec Coop Inc; Jasper-Newton Elec Coop, Inc; Sam Houston Electric Coop Inc; Entergy Texas Inc.",,49.1,73.743,22.445,42.779,Top 13% for homeownership; Top 17% for major outage days; Top 24% for all-electric heating,637,2539,45439,0.908,0.653,94500,4.2,0.784,13.68,34.4,73.039,42.84,77.86,80.32,67.09,87.06,53.22,87.17,58.55,14,3.3
76549,31.017,-97.833,48027,Bell County,yes,yes,yes,ONCOR ELECTRIC DELIVERY COMPANY,Wires company (TDU),base_tdsp,ERCOT,12.6,,"Bartlett Electric Coop, Inc; Pedernales Electric Coop, Inc; Heart of Texas Electric Coop",,49.1,46.383,61.967,39.97,Top 6% for all-electric heating; Top 19% for new-home growth,11918,56038,70871,0.553,0.757,226000,5.4,0.919,8.1,11.4,59.389,52.43,54.9,36.54,71.65,48.61,66.95,59.06,78.01,10,17.1
79739,31.769,-101.506,48173,Glasscock County,yes,yes,yes,ONCOR ELECTRIC DELIVERY COMPANY,Wires company (TDU),base_tdsp,ERCOT,12.6,,Concho Valley Elec Coop Inc,,49.1,45.674,47.414,55.45,Top 3% for long-term owners,176,780,79352,0.588,0.815,258000,5.1,0.696,12.84,24.9,49.207,87.3,47.97,3.31,76.38,95.33,47.95,13.23,60.28,26,
76137,32.86,-97.292,48439,Tarrant County,yes,yes,yes,ONCOR ELECTRIC DELIVERY COMPANY,Wires company (TDU),base_tdsp,ERCOT,12.6,,,,49.0,27.902,69.343,56.78,Top 22% for household income; Top 24% for home value,13602,60352,90718,0.586,0.66,310900,5.6,0.74,5.45,3.8,57.426,61.43,36.94,59.93,52.96,22.55,59.83,82.9,86.87,14,13.2
76444,32.124,-98.577,48093,Comanche County,yes,yes,yes,ONCOR ELECTRIC DELIVERY COMPANY,Wires company (TDU),base_tdsp,ERCOT,12.6,,Comanche County Elec Coop Assn,,49.0,63.15,29.21,49.783,Top 18% for long-term owners; Top 24% for major outage days,1203,4081,68147,0.767,0.797,115800,5.2,0.517,14.54,28.4,70.156,77.64,58.51,30.88,86.6,84.25,88.84,52.87,89.14,18,1.2
78368,28.103,-97.808,48409,San Patricio County,yes,yes,yes,AEP TEXAS CENTRAL,Wires company (TDU),base_tdsp,ERCOT,12.1,,San Patricio Electric Coop Inc,,49.0,68.785,31.327,40.434,Top 22% for major outage days; Top 22% for new-home growth,2402,9464,46486,0.765,0.66,95300,5.1,0.725,9.9,30,74.724,85.88,93.51,60.27,47.27,68.57,95.87,82.86,74.72,14,14.8
75092,33.652,-96.7,48181,Grayson County,yes,yes,yes,ONCOR ELECTRIC DELIVERY COMPANY,Wires company (TDU),base_tdsp,ERCOT,12.6,,"Grayson-Collin Elec Coop, Inc",,48.9,54.442,47.662,42.63,Top 12% for new-home growth,6333,28342,68036,0.581,0.635,279500,5.2,0.579,7.16,22.5,73.511,64.39,46.45,92.66,57.24,62.96,78.9,87.53,88.84,12,23.5
76366,33.724,-98.784,48009,Archer County,yes,yes,yes,ONCOR ELECTRIC DELIVERY COMPANY,Wires company (TDU),base_tdsp,ERCOT,12.6,,,,48.9,60.481,44.445,37.86,,615,2074,56034,0.802,0.771,156700,5.3,0.718,11.26,23.9,67.736,52.89,47.84,75.46,60.14,89.31,60.06,71.03,70.31,12,2.6
76856,30.691,-99.273,48319,Mason County,yes,yes,yes,ONCOR ELECTRIC DELIVERY COMPANY,Wires company (TDU),base_tdsp,ERCOT,12.6,,"Central Texas Elec Coop, Inc",,48.9,43.432,46.906,58.334,,1097,3532,74677,0.808,0.828,292400,5.1,0.631,13.49,12.5,55.009,82.31,57.83,4.35,88.22,77.19,44.83,48.5,64.14,16,3.5
78065,29.08,-98.642,48013,Atascosa County,yes,yes,yes,AEP TEXAS CENTRAL,Wires company (TDU),base_tdsp,ERCOT,12.05,,City of San Antonio - (TX); Karnes Electric Coop Inc,,48.9,50.227,49.363,46.828,Top 22% for all-electric heating,2761,11695,57200,0.786,0.614,167300,5.3,0.795,5.74,22.9,67.1,57.65,56.95,35.21,72.61,72.81,59.13,85.1,87.89,16,8.4
78119,28.733,-97.895,48255,Karnes County,yes,yes,yes,AEP TEXAS CENTRAL,Wires company (TDU),base_tdsp,ERCOT,12.05,,Karnes Electric Coop Inc; San Patricio Electric Coop Inc,,48.9,58.959,40.364,43.946,Top 15% for all-electric heating; Top 16% for new-home growth; Top 18% for long-term owners,1426,7270,62738,0.51,0.644,147000,5.1,0.832,6.25,19.6,74.229,80.08,92.47,55.69,58.59,74.03,78.86,81.85,78.11,18,18.7
78404,27.768,-97.399,48355,Nueces County,yes,yes,yes,AEP TEXAS CENTRAL,Wires company (TDU),base_tdsp,ERCOT,12.05,,,,48.9,60.671,41.426,40.787,Top 22% for all-electric heating,2760,12635,61280,0.568,0.788,189000,5,0.793,8.18,18,71.379,74.63,94.76,48.08,49.26,62.97,90.49,86.59,67.5,16,12.4
79561,32.515,-100.195,48353,Nolan County,yes,yes,yes,AEP TEXAS NORTH,Wires company (TDU),base_tdsp,ERCOT,12.7,,"Big Country Electric Coop, Inc; Taylor Electric Coop Inc - (TX)",,48.9,43.069,41.885,63.81,Top 20% for household income; Top 22% for homeownership,201,665,93250,0.859,0.789,120800,5.4,0.647,7.91,25.2,60.411,65.71,41.86,39.06,81.68,87.46,55.15,48.4,69.27,12,2.1
76450,33.058,-98.622,48503,Young County,yes,yes,yes,ONCOR ELECTRIC DELIVERY COMPANY,Wires company (TDU),base_tdsp,ERCOT,13.6,,,,48.8,44.187,56.129,47.777,,3839,12999,75258,0.768,0.802,192900,5.7,0.576,5.64,14.9,69.507,80.75,50.18,53.48,67.09,95.54,63.33,76.49,80.44,12,1.5
76574,30.579,-97.389,48491,Williamson County,yes,yes,yes,ONCOR ELECTRIC DELIVERY COMPANY,Wires company (TDU),base_tdsp,ERCOT,12.6,,"Bartlett Electric Coop, Inc; Heart of Texas Electric Coop",,48.8,31.55,58.561,62.102,Top 9% for new-home growth,5963,20242,78568,0.766,0.854,297500,5.5,0.556,6.41,9.9,59.981,53.74,67.22,36.45,81.75,42.62,76.86,47.64,67.33,13,27.6
76936,30.883,-100.596,48413,Schleicher County,yes,yes,yes,AEP TEXAS NORTH,Wires company (TDU),base_tdsp,ERCOT,12.7,,"Concho Valley Elec Coop Inc; Pedernales Electric Coop, Inc; Southwest Texas Elec Coop, Inc",,48.8,40.083,45.865,63.501,,767,2369,86411,0.842,0.88,125300,5.6,0.569,12.47,10.9,55.206,83.33,51.75,4.2,86.73,89.77,57.29,37.18,59.52,15,1
75449,33.421,-95.946,48147,Fannin County,yes,yes,yes,ONCOR ELECTRIC DELIVERY COMPANY,Wires company (TDU),base_tdsp,ERCOT,12.6,,,,48.7,55.068,51.251,37.779,Top 17% for severe-weather risk (FEMA); Top 20% for home size,249,868,56250,0.748,0.903,130400,5.9,0.504,7.15,19,78.257,75.62,49.74,96.54,56.94,83.74,76.72,89.04,95.08,13,5.7
78504,26.272,-98.237,48215,Hidalgo County,yes,yes,yes,AEP TEXAS CENTRAL,Wires company (TDU),base_tdsp,ERCOT,12.05,,Magic Valley Electric Coop Inc,,48.7,30.38,64.867,57.115,Top 4% for all-electric heating; Top 20% for new-home growth,16962,63094,81905,0.699,0.774,218900,5.5,0.948,4.65,3.1,59.274,49.92,90.95,63.9,44.6,23.87,88.2,63.48,39.92,13,15.2
75144,32.108,-96.208,48349,Navarro County,yes,yes,yes,ONCOR ELECTRIC DELIVERY COMPANY,Wires company (TDU),base_tdsp,ERCOT,12.6,,,,48.6,48.918,51.426,45.358,Top 7% for severe-weather risk (FEMA); Top 8% for new-home growth,1005,3581,62949,0.73,0.739,168800,5.6,0.586,3.88,10.2,83.003,79.92,58.97,90.87,66.32,93.62,89.09,83.85,98.3,11,28.8
78827,28.422,-99.733,48127,Dimmit County,yes,yes,yes,AEP TEXAS CENTRAL,Wires company (TDU),base_tdsp,ERCOT,12.05,,"Medina Electric Coop, Inc; Rio Grande Electric Coop, Inc",,48.6,76.778,35.597,24.046,Top 1% for outage hours per customer; Top 7% for long-term owners; Top 11% for all-electric heating,158,663,23167,0.622,0.73,87600,5.1,0.872,31.36,31,66.249,80.99,76.73,61.63,45.25,42.98,80.41,98.96,57.78,22,0.9
76528,31.417,-97.756,48099,Coryell County,yes,yes,yes,ONCOR ELECTRIC DELIVERY COMPANY,Wires company (TDU),base_tdsp,ERCOT,13.6,,"Bartlett Electric Coop, Inc; Hamilton County Elec Coop Assn; Heart of Texas Electric Coop",,48.5,41.3,58.777,47.75,,5134,18935,70558,0.705,0.829,226900,5.6,0.626,7.82,12.6,62.886,56.86,54.66,39.06,79.95,54.47,75.75,52.26,84.05,13,10
78665,30.543,-97.645,48491,Williamson County,yes,yes,yes,ONCOR ELECTRIC DELIVERY COMPANY,Wires company (TDU),base_tdsp,ERCOT,12.6,,"Bartlett Electric Coop, Inc",,48.5,22.209,72.807,59.207,Top 7% for household income; Top 8% for home value; Top 9% for new-home growth,15626,66171,122680,0.614,0.73,474100,6,0.438,6.41,9.9,47.659,21.17,45.18,27.5,75.35,24.38,68.55,37.97,54.68,9,27.6
78717,30.49,-97.754,48491,Williamson County,yes,yes,yes,ONCOR ELECTRIC DELIVERY COMPANY,Wires company (TDU),base_tdsp,ERCOT,12.6,,"Austin Energy; Bartlett Electric Coop, Inc",,48.5,28.047,65.899,58.289,Top 3% for home value; Top 3% for household income; Top 9% for new-home growth,7352,37262,145325,0.513,0.575,652200,5.6,0.454,6.41,9.9,58.149,42.43,49.27,39.07,86.38,34.15,80.87,55.71,61.59,10,27.6
75218,32.842,-96.703,48113,Dallas County,yes,yes,yes,ONCOR ELECTRIC DELIVERY COMPANY,Wires company (TDU),base_tdsp,ERCOT,12.6,,City of Garland - (TX),,48.4,33.337,60.687,56.234,Top 6% for home value; Top 12% for household income,5575,22544,107366,0.643,0.757,521000,5.5,0.393,9.52,4.5,59.779,66.88,35.08,62.19,44.64,32.55,75.98,96.13,71.88,13,5.5
76093,32.211,-97.393,48251,Johnson County,yes,yes,yes,TEXAS-NEW MEXICO POWER COMPANY,Wires company (TDU),base_tdsp,ERCOT,15.1,,"HILCO Electric Cooperative, Inc.; Heart of Texas Electric Coop",,48.4,46.398,46.655,52.947,Top 11% for new-home growth; Top 24% for homeownership,1293,4198,57200,0.849,0.801,148300,5.4,0.704,5.73,17.9,67.541,61.16,48.57,69.82,34.43,67.15,79.53,76.99,96.3,13,23.7
76522,31.219,-97.968,48099,Coryell County,yes,yes,yes,ONCOR ELECTRIC DELIVERY COMPANY,Wires company (TDU),base_tdsp,ERCOT,12.6,,"Bartlett Electric Coop, Inc; Hamilton County Elec Coop Assn; Heart of Texas Electric Coop",,48.4,47.074,57.163,41.423,,10059,42118,72206,0.621,0.744,185800,5.5,0.767,7.82,12.6,64.146,57.78,52.08,37.99,83.87,60.32,74.13,54.16,86.47,11,10
75043,32.857,-96.576,48113,Dallas County,yes,yes,yes,ONCOR ELECTRIC DELIVERY COMPANY,Wires company (TDU),base_tdsp,ERCOT,12.6,,City of Garland - (TX),,48.3,41.324,59.21,46.793,,15107,63152,76778,0.622,0.684,269400,5.5,0.613,9.52,4.5,63.04,60.98,34.88,65.37,50.38,37.92,82.43,97.3,73,14,5.5
75241,32.665,-96.759,48113,Dallas County,yes,yes,yes,ONCOR ELECTRIC DELIVERY COMPANY,Wires company (TDU),base_tdsp,ERCOT,12.6,,,,48.2,49.074,58.473,36.608,Top 18% for long-term owners,8785,33840,53998,0.675,0.821,192000,5.7,0.636,9.52,4.5,68.351,71.34,38.84,71.06,57.19,44.6,86.05,97.92,82.8,18,5.5
78626,30.658,-97.618,48491,Williamson County,yes,yes,yes,ONCOR ELECTRIC DELIVERY COMPANY,Wires company (TDU),base_tdsp,ERCOT,12.6,,"City of Georgetown - (TX); Bartlett Electric Coop, Inc; Pedernales Electric Coop, Inc",,48.2,31.466,63.836,54.937,Top 9% for new-home growth; Top 14% for home value; Top 17% for household income,11426,48072,100431,0.618,0.709,387700,5.5,0.599,6.41,9.9,58.4,45.62,51.22,41,83.36,33.94,77.71,50.72,70.85,8,27.6
79718,31.005,-103.759,48389,Reeves County,yes,yes,yes,AEP TEXAS NORTH,Wires company (TDU),base_tdsp,ERCOT,12.7,,"Rio Grande Electric Coop, Inc",,48.1,73.741,19.829,42.284,Top 2% for long-term owners; Top 9% for outage hours per customer; Top 14% for major outage days,160,629,58750,0.662,0.784,52800,5.1,0.466,21.18,39.8,74.257,90.97,40.08,94.95,97.53,99.37,57.95,71.26,58.66,29,5.6
77037,29.89,-95.393,48201,Harris County,yes,yes,yes,CENTERPOINT ENERGY HOUSTON ELECTRIC LLC,Wires company (TDU),base_tdsp,ERCOT,13.0,,,,48.0,49.405,52.795,41.34,Top 19% for outage hours per customer; Top 20% for home size; Top 24% for long-term owners,4692,19004,58750,0.642,0.655,158000,5.9,0.446,15.94,5.5,64.247,82.56,90.89,52.56,22.01,35.08,75.94,78.35,94.9,17,11.1
76463,32.455,-98.418,48143,Erath County,yes,yes,yes,TEXAS-NEW MEXICO POWER COMPANY,Wires company (TDU),base_tdsp,ERCOT,15.1,,,,47.9,53.9,37.932,49.82,Top 22% for homeownership,155,577,58750,0.858,0.699,163200,5.3,0.51,7.32,26.4,73.313,92.47,58.78,40.88,73.82,88.59,95.94,60.58,94.6,16,2.2
76932,31.269,-101.542,48383,Reagan County,yes,yes,yes,AEP TEXAS NORTH,Wires company (TDU),base_tdsp,ERCOT,12.65,,"Concho Valley Elec Coop Inc; Rio Grande Electric Coop, Inc; Southwest Texas Elec Coop, Inc",,47.9,56.001,45.949,39.163,Top 8% for outage hours per customer; Top 18% for long-term owners,870,3232,57813,0.7,0.739,171500,5.4,0.599,22.13,27.8,56.477,90.33,46.89,4.9,91.4,85.58,54.32,50.14,62.11,18,3.2
77015,29.764,-95.173,48201,Harris County,yes,yes,yes,CENTERPOINT ENERGY HOUSTON ELECTRIC LLC,Wires company (TDU),base_tdsp,ERCOT,13.0,,,,47.9,63.559,37.392,37.58,Top 18% for long-term owners; Top 19% for outage hours per customer,11952,58415,57753,0.532,0.548,172800,4.9,0.778,15.94,5.5,68.553,82.17,92.96,63.16,24.72,45.57,77.96,80.16,95.34,18,11.1
78389,28.246,-97.651,48025,Bee County,yes,yes,yes,AEP TEXAS CENTRAL,Wires company (TDU),base_tdsp,ERCOT,12.05,,San Patricio Electric Coop Inc,,47.9,67.609,28.339,41.043,Top 6% for long-term owners; Top 16% for severe-weather risk (FEMA); Top 24% for major outage days,395,1754,37195,0.842,0.587,86200,5.1,0.665,9.25,29.4,78.449,85.7,94.35,67.18,57.65,82.29,86.63,87.05,73.99,23,1.6
76372,33.25,-98.926,48447,Throckmorton County,yes,yes,yes,TEXAS-NEW MEXICO POWER COMPANY,Wires company (TDU),base_tdsp,ERCOT,15.1,,,,47.8,48.18,39.964,55.157,Top 18% for long-term owners,291,1053,69167,0.755,0.72,106600,5.4,0.635,10.49,6,64.351,84.76,50.07,43.89,62.8,95.77,57.19,62.89,77.85,18,
76951,31.803,-101.056,48431,Sterling County,yes,yes,yes,AEP TEXAS NORTH,Wires company (TDU),base_tdsp,ERCOT,12.65,,Concho Valley Elec Coop Inc,,47.8,46.876,44.702,52.034,Top 13% for outage hours per customer,438,1468,64954,0.777,0.807,147000,5.5,0.571,17.74,16.6,50.669,59.92,36.41,4.41,76.72,88.87,52.02,36.74,59.51,16,
77417,29.464,-95.966,48157,Fort Bend County,yes,yes,yes,CENTERPOINT ENERGY HOUSTON ELECTRIC LLC,Wires company (TDU),base_tdsp,ERCOT,13.0,,,,47.8,34.723,46.589,66.311,Top 5% for new-home growth; Top 11% for long-term owners,1129,3920,75405,0.749,0.755,184300,5.3,0.68,5.55,3.2,65.611,82.22,91.75,60.77,24.05,69.84,60.41,70.9,81.56,20,35.7
78064,28.936,-98.429,48013,Atascosa County,yes,yes,yes,AEP TEXAS CENTRAL,Wires company (TDU),base_tdsp,ERCOT,12.05,,City of San Antonio - (TX); Karnes Electric Coop Inc,,47.8,49.491,50.187,43.28,,4053,16365,66887,0.689,0.644,220700,5.2,0.779,5.74,22.9,66.843,59.95,68.1,41.87,66.9,75.79,52.62,78.03,84.59,13,8.4
78575,26.022,-97.526,48061,Cameron County,yes,yes,yes,AEP TEXAS CENTRAL,Wires company (TDU),base_tdsp,ERCOT,12.05,,Brownsville Public Utilities Board,,47.8,44.434,54.039,45.981,Top 4% for all-electric heating,985,4575,71765,0.56,0.679,249500,5.1,0.956,4.36,6.1,68.079,76.79,95.48,76.08,48.74,46.08,94.11,73.51,42.55,14,12.6
78562,26.298,-97.902,48215,Hidalgo County,yes,yes,yes,AEP TEXAS CENTRAL,Wires company (TDU),base_tdsp,ERCOT,12.05,,,,47.7,51.891,45.72,44.22,Top 3% for all-electric heating; Top 14% for severe-weather risk (FEMA); Top 20% for new-home growth,1006,3211,31522,0.815,0.855,102400,5.3,0.979,4.65,3.1,79.716,99.26,98,85.88,71.3,50.85,99.98,91.26,60.74,17,15.2
75232,32.661,-96.841,48113,Dallas County,yes,yes,yes,ONCOR ELECTRIC DELIVERY COMPANY,Wires company (TDU),base_tdsp,ERCOT,12.6,,,,47.6,41.072,58.021,46.044,Top 4% for long-term owners; Top 24% for home size,8851,32972,61847,0.698,0.818,220100,5.8,0.475,9.52,4.5,65.5,66.16,37.46,67.54,53.28,40.51,83.03,97.38,79.3,24,5.5
77086,29.919,-95.492,48201,Harris County,yes,yes,yes,CENTERPOINT ENERGY HOUSTON ELECTRIC LLC,Wires company (TDU),base_tdsp,ERCOT,13.0,,,,47.6,54.914,46.925,38.365,Top 18% for long-term owners; Top 19% for outage hours per customer,6039,28653,58200,0.548,0.686,208800,5.2,0.728,15.94,5.5,63.104,68.91,89.24,46.55,21.95,34.99,76.37,78.5,94.13,18,11.1
76207,33.222,-97.176,48121,Denton County,yes,yes,yes,ONCOR ELECTRIC DELIVERY COMPANY,Wires company (TDU),base_tdsp,ERCOT,12.6,,"City of Denton - (TX); Denton County Elec Coop, Inc",,47.5,33.112,63.657,50.57,Top 13% for new-home growth; Top 13% for home value,4866,19862,85330,0.637,0.733,390900,5.5,0.594,4.58,4.6,67.347,68.89,39.96,82.75,53.02,53.81,62.16,81.32,98.41,8,22.9
76401,32.282,-98.197,48143,Erath County,yes,yes,yes,ONCOR ELECTRIC DELIVERY COMPANY,Wires company (TDU),base_tdsp,ERCOT,13.6,,"Tri-County Electric Coop, Inc (TX)",,47.5,58.329,53.979,26.517,,6745,31375,61210,0.559,0.656,270000,5.2,0.752,7.32,26.4,70.929,89.32,56.14,38.23,70.4,82.45,97.84,58.05,93.39,11,2.2
75056,33.07,-96.918,48121,Denton County,yes,yes,yes,ONCOR ELECTRIC DELIVERY COMPANY,Wires company (TDU),base_tdsp,ERCOT,13.6,,"Denton County Elec Coop, Inc",,47.4,23.345,67.12,59.651,Top 8% for household income; Top 9% for home value; Top 13% for new-home growth,15907,69628,119682,0.594,0.691,458200,5.5,0.648,4.58,4.6,56.677,42.71,32.27,72.92,38.4,41.12,48.95,68.73,94.35,11,22.9
79225,34.256,-99.515,48197,Hardeman County,yes,yes,yes,AEP TEXAS NORTH,Wires company (TDU),base_tdsp,ERCOT,12.7,,South Plains Electric Coop Inc,,47.4,57.573,23.532,57.691,Top 5% for severe-weather risk (FEMA),233,756,83333,0.817,0.803,101600,5.2,0.272,8.62,8.9,84.194,93.8,49.92,96.98,89.41,99.49,69.52,88.14,95.9,14,0.3
75070,33.172,-96.695,48085,Collin County,yes,yes,yes,ONCOR ELECTRIC DELIVERY COMPANY,Wires company (TDU),base_tdsp,ERCOT,12.6,,"Denton County Elec Coop, Inc; Grayson-Collin Elec Coop, Inc",,47.3,25.659,68.116,55.389,Top 7% for new-home growth; Top 8% for home value; Top 10% for household income,12988,64078,112352,0.527,0.595,465800,5.7,0.517,5.38,5.6,59.574,81.39,34.63,55.76,51.37,40.12,62.39,72.93,99.82,9,29.1
77008,29.798,-95.417,48201,Harris County,yes,yes,yes,CENTERPOINT ENERGY HOUSTON ELECTRIC LLC,Wires company (TDU),base_tdsp,ERCOT,13.0,,,,47.3,40.214,48.289,55.926,Top 3% for home value; Top 3% for household income; Top 19% for outage hours per customer,9466,41645,143229,0.591,0.668,642600,5.1,0.446,15.94,5.5,54.543,69.53,88.99,44.85,19.07,27.06,59.82,58.84,83.17,9,11.1
78415,27.658,-97.48,48355,Nueces County,yes,yes,yes,AEP TEXAS CENTRAL,Wires company (TDU),base_tdsp,ERCOT,12.1,,,,47.3,61.412,37.106,38.772,Top 18% for long-term owners,9974,43080,54990,0.602,0.752,152000,5.1,0.732,8.18,18,74.07,92.77,97.84,49.34,48.82,72.2,93.06,86.4,70.83,18,12.4
78552,26.194,-97.751,48061,Cameron County,yes,yes,yes,AEP TEXAS CENTRAL,Wires company (TDU),base_tdsp,ERCOT,12.05,,Magic Valley Electric Coop Inc,,47.3,43.729,48.873,50.381,Top 7% for all-electric heating,11706,42332,69811,0.753,0.719,169300,5.2,0.909,4.36,6.1,67.877,72.38,94.55,72.53,48.63,47.38,94.02,73.29,44.74,12,12.6
78579,26.083,-97.962,48215,Hidalgo County,yes,yes,yes,AEP TEXAS CENTRAL,Wires company (TDU),base_tdsp,ERCOT,12.05,,,,47.3,42.744,66.07,34.642,Top 1% for all-electric heating; Top 18% for long-term owners; Top 20% for new-home growth,535,2039,19172,0.683,0.808,,5.4,1,4.65,3.1,69.166,94.36,94.26,75.55,55.79,33.2,99.86,79.4,46.1,18,15.2
76351,33.558,-98.695,48009,Archer County,yes,yes,yes,ONCOR ELECTRIC DELIVERY COMPANY,Wires company (TDU),base_tdsp,ERCOT,12.6,,,,47.2,59.282,41.077,37.254,Top 9% for long-term owners,362,1256,46484,0.75,0.87,138900,5.5,0.468,11.26,23.9,72.107,56.14,49.16,79.64,66.42,91.91,64.55,77.04,76.03,21,2.6
76561,31.41,-97.531,48099,Coryell County,yes,yes,yes,ONCOR ELECTRIC DELIVERY COMPANY,Wires company (TDU),base_tdsp,ERCOT,12.6,,Heart of Texas Electric Coop,,47.2,43.024,46.75,53.301,,250,996,60357,0.818,0.653,165700,5.4,0.641,7.82,12.6,63.771,59.18,59.93,38.73,76.38,53.89,77.5,53.87,86.1,16,10
78834,28.454,-99.918,48127,Dimmit County,yes,yes,yes,AEP TEXAS CENTRAL,Wires company (TDU),base_tdsp,ERCOT,12.05,,"Medina Electric Coop, Inc; Rio Grande Electric Coop, Inc",,47.2,77.266,32.083,22.234,Top 1% for outage hours per customer; Top 5% for all-electric heating; Top 21% for major outage days,1664,6971,39477,0.672,0.621,87700,4.9,0.941,31.36,31,65.81,82.12,74.53,58.21,47.39,41.07,82.65,98.34,58.48,14,0.9
75472,32.884,-95.87,48379,Rains County,yes,yes,yes,TEXAS-NEW MEXICO POWER COMPANY,Wires company (TDU),base_tdsp,ERCOT,15.1,,"Farmers Electric Coop, Inc - (TX)",,47.1,58.986,37.499,40.934,Top 8% for severe-weather risk (FEMA),1022,3951,61694,0.77,0.673,164600,5.1,0.687,5.94,14.1,82.566,73.17,53.3,98.86,65.26,92.37,83.28,86.37,98.52,12,4.9
76443,32.134,-99.213,48059,Callahan County,yes,yes,yes,AEP TEXAS NORTH,Wires company (TDU),base_tdsp,ERCOT,12.7,,Comanche County Elec Coop Assn,,47.1,61.043,36.754,38.896,Top 19% for major outage days; Top 24% for long-term owners,572,1999,49915,0.786,0.745,104700,5.3,0.652,14.52,32.8,64.954,71.81,50.02,11.85,89.56,90.26,63.01,64.65,85.33,17,2
76950,30.441,-100.561,48435,Sutton County,yes,yes,yes,AEP TEXAS NORTH,Wires company (TDU),base_tdsp,ERCOT,12.7,,"Pedernales Electric Coop, Inc; Rio Grande Electric Coop, Inc; Southwest Texas Elec Coop, Inc",,47.1,45.525,43.66,52.707,,982,3352,78844,0.762,0.772,157000,5.4,0.603,12.32,17.9,58.101,90.58,56.42,4.81,92.41,78.66,61.93,50.27,62.21,16,0
78159,29.232,-97.591,48177,Gonzales County,yes,yes,yes,AEP TEXAS CENTRAL,Wires company (TDU),base_tdsp,ERCOT,12.05,,"Guadalupe Valley Elec Coop Inc; Karnes Electric Coop Inc; Victoria Electric Coop, Inc",,47.1,64.414,45.162,25.791,Top 17% for major outage days; Top 21% for severe-weather risk (FEMA); Top 22% for all-electric heating,165,623,35083,0.689,0.693,132600,5.3,0.794,6.85,34.2,76.214,97.86,95.72,30.03,74.01,97.43,84.73,61.08,90.5,17,1.3
75703,32.235,-95.321,48423,Smith County,yes,yes,yes,ONCOR ELECTRIC DELIVERY COMPANY,Wires company (TDU),base_tdsp,ERCOT,12.6,,,,47.0,51.531,45.867,42.03,Top 20% for home value,10110,46039,79194,0.571,0.571,336300,5.1,0.551,12.99,17.2,64.681,31.63,56.44,70.66,68.48,69.62,74.99,82.7,29.88,11,7.1
76904,31.272,-100.401,48451,Tom Green County,yes,yes,yes,AEP TEXAS NORTH,Wires company (TDU),base_tdsp,ERCOT,12.7,,"Concho Valley Elec Coop Inc; Southwest Texas Elec Coop, Inc",,47.0,40.967,58.406,43.709,,8470,36954,81833,0.596,0.698,285400,5.4,0.657,7.25,18.8,60.793,83.76,47.15,18.34,93.02,64.89,66.19,74.92,61.04,11,5.8
78375,27.396,-98.171,48249,Jim Wells County,yes,yes,yes,AEP TEXAS CENTRAL,Wires company (TDU),base_tdsp,ERCOT,12.05,,Nueces Electric Cooperative,,47.0,77.739,28.507,24.412,Top 10% for severe-weather risk (FEMA); Top 17% for all-electric heating; Top 24% for long-term owners,633,2754,47941,0.598,0.733,91900,4.8,0.822,11.49,28,81.266,95.41,96.89,89.17,51.58,72.11,99.82,88.4,70.89,17,0.4
76005,,,48439,Tarrant County,yes,yes,yes,ONCOR ELECTRIC DELIVERY COMPANY,Wires company (TDU),base_tdsp,ERCOT,12.6,,,,46.9,14.269,67.523,69.694,Top 1% for household income; Top 6% for home value; Top 24% for home size,2187,7102,168806,0.801,0.885,523400,5.8,0.301,5.45,3.8,48.711,59.14,33.7,50.44,41.97,15.73,47.76,72.96,78.42,5,13.2
77070,29.979,-95.573,48201,Harris County,yes,yes,yes,CENTERPOINT ENERGY HOUSTON ELECTRIC LLC,Wires company (TDU),base_tdsp,ERCOT,13.0,,,,46.9,52.003,44.334,42.627,Top 19% for outage hours per customer,10637,58229,77397,0.475,0.545,288800,5.1,0.569,15.94,5.5,64.389,77.94,90.95,51.93,22.46,40.13,75.09,76.74,93.42,12,11.1
76849,30.472,-99.822,48267,Kimble County,yes,yes,yes,AEP TEXAS NORTH,Wires company (TDU),base_tdsp,ERCOT,12.7,,"Central Texas Elec Coop, Inc; Pedernales Electric Coop, Inc",,46.8,46.061,51.894,42.556,,1084,3584,62977,0.787,0.803,188900,5.4,0.713,8.79,20.9,59.657,96.31,67.17,2.41,91.38,79.69,56.15,47.1,73.7,14,0.3
75040,32.929,-96.62,48113,Dallas County,yes,yes,yes,ONCOR ELECTRIC DELIVERY COMPANY,Wires company (TDU),base_tdsp,ERCOT,12.6,,City of Garland - (TX),,46.7,41.511,50.995,49.301,,16598,64606,74519,0.668,0.786,266300,5.3,0.588,9.52,4.5,63.64,64.77,34.9,66.16,51.48,39.05,83.18,97.34,73.37,16,5.5
75080,32.976,-96.742,48113,Dallas County,yes,yes,yes,ONCOR ELECTRIC DELIVERY COMPANY,Wires company (TDU),base_tdsp,ERCOT,12.6,,"Grayson-Collin Elec Coop, Inc",,46.7,32.0,61.901,51.184,Top 9% for home value; Top 21% for household income,11039,52569,92903,0.546,0.604,447100,5.5,0.505,9.52,4.5,56.244,59.27,33.99,56.16,43.06,30.99,66.94,83.42,79.15,14,5.5
75439,33.554,-96.283,48147,Fannin County,yes,yes,yes,ONCOR ELECTRIC DELIVERY COMPANY,Wires company (TDU),base_tdsp,ERCOT,12.6,,"Grayson-Collin Elec Coop, Inc",,46.7,57.359,33.667,45.596,Top 13% for severe-weather risk (FEMA); Top 18% for long-term owners,285,1087,64500,0.684,0.818,155400,5.2,0.538,7.15,19,80.279,77.64,49.63,97.3,58.63,89.29,76.87,94.05,96.18,18,5.7
78411,27.73,-97.386,48355,Nueces County,yes,yes,yes,AEP TEXAS CENTRAL,Wires company (TDU),base_tdsp,ERCOT,12.05,,,,46.7,55.168,41.044,40.945,Top 14% for long-term owners,5428,23682,57742,0.596,0.744,184700,5.2,0.633,8.18,18,70.757,76.33,95.25,47.49,49.08,63.19,88.67,83.93,67.69,19,12.4
78660,30.44,-97.595,48453,Travis County,yes,yes,yes,ONCOR ELECTRIC DELIVERY COMPANY,Wires company (TDU),base_tdsp,ERCOT,12.6,,"Austin Energy; Bartlett Electric Coop, Inc",,46.5,24.581,66.243,55.906,Top 10% for household income; Top 11% for home value,31736,124834,113205,0.661,0.736,411900,5.7,0.472,7.98,4.8,47.323,36.04,46.88,24.78,30.93,39.42,35.5,70.09,83.66,10,9.1
76051,32.925,-97.068,48439,Tarrant County,yes,yes,yes,ONCOR ELECTRIC DELIVERY COMPANY,Wires company (TDU),base_tdsp,ERCOT,12.6,,"Denton County Elec Coop, Inc",,46.4,21.033,67.062,59.552,Top 7% for home value; Top 11% for household income,10201,50618,111160,0.524,0.561,489400,5.5,0.632,5.45,3.8,51.173,52.48,37.47,62.45,44.22,18.79,46.62,63.95,84.71,14,13.2
76853,31.268,-98.372,48281,Lampasas County,yes,yes,yes,ONCOR ELECTRIC DELIVERY COMPANY,Wires company (TDU),base_tdsp,ERCOT,12.6,,Hamilton County Elec Coop Assn; Heart of Texas Electric Coop,,46.4,24.246,65.157,57.043,Top 24% for homeownership; Top 24% for home size,529,1618,71500,0.851,0.873,245500,5.8,0.609,1.91,6,62.093,69.06,51.71,23.72,87.17,81.57,59.52,45.23,85.73,14,2.9
77038,29.919,-95.441,48201,Harris County,yes,yes,yes,CENTERPOINT ENERGY HOUSTON ELECTRIC LLC,Wires company (TDU),base_tdsp,ERCOT,13.0,,,,46.4,56.412,45.01,34.554,Top 19% for outage hours per customer,7230,32637,57232,0.576,0.695,194200,5.4,0.512,15.94,5.5,68.853,84.83,92.87,60.52,24.06,42.09,81.21,83.71,97.51,14,11.1
78026,28.821,-98.61,48013,Atascosa County,yes,yes,yes,AEP TEXAS CENTRAL,Wires company (TDU),base_tdsp,ERCOT,12.05,,Karnes Electric Coop Inc,,46.4,40.449,42.49,58.287,Top 24% for all-electric heating; Top 24% for long-term owners,1511,7031,78501,0.726,0.559,172800,5.1,0.784,5.74,22.9,58.703,43.39,70.68,35.21,52.26,62.57,58.56,61.54,70.1,17,8.4
79706,31.814,-102.002,48329,Midland County,yes,yes,yes,ONCOR ELECTRIC DELIVERY COMPANY,Wires company (TDU),base_tdsp,ERCOT,12.6,,,,46.4,16.263,66.128,66.965,Top 12% for household income; Top 18% for new-home growth; Top 23% for home value,8214,34281,108059,0.796,0.623,316400,5.6,0.652,3.24,4.4,52.667,74.4,37.19,15.56,91.99,65.71,50.7,29.33,78.19,9,17.2
77096,29.675,-95.479,48201,Harris County,yes,yes,yes,CENTERPOINT ENERGY HOUSTON ELECTRIC LLC,Wires company (TDU),base_tdsp,ERCOT,13.0,,,,46.3,41.522,50.387,48.464,Top 10% for home value; Top 19% for outage hours per customer,6049,35032,82852,0.449,0.508,432600,5.1,0.594,15.94,5.5,50.684,79.09,87.32,34.59,18.48,21.19,58.47,56.97,77.77,14,11.1
78417,27.74,-97.467,48355,Nueces County,yes,yes,yes,AEP TEXAS CENTRAL,Wires company (TDU),base_tdsp,ERCOT,12.05,,,,46.3,61.205,38.603,34.089,Top 15% for all-electric heating,1179,4703,53750,0.652,0.81,155200,5,0.835,8.18,18,71.001,78.26,96.05,46.53,46.66,66.46,88.73,83.61,68.97,13,12.4
76671,31.988,-97.531,48035,Bosque County,yes,yes,yes,TEXAS-NEW MEXICO POWER COMPANY,Wires company (TDU),base_tdsp,ERCOT,15.1,,"HILCO Electric Cooperative, Inc.; United Electric Coop Service Inc - (TX); Heart of Texas Electric Coop",,46.2,54.568,43.313,38.09,Top 20% for major outage days,648,2093,53715,0.845,0.805,190300,5.1,0.764,10.54,31.6,60.42,62.29,53.41,36.76,33.49,71.85,70.13,67.02,90.28,12,1.4
78840,29.73,-100.881,48465,Val Verde County,yes,yes,yes,AEP TEXAS CENTRAL,Wires company (TDU),base_tdsp,ERCOT,12.05,,"Pedernales Electric Coop, Inc; Rio Grande Electric Coop, Inc",,46.2,47.022,48.67,42.788,Top 23% for all-electric heating,12522,47256,66084,0.689,0.756,164600,5.3,0.786,11.31,24.6,48.863,91.55,60.2,2.77,90.43,46.9,41.18,48.83,51.73,14,5.6
76367,33.973,-98.721,48485,Wichita County,yes,yes,yes,ONCOR ELECTRIC DELIVERY COMPANY,Wires company (TDU),base_tdsp,ERCOT,12.6,,,,46.1,33.04,46.668,62.909,Top 17% for homeownership,4890,14367,76310,0.885,0.891,143500,5.5,0.63,2.85,7.2,67.696,74.54,42.57,85.93,69.87,59.89,58.82,78.23,78.56,14,3.8
76424,32.801,-98.887,48429,Stephens County,yes,yes,yes,ONCOR ELECTRIC DELIVERY COMPANY,Wires company (TDU),base_tdsp,ERCOT,12.6,,Comanche County Elec Coop Assn,,46.1,54.442,41.452,39.788,,2246,8629,56082,0.778,0.677,103900,5.5,0.596,9.86,26.9,66.127,78.14,48.67,48.33,39.13,91.82,77.28,75.04,82.62,16,1.1
77502,29.68,-95.2,48201,Harris County,yes,yes,yes,CENTERPOINT ENERGY HOUSTON ELECTRIC LLC,Wires company (TDU),base_tdsp,ERCOT,13.0,,,,46.1,50.324,42.276,44.131,Top 19% for outage hours per customer; Top 24% for long-term owners,8868,36371,62500,0.634,0.693,177400,5.4,0.445,15.94,5.5,64.96,74.74,90.48,47.48,23.31,32.56,81.3,83.78,95.81,17,11.1
75006,32.962,-96.899,48113,Dallas County,yes,yes,yes,ONCOR ELECTRIC DELIVERY COMPANY,Wires company (TDU),base_tdsp,ERCOT,12.6,,"Denton County Elec Coop, Inc; Grayson-Collin Elec Coop, Inc",,46.0,45.433,43.073,49.53,Top 21% for home value,9469,47807,84815,0.515,0.553,328500,4.9,0.614,9.52,4.5,66.269,74.85,41.53,76.08,51.46,43.09,71.26,93.84,86.62,16,5.5
76108,32.788,-97.523,48439,Tarrant County,yes,yes,yes,ONCOR ELECTRIC DELIVERY COMPANY,Wires company (TDU),base_tdsp,ERCOT,12.6,,,,46.0,26.843,65.161,52.469,,12365,45537,80412,0.706,0.802,253700,5.6,0.716,5.45,3.8,57.173,54.14,37.73,58.42,46.43,22.43,63.9,81.24,90.06,11,13.2
76661,31.318,-96.846,48145,Falls County,yes,yes,yes,ONCOR ELECTRIC DELIVERY COMPANY,Wires company (TDU),base_tdsp,ERCOT,12.6,,Heart of Texas Electric Coop,,46.0,81.254,17.356,27.796,Top 6% for outage hours per customer; Top 8% for severe-weather risk (FEMA); Top 9% for long-term owners,1958,7602,41056,0.67,0.785,66700,5,0.453,23.19,42.1,82.607,74.85,82.04,65.69,82.97,83.45,86.69,80.54,96.87,21,0.8
78140,29.334,-97.766,48177,Gonzales County,yes,yes,yes,AEP TEXAS CENTRAL,Wires company (TDU),base_tdsp,ERCOT,12.05,,Guadalupe Valley Elec Coop Inc; Karnes Electric Coop Inc,,46.0,66.209,36.14,28.912,Top 15% for severe-weather risk (FEMA); Top 17% for major outage days; Top 25% for all-electric heating,895,3474,50250,0.735,0.67,85200,5.2,0.78,6.85,34.2,79.146,95.17,87.73,43.27,77.78,91.71,81.72,79.16,92.65,13,1.3
75149,32.773,-96.619,48113,Dallas County,yes,yes,yes,ONCOR ELECTRIC DELIVERY COMPANY,Wires company (TDU),base_tdsp,ERCOT,12.6,,,,45.9,40.307,52.345,46.781,,14968,58262,70774,0.668,0.81,227200,5.5,0.537,9.52,4.5,63.729,61.77,35.92,65.58,50.68,37.81,82.32,97.27,76.52,16,5.5
77078,29.852,-95.254,48201,Harris County,yes,yes,yes,CENTERPOINT ENERGY HOUSTON ELECTRIC LLC,Wires company (TDU),base_tdsp,ERCOT,13.0,,,,45.8,59.0,43.137,30.836,Top 9% for long-term owners; Top 19% for outage hours per customer,3079,14247,39093,0.562,0.799,162100,5.4,0.568,15.94,5.5,70.009,86.9,92.92,60.77,24.83,43.37,83.77,86.22,98.18,21,11.1
76690,32.084,-97.736,48035,Bosque County,yes,yes,yes,TEXAS-NEW MEXICO POWER COMPANY,Wires company (TDU),base_tdsp,ERCOT,15.1,,United Electric Coop Service Inc - (TX); Heart of Texas Electric Coop,,45.7,64.401,37.608,28.784,Top 20% for major outage days,341,1214,42448,0.749,0.732,170200,5.1,0.669,10.54,31.6,70.83,81.99,56.93,60.96,44.39,78.45,84.24,74.62,96.22,14,1.4
78576,26.322,-98.476,48215,Hidalgo County,yes,yes,yes,AEP TEXAS CENTRAL,Wires company (TDU),base_tdsp,ERCOT,12.05,,,,45.7,46.119,41.37,49.462,Top 4% for all-electric heating; Top 20% for new-home growth; Top 25% for homeownership,4412,15484,49137,0.846,0.741,131400,5.1,0.964,4.65,3.1,72.769,91,93.94,75.63,63.38,38.23,99.39,86.34,52.47,15,15.2
79079,35.209,-100.243,48483,Wheeler County,yes,yes,yes,AEP TEXAS NORTH,Wires company (TDU),base_tdsp,ERCOT,12.7,,"Greenbelt Electric Coop, Inc; Southwestern Electric Power Co; Southwestern Public Service Co",,45.7,58.383,42.97,31.506,Top 16% for severe-weather risk (FEMA); Top 24% for home size,642,2222,51250,0.752,0.878,92500,5.8,0.382,10.13,10,78.384,96.21,41.95,98.49,98.42,99.49,86.57,25.56,98.21,15,0
79521,33.123,-99.65,48207,Haskell County,yes,yes,yes,AEP TEXAS NORTH,Wires company (TDU),base_tdsp,ERCOT,12.7,,"Big Country Electric Coop, Inc",,45.7,59.737,39.025,33.65,,925,3487,64294,0.69,0.777,117400,5.6,0.246,14.22,17.4,73.764,85.57,50.45,68.2,81.36,98.7,53.74,74.83,89.07,13,0
75180,32.717,-96.62,48113,Dallas County,yes,yes,yes,ONCOR ELECTRIC DELIVERY COMPANY,Wires company (TDU),base_tdsp,ERCOT,12.6,,,,45.6,49.073,44.941,41.562,,6715,26455,67019,0.66,0.712,223900,5.1,0.726,9.52,4.5,66.529,66.81,35.01,67.18,56.91,42.46,88.13,98.31,77.7,14,5.5
76821,31.739,-99.934,48399,Runnels County,yes,yes,yes,AEP TEXAS NORTH,Wires company (TDU),base_tdsp,ERCOT,12.7,,,,45.6,45.957,44.179,46.422,Top 24% for home size,1413,4670,63380,0.787,0.895,112900,5.8,0.313,7.89,10.5,71.42,80.94,48.47,20.93,90.55,98.6,90.06,67.18,84.15,15,1.8
78580,26.488,-97.739,48489,Willacy County,yes,yes,yes,AEP TEXAS CENTRAL,Wires company (TDU),base_tdsp,ERCOT,12.05,,Magic Valley Electric Coop Inc,,45.6,60.694,29.902,41.158,Top 9% for long-term owners; Top 20% for all-electric heating,3455,12964,53841,0.693,0.752,71700,5,0.807,14.15,22.2,63.629,97.6,97.44,73.82,42.25,27.62,99.91,61.8,42.56,21,8.4
76140,32.62,-97.278,48439,Tarrant County,yes,yes,yes,ONCOR ELECTRIC DELIVERY COMPANY,Wires company (TDU),base_tdsp,ERCOT,12.6,,,,45.5,29.892,59.477,52.325,,8765,33321,75955,0.684,0.776,234700,5.5,0.7,5.45,3.8,60.996,69.25,44.06,60.9,56.55,22.47,64.49,86.09,92.41,13,13.2
79766,31.725,-102.414,48135,Ector County,yes,yes,yes,ONCOR ELECTRIC DELIVERY COMPANY,Wires company (TDU),base_tdsp,ERCOT,12.6,,,,45.4,37.551,40.442,60.908,Top 12% for all-electric heating; Top 21% for new-home growth,2339,11041,74407,0.829,0.551,140800,5.1,0.859,2.62,4.1,69.02,68.05,37.51,63.64,96.94,83.85,59.86,65.74,75.6,12,15.1
75074,33.032,-96.673,48085,Collin County,yes,yes,yes,ONCOR ELECTRIC DELIVERY COMPANY,Wires company (TDU),base_tdsp,ERCOT,12.6,,"Denton County Elec Coop, Inc; Grayson-Collin Elec Coop, Inc",,45.2,26.1,58.518,57.39,Top 7% for new-home growth; Top 15% for home value; Top 24% for household income,11076,53831,88697,0.535,0.616,371000,5.4,0.559,5.38,5.6,58.939,81.9,35.81,57.74,50.87,38.69,59.99,69.78,99.69,14,29.1
77039,29.911,-95.341,48201,Harris County,yes,yes,yes,CENTERPOINT ENERGY HOUSTON ELECTRIC LLC,Wires company (TDU),base_tdsp,ERCOT,13.0,,,,45.2,53.256,45.006,34.71,Top 9% for long-term owners; Top 19% for outage hours per customer,6397,27862,47119,0.597,0.638,165600,5.5,0.495,15.94,5.5,66.84,86.39,91.57,55.68,23.37,39,79.59,82.03,96.64,21,11.1
75401,33.189,-96.109,48231,Hunt County,yes,yes,yes,ONCOR ELECTRIC DELIVERY COMPANY,Wires company (TDU),base_tdsp,ERCOT,12.6,,City of Greenville - (TX),,45.0,59.657,31.311,39.066,Top 10% for severe-weather risk (FEMA); Top 14% for new-home growth,4812,22669,59908,0.552,0.697,168000,5,0.589,6.64,26,81.551,76.68,42.55,97.51,66.24,87.48,88.93,89.43,98.72,14,22.8
76866,31.461,-99.934,48095,Concho County,yes,yes,yes,AEP TEXAS NORTH,Wires company (TDU),base_tdsp,ERCOT,12.7,,Concho Valley Elec Coop Inc,,45.0,52.631,34.385,45.479,Top 14% for long-term owners,337,1111,56429,0.843,0.789,163100,5.1,0.617,14.15,20.6,61.866,85.75,53.47,12.12,88.77,92.08,50.33,59.6,76.69,19,0
79778,31.176,-101.924,48461,Upton County,yes,yes,yes,AEP TEXAS NORTH,Wires company (TDU),base_tdsp,ERCOT,12.65,,"Southwest Texas Elec Coop, Inc",,45.0,41.288,49.913,44.984,Top 24% for outage hours per customer; Top 24% for home size,365,1175,70808,0.809,0.876,123500,5.8,0.55,14.97,22,37.75,72.61,38.7,2.16,65.34,64.26,34.12,16.16,43.51,11,0.5
78409,27.809,-97.523,48355,Nueces County,yes,yes,yes,AEP TEXAS CENTRAL,Wires company (TDU),base_tdsp,ERCOT,12.05,,San Patricio Electric Coop Inc,,44.9,54.315,43.533,33.619,Top 18% for all-electric heating,687,2937,60089,0.609,0.641,172600,5.1,0.815,8.18,18,65.726,80.56,96.84,38.97,38.85,65.85,80.49,75.31,63.77,11,12.4
78412,27.704,-97.345,48355,Nueces County,yes,yes,yes,AEP TEXAS CENTRAL,Wires company (TDU),base_tdsp,ERCOT,12.05,,,,44.9,58.382,36.538,35.419,,6671,38631,61215,0.449,0.507,197500,4.7,0.77,8.18,18,69.959,68.49,93.86,46.96,48.68,60.87,88.77,84.03,66.54,14,12.4
79731,31.423,-102.488,48103,Crane County,yes,yes,yes,AEP TEXAS NORTH,Wires company (TDU),base_tdsp,ERCOT,12.65,,,,44.9,44.826,41.947,47.976,,1010,4196,63096,0.827,0.626,129400,5.3,0.721,4,7.9,72.954,51.24,41.06,74.48,95.54,95.84,61.89,79.01,62.86,16,0.2
76371,33.485,-99.643,48275,Knox County,yes,yes,yes,AEP TEXAS NORTH,Wires company (TDU),base_tdsp,ERCOT,12.7,,,,44.8,50.088,38.419,44.16,,517,1675,61335,0.804,0.893,84700,5.7,0.262,12.8,18.4,66.701,79.72,47.62,71.76,70.83,98.3,36.95,65.53,75.92,16,0
76531,31.687,-98.187,48193,Hamilton County,yes,yes,yes,TEXAS-NEW MEXICO POWER COMPANY,Wires company (TDU),base_tdsp,ERCOT,15.1,,Hamilton County Elec Coop Assn; Heart of Texas Electric Coop,,44.8,51.858,44.279,35.898,,1378,4703,49100,0.762,0.889,126300,5.6,0.522,9.62,13.6,68.699,72.95,59.17,38.42,82.07,83.4,82.66,46.27,88.9,15,3.6
77075,29.62,-95.269,48201,Harris County,yes,yes,yes,CENTERPOINT ENERGY HOUSTON ELECTRIC LLC,Wires company (TDU),base_tdsp,ERCOT,13.0,,,,44.8,45.136,41.509,47.585,Top 19% for outage hours per customer; Top 24% for long-term owners,9437,40626,69191,0.604,0.636,235600,5.2,0.502,15.94,5.5,59.927,75.2,90.23,44.76,21.07,27.34,72.27,74,89.82,17,11.1
77088,29.881,-95.453,48201,Harris County,yes,yes,yes,CENTERPOINT ENERGY HOUSTON ELECTRIC LLC,Wires company (TDU),base_tdsp,ERCOT,13.0,,,,44.8,46.441,48.353,38.925,Top 14% for long-term owners; Top 19% for outage hours per customer,13581,57047,54411,0.619,0.76,200000,5.5,0.493,15.94,5.5,61.296,72.92,87.65,41.91,21.45,30.83,75.7,77.93,93.6,19,11.1
76640,31.697,-97.074,48309,McLennan County,yes,yes,yes,ONCOR ELECTRIC DELIVERY COMPANY,Wires company (TDU),base_tdsp,ERCOT,12.6,,Heart of Texas Electric Coop,,44.7,34.779,44.364,58.269,,822,3089,66641,0.832,0.692,166900,5.4,0.574,7.15,15.2,59.036,43.94,65.53,35.16,36.04,42.22,76.17,69.74,88.39,16,8.6
76890,31.688,-98.774,48049,Brown County,yes,yes,yes,ONCOR ELECTRIC DELIVERY COMPANY,Wires company (TDU),base_tdsp,ERCOT,12.6,,Comanche County Elec Coop Assn; Hamilton County Elec Coop Assn,,44.7,36.928,46.856,52.981,,196,803,62411,0.806,0.636,158000,5.3,0.775,5.2,19.2,59.377,49.98,45.9,3.74,85.43,83.97,74.26,52.36,69.98,14,11.3
78539,26.281,-98.183,48215,Hidalgo County,yes,yes,yes,AEP TEXAS CENTRAL,Wires company (TDU),base_tdsp,ERCOT,12.05,,Magic Valley Electric Coop Inc,,44.7,44.071,46.94,43.349,Top 6% for all-electric heating; Top 20% for new-home growth,7848,37168,66967,0.549,0.629,214500,5,0.916,4.65,3.1,71.069,75.75,95.53,80.58,58.34,37.65,94.52,79.83,51.03,14,15.2
79237,34.911,-100.657,48129,Donley County,yes,yes,yes,AEP TEXAS NORTH,Wires company (TDU),base_tdsp,ERCOT,12.7,,"Greenbelt Electric Coop, Inc; Lighthouse Electric Coop, Inc; Southwestern Electric Power Co; Southwestern Public Service Co",,44.7,59.288,16.446,53.412,Top 7% for long-term owners; Top 20% for severe-weather risk (FEMA); Top 20% for homeownership,165,503,59688,0.87,0.854,62500,5,0.416,12.73,8.6,77.063,98.15,47.78,89.5,95.72,97.61,91.24,28.27,89.32,22,1.4
77541,29.016,-95.283,48039,Brazoria County,yes,yes,yes,CENTERPOINT ENERGY HOUSTON ELECTRIC LLC,Wires company (TDU),base_tdsp,ERCOT,13.0,,,,44.6,50.024,30.402,51.47,Top 10% for new-home growth,4523,16996,66507,0.692,0.793,169600,5,0.556,14.34,26.6,59.223,81.97,93.7,58.42,22.04,37.38,57.3,66.12,79.6,15,26.6
75961,31.558,-94.505,48347,Nacogdoches County,yes,yes,yes,ONCOR ELECTRIC DELIVERY COMPANY,Wires company (TDU),base_tdsp,ERCOT,12.6,,Deep East Texas Elec Coop Inc; Southwestern Electric Power Co,,44.5,76.699,27.797,18.332,Top 2% for severe-weather risk (FEMA),2913,15183,41495,0.499,0.541,141200,4.7,0.714,12.84,22.4,87.41,78.18,84.68,88.32,79.88,97.33,73.81,90.72,97.13,15,1.3
76255,33.825,-97.739,48337,Montague County,yes,yes,yes,TEXAS-NEW MEXICO POWER COMPANY,Wires company (TDU),base_tdsp,ERCOT,15.1,,Cooke County Elec Coop Assn; Wise Electric Coop Inc,,44.5,59.633,31.909,36.789,Top 18% for severe-weather risk (FEMA),1804,6053,55841,0.775,0.783,164400,5.2,0.381,8.73,27.2,77.599,87.99,45.47,96.69,60.26,91.79,73.29,86.12,89.57,13,2
78019,28.04,-99.403,48479,Webb County,yes,yes,yes,AEP TEXAS CENTRAL,Wires company (TDU),base_tdsp,ERCOT,12.05,,"Medina Electric Coop, Inc",,44.5,44.227,33.53,55.889,Top 2% for long-term owners; Top 4% for all-electric heating; Top 22% for homeownership,399,1836,50992,0.858,0.566,81900,5,0.946,5.06,13.1,65.341,74.48,84.83,80.81,42.01,66.85,69.36,61.08,52.45,27,13.9
75238,32.879,-96.708,48113,Dallas County,yes,yes,yes,ONCOR ELECTRIC DELIVERY COMPANY,Wires company (TDU),base_tdsp,ERCOT,12.6,,City of Garland - (TX),,44.4,37.154,56.56,41.905,Top 5% for home value,6435,33199,82019,0.504,0.511,568700,5.3,0.517,9.52,4.5,61.811,62.55,37.01,65.47,47.36,36.73,75.48,96.05,74.58,12,5.5
77040,29.875,-95.527,48201,Harris County,yes,yes,yes,CENTERPOINT ENERGY HOUSTON ELECTRIC LLC,Wires company (TDU),base_tdsp,ERCOT,13.0,,,,44.4,50.223,41.014,39.892,Top 19% for outage hours per customer,9901,50977,65028,0.505,0.569,244700,5.1,0.566,15.94,5.5,63.159,84.58,91.22,52.96,21.75,39.19,71.4,72.65,92.94,15,11.1
78595,26.291,-98.545,48215,Hidalgo County,yes,yes,yes,AEP TEXAS CENTRAL,Wires company (TDU),base_tdsp,ERCOT,12.05,,,,44.4,43.892,32.472,56.885,Top 4% for all-electric heating; Top 20% for new-home growth; Top 21% for homeownership,2025,6118,58846,0.861,0.887,89200,4.9,0.966,4.65,3.1,70.67,90.57,90.64,74.42,59.7,36.23,99.63,83.9,50.17,15,15.2
78873,29.815,-99.727,48385,Real County,yes,yes,yes,AEP TEXAS CENTRAL,Wires company (TDU),base_tdsp,ERCOT,12.05,,"Bandera Electric Coop, Inc",,44.4,54.861,33.778,41.049,Top 11% for all-electric heating,337,1472,,0.809,0.597,100900,5,0.868,8.44,18.2,64.939,99.56,68.84,3.66,93.64,74.62,80.9,62.38,70.53,12,0
77055,29.797,-95.492,48201,Harris County,yes,yes,yes,CENTERPOINT ENERGY HOUSTON ELECTRIC LLC,Wires company (TDU),base_tdsp,ERCOT,13.0,,,,44.3,45.498,46.826,40.289,Top 3% for home value; Top 19% for outage hours per customer,8038,45435,74369,0.46,0.506,624200,4.9,0.572,15.94,5.5,58.17,69.19,89.82,47.4,19.98,31.3,65.14,65.48,88.07,12,11.1
77065,29.926,-95.604,48201,Harris County,yes,yes,yes,CENTERPOINT ENERGY HOUSTON ELECTRIC LLC,Wires company (TDU),base_tdsp,ERCOT,13.0,,,,44.3,44.034,41.9,47.021,Top 19% for outage hours per customer; Top 24% for long-term owners,6557,38926,74605,0.438,0.521,278700,5,0.594,15.94,5.5,55.76,55.84,86.9,37.19,19.4,28.49,65.49,66.07,86.78,17,11.1
76501,31.075,-97.252,48027,Bell County,yes,yes,yes,ONCOR ELECTRIC DELIVERY COMPANY,Wires company (TDU),base_tdsp,ERCOT,12.6,,"Bartlett Electric Coop, Inc; Heart of Texas Electric Coop",,44.2,51.381,39.037,39.867,Top 19% for new-home growth,4362,17752,62532,0.639,0.756,172500,5.1,0.697,8.1,11.4,67.96,54.88,67.37,43.09,80.97,52.32,75.32,65.65,91,12,17.1
78557,26.114,-98.241,48215,Hidalgo County,yes,yes,yes,AEP TEXAS CENTRAL,Wires company (TDU),base_tdsp,ERCOT,12.05,,Magic Valley Electric Coop Inc,,44.2,35.507,48.294,51.769,Top 5% for all-electric heating; Top 20% for new-home growth,4472,14498,59441,0.802,0.875,163600,5.2,0.928,4.65,3.1,63.949,64.6,92.98,75.43,47.66,28.21,95.53,67.12,40.71,14,15.2
78566,26.148,-97.37,48061,Cameron County,yes,yes,yes,AEP TEXAS CENTRAL,Wires company (TDU),base_tdsp,ERCOT,12.05,,Brownsville Public Utilities Board; Magic Valley Electric Coop Inc,,44.2,39.506,46.403,48.146,Top 7% for all-electric heating,7243,25110,60187,0.75,0.78,154300,5.2,0.909,4.36,6.1,64.623,73.54,95.08,70.07,42.6,42.66,93.94,67.58,40.43,15,12.6
77067,29.953,-95.447,48201,Harris County,yes,yes,yes,CENTERPOINT ENERGY HOUSTON ELECTRIC LLC,Wires company (TDU),base_tdsp,ERCOT,13.0,,,,44.1,54.99,39.83,33.715,Top 9% for long-term owners; Top 19% for outage hours per customer,5488,30491,52032,0.468,0.517,186200,5,0.755,15.94,5.5,62.426,71.47,88.72,46.51,22.13,34.06,75.53,77.21,92.82,21,11.1
78648,29.69,-97.634,48055,Caldwell County,yes,yes,yes,AEP TEXAS CENTRAL,Wires company (TDU),base_tdsp,ERCOT,12.05,,"Bluebonnet Electric Coop, Inc; Guadalupe Valley Elec Coop Inc",,44.1,46.973,38.828,45.39,Top 6% for new-home growth,2008,7863,57621,0.696,0.664,217500,4.8,0.747,3.89,15.5,72.196,81.34,69.43,44.41,79.03,88.64,65.17,71.84,86.85,15,32
78880,29.989,-100.285,48137,Edwards County,yes,yes,yes,AEP TEXAS CENTRAL,Wires company (TDU),base_tdsp,ERCOT,12.05,,"Bandera Electric Coop, Inc; Central Texas Elec Coop, Inc; Medina Electric Coop, Inc; Pedernales Electric Coop, Inc; Rio Grande Electric Coop, Inc",,43.9,52.496,33.189,43.073,Top 13% for outage hours per customer; Top 19% for homeownership,338,1194,39211,0.874,0.738,,5.1,0.59,18.11,27.5,54.349,87.29,67.72,2.31,90.96,70.3,57.97,28.94,62.24,16,
76135,32.836,-97.47,48439,Tarrant County,yes,yes,yes,ONCOR ELECTRIC DELIVERY COMPANY,Wires company (TDU),base_tdsp,ERCOT,12.6,,,,43.8,22.542,67.855,48.017,,4554,19445,74621,0.609,0.708,275100,5.6,0.745,5.45,3.8,46.174,27.99,32.35,44.22,40.49,15.02,46.59,69.65,74.9,13,13.2
78526,25.996,-97.451,48061,Cameron County,yes,yes,yes,AEP TEXAS CENTRAL,Wires company (TDU),base_tdsp,ERCOT,12.05,,Brownsville Public Utilities Board; Magic Valley Electric Coop Inc,,43.8,39.649,44.417,48.577,Top 5% for all-electric heating,15972,60012,70565,0.692,0.773,185000,5,0.933,4.36,6.1,64.531,72.29,95.24,71.29,45.29,41.36,92.35,67.38,38.81,13,12.6
76708,31.627,-97.216,48309,McLennan County,yes,yes,yes,ONCOR ELECTRIC DELIVERY COMPANY,Wires company (TDU),base_tdsp,ERCOT,12.6,,Heart of Texas Electric Coop,,43.7,35.935,54.362,43.512,,7471,27790,68856,0.699,0.837,219900,5.5,0.611,7.15,15.2,59.081,52.2,60.97,37.99,33.05,39.1,78.32,74.46,89.68,12,8.6
77009,29.795,-95.368,48201,Harris County,yes,yes,yes,CENTERPOINT ENERGY HOUSTON ELECTRIC LLC,Wires company (TDU),base_tdsp,ERCOT,13.0,,,,43.7,42.058,41.322,48.33,Top 11% for home value; Top 19% for outage hours per customer,7924,35769,83148,0.576,0.733,420200,4.9,0.452,15.94,5.5,57.04,67.51,87.61,40.86,20.09,27.95,67.47,68.02,87.28,12,11.1
77007,29.772,-95.411,48201,Harris County,yes,yes,yes,CENTERPOINT ENERGY HOUSTON ELECTRIC LLC,Wires company (TDU),base_tdsp,ERCOT,13.0,,,,43.6,40.924,38.892,51.949,Top 3% for household income; Top 5% for home value; Top 19% for outage hours per customer,8495,47808,144911,0.462,0.517,549100,4.1,0.553,15.94,5.5,51.571,61.76,87.54,39.69,18.43,24.34,56.51,54.57,79.92,8,11.1
77551,29.278,-94.833,48167,Galveston County,yes,yes,yes,CENTERPOINT ENERGY HOUSTON ELECTRIC LLC,Wires company (TDU),base_tdsp,ERCOT,13.0,,,,43.6,57.015,35.775,33.476,Top 11% for outage hours per customer; Top 18% for new-home growth,4022,21696,58344,0.482,0.55,290600,4.5,0.586,20.41,26.1,60.269,63.69,89.06,65.26,17.2,26.17,94.76,56.08,73.35,13,17.5
78589,26.168,-98.155,48215,Hidalgo County,yes,yes,yes,AEP TEXAS CENTRAL,Wires company (TDU),base_tdsp,ERCOT,12.05,,Magic Valley Electric Coop Inc,,43.6,38.675,42.539,51.092,Top 10% for all-electric heating; Top 18% for long-term owners; Top 20% for new-home growth,12270,40231,54285,0.793,0.8,120400,5.2,0.875,4.65,3.1,67.334,71.57,93.52,74.12,53.54,31.17,96.63,75.65,46.71,18,15.2
78416,27.752,-97.437,48355,Nueces County,yes,yes,yes,AEP TEXAS CENTRAL,Wires company (TDU),base_tdsp,ERCOT,12.05,,,,43.5,58.098,31.14,36.374,Top 2% for long-term owners,3033,12480,43198,0.632,0.874,94600,5.1,0.723,8.18,18,71.027,70.48,93.57,48.11,49.45,61.17,90.81,86.95,67.13,30,12.4
77071,29.652,-95.52,48201,Harris County,yes,yes,yes,CENTERPOINT ENERGY HOUSTON ELECTRIC LLC,Wires company (TDU),base_tdsp,ERCOT,13.0,,,,43.4,47.519,46.877,34.486,Top 18% for long-term owners; Top 19% for outage hours per customer,5317,27056,54139,0.511,0.602,245100,5.2,0.625,15.94,5.5,59.014,82.72,87.78,38.64,20.92,27.76,73.2,75.12,89.68,18,11.1
75110,32.085,-96.528,48349,Navarro County,yes,yes,yes,ONCOR ELECTRIC DELIVERY COMPANY,Wires company (TDU),base_tdsp,ERCOT,12.6,,"Navarro County Elec Coop, Inc",,43.2,48.577,38.279,41.068,Top 8% for severe-weather risk (FEMA); Top 8% for new-home growth,7390,31552,57370,0.609,0.708,174100,5.2,0.583,3.88,10.2,82.626,79.36,55.38,87.33,61.48,95.09,92.17,88.64,98.29,15,28.8
75116,32.661,-96.912,48113,Dallas County,yes,yes,yes,ONCOR ELECTRIC DELIVERY COMPANY,Wires company (TDU),base_tdsp,ERCOT,12.6,,,,43.2,36.264,51.948,43.676,Top 18% for long-term owners,4658,19954,67390,0.607,0.669,237500,5.4,0.59,9.52,4.5,58.884,46.88,33.29,56.97,45.98,31.78,77.77,96.45,69.95,18,5.5
75141,32.637,-96.698,48113,Dallas County,yes,yes,yes,ONCOR ELECTRIC DELIVERY COMPANY,Wires company (TDU),base_tdsp,ERCOT,12.6,,,,43.2,59.796,45.161,19.241,Top 15% for severe-weather risk (FEMA),1090,5703,48159,0.497,0.529,248900,5.1,0.658,9.52,4.5,79.233,93.21,47.37,86.36,70.33,60.37,93.06,99.25,97.89,12,5.5
77531,29.047,-95.391,48039,Brazoria County,yes,yes,yes,CENTERPOINT ENERGY HOUSTON ELECTRIC LLC,Wires company (TDU),base_tdsp,ERCOT,13.0,,,,43.2,47.998,36.736,43.235,Top 10% for new-home growth,3300,16406,73240,0.523,0.551,260800,4.7,0.61,14.34,26.6,54.521,59.93,91.55,52.16,20.23,29.87,52.78,61.89,73.17,11,26.6
78558,26.308,-98.039,48215,Hidalgo County,yes,yes,yes,AEP TEXAS CENTRAL,Wires company (TDU),base_tdsp,ERCOT,12.05,,,,43.2,37.707,52.65,41.184,Top 20% for new-home growth; Top 24% for home size,204,722,57969,0.735,0.915,53500,5.8,0.762,4.65,3.1,68.28,80.67,93.87,73.59,54.36,30.97,98.88,78.57,47.72,12,15.2
79789,31.715,-103.158,48495,Winkler County,yes,yes,yes,ONCOR ELECTRIC DELIVERY COMPANY,Wires company (TDU),base_tdsp,ERCOT,13.6,,,,43.2,20.773,41.134,75.088,Top 12% for homeownership; Top 13% for household income; Top 24% for long-term owners,399,1420,106250,0.91,0.731,124600,5.5,0.525,3.94,14.6,53.179,51.45,32.54,57.19,81.93,79.06,41.14,32.7,47.69,17,1.2
79848,30.261,-102.301,48443,Terrell County,yes,yes,yes,TEXAS-NEW MEXICO POWER COMPANY,Wires company (TDU),base_tdsp,ERCOT,15.1,,"Rio Grande Electric Coop, Inc; Southwest Texas Elec Coop, Inc",,43.2,42.35,44.624,42.784,Top 2% for outage hours per customer; Top 17% for homeownership; Top 24% for home size,258,791,51696,0.882,0.85,114700,5.8,0.344,27.87,11.4,36.654,20.99,39.8,6.65,47.06,72.61,21.8,38.24,30.42,12,
75069,33.178,-96.59,48085,Collin County,yes,yes,yes,ONCOR ELECTRIC DELIVERY COMPANY,Wires company (TDU),base_tdsp,ERCOT,12.6,,"Denton County Elec Coop, Inc; Grayson-Collin Elec Coop, Inc",,43.1,26.308,56.584,51.915,Top 7% for new-home growth; Top 10% for home value,8067,40032,85327,0.524,0.573,432600,5.3,0.562,5.38,5.6,59.12,81.46,37.03,60.62,51.68,39.56,60.81,69.35,94.79,12,29.1
76901,31.611,-100.553,48451,Tom Green County,yes,yes,yes,AEP TEXAS NORTH,Wires company (TDU),base_tdsp,ERCOT,12.7,,Concho Valley Elec Coop Inc,,43.1,38.456,47.479,44.951,,8692,31831,69450,0.71,0.781,180900,5.4,0.613,7.25,18.8,59.387,72.64,41.06,18.92,91.17,70.41,60.55,71.93,61.67,13,5.8
77016,29.863,-95.3,48201,Harris County,yes,yes,yes,CENTERPOINT ENERGY HOUSTON ELECTRIC LLC,Wires company (TDU),base_tdsp,ERCOT,13.0,,,,43.1,47.835,43.963,35.924,Top 6% for long-term owners; Top 19% for outage hours per customer,7024,29841,47677,0.612,0.861,125000,5.5,0.603,15.94,5.5,60.003,64.02,87.22,40.52,21.2,29.91,73.92,75.62,91.63,23,11.1
75253,32.674,-96.609,48113,Dallas County,yes,yes,yes,ONCOR ELECTRIC DELIVERY COMPANY,Wires company (TDU),base_tdsp,ERCOT,12.6,,,,43.0,52.914,40.587,32.134,Top 14% for all-electric heating,4822,24395,60874,0.689,0.514,165000,5,0.845,9.52,4.5,67.087,70.78,35.36,67.72,57.87,43.16,89.38,98.52,77.6,10,5.5
78405,27.774,-97.439,48355,Nueces County,yes,yes,yes,AEP TEXAS CENTRAL,Wires company (TDU),base_tdsp,ERCOT,12.05,,,,43.0,66.225,24.531,30.369,Top 6% for long-term owners; Top 19% for severe-weather risk (FEMA); Top 21% for all-electric heating,2864,14602,38294,0.51,0.828,80300,4.6,0.802,8.18,18,77.321,86.19,97.14,55.73,53.62,75.8,92.57,89.27,77.12,23,12.4
79529,33.432,-99.854,48275,Knox County,yes,yes,yes,AEP TEXAS NORTH,Wires company (TDU),base_tdsp,ERCOT,12.7,,,,43.0,51.691,43.921,30.571,Top 20% for home size,330,1131,50694,0.759,0.901,63400,5.9,0.424,12.8,18.4,66.661,88.62,50.44,67.3,72.68,98.51,37.63,65.5,74.57,14,0
76639,31.867,-96.656,48349,Navarro County,yes,yes,yes,ONCOR ELECTRIC DELIVERY COMPANY,Wires company (TDU),base_tdsp,ERCOT,12.6,,"Navarro County Elec Coop, Inc",,42.9,49.63,46.044,30.704,Top 8% for new-home growth; Top 12% for severe-weather risk (FEMA),539,2153,48514,0.652,0.694,154400,5.4,0.672,3.88,10.2,80.346,70.92,60.99,86.49,58.14,90.91,87.41,81.83,96.65,11,28.8
76705,31.621,-97.099,48309,McLennan County,yes,yes,yes,ONCOR ELECTRIC DELIVERY COMPANY,Wires company (TDU),base_tdsp,ERCOT,12.6,,Heart of Texas Electric Coop,,42.9,46.837,46.338,34.115,,7636,31616,58236,0.628,0.649,190600,5.2,0.749,7.15,15.2,64.973,57.27,67.97,43.06,39.5,47.9,83.16,79.16,94.06,13,8.6
76933,31.856,-100.288,48081,Coke County,yes,yes,yes,AEP TEXAS NORTH,Wires company (TDU),base_tdsp,ERCOT,12.7,,Concho Valley Elec Coop Inc,,42.9,49.381,41.267,36.02,,406,1435,55104,0.737,0.888,157500,5.3,0.631,13.19,26.8,57.45,53.72,42.07,13.6,79.81,94.42,58.53,45.41,68.31,16,1.3
77414,28.908,-95.868,48321,Matagorda County,yes,yes,yes,AEP TEXAS CENTRAL,Wires company (TDU),base_tdsp,ERCOT,12.6,,"Jackson Electric Coop, Inc - (TX); Wharton County Elec Coop, Inc",,42.8,57.59,31.296,34.712,Top 11% for outage hours per customer; Top 18% for major outage days,5465,24334,59128,0.584,0.647,172000,4.8,0.661,18.96,33.8,56.263,86.7,97.6,51.75,20.42,39.53,63.31,64.41,56.82,13,11.1
79545,32.415,-100.574,48353,Nolan County,yes,yes,yes,AEP TEXAS NORTH,Wires company (TDU),base_tdsp,ERCOT,12.65,,"Big Country Electric Coop, Inc; Concho Valley Elec Coop Inc; Taylor Electric Coop Inc - (TX)",,42.8,40.858,35.779,52.379,Top 14% for long-term owners; Top 20% for homeownership,598,1798,58482,0.866,0.978,109900,5.4,0.511,7.91,25.2,61.837,77.06,41.58,32.64,84.75,94.78,61.68,41.8,75.63,19,2.1
76823,31.706,-99.151,48049,Brown County,yes,yes,yes,ONCOR ELECTRIC DELIVERY COMPANY,Wires company (TDU),base_tdsp,ERCOT,12.6,,Comanche County Elec Coop Assn,,42.7,34.432,53.471,42.872,,736,2785,55156,0.774,0.688,139600,5.7,0.665,5.2,19.2,60.157,51.28,42.7,3.59,86.44,88.26,73.5,54.28,72.33,13,11.3
75233,32.704,-96.872,48113,Dallas County,yes,yes,yes,ONCOR ELECTRIC DELIVERY COMPANY,Wires company (TDU),base_tdsp,ERCOT,12.6,,,,42.6,43.846,53.848,29.654,Top 18% for long-term owners,3184,14867,49870,0.557,0.606,286500,5.4,0.536,9.52,4.5,66.776,74.75,36.96,68.82,54.97,41.02,86.48,97.96,81.22,18,5.5
75701,32.322,-95.302,48423,Smith County,yes,yes,yes,ONCOR ELECTRIC DELIVERY COMPANY,Wires company (TDU),base_tdsp,ERCOT,12.6,,,,42.6,49.457,39.919,36.057,,8387,36344,66401,0.6,0.786,213700,5.3,0.339,12.99,17.2,65.714,29.32,57.36,72.8,70.19,70.28,75.05,82.82,31.5,12,7.1
77547,29.736,-95.238,48201,Harris County,yes,yes,yes,CENTERPOINT ENERGY HOUSTON ELECTRIC LLC,Wires company (TDU),base_tdsp,ERCOT,13.0,,,,42.6,51.281,32.174,41.568,Top 11% for long-term owners; Top 19% for outage hours per customer,2509,9217,50991,0.708,0.868,111500,5.2,0.612,15.94,5.5,62.841,71.3,90.56,51.18,21.57,33.86,73.82,75.76,93.14,20,11.1
78548,26.275,-98.655,48427,Starr County,yes,yes,yes,AEP TEXAS CENTRAL,Wires company (TDU),base_tdsp,ERCOT,12.05,,,,42.6,50.78,34.847,39.442,Top 3% for long-term owners; Top 6% for all-electric heating; Top 23% for homeownership,440,1341,37308,0.854,0.977,54400,5.1,0.92,6.97,20.4,64.129,86.17,75.76,69.59,50.22,30.55,99.74,77,46.04,26,0
78574,26.319,-98.37,48215,Hidalgo County,yes,yes,yes,AEP TEXAS CENTRAL,Wires company (TDU),base_tdsp,ERCOT,12.05,,Magic Valley Electric Coop Inc,,42.6,42.055,38.229,47.863,Top 5% for all-electric heating; Top 20% for new-home growth,18304,62456,52393,0.8,0.762,129900,5,0.937,4.65,3.1,69.019,72.92,93.5,72.86,57.48,31.98,96.24,81.23,49.84,15,15.2
78852,28.73,-100.317,48323,Maverick County,yes,yes,yes,AEP TEXAS CENTRAL,Wires company (TDU),base_tdsp,ERCOT,12.05,,"Rio Grande Electric Coop, Inc",,42.4,50.804,40.212,33.243,Top 8% for all-electric heating,15573,57434,49954,0.705,0.718,157900,5,0.893,8.48,19.8,60.786,73.93,64.47,7.19,71.12,55.14,56.57,93.62,77.39,16,3.7
76133,32.653,-97.38,48439,Tarrant County,yes,yes,yes,ONCOR ELECTRIC DELIVERY COMPANY,Wires company (TDU),base_tdsp,ERCOT,12.6,,,,42.3,26.033,53.002,53.201,,12887,53958,75523,0.621,0.787,238900,5.3,0.7,5.45,3.8,56.571,42.44,39.7,51,51.96,18.94,61.22,84.6,88.58,16,13.2
78407,27.811,-97.44,48355,Nueces County,yes,yes,yes,AEP TEXAS CENTRAL,Wires company (TDU),base_tdsp,ERCOT,12.05,,San Patricio Electric Coop Inc,,42.3,58.567,35.158,27.791,Top 4% for all-electric heating,405,1674,47688,0.63,0.837,98800,5,0.965,8.18,18,67.444,72.58,95.1,44.06,45.1,61.75,83.09,77.63,65.38,12,12.4
75010,33.05,-96.873,48121,Denton County,yes,yes,yes,ONCOR ELECTRIC DELIVERY COMPANY,Wires company (TDU),base_tdsp,ERCOT,12.6,,"Denton County Elec Coop, Inc",,42.2,24.638,53.674,54.193,Top 7% for home value; Top 12% for household income; Top 13% for new-home growth,6626,33326,107317,0.517,0.555,484800,5.2,0.567,4.58,4.6,60.901,56.14,33.35,77.03,41.53,47.28,54.97,75.55,96.6,10,22.9
76021,32.853,-97.13,48439,Tarrant County,yes,yes,yes,ONCOR ELECTRIC DELIVERY COMPANY,Wires company (TDU),base_tdsp,ERCOT,12.6,,,,42.2,23.773,55.618,53.298,Top 15% for home value,7030,35354,87097,0.517,0.587,374400,5.1,0.765,5.45,3.8,47.989,31.99,32.4,47.71,41.8,15.49,48.15,73.05,77.32,14,13.2
75223,32.792,-96.744,48113,Dallas County,yes,yes,yes,ONCOR ELECTRIC DELIVERY COMPANY,Wires company (TDU),base_tdsp,ERCOT,12.6,,,,42.0,34.408,45.993,47.965,Top 6% for long-term owners,2546,11994,73318,0.552,0.793,265100,5.3,0.388,9.52,4.5,60.9,54.07,34.11,61.26,48.62,36.72,78.45,96.28,70.86,23,5.5
78361,27.053,-98.748,48247,Jim Hogg County,yes,yes,yes,AEP TEXAS CENTRAL,Wires company (TDU),base_tdsp,ERCOT,12.05,,"Medina Electric Coop, Inc",,42.0,62.573,31.358,25.115,Top 7% for all-electric heating; Top 14% for long-term owners,1025,4727,42211,0.564,0.795,129400,4.5,0.908,12.52,19.2,65.847,96.59,84.19,69.28,50.71,42.83,99.91,63.05,50.96,19,
78363,27.444,-97.866,48273,Kleberg County,yes,yes,yes,AEP TEXAS CENTRAL,Wires company (TDU),base_tdsp,ERCOT,12.1,,Nueces Electric Cooperative,,42.0,55.442,37.339,28.864,,5639,28920,60574,0.507,0.652,163300,5,0.759,5.99,14.9,74.527,94.61,97.4,73.63,49.62,58.67,99.72,83.27,59.38,15,0.8
75704,32.413,-95.444,48423,Smith County,yes,yes,yes,ONCOR ELECTRIC DELIVERY COMPANY,Wires company (TDU),base_tdsp,ERCOT,12.6,,,,41.9,51.366,28.401,42.651,,1936,8913,55855,0.785,0.565,154600,4.9,0.623,12.99,17.2,63.053,22.41,52.76,71.97,62.84,69.77,73.46,81.17,29.4,14,7.1
79528,33.183,-100.895,48263,Kent County,yes,yes,yes,AEP TEXAS NORTH,Wires company (TDU),base_tdsp,ERCOT,12.7,,"Big Country Electric Coop, Inc; South Plains Electric Coop Inc",,41.9,23.556,40.064,68.211,Top 6% for long-term owners,179,578,73476,0.827,0.806,103900,5.3,0.739,5.66,3.2,48.244,61.96,38.76,43.78,56.32,87.76,44.92,11.01,55.16,23,
76380,33.621,-99.244,48023,Baylor County,yes,yes,yes,ONCOR ELECTRIC DELIVERY COMPANY,Wires company (TDU),base_tdsp,ERCOT,12.6,,,,41.8,56.097,38.079,26.52,Top 11% for long-term owners; Top 21% for severe-weather risk (FEMA),886,3509,45880,0.657,0.793,103100,5.6,0.317,9.78,11.2,76.46,93.07,52.82,80.96,68.36,99.48,69.63,74.99,88.98,20,0
77471,29.549,-95.862,48157,Fort Bend County,yes,yes,yes,CENTERPOINT ENERGY HOUSTON ELECTRIC LLC,Wires company (TDU),base_tdsp,ERCOT,13.0,,,,41.8,32.01,49.467,47.336,Top 5% for new-home growth,10163,45325,73186,0.583,0.628,237700,5.4,0.518,5.55,3.2,67.099,78.03,91.26,65.99,24.67,62,63.83,75.71,86.23,12,35.7
78599,,,48215,Hidalgo County,yes,yes,yes,AEP TEXAS CENTRAL,Wires company (TDU),base_tdsp,ERCOT,12.05,,Magic Valley Electric Coop Inc,,41.8,40.665,40.463,44.502,Top 6% for all-electric heating; Top 20% for new-home growth,9204,35454,58349,0.688,0.675,125400,5.1,0.925,4.65,3.1,68.021,69.89,93.23,72.06,55.58,31.16,96.43,79,48.69,16,15.2
75041,32.88,-96.652,48113,Dallas County,yes,yes,yes,ONCOR ELECTRIC DELIVERY COMPANY,Wires company (TDU),base_tdsp,ERCOT,12.6,,City of Garland - (TX),,41.6,44.957,36.35,42.269,,7450,32943,70308,0.588,0.741,232100,5.1,0.444,9.52,4.5,68.616,77.06,39.7,75.72,55.73,45.83,82.08,97.18,84.07,15,5.5
75217,32.71,-96.679,48113,Dallas County,yes,yes,yes,ONCOR ELECTRIC DELIVERY COMPANY,Wires company (TDU),base_tdsp,ERCOT,12.6,,,,41.6,40.525,48.33,36.427,Top 14% for long-term owners,20537,85028,55723,0.628,0.781,189200,5.5,0.525,9.52,4.5,64.177,62.71,33.53,63.49,54.44,39.62,86.6,98.03,73.53,19,5.5
79506,32.106,-100.313,48353,Nolan County,yes,yes,yes,AEP TEXAS NORTH,Wires company (TDU),base_tdsp,ERCOT,12.7,,Concho Valley Elec Coop Inc; Taylor Electric Coop Inc - (TX),,41.6,44.279,34.331,45.22,,155,538,63942,0.799,0.75,113800,5.2,0.659,7.91,25.2,61.08,73.56,41.58,26.22,85.62,95.5,59.41,43.04,76.19,13,2.1
79512,32.304,-100.924,48335,Mitchell County,yes,yes,yes,ONCOR ELECTRIC DELIVERY COMPANY,Wires company (TDU),base_tdsp,ERCOT,12.6,,Concho Valley Elec Coop Inc,,41.6,59.244,17.74,42.066,Top 18% for major outage days,2368,7834,60353,0.786,0.814,88800,4.9,0.5,13.18,33.5,68.027,87.4,45.35,43.29,92.76,98.63,60.31,54.21,81.64,15,0.6
76471,32.117,-98.985,48133,Eastland County,yes,yes,yes,AEP TEXAS NORTH,Wires company (TDU),base_tdsp,ERCOT,12.7,,Comanche County Elec Coop Assn,,41.5,56.374,32.525,30.582,Top 15% for outage hours per customer; Top 18% for major outage days,419,1484,54773,0.735,0.838,141700,5.2,0.546,16.01,33.5,60.389,54.32,50.33,25.71,72.88,78.47,78.97,46.78,69.58,12,1.8
75212,32.781,-96.879,48113,Dallas County,yes,yes,yes,ONCOR ELECTRIC DELIVERY COMPANY,Wires company (TDU),base_tdsp,ERCOT,12.6,,,,41.3,47.903,38.993,34.86,,6130,28259,59750,0.564,0.683,241700,4.8,0.683,9.52,4.5,66.684,75.28,37.87,71.04,53.82,42.57,83.8,97.53,80.16,16,5.5
75227,32.767,-96.687,48113,Dallas County,yes,yes,yes,ONCOR ELECTRIC DELIVERY COMPANY,Wires company (TDU),base_tdsp,ERCOT,12.6,,,,41.3,40.716,44.237,38.998,Top 24% for long-term owners,12628,58319,64008,0.563,0.672,217000,5.3,0.536,9.52,4.5,64.151,61.06,34.4,65.02,53.17,39.73,84.87,97.73,74.14,17,5.5
75234,32.923,-96.892,48113,Dallas County,yes,yes,yes,ONCOR ELECTRIC DELIVERY COMPANY,Wires company (TDU),base_tdsp,ERCOT,12.6,,,,41.3,37.844,39.275,48.065,Top 18% for home value,6516,32961,86733,0.514,0.547,351600,4.8,0.523,9.52,4.5,62.276,66.87,39.17,69.52,47.05,37.81,69.11,93.77,79.5,14,5.5
77080,29.816,-95.523,48201,Harris County,yes,yes,yes,CENTERPOINT ENERGY HOUSTON ELECTRIC LLC,Wires company (TDU),base_tdsp,ERCOT,13.0,,,,41.3,45.731,40.593,36.098,Top 19% for home value; Top 19% for outage hours per customer,9014,47638,62134,0.492,0.528,345000,4.8,0.568,15.94,5.5,58.699,61.27,86.88,38.21,20.6,31.84,70.94,72.32,90.1,14,11.1
76120,32.776,-97.181,48439,Tarrant County,yes,yes,yes,ONCOR ELECTRIC DELIVERY COMPANY,Wires company (TDU),base_tdsp,ERCOT,12.6,,,,41.2,28.447,54.014,45.473,Top 7% for all-electric heating; Top 25% for home value,4285,21102,80922,0.528,0.561,306700,5,0.907,5.45,3.8,52.36,44.66,35.14,47.51,47.18,16.96,55.92,80.69,83.12,11,13.2
77072,29.7,-95.585,48201,Harris County,yes,yes,yes,CENTERPOINT ENERGY HOUSTON ELECTRIC LLC,Wires company (TDU),base_tdsp,ERCOT,13.0,,,,41.2,52.866,35.438,31.295,Top 18% for long-term owners; Top 19% for outage hours per customer,9928,57108,51070,0.452,0.569,187800,4.8,0.73,15.94,5.5,61.236,82.95,87.88,41.5,21.42,33.85,74.55,76.48,92.97,18,11.1
75060,32.796,-96.955,48113,Dallas County,yes,yes,yes,ONCOR ELECTRIC DELIVERY COMPANY,Wires company (TDU),base_tdsp,ERCOT,12.6,,,,41.1,35.407,44.003,45.663,,11879,47591,71575,0.649,0.718,249800,5.2,0.534,9.52,4.5,59.439,52,33.63,60.37,45.87,33.71,77.19,96.39,68.91,15,5.5
79245,34.856,-100.51,48191,Hall County,yes,yes,yes,AEP TEXAS NORTH,Wires company (TDU),base_tdsp,ERCOT,12.7,,"Greenbelt Electric Coop, Inc; Lighthouse Electric Coop, Inc; Southwestern Electric Power Co",,41.1,55.342,38.569,24.541,Top 17% for severe-weather risk (FEMA),618,2230,48403,0.721,0.913,78900,5.7,0.325,9.16,11.9,77.987,96.38,44.77,94.19,95.37,99.75,72.38,53.15,86.3,13,0
77003,29.75,-95.346,48201,Harris County,yes,yes,yes,CENTERPOINT ENERGY HOUSTON ELECTRIC LLC,Wires company (TDU),base_tdsp,ERCOT,13.0,,,,41.0,44.542,35.68,41.45,Top 14% for home value; Top 19% for outage hours per customer,1602,10164,83980,0.41,0.516,384400,3.8,0.554,15.94,5.5,57.49,70.84,90.39,49.62,19.76,29.67,63.16,63.07,86.76,9,11.1
79605,32.435,-99.782,48441,Taylor County,yes,yes,yes,AEP TEXAS NORTH,Wires company (TDU),base_tdsp,ERCOT,12.7,,,,41.0,46.979,35.447,38.651,Top 5% for major outage days,6591,28467,62929,0.602,0.764,163600,5.3,0.37,13.66,58.4,55.981,51.94,38.83,42.47,90.11,58.23,40.29,67.01,54.93,14,8.4
79714,32.336,-102.697,48003,Andrews County,yes,yes,yes,ONCOR ELECTRIC DELIVERY COMPANY,Wires company (TDU),base_tdsp,ERCOT,12.6,,"Lyntegar Electric Coop, Inc; Southwestern Public Service Co",,41.0,21.626,58.694,49.125,,5074,18610,72242,0.785,0.709,195700,5.7,0.636,3.72,9.5,53.167,75.33,37.57,61.71,70.93,76.36,41.15,37.9,46.55,12,4.1
76015,32.692,-97.134,48439,Tarrant County,yes,yes,yes,ONCOR ELECTRIC DELIVERY COMPANY,Wires company (TDU),base_tdsp,ERCOT,12.6,,,,40.8,25.33,53.643,48.424,Top 24% for long-term owners,3348,18135,73709,0.48,0.651,256900,5.2,0.77,5.45,3.8,51.696,34.33,39.42,48.14,45.71,17,52.52,76.57,82.51,17,13.2
77048,29.619,-95.324,48201,Harris County,yes,yes,yes,CENTERPOINT ENERGY HOUSTON ELECTRIC LLC,Wires company (TDU),base_tdsp,ERCOT,13.0,,,,40.8,45.575,42.399,32.738,Top 19% for outage hours per customer,4767,21151,56747,0.586,0.706,210300,5.3,0.492,15.94,5.5,60.617,76.46,90.04,43.32,21.18,26.68,74.55,76.96,91.59,13,11.1
75428,33.275,-95.918,48231,Hunt County,yes,yes,yes,ONCOR ELECTRIC DELIVERY COMPANY,Wires company (TDU),base_tdsp,ERCOT,12.6,,,,40.7,59.327,29.562,26.895,Top 14% for new-home growth; Top 19% for severe-weather risk (FEMA),2301,11531,51424,0.519,0.571,162500,4.7,0.691,6.64,26,77.261,60.8,48.16,96.55,60.23,78.83,80.48,80.87,95.71,11,22.8
76134,32.639,-97.334,48439,Tarrant County,yes,yes,yes,ONCOR ELECTRIC DELIVERY COMPANY,Wires company (TDU),base_tdsp,ERCOT,12.6,,,,40.7,26.67,53.019,47.043,,6888,29949,70945,0.598,0.786,239000,5.3,0.7,5.45,3.8,57.379,53.28,41.43,54.67,52.26,20.41,59.96,83.78,89.14,14,13.2
78664,30.505,-97.647,48491,Williamson County,yes,yes,yes,ONCOR ELECTRIC DELIVERY COMPANY,Wires company (TDU),base_tdsp,ERCOT,12.6,,"Bartlett Electric Coop, Inc",,40.7,23.777,49.242,54.839,Top 9% for new-home growth; Top 17% for home value,12817,62060,87417,0.537,0.677,358200,5.2,0.521,6.41,9.9,48.024,23.28,45.04,27.54,70.43,26.58,65.55,45.05,55.98,13,27.6
76859,30.885,-99.859,48327,Menard County,yes,yes,yes,AEP TEXAS NORTH,Wires company (TDU),base_tdsp,ERCOT,12.65,,"Central Texas Elec Coop, Inc; Pedernales Electric Coop, Inc; Southwest Texas Elec Coop, Inc",,40.6,46.649,24.266,48.97,Top 11% for long-term owners; Top 21% for homeownership,487,1641,47443,0.863,0.773,110900,4.7,0.695,11.61,14.9,57.967,82.64,59.86,3.14,88.22,83.18,57.15,44.83,69.39,20,
77028,29.828,-95.287,48201,Harris County,yes,yes,yes,CENTERPOINT ENERGY HOUSTON ELECTRIC LLC,Wires company (TDU),base_tdsp,ERCOT,13.0,,,,40.6,54.015,31.881,31.421,Top 6% for long-term owners; Top 19% for outage hours per customer,4181,19109,38357,0.569,0.791,121100,5.2,0.578,15.94,5.5,65.859,81.91,90.75,52.69,22.9,37.04,79.42,81.94,96.27,23,11.1
78141,28.914,-97.633,48123,DeWitt County,yes,yes,yes,AEP TEXAS CENTRAL,Wires company (TDU),base_tdsp,ERCOT,12.05,,"Karnes Electric Coop Inc; Victoria Electric Coop, Inc",,40.6,46.477,35.72,37.57,Top 17% for homeownership,237,868,43553,0.884,0.71,75700,5.3,0.692,3.97,16.9,73.014,93.35,94.2,40.96,60.3,76.97,81.95,72.2,84.52,13,1.5
75208,32.753,-96.84,48113,Dallas County,yes,yes,yes,ONCOR ELECTRIC DELIVERY COMPANY,Wires company (TDU),base_tdsp,ERCOT,12.6,,,,40.5,33.185,42.581,48.022,Top 10% for home value,6121,29367,81950,0.542,0.605,438400,4.9,0.5,9.52,4.5,57.689,51.31,33.6,56.33,43.52,29.95,74.88,95.93,69.61,15,5.5
76710,31.54,-97.195,48309,McLennan County,yes,yes,yes,ONCOR ELECTRIC DELIVERY COMPANY,Wires company (TDU),base_tdsp,ERCOT,12.6,,Heart of Texas Electric Coop,,40.5,46.459,45.902,27.302,,4244,23329,58186,0.473,0.568,250300,5.2,0.585,7.15,15.2,68.444,63.76,65.22,50.2,41.2,50.67,88.24,86.32,97.26,12,8.6
78408,27.795,-97.447,48355,Nueces County,yes,yes,yes,AEP TEXAS CENTRAL,Wires company (TDU),base_tdsp,ERCOT,12.05,,,,40.5,61.765,23.349,29.458,Top 9% for long-term owners; Top 19% for all-electric heating,1749,10111,41045,0.45,0.599,88400,4.3,0.81,8.18,18,72.089,82.54,96.73,48.55,47.87,68.92,88.16,84.03,70.36,21,12.4
78593,26.276,-97.824,48061,Cameron County,yes,yes,yes,AEP TEXAS CENTRAL,Wires company (TDU),base_tdsp,ERCOT,12.05,,Magic Valley Electric Coop Inc,,40.5,47.839,30.172,41.0,Top 6% for all-electric heating; Top 11% for long-term owners,1479,5455,48649,0.705,0.818,85100,4.8,0.92,4.36,6.1,71.216,82.14,95.23,74.11,52.66,51.61,97.31,79.61,47.98,20,12.6
75460,33.656,-95.605,48277,Lamar County,yes,yes,yes,ONCOR ELECTRIC DELIVERY COMPANY,Wires company (TDU),base_tdsp,ERCOT,12.6,,"Farmers Electric Coop, Inc - (TX); Lamar County Elec Coop Assn",,40.4,51.405,47.631,18.511,Top 4% for severe-weather risk (FEMA),4532,23426,46473,0.503,0.724,142600,5.6,0.579,3.79,16.1,85.491,84.5,52.91,99.06,83.05,82.07,93.94,88.3,99.11,13,2.1
76086,32.755,-97.791,48367,Parker County,yes,yes,yes,ONCOR ELECTRIC DELIVERY COMPANY,Wires company (TDU),base_tdsp,ERCOT,12.6,,Weatherford Mun Utility System,,40.4,43.975,46.939,29.168,,4710,23328,60578,0.525,0.691,258100,5.1,0.684,6.86,17.1,64.424,58.82,38.44,69.44,40.49,37.83,82.32,84.78,97.67,11,8.4
76109,32.701,-97.387,48439,Tarrant County,yes,yes,yes,ONCOR ELECTRIC DELIVERY COMPANY,Wires company (TDU),base_tdsp,ERCOT,12.6,,,,40.4,20.393,53.837,53.543,Top 3% for home value; Top 17% for household income,5251,26006,100507,0.525,0.562,630800,5.2,0.536,5.45,3.8,55.559,55.93,42.67,57.38,48.9,18.94,54.89,78.7,87.43,12,13.2
77550,29.311,-94.776,48167,Galveston County,yes,yes,yes,CENTERPOINT ENERGY HOUSTON ELECTRIC LLC,Wires company (TDU),base_tdsp,ERCOT,13.8,,,,40.4,54.591,37.405,24.637,Top 11% for outage hours per customer; Top 18% for new-home growth; Top 22% for home value,3613,23489,45047,0.4,0.551,325900,4.4,0.608,20.41,26.1,56.527,56.78,90.02,61.94,16.59,22.92,91.93,45.2,67.09,13,17.5
78542,26.451,-98.092,48215,Hidalgo County,yes,yes,yes,AEP TEXAS CENTRAL,Wires company (TDU),base_tdsp,ERCOT,12.05,,Magic Valley Electric Coop Inc,,40.4,38.953,39.591,43.121,Top 7% for all-electric heating; Top 20% for new-home growth,23622,89401,55243,0.757,0.687,150200,5,0.909,4.65,3.1,67.086,90.2,95.3,76.43,51.1,36.94,99.04,64.7,46.09,13,15.2
78570,26.175,-97.913,48215,Hidalgo County,yes,yes,yes,AEP TEXAS CENTRAL,Wires company (TDU),base_tdsp,ERCOT,12.05,,Magic Valley Electric Coop Inc,,40.3,44.153,33.61,41.8,Top 6% for all-electric heating; Top 14% for long-term owners; Top 20% for new-home growth,9340,34348,41965,0.742,0.707,86500,5,0.91,4.65,3.1,71.116,87.08,94.97,75.43,59.5,34.87,99.18,83.04,50.82,19,15.2
79520,32.857,-100.124,48253,Jones County,yes,yes,yes,AEP TEXAS NORTH,Wires company (TDU),base_tdsp,ERCOT,12.65,,"Big Country Electric Coop, Inc",,40.3,45.965,38.607,34.546,,658,2319,65331,0.738,0.91,74700,5.6,0.492,13.34,26.9,57.534,61.82,41.2,43.56,73.56,88.51,42.01,47.56,66.34,11,0.1
76665,31.916,-97.71,48035,Bosque County,yes,yes,yes,TEXAS-NEW MEXICO POWER COMPANY,Wires company (TDU),base_tdsp,ERCOT,15.1,,United Electric Coop Service Inc - (TX); Heart of Texas Electric Coop,,40.2,56.186,26.647,32.419,Top 20% for major outage days,618,2771,62857,0.58,0.789,160700,4.8,0.594,10.54,31.6,65.913,73.99,57.37,44.52,37.92,75.33,77.14,75.28,93.83,14,1.4
78046,27.369,-99.347,48479,Webb County,yes,yes,yes,AEP TEXAS CENTRAL,Wires company (TDU),base_tdsp,ERCOT,12.05,,"Medina Electric Coop, Inc",,40.2,29.152,49.264,45.962,Top 9% for all-electric heating; Top 24% for new-home growth,19809,72951,55826,0.794,0.706,150600,5.3,0.884,5.06,13.1,43.611,15.71,73.03,32.49,31.07,31.46,56.32,49.55,31.36,13,13.9
76354,34.103,-98.622,48485,Wichita County,yes,yes,yes,ONCOR ELECTRIC DELIVERY COMPANY,Wires company (TDU),base_tdsp,ERCOT,12.6,,,,40.1,30.806,50.281,42.256,,3246,11990,68721,0.704,0.799,159900,5.7,0.525,2.85,7.2,68.076,71.56,42.36,86.06,70.06,60.87,59.06,78.55,79.57,13,3.8
76872,31.332,-99.166,48307,McCulloch County,yes,yes,yes,AEP TEXAS NORTH,Wires company (TDU),base_tdsp,ERCOT,12.65,,,,40.0,19.735,59.696,47.296,Top 14% for homeownership,234,754,58750,0.903,0.81,255000,5.7,0.487,4.43,13.9,51.081,67.29,48.91,5.19,78.93,71.42,48.65,42.84,61.63,14,0.4
77503,29.703,-95.159,48201,Harris County,yes,yes,yes,CENTERPOINT ENERGY HOUSTON ELECTRIC LLC,Wires company (TDU),base_tdsp,ERCOT,13.0,,,,40.0,42.093,32.512,44.567,Top 18% for long-term owners; Top 19% for outage hours per customer,4883,23866,66797,0.532,0.647,182500,5.1,0.491,15.94,5.5,56.431,53.17,88.15,40.11,20.16,25.6,67.15,67.77,86.08,18,11.1
75051,32.729,-96.996,48113,Dallas County,yes,yes,yes,ONCOR ELECTRIC DELIVERY COMPANY,Wires company (TDU),base_tdsp,ERCOT,12.6,,,,39.8,43.563,42.877,31.857,,7988,40884,58245,0.508,0.671,227400,5,0.734,9.52,4.5,62.04,62.63,36.36,63.84,49.75,34.65,77,93.62,79.06,16,5.5
75150,32.817,-96.63,48113,Dallas County,yes,yes,yes,ONCOR ELECTRIC DELIVERY COMPANY,Wires company (TDU),base_tdsp,ERCOT,12.6,,City of Garland - (TX),,39.8,41.14,41.092,36.803,,12402,62738,65440,0.514,0.588,238100,5,0.658,9.52,4.5,61.836,57.72,34.8,64.08,48.51,36.16,80.22,96.85,72.23,15,5.5
76837,31.223,-99.896,48095,Concho County,yes,yes,yes,AEP TEXAS NORTH,Wires company (TDU),base_tdsp,ERCOT,12.65,,"Concho Valley Elec Coop Inc; Southwest Texas Elec Coop, Inc",,39.8,49.614,22.276,44.222,Top 18% for long-term owners,548,1926,66528,0.74,0.851,85100,5.1,0.502,14.15,20.6,61.866,85.75,53.47,12.12,88.77,92.08,50.33,59.6,76.69,18,0
77518,29.507,-94.987,48167,Galveston County,yes,yes,yes,CENTERPOINT ENERGY HOUSTON ELECTRIC LLC,Wires company (TDU),base_tdsp,ERCOT,13.0,,,,39.8,53.107,30.572,31.194,Top 11% for outage hours per customer; Top 18% for new-home growth,2267,9541,51458,0.618,0.675,201500,4.9,0.534,20.41,26.1,57.226,44.24,85.57,63.16,16.58,21.89,93.62,51.64,68.12,12,17.5
79745,31.833,-103.055,48495,Winkler County,yes,yes,yes,ONCOR ELECTRIC DELIVERY COMPANY,Wires company (TDU),base_tdsp,ERCOT,13.6,,Southwestern Public Service Co,,39.8,19.085,47.189,60.047,Top 24% for homeownership,1968,6034,80585,0.848,0.89,154100,5.7,0.413,3.94,14.6,53.277,51.08,32.54,57.21,82.01,79.16,41.33,32.95,47.74,14,1.2
75426,33.663,-94.997,48387,Red River County,yes,yes,yes,ONCOR ELECTRIC DELIVERY COMPANY,Wires company (TDU),base_tdsp,ERCOT,12.6,,Lamar County Elec Coop Assn,,39.7,60.78,25.133,26.262,Top 14% for long-term owners; Top 22% for severe-weather risk (FEMA),1045,4351,35938,0.625,0.779,93300,5.2,0.431,10.06,22.1,75.964,89.28,52,99.99,60.14,82.75,68.39,75.23,93.25,19,2.6
77520,29.733,-94.994,48201,Harris County,yes,yes,yes,CENTERPOINT ENERGY HOUSTON ELECTRIC LLC,Wires company (TDU),base_tdsp,ERCOT,13.0,,Entergy Texas Inc.,,39.7,48.916,33.016,34.078,Top 19% for outage hours per customer; Top 24% for long-term owners,7298,36355,54278,0.522,0.676,150700,5.2,0.536,15.94,5.5,62.693,69.48,90.64,50.74,23.38,33.61,73.11,75.24,92.13,17,11.1
77587,29.662,-95.23,48201,Harris County,yes,yes,yes,CENTERPOINT ENERGY HOUSTON ELECTRIC LLC,Wires company (TDU),base_tdsp,ERCOT,13.0,,,,39.6,45.875,34.519,36.441,Top 11% for long-term owners; Top 19% for outage hours per customer,3416,16033,53497,0.554,0.702,189300,5.2,0.372,15.94,5.5,62.331,73.85,90.54,46.8,22.16,30.01,76.32,78.42,92.07,20,11.1
75101,32.27,-96.702,48139,Ellis County,yes,yes,yes,ONCOR ELECTRIC DELIVERY COMPANY,Wires company (TDU),base_tdsp,ERCOT,12.6,,,,39.5,32.432,42.31,46.172,Top 4% for new-home growth; Top 18% for long-term owners,210,963,61000,0.569,0.66,133000,5.4,0.627,7.79,23.2,38.246,10.43,46.5,12.34,34.06,22.19,58.98,44.18,49.47,18,35.9
77033,29.667,-95.335,48201,Harris County,yes,yes,yes,CENTERPOINT ENERGY HOUSTON ELECTRIC LLC,Wires company (TDU),base_tdsp,ERCOT,13.0,,,,39.5,46.277,38.356,31.603,Top 9% for long-term owners; Top 19% for outage hours per customer,6615,29154,38071,0.59,0.856,128900,5.4,0.533,15.94,5.5,60.461,70.01,88.13,38.92,21.63,27.1,76.61,78.92,91.92,21,11.1
78041,27.545,-99.462,48479,Webb County,yes,yes,yes,AEP TEXAS CENTRAL,Wires company (TDU),base_tdsp,ERCOT,12.05,,"Medina Electric Coop, Inc",,39.5,34.024,44.467,41.867,Top 12% for all-electric heating; Top 24% for new-home growth; Top 24% for long-term owners,9614,46550,61544,0.537,0.59,221300,4.9,0.855,5.06,13.1,56.596,44.84,72.18,39.97,47.84,40.33,74.71,78.82,42.32,17,13.9
79244,34.042,-100.853,48345,Motley County,yes,yes,yes,AEP TEXAS NORTH,Wires company (TDU),base_tdsp,ERCOT,12.7,,"Lighthouse Electric Coop, Inc; South Plains Electric Coop Inc",,39.4,49.079,19.469,46.551,,218,776,71875,0.732,0.856,88400,4.8,0.595,11.22,4.6,67.45,79.25,38.92,87.53,88.57,93.76,65.5,31.98,65.89,12,
79252,34.304,-99.819,48197,Hardeman County,yes,yes,yes,AEP TEXAS NORTH,Wires company (TDU),base_tdsp,ERCOT,12.7,,"Greenbelt Electric Coop, Inc; South Plains Electric Coop Inc",,39.4,58.259,16.468,37.125,Top 5% for severe-weather risk (FEMA),779,2784,62228,0.728,0.783,84600,5,0.347,8.62,8.9,84.566,92.39,49.76,98.08,92.24,99.85,68.04,87.36,96.63,14,0.3
76014,32.692,-97.087,48439,Tarrant County,yes,yes,yes,ONCOR ELECTRIC DELIVERY COMPANY,Wires company (TDU),base_tdsp,ERCOT,12.6,,,,39.3,33.411,47.668,38.73,Top 14% for all-electric heating; Top 18% for long-term owners,5074,32818,60333,0.402,0.618,234600,5,0.845,5.45,3.8,60.753,53.64,41.53,57.42,57.43,21.84,66.67,87.77,92.61,18,13.2
79201,34.438,-100.281,48075,Childress County,yes,yes,yes,AEP TEXAS NORTH,Wires company (TDU),base_tdsp,ERCOT,12.7,,"Greenbelt Electric Coop, Inc; Lighthouse Electric Coop, Inc; South Plains Electric Coop Inc; Southwestern Electric Power Co",,39.3,49.02,28.395,37.201,Top 14% for long-term owners,1866,6779,58438,0.716,0.759,124600,5.2,0.434,9.31,9.8,70.354,91.72,42.7,90.84,89.23,98.96,59.42,38.5,72.83,19,0
75042,32.912,-96.675,48113,Dallas County,yes,yes,yes,ONCOR ELECTRIC DELIVERY COMPANY,Wires company (TDU),base_tdsp,ERCOT,12.6,,City of Garland - (TX),,39.2,39.323,37.518,40.747,Top 18% for long-term owners,8575,38112,64266,0.585,0.715,240200,5.1,0.454,9.52,4.5,64.213,63.4,37.09,67.75,51.25,40.57,79.38,96.8,76.65,18,5.5
76013,32.719,-97.155,48439,Tarrant County,yes,yes,yes,ONCOR ELECTRIC DELIVERY COMPANY,Wires company (TDU),base_tdsp,ERCOT,12.6,,,,39.2,19.76,59.898,44.466,Top 24% for home value,7321,35715,70471,0.533,0.642,310400,5.5,0.58,5.45,3.8,51.664,49.2,39.82,49.31,45.58,17.74,51.41,75.52,82.27,14,13.2
76711,31.514,-97.153,48309,McLennan County,yes,yes,yes,ONCOR ELECTRIC DELIVERY COMPANY,Wires company (TDU),base_tdsp,ERCOT,12.6,,Heart of Texas Electric Coop,,39.1,53.153,26.089,33.498,Top 14% for long-term owners; Top 23% for severe-weather risk (FEMA),1931,9676,53185,0.519,0.661,153000,4.9,0.569,7.15,15.2,75.73,82.07,70.61,62.67,48.76,62.1,94.15,92.5,99.32,19,8.6
79095,34.904,-100.208,48087,Collingsworth County,yes,yes,yes,AEP TEXAS NORTH,Wires company (TDU),base_tdsp,ERCOT,12.7,,"Greenbelt Electric Coop, Inc; Lighthouse Electric Coop, Inc; Southwestern Electric Power Co",,39.0,50.664,25.928,36.624,Top 14% for severe-weather risk (FEMA),682,2405,58889,0.738,0.839,103600,5.2,0.428,7.65,4.9,79.486,98.8,42.99,98.2,98.09,99.79,85.06,35.41,96.86,15,0.4
79547,33.198,-99.905,48207,Haskell County,yes,yes,yes,AEP TEXAS NORTH,Wires company (TDU),base_tdsp,ERCOT,12.7,,"Big Country Electric Coop, Inc",,39.0,50.158,35.702,27.562,,292,957,41023,0.794,0.931,86800,5.5,0.452,14.22,17.4,63.653,74.88,50.82,54.65,69.92,96.73,39.09,58.76,75.6,13,0
77076,29.86,-95.382,48201,Harris County,yes,yes,yes,CENTERPOINT ENERGY HOUSTON ELECTRIC LLC,Wires company (TDU),base_tdsp,ERCOT,13.0,,,,38.9,49.099,32.438,31.613,Top 6% for long-term owners; Top 19% for outage hours per customer,6412,31222,42522,0.534,0.634,177300,5.1,0.501,15.94,5.5,63.414,74.8,88.55,45.12,22.27,33.24,78.55,80.93,95.24,23,11.1
76180,32.84,-97.225,48439,Tarrant County,yes,yes,yes,ONCOR ELECTRIC DELIVERY COMPANY,Wires company (TDU),base_tdsp,ERCOT,12.6,,,,38.8,22.931,50.577,48.081,Top 21% for home value,7216,38371,81503,0.489,0.549,328000,5.1,0.685,5.45,3.8,51.911,45.48,33.54,51.43,46.33,17.19,54.12,78.66,82.11,13,13.2
76374,33.359,-98.74,48503,Young County,yes,yes,yes,ONCOR ELECTRIC DELIVERY COMPANY,Wires company (TDU),base_tdsp,ERCOT,13.6,,,,38.8,42.626,48.581,23.913,Top 16% for home size,1038,4073,43939,0.663,0.817,121000,6,0.284,5.64,14.9,72.289,78.86,50.47,62.02,71.49,95.04,66.67,80.43,79.9,14,1.5
77951,28.634,-96.901,48469,Victoria County,yes,yes,yes,AEP TEXAS CENTRAL,Wires company (TDU),base_tdsp,ERCOT,12.05,,"Victoria Electric Coop, Inc",,38.7,34.499,51.102,31.807,,495,1930,49531,0.73,0.668,133300,5.6,0.685,3.27,11.5,66.29,84.08,96.42,55.08,47.76,43.82,88.89,63.3,68.76,14,2.8
78583,26.261,-97.489,48061,Cameron County,yes,yes,yes,AEP TEXAS CENTRAL,Wires company (TDU),base_tdsp,ERCOT,12.05,,Magic Valley Electric Coop Inc,,38.7,32.495,39.596,46.162,Top 5% for all-electric heating,1478,5236,51453,0.79,0.734,161900,4.9,0.941,4.36,6.1,57.666,71.3,93.9,63.73,36.09,33.34,93.24,49.03,34.33,16,12.6
79532,32.405,-100.711,48335,Mitchell County,yes,yes,yes,ONCOR ELECTRIC DELIVERY COMPANY,Wires company (TDU),base_tdsp,ERCOT,12.6,,"Big Country Electric Coop, Inc; Concho Valley Elec Coop Inc; Taylor Electric Coop Inc - (TX)",,38.7,55.326,19.304,35.868,Top 18% for major outage days,316,1029,49643,0.799,0.844,69800,5.1,0.401,13.18,33.5,66.28,87.35,45,40.73,92.3,98.93,57.28,49.78,79.94,15,0.6
76209,33.232,-97.11,48121,Denton County,yes,yes,yes,ONCOR ELECTRIC DELIVERY COMPANY,Wires company (TDU),base_tdsp,ERCOT,13.6,,"City of Denton - (TX); Denton County Elec Coop, Inc",,38.6,24.685,47.98,47.836,Top 13% for new-home growth,4972,27982,75069,0.462,0.645,274300,5.2,0.594,4.58,4.6,60.233,54.35,32.35,72.08,39.1,47.93,57.03,77.6,95.54,14,22.9
78594,26.345,-97.795,48489,Willacy County,yes,yes,yes,AEP TEXAS CENTRAL,Wires company (TDU),base_tdsp,ERCOT,12.05,,Magic Valley Electric Coop Inc,,38.6,57.778,23.362,28.31,Top 6% for all-electric heating; Top 18% for long-term owners,288,1206,23307,0.622,0.705,38300,4.2,0.917,14.15,22.2,59.207,91.34,94.29,60.52,39.56,18.81,99.83,63.47,37.97,18,8.4
77023,29.722,-95.318,48201,Harris County,yes,yes,yes,CENTERPOINT ENERGY HOUSTON ELECTRIC LLC,Wires company (TDU),base_tdsp,ERCOT,13.0,,,,38.5,45.614,34.345,33.104,Top 11% for long-term owners; Top 19% for outage hours per customer,4491,24281,51430,0.481,0.594,302300,4.5,0.532,15.94,5.5,59.691,72.1,88.53,43.94,20.57,29.36,71.2,72.9,91.34,20,11.1
77051,29.656,-95.379,48201,Harris County,yes,yes,yes,CENTERPOINT ENERGY HOUSTON ELECTRIC LLC,Wires company (TDU),base_tdsp,ERCOT,13.0,,,,38.5,55.249,36.429,18.342,Top 19% for outage hours per customer,3182,19795,37415,0.418,0.634,185500,5,0.673,15.94,5.5,64.58,84.75,92.47,53.21,22.66,32.61,77.21,79.64,94.26,12,11.1
79765,31.917,-102.273,48329,Midland County,yes,yes,yes,ONCOR ELECTRIC DELIVERY COMPANY,Wires company (TDU),base_tdsp,ERCOT,12.6,,,,38.5,19.916,46.234,55.63,Top 14% for household income; Top 18% for new-home growth,6436,25904,104965,0.646,0.683,302300,5.2,0.504,3.24,4.4,62.323,52.95,33.88,57.84,94.97,74.3,52.4,47.75,75.12,7,17.2
75211,32.737,-96.908,48113,Dallas County,yes,yes,yes,ONCOR ELECTRIC DELIVERY COMPANY,Wires company (TDU),base_tdsp,ERCOT,12.6,,,,38.3,45.976,32.165,34.154,Top 11% for long-term owners,14876,73534,56807,0.526,0.64,219300,4.9,0.527,9.52,4.5,68.287,69.83,38.44,71.15,56.66,43.75,86.23,97.96,83.82,20,5.5
77029,29.76,-95.256,48201,Harris County,yes,yes,yes,CENTERPOINT ENERGY HOUSTON ELECTRIC LLC,Wires company (TDU),base_tdsp,ERCOT,13.0,,,,38.2,49.482,24.83,36.531,Top 14% for long-term owners; Top 19% for outage hours per customer,4075,16154,48279,0.656,0.833,135100,5,0.518,15.94,5.5,63.471,78.74,92.22,58.51,21.82,38.06,69.77,71.12,92.8,19,11.1
76111,32.779,-97.3,48439,Tarrant County,yes,yes,yes,ONCOR ELECTRIC DELIVERY COMPANY,Wires company (TDU),base_tdsp,ERCOT,12.6,,,,38.1,25.226,52.019,41.231,Top 24% for long-term owners,4577,20989,60194,0.567,0.842,216400,5.4,0.651,5.45,3.8,57.393,54.03,37.88,60.04,52.46,21.73,59.12,82.55,87.97,17,13.2
78520,25.963,-97.55,48061,Cameron County,yes,yes,yes,AEP TEXAS CENTRAL,Wires company (TDU),base_tdsp,ERCOT,12.05,,Brownsville Public Utilities Board,,38.1,44.636,34.058,33.282,Top 9% for all-electric heating,14989,64740,50116,0.602,0.711,146000,4.7,0.89,4.36,6.1,68.763,73.24,94.96,74.07,50.59,47.31,94.49,76.05,43.87,15,12.6
78538,26.375,-97.98,48215,Hidalgo County,yes,yes,yes,AEP TEXAS CENTRAL,Wires company (TDU),base_tdsp,ERCOT,12.05,,Magic Valley Electric Coop Inc,,38.1,42.516,34.699,35.58,Top 4% for all-electric heating; Top 20% for new-home growth,3359,11982,40399,0.729,0.741,92100,5,0.965,4.65,3.1,69.269,90.46,94.89,74.08,54.91,36.36,99.48,77.28,47.88,14,15.2
78586,26.106,-97.629,48061,Cameron County,yes,yes,yes,AEP TEXAS CENTRAL,Wires company (TDU),base_tdsp,ERCOT,12.05,,Brownsville Public Utilities Board; Magic Valley Electric Coop Inc,,38.0,42.141,31.284,39.304,Top 8% for all-electric heating,14544,50964,45575,0.742,0.744,87200,4.9,0.893,4.36,6.1,67.049,72.21,94.52,71.51,47.87,45.01,94.76,72.95,42.72,16,12.6
79502,33.183,-100.245,48433,Stonewall County,yes,yes,yes,AEP TEXAS NORTH,Wires company (TDU),base_tdsp,ERCOT,12.7,,"Big Country Electric Coop, Inc; South Plains Electric Coop Inc",,38.0,29.55,42.843,44.285,,347,1135,52333,0.838,0.796,44100,5.5,0.724,6.02,4.2,57.024,81.67,45.09,59.85,61.13,95.41,50.01,20.81,66.87,14,
78560,26.243,-98.494,48215,Hidalgo County,yes,yes,yes,AEP TEXAS CENTRAL,Wires company (TDU),base_tdsp,ERCOT,12.05,,,,37.9,41.389,36.535,34.513,Top 4% for all-electric heating; Top 20% for new-home growth,948,4635,55721,0.532,0.696,111600,5,0.95,4.65,3.1,68.361,75.35,92.22,73.02,57.13,30.72,98.06,80.3,47.08,14,15.2
78727,30.43,-97.718,48453,Travis County,yes,yes,yes,ONCOR ELECTRIC DELIVERY COMPANY,Wires company (TDU),base_tdsp,ERCOT,12.6,,"Austin Energy; Bartlett Electric Coop, Inc",,37.9,23.159,40.254,55.068,Top 5% for home value; Top 11% for household income,4862,29958,110379,0.422,0.523,540400,4.7,0.46,7.98,4.8,42.089,27.74,45.26,21.67,27.61,33.87,29.79,59.9,76.52,14,9.1
76454,32.212,-98.736,48133,Eastland County,yes,yes,yes,ONCOR ELECTRIC DELIVERY COMPANY,Wires company (TDU),base_tdsp,ERCOT,12.6,,Comanche County Elec Coop Assn,,37.8,56.176,23.417,27.519,Top 15% for outage hours per customer; Top 18% for major outage days; Top 18% for long-term owners,347,1320,36354,0.685,0.768,84800,5.2,0.381,16.01,33.5,62.68,48.29,51.41,33.18,71.8,77.14,82.26,48.4,74.57,18,1.8
77087,29.687,-95.304,48201,Harris County,yes,yes,yes,CENTERPOINT ENERGY HOUSTON ELECTRIC LLC,Wires company (TDU),base_tdsp,ERCOT,13.0,,,,37.8,47.26,27.04,35.816,Top 7% for long-term owners; Top 19% for outage hours per customer,6909,34347,52847,0.523,0.639,177900,4.8,0.527,15.94,5.5,61.367,65.7,90.24,47.15,21.71,30.72,73.62,75.07,91.06,22,11.1
78559,26.149,-97.831,48061,Cameron County,yes,yes,yes,AEP TEXAS CENTRAL,Wires company (TDU),base_tdsp,ERCOT,12.05,,,,37.8,35.589,37.645,41.024,Top 8% for all-electric heating; Top 18% for long-term owners,2855,12169,49383,0.715,0.61,103800,5.1,0.896,4.36,6.1,61.701,57.63,92.89,64.39,41.85,38.15,91.58,64.62,38.43,18,12.6
77022,29.832,-95.38,48201,Harris County,yes,yes,yes,CENTERPOINT ENERGY HOUSTON ELECTRIC LLC,Wires company (TDU),base_tdsp,ERCOT,13.0,,,,37.7,45.038,30.305,35.343,Top 6% for long-term owners; Top 19% for outage hours per customer,5002,25805,52739,0.504,0.66,219200,4.7,0.553,15.94,5.5,58.219,64.36,87.28,40.27,20.28,28.1,70.22,71.67,89.71,23,11.1
78578,26.036,-97.303,48061,Cameron County,yes,yes,yes,AEP TEXAS CENTRAL,Wires company (TDU),base_tdsp,ERCOT,12.05,,Magic Valley Electric Coop Inc,,37.7,38.044,38.129,36.903,Top 5% for all-electric heating,2030,10016,51880,0.746,0.527,196200,4.4,0.928,4.36,6.1,63.324,77.86,96.37,73.62,40.61,41.61,90.45,62.36,38.25,12,12.6
79351,32.927,-101.764,48115,Dawson County,yes,yes,yes,ONCOR ELECTRIC DELIVERY COMPANY,Wires company (TDU),base_tdsp,ERCOT,12.6,,"Big Country Electric Coop, Inc; Lyntegar Electric Coop, Inc",,37.7,34.172,31.903,48.081,Top 4% for long-term owners,302,1044,66853,0.753,0.92,98900,5.4,0.372,7.84,20.1,57.931,87.95,46.23,39.56,72.06,95.98,64.93,20.27,66.49,24,0.1
79707,32.043,-102.205,48329,Midland County,yes,yes,yes,ONCOR ELECTRIC DELIVERY COMPANY,Wires company (TDU),base_tdsp,ERCOT,12.6,,,,37.7,15.465,50.974,54.045,Top 13% for home value; Top 17% for household income; Top 18% for new-home growth,9233,40010,99886,0.6,0.605,389400,5.2,0.54,3.24,4.4,56.479,67.8,36.67,20.71,95.01,68.03,54.29,36.5,84.14,10,17.2
76384,34.161,-99.343,48487,Wilbarger County,yes,yes,yes,AEP TEXAS NORTH,Wires company (TDU),base_tdsp,ERCOT,12.7,,,,37.6,50.656,27.886,29.896,Top 12% for severe-weather risk (FEMA),3100,12069,53564,0.668,0.801,89700,5.3,0.385,5.75,14.6,80.391,95.79,49.24,92.26,78.69,98.21,68.37,85.18,90.79,16,0.7
76844,31.433,-98.523,48333,Mills County,yes,yes,yes,ONCOR ELECTRIC DELIVERY COMPANY,Wires company (TDU),base_tdsp,ERCOT,12.6,,Hamilton County Elec Coop Assn,,37.5,18.532,50.546,49.702,,982,3284,68032,0.778,0.804,223800,5.5,0.486,1.76,4.4,62.353,56.61,51.48,12.47,84.32,84.17,70.55,54.84,78.64,13,
78076,26.931,-99.163,48505,Zapata County,yes,yes,yes,AEP TEXAS CENTRAL,Wires company (TDU),base_tdsp,ERCOT,12.05,,"Medina Electric Coop, Inc",,37.5,49.805,28.481,30.196,Top 9% for all-electric heating; Top 24% for long-term owners,2927,13123,39239,0.714,0.58,100000,4.6,0.883,12.87,17,53.397,78.09,81.62,6.35,54.22,39.07,99.24,55.33,37.95,17,
78549,26.457,-98.035,48215,Hidalgo County,yes,yes,yes,AEP TEXAS CENTRAL,Wires company (TDU),base_tdsp,ERCOT,12.05,,,,37.5,34.421,35.276,43.979,Top 7% for all-electric heating; Top 15% for homeownership; Top 20% for new-home growth,209,609,19222,0.895,0.896,75400,5.1,0.902,4.65,3.1,63.43,97.89,95.31,72.72,43.09,35.93,99.95,57.68,39.33,13,15.2
78572,26.229,-98.379,48215,Hidalgo County,yes,yes,yes,AEP TEXAS CENTRAL,Wires company (TDU),base_tdsp,ERCOT,12.3,,,,37.5,37.611,35.688,39.24,Top 8% for all-electric heating; Top 20% for new-home growth,19806,78024,54298,0.71,0.66,147300,4.8,0.898,4.65,3.1,66.06,72.49,93.58,73.37,51.72,29.61,94.94,73.69,45.51,13,15.2
77093,29.863,-95.342,48201,Harris County,yes,yes,yes,CENTERPOINT ENERGY HOUSTON ELECTRIC LLC,Wires company (TDU),base_tdsp,ERCOT,13.0,,,,37.4,44.383,31.72,33.698,Top 7% for long-term owners; Top 19% for outage hours per customer,10031,46407,46766,0.562,0.731,142800,5.2,0.521,15.94,5.5,58.526,67.51,87.11,39.55,20.3,27.64,71.25,73,90.83,22,11.1
76360,33.963,-98.961,48485,Wichita County,yes,yes,yes,AEP TEXAS NORTH,Wires company (TDU),base_tdsp,ERCOT,12.65,,,,37.3,34.743,34.969,42.897,,707,2699,69143,0.682,0.881,69400,5.5,0.481,2.85,7.2,72.407,84.08,46.41,87.47,71.59,77.12,62.88,79.32,82.06,14,3.8
78543,26.297,-98.0,48215,Hidalgo County,yes,yes,yes,AEP TEXAS CENTRAL,Wires company (TDU),base_tdsp,ERCOT,12.05,,,,37.3,39.45,32.211,39.36,Top 4% for all-electric heating; Top 20% for new-home growth,2406,8400,44527,0.745,0.755,87800,4.9,0.951,4.65,3.1,67.149,74.72,93.46,72.26,53.25,29.34,97.26,77.64,46.83,15,15.2
78596,26.159,-97.989,48215,Hidalgo County,yes,yes,yes,AEP TEXAS CENTRAL,Wires company (TDU),base_tdsp,ERCOT,12.05,,Magic Valley Electric Coop Inc,,37.3,39.568,30.297,41.24,Top 8% for all-electric heating; Top 20% for new-home growth,8967,39518,58411,0.64,0.59,104000,4.7,0.9,4.65,3.1,67.577,86.21,93.82,76.1,52.8,33.44,97.49,74.35,45.04,15,15.2
79603,32.334,-99.928,48441,Taylor County,yes,yes,yes,AEP TEXAS NORTH,Wires company (TDU),base_tdsp,ERCOT,12.7,,,,37.2,45.053,30.193,33.576,Top 5% for major outage days,5678,23548,53513,0.627,0.84,120900,5.3,0.331,13.66,58.4,53.389,56,41.57,36.99,85.91,58.55,40.88,57.92,51.9,15,8.4
75062,32.847,-96.958,48113,Dallas County,yes,yes,yes,ONCOR ELECTRIC DELIVERY COMPANY,Wires company (TDU),base_tdsp,ERCOT,12.6,,,,37.0,34.326,36.188,41.472,,9100,52116,72704,0.454,0.526,273600,4.8,0.538,9.52,4.5,57.966,45.42,34.82,60.09,42.71,31.28,71.22,94.89,70.75,16,5.5
77011,29.743,-95.309,48201,Harris County,yes,yes,yes,CENTERPOINT ENERGY HOUSTON ELECTRIC LLC,Wires company (TDU),base_tdsp,ERCOT,13.0,,,,37.0,48.422,25.176,33.572,Top 11% for long-term owners; Top 19% for outage hours per customer,2999,14940,50133,0.522,0.725,209300,4.5,0.467,15.94,5.5,63.313,73.91,90.67,51.67,21.65,34.09,74.39,76.64,94.08,20,11.1
78043,27.555,-99.266,48479,Webb County,yes,yes,yes,AEP TEXAS CENTRAL,Wires company (TDU),base_tdsp,ERCOT,12.05,,,,36.8,31.956,41.759,38.144,Top 12% for all-electric heating; Top 18% for long-term owners; Top 24% for new-home growth,9943,45760,54396,0.565,0.662,170600,5,0.867,5.06,13.1,53.181,31.58,73.01,59.35,35.41,41.19,61.64,62.28,39.39,18,13.9
78573,26.296,-98.3,48215,Hidalgo County,yes,yes,yes,AEP TEXAS CENTRAL,Wires company (TDU),base_tdsp,ERCOT,12.05,,Magic Valley Electric Coop Inc,,36.8,30.552,42.117,39.692,Top 5% for all-electric heating; Top 20% for new-home growth,11374,44809,55000,0.66,0.678,163600,5,0.937,4.65,3.1,59.557,49.45,90.36,61.75,46.16,24.22,89.76,63.64,41.01,15,15.2
77021,29.698,-95.357,48201,Harris County,yes,yes,yes,CENTERPOINT ENERGY HOUSTON ELECTRIC LLC,Wires company (TDU),base_tdsp,ERCOT,13.0,,,,36.7,44.451,34.678,28.258,Top 18% for long-term owners; Top 19% for outage hours per customer,4204,26153,45574,0.418,0.58,227900,4.8,0.61,15.94,5.5,55.684,68.31,87.43,38.93,19.61,25.7,65.85,66.22,86.05,18,11.1
79843,30.285,-104.006,48377,Presidio County,yes,yes,yes,AEP TEXAS NORTH,Wires company (TDU),base_tdsp,ERCOT,12.7,,"Rio Grande Electric Coop, Inc",,36.7,36.206,34.223,39.793,Top 14% for long-term owners,702,2633,45263,0.769,0.694,289300,4.8,0.414,8.37,14.6,59.59,68.83,37.68,80.13,81.49,63.53,38.27,80.81,35.22,19,6.8
79226,34.901,-100.995,48129,Donley County,yes,yes,yes,AEP TEXAS NORTH,Wires company (TDU),base_tdsp,ERCOT,12.7,,"Greenbelt Electric Coop, Inc; Lighthouse Electric Coop, Inc; Southwestern Electric Power Co; Southwestern Public Service Co",,36.6,53.626,15.637,35.016,,771,2855,58031,0.703,0.75,102700,4.9,0.306,12.73,8.6,72.027,97.86,35.33,76.7,95.48,96.07,78.8,34.28,87.53,15,1.4
76871,31.289,-98.995,48411,San Saba County,yes,yes,yes,ONCOR ELECTRIC DELIVERY COMPANY,Wires company (TDU),base_tdsp,ERCOT,12.6,,"Central Texas Elec Coop, Inc; Hamilton County Elec Coop Assn",,36.5,41.667,33.773,32.208,,210,728,52500,0.75,0.764,166700,4.9,0.707,7.48,13.1,61.559,79.67,55.66,9.58,88.96,82.71,70.35,51.71,71.94,15,0
78503,26.162,-98.249,48215,Hidalgo County,yes,yes,yes,AEP TEXAS CENTRAL,Wires company (TDU),base_tdsp,ERCOT,12.3,,,,36.5,34.325,37.386,38.572,Top 8% for all-electric heating; Top 20% for new-home growth; Top 24% for long-term owners,5315,22621,53322,0.611,0.708,150900,4.9,0.893,4.65,3.1,63.474,66.43,92.9,74,48.1,30.76,90.26,65.91,42.39,17,15.2
78582,26.531,-98.74,48427,Starr County,yes,yes,yes,AEP TEXAS CENTRAL,Wires company (TDU),base_tdsp,ERCOT,12.05,,"Magic Valley Electric Coop Inc; Medina Electric Coop, Inc",,36.5,42.985,35.019,29.323,Top 6% for all-electric heating; Top 11% for long-term owners,12441,44741,42626,0.723,0.797,102800,5,0.914,6.97,20.4,56.449,67.76,79.12,58.29,39.81,26.79,97.99,54.33,38.81,20,0
79764,31.866,-102.538,48135,Ector County,yes,yes,yes,ONCOR ELECTRIC DELIVERY COMPANY,Wires company (TDU),base_tdsp,ERCOT,12.6,,,,36.5,28.545,38.559,45.012,Top 21% for new-home growth,5246,27013,65170,0.674,0.505,143500,5.2,0.698,2.62,4.1,65.509,60.84,32.49,67.97,94.25,78.22,54.43,64.78,66.42,13,15.1
75228,32.825,-96.679,48113,Dallas County,yes,yes,yes,ONCOR ELECTRIC DELIVERY COMPANY,Wires company (TDU),base_tdsp,ERCOT,12.6,,City of Garland - (TX),,36.4,35.931,38.206,35.104,,12813,67714,62667,0.492,0.552,282700,4.9,0.542,9.52,4.5,59.92,52.52,32.94,60.07,47.55,34.9,79.49,96.72,67.77,16,5.5
76943,30.534,-101.306,48105,Crockett County,yes,yes,yes,AEP TEXAS NORTH,Wires company (TDU),base_tdsp,ERCOT,12.7,,"Rio Grande Electric Coop, Inc; Southwest Texas Elec Coop, Inc",,36.3,29.958,20.498,60.684,,802,2651,81664,0.787,0.816,,4.9,0.444,9,7.6,50.729,92.16,52.47,2.49,89.24,65.26,46.09,46.58,52.97,13,
78355,27.194,-98.207,48047,Brooks County,yes,yes,yes,AEP TEXAS CENTRAL,Wires company (TDU),base_tdsp,ERCOT,12.05,,"Medina Electric Coop, Inc; Nueces Electric Cooperative",,36.3,60.899,15.366,24.526,Top 7% for long-term owners; Top 25% for outage hours per customer,1403,6772,48828,0.539,0.808,82400,4.5,0.583,14.63,21.8,68.237,97.78,94.69,69.91,46.58,44.78,99.94,65.47,56.29,22,0
78516,26.145,-98.121,48215,Hidalgo County,yes,yes,yes,AEP TEXAS CENTRAL,Wires company (TDU),base_tdsp,ERCOT,12.05,,Magic Valley Electric Coop Inc,,36.3,37.5,29.419,41.678,Top 20% for new-home growth; Top 21% for all-electric heating,7944,34370,53229,0.755,0.601,121200,4.7,0.797,4.65,3.1,67.58,81.64,93.63,75.19,53.09,32.51,97.55,75.46,45.63,13,15.2
75702,32.362,-95.315,48423,Smith County,yes,yes,yes,ONCOR ELECTRIC DELIVERY COMPANY,Wires company (TDU),base_tdsp,ERCOT,12.6,,,,36.1,50.892,20.918,31.546,Top 14% for long-term owners,5682,27927,51564,0.529,0.739,115200,5,0.424,12.99,17.2,66.066,27.82,54.63,76.37,68.23,72.37,75.82,83.28,31.76,19,7.1
79553,32.941,-99.851,48253,Jones County,yes,yes,yes,AEP TEXAS NORTH,Wires company (TDU),base_tdsp,ERCOT,12.7,,"Big Country Electric Coop, Inc",,36.1,54.928,27.802,19.386,,733,3089,47839,0.617,0.861,69500,5.3,0.467,13.34,26.9,66.327,68.35,46.84,55.62,80.22,94.45,40.52,66.7,79.94,13,0.1
75224,32.711,-96.839,48113,Dallas County,yes,yes,yes,ONCOR ELECTRIC DELIVERY COMPANY,Wires company (TDU),base_tdsp,ERCOT,12.6,,,,36.0,38.34,35.244,33.497,Top 4% for long-term owners,7723,35105,51919,0.572,0.626,239600,5,0.486,9.52,4.5,63.173,61.21,33.33,62.19,52.81,38.09,85.14,97.8,72.85,24,5.5
76470,32.496,-98.664,48133,Eastland County,yes,yes,yes,ONCOR ELECTRIC DELIVERY COMPANY,Wires company (TDU),base_tdsp,ERCOT,12.6,,Comanche County Elec Coop Assn,,36.0,62.649,17.801,18.557,Top 15% for outage hours per customer; Top 18% for major outage days,799,3218,39434,0.646,0.692,81100,5,0.44,16.01,33.5,67.293,66.57,49.22,47.22,57.39,86.78,81.29,65.04,84.11,12,1.8
77020,29.773,-95.314,48201,Harris County,yes,yes,yes,CENTERPOINT ENERGY HOUSTON ELECTRIC LLC,Wires company (TDU),base_tdsp,ERCOT,13.0,,,,36.0,47.735,22.177,34.143,Top 11% for long-term owners; Top 19% for outage hours per customer,4901,23686,50119,0.538,0.767,163300,4.6,0.507,15.94,5.5,62.32,72.52,91.24,54.71,21.39,35.67,69.73,71.19,92.31,20,11.1
76106,32.817,-97.36,48439,Tarrant County,yes,yes,yes,ONCOR ELECTRIC DELIVERY COMPANY,Wires company (TDU),base_tdsp,ERCOT,12.6,,,,35.9,34.985,36.288,36.568,Top 14% for long-term owners,6691,35946,55431,0.484,0.748,172400,5,0.698,5.45,3.8,65.347,69.27,40.42,70.42,62.98,29.2,69.67,90.07,94.67,19,13.2
77034,29.618,-95.192,48201,Harris County,yes,yes,yes,CENTERPOINT ENERGY HOUSTON ELECTRIC LLC,Wires company (TDU),base_tdsp,ERCOT,13.0,,,,35.7,39.287,30.298,36.441,Top 19% for outage hours per customer; Top 24% for long-term owners,7150,36456,58217,0.51,0.542,197200,4.9,0.538,15.94,5.5,48.26,45.79,85.88,31.84,18.57,20.81,56.39,53.69,70.64,17,11.1
78833,29.675,-100.079,48385,Real County,yes,yes,yes,AEP TEXAS CENTRAL,Wires company (TDU),base_tdsp,ERCOT,12.05,,"Bandera Electric Coop, Inc; Medina Electric Coop, Inc; Pedernales Electric Coop, Inc",,35.7,49.741,30.503,22.065,Top 23% for all-electric heating; Top 24% for long-term owners,309,1219,34036,0.667,0.661,109500,4.9,0.79,8.44,18.2,62.341,96.54,68.57,3.36,92.98,73.56,75.24,54.19,68.49,17,0
75435,33.483,-95.32,48277,Lamar County,yes,yes,yes,TEXAS-NEW MEXICO POWER COMPANY,Wires company (TDU),base_tdsp,ERCOT,15.1,,"Farmers Electric Coop, Inc - (TX); Lamar County Elec Coop Assn",,35.6,49.008,21.758,31.501,Top 10% for severe-weather risk (FEMA),228,1045,50000,0.75,0.569,135800,4.7,0.566,3.79,16.1,81.49,82.67,53.56,99.08,71,82.89,83.79,82.97,97.14,13,2.1
76483,33.195,-99.268,48447,Throckmorton County,yes,yes,yes,AEP TEXAS NORTH,Wires company (TDU),base_tdsp,ERCOT,12.7,,"Big Country Electric Coop, Inc",,35.6,36.934,30.845,38.711,Top 6% for long-term owners,218,822,53214,0.691,0.873,79400,5.4,0.408,10.49,6,58.309,81.12,48.89,32.82,55.58,95.07,53.42,48.95,73.43,23,
77017,29.69,-95.252,48201,Harris County,yes,yes,yes,CENTERPOINT ENERGY HOUSTON ELECTRIC LLC,Wires company (TDU),base_tdsp,ERCOT,13.0,,,,35.6,43.52,27.064,33.622,Top 11% for long-term owners; Top 19% for outage hours per customer,5814,29640,51079,0.51,0.607,158300,4.9,0.576,15.94,5.5,55.759,56.15,87.38,37.88,19.7,24.84,66.78,67.37,86.36,20,11.1
79845,29.888,-104.519,48377,Presidio County,yes,yes,yes,AEP TEXAS NORTH,Wires company (TDU),base_tdsp,ERCOT,12.7,,"Rio Grande Electric Coop, Inc",,35.6,39.827,30.579,34.893,Top 9% for all-electric heating,841,3226,42818,0.774,0.678,96800,4.8,0.89,8.37,14.6,43.64,81.63,39.07,24.95,66.15,54.16,27.75,89.99,3.41,14,6.8
79543,32.714,-100.408,48151,Fisher County,yes,yes,yes,AEP TEXAS NORTH,Wires company (TDU),base_tdsp,ERCOT,12.65,,"Big Country Electric Coop, Inc",,35.5,22.347,33.405,55.287,,337,1091,64978,0.821,0.804,71500,5.5,0.387,5.63,6.1,54.436,54.13,40.2,35.75,69.56,87.04,52.48,39,57.02,15,
77050,29.903,-95.269,48201,Harris County,yes,yes,yes,CENTERPOINT ENERGY HOUSTON ELECTRIC LLC,Wires company (TDU),base_tdsp,ERCOT,13.0,,,,35.4,49.571,26.764,25.269,Top 19% for outage hours per customer,1250,6566,37009,0.495,0.74,112600,5.1,0.556,15.94,5.5,62.763,77.27,88.94,45.79,21.73,32.11,76.66,79.24,94.87,16,11.1
78577,26.152,-98.19,48215,Hidalgo County,yes,yes,yes,AEP TEXAS CENTRAL,Wires company (TDU),base_tdsp,ERCOT,12.05,,Magic Valley Electric Coop Inc,,35.4,38.977,31.824,34.364,Top 10% for all-electric heating; Top 20% for new-home growth,18276,80540,52770,0.59,0.613,122100,4.7,0.879,4.65,3.1,67.44,67.75,93.32,73.41,54.69,31.09,94.67,77.22,47.68,14,15.2
76110,32.708,-97.338,48439,Tarrant County,yes,yes,yes,ONCOR ELECTRIC DELIVERY COMPANY,Wires company (TDU),base_tdsp,ERCOT,12.6,,,,35.3,17.487,47.529,46.947,,8025,33441,69790,0.624,0.819,258000,5.3,0.498,5.45,3.8,51.177,29.83,38.65,46.7,45.51,16.61,52.12,75.73,82.92,14,13.2
79331,32.695,-102.01,48115,Dawson County,yes,yes,yes,ONCOR ELECTRIC DELIVERY COMPANY,Wires company (TDU),base_tdsp,ERCOT,12.6,,"Lyntegar Electric Coop, Inc; Southwestern Public Service Co",,35.2,41.54,34.983,27.059,,3166,11711,54000,0.703,0.898,101800,5.5,0.339,7.84,20.1,65.216,90.24,50.59,42.78,77.51,97.06,82.16,32.75,73.66,13,0.1
79601,32.576,-99.665,48253,Jones County,yes,yes,yes,AEP TEXAS NORTH,Wires company (TDU),base_tdsp,ERCOT,12.7,,"Big Country Electric Coop, Inc; Comanche County Elec Coop Assn",,35.2,51.993,31.083,16.942,,5307,28050,53631,0.492,0.62,190200,4.8,0.611,13.34,26.9,61.05,63.5,43.56,39,80.82,84.39,43.95,60.58,75.05,12,0.1
77451,29.435,-96.005,48157,Fort Bend County,yes,yes,yes,CENTERPOINT ENERGY HOUSTON ELECTRIC LLC,Wires company (TDU),base_tdsp,ERCOT,13.0,,,,34.9,36.919,29.73,37.459,Top 3% for long-term owners; Top 5% for new-home growth,125,515,31125,0.634,0.777,128800,4.9,0.721,5.55,3.2,66.434,84.59,91.96,61.41,24.19,72.43,61.36,71.76,81.93,25,35.7
78541,26.452,-98.277,48215,Hidalgo County,yes,yes,yes,AEP TEXAS CENTRAL,Wires company (TDU),base_tdsp,ERCOT,12.05,,Magic Valley Electric Coop Inc,,34.9,37.065,36.153,30.82,Top 4% for all-electric heating; Top 20% for new-home growth,10540,51710,52863,0.53,0.551,156700,4.7,0.943,4.65,3.1,65.167,91.79,94.41,72.47,48.28,34.08,99.3,64.38,43.25,13,15.2
75216,32.711,-96.781,48113,Dallas County,yes,yes,yes,ONCOR ELECTRIC DELIVERY COMPANY,Wires company (TDU),base_tdsp,ERCOT,12.6,,,,34.7,43.152,31.874,26.181,Top 18% for long-term owners,11995,55894,41386,0.558,0.743,159800,5.1,0.571,9.52,4.5,65.479,65.45,35.45,66.36,54.41,40.12,86.26,97.94,77.81,18,5.5
78537,26.162,-98.059,48215,Hidalgo County,yes,yes,yes,AEP TEXAS CENTRAL,Wires company (TDU),base_tdsp,ERCOT,12.05,,Magic Valley Electric Coop Inc,,34.6,40.219,26.905,34.935,Top 14% for all-electric heating; Top 20% for new-home growth,11649,51426,40668,0.742,0.589,81900,4.7,0.842,4.65,3.1,68.606,75.61,93.08,71.83,56.9,31.56,97.57,79.95,49.35,13,15.2
79762,31.925,-102.358,48135,Ector County,yes,yes,yes,ONCOR ELECTRIC DELIVERY COMPANY,Wires company (TDU),base_tdsp,ERCOT,12.6,,,,34.6,21.44,40.928,45.672,Top 21% for new-home growth,8584,39927,75272,0.559,0.626,232900,5.1,0.599,2.62,4.1,62.257,43.49,30.66,63.05,94.58,75.72,49.25,61.16,61.38,12,15.1
76308,33.853,-98.541,48485,Wichita County,yes,yes,yes,ONCOR ELECTRIC DELIVERY COMPANY,Wires company (TDU),base_tdsp,ERCOT,12.6,,,,34.5,26.858,39.694,39.407,,4404,21896,74772,0.523,0.646,213500,5.1,0.621,2.85,7.2,63.071,33.39,36.5,81.45,65.93,59.71,48.48,74.79,74.64,13,3.8
77026,29.8,-95.329,48201,Harris County,yes,yes,yes,CENTERPOINT ENERGY HOUSTON ELECTRIC LLC,Wires company (TDU),base_tdsp,ERCOT,13.0,,,,34.4,44.66,28.126,27.046,Top 14% for long-term owners; Top 19% for outage hours per customer,3694,21981,39211,0.437,0.759,175000,4.8,0.567,15.94,5.5,57.389,60.79,87.9,42.32,20,28.46,67.23,68.02,87.79,19,11.1
78521,25.944,-97.318,48061,Cameron County,yes,yes,yes,AEP TEXAS CENTRAL,Wires company (TDU),base_tdsp,ERCOT,12.05,,Brownsville Public Utilities Board; Magic Valley Electric Coop Inc,,34.4,39.46,27.555,34.484,Top 10% for all-electric heating; Top 11% for long-term owners,20265,87380,44509,0.603,0.673,99700,4.5,0.878,4.36,6.1,64.919,71.93,95.22,69.45,47.91,41.39,91.71,70.66,38.09,20,12.6
76801,31.748,-99.033,48049,Brown County,yes,yes,yes,AEP TEXAS NORTH,Wires company (TDU),base_tdsp,ERCOT,12.65,,Comanche County Elec Coop Assn; Hamilton County Elec Coop Assn,,34.3,32.759,37.39,33.335,,6102,25146,54231,0.631,0.68,150400,5.2,0.653,5.2,19.2,58.694,64.61,43.57,3.37,84.85,84.88,73.22,50.79,70.18,13,11.3
78151,28.864,-97.705,48255,Karnes County,yes,yes,yes,AEP TEXAS CENTRAL,Wires company (TDU),base_tdsp,ERCOT,12.05,,"Karnes Electric Coop Inc; Victoria Electric Coop, Inc",,34.3,46.001,24.958,28.042,Top 16% for new-home growth; Top 16% for all-electric heating; Top 24% for long-term owners,262,1378,26597,0.495,0.579,100900,4.3,0.828,6.25,19.6,63.167,76,90.18,33.34,50.38,67.6,62.54,64.35,73.78,17,18.7
76022,32.831,-97.145,48439,Tarrant County,yes,yes,yes,ONCOR ELECTRIC DELIVERY COMPANY,Wires company (TDU),base_tdsp,ERCOT,12.6,,,,34.2,21.59,38.71,46.643,,2513,13760,72560,0.475,0.577,277100,4.8,0.601,5.45,3.8,54.426,46.06,33.38,53.49,49.29,18.2,58.33,82.99,85.3,16,13.2
76107,32.742,-97.382,48439,Tarrant County,yes,yes,yes,ONCOR ELECTRIC DELIVERY COMPANY,Wires company (TDU),base_tdsp,ERCOT,12.6,,,,34.2,20.779,41.64,44.611,Top 10% for home value,5257,30994,79990,0.441,0.514,431200,4.4,0.627,5.45,3.8,51.003,41.19,39.91,49.68,44.37,16.57,50.04,73.93,82.52,12,13.2
79227,33.9,-99.77,48155,Foard County,yes,yes,yes,AEP TEXAS NORTH,Wires company (TDU),base_tdsp,ERCOT,12.7,,South Plains Electric Coop Inc,,34.2,33.086,17.995,51.792,Top 6% for long-term owners,309,1065,62188,0.755,0.836,69700,5.1,0.308,9.48,3.4,62.591,86.87,45.8,69.05,67.83,99.41,26.78,55.99,73.28,23,
79763,31.799,-102.474,48135,Ector County,yes,yes,yes,ONCOR ELECTRIC DELIVERY COMPANY,Wires company (TDU),base_tdsp,ERCOT,12.6,,,,34.1,33.144,29.185,40.183,Top 21% for new-home growth,6831,35174,56877,0.704,0.505,132500,5,0.644,2.62,4.1,70.537,66.77,32.62,71.91,97.5,84.86,61.85,75.95,69.07,13,15.1
78501,26.216,-98.24,48215,Hidalgo County,yes,yes,yes,AEP TEXAS CENTRAL,Wires company (TDU),base_tdsp,ERCOT,12.05,,,,33.6,33.134,35.201,32.665,Top 8% for all-electric heating; Top 18% for long-term owners; Top 20% for new-home growth,11174,58935,48071,0.493,0.588,161000,4.6,0.898,4.65,3.1,62.481,56.61,93.14,71.82,47.22,28.57,88.14,66.21,42.27,18,15.2
76877,31.157,-98.764,48411,San Saba County,yes,yes,yes,ONCOR ELECTRIC DELIVERY COMPANY,Wires company (TDU),base_tdsp,ERCOT,12.6,,"Central Texas Elec Coop, Inc; Hamilton County Elec Coop Assn",,33.4,38.869,29.749,29.895,Top 24% for long-term owners,1075,4111,53500,0.68,0.822,165400,5,0.555,7.48,13.1,62.83,80.56,56.42,10.1,90.22,84.05,73.05,52.83,73.14,17,0
79556,32.459,-100.358,48353,Nolan County,yes,yes,yes,ONCOR ELECTRIC DELIVERY COMPANY,Wires company (TDU),base_tdsp,ERCOT,12.6,,"Big Country Electric Coop, Inc; Taylor Electric Coop Inc - (TX)",,33.2,40.198,28.551,28.36,,3181,12532,49393,0.66,0.756,94900,5.2,0.564,7.91,25.2,59.917,64.39,40.57,34.44,80.25,92.53,59.38,41.12,71.13,15,2.1
78550,26.256,-97.668,48061,Cameron County,yes,yes,yes,AEP TEXAS CENTRAL,Wires company (TDU),base_tdsp,ERCOT,12.05,,Magic Valley Electric Coop Inc,,33.1,34.089,32.617,32.202,Top 10% for all-electric heating; Top 18% for long-term owners,10359,53335,49007,0.505,0.595,131100,4.7,0.879,4.36,6.1,60.611,66,93.1,63.18,40.11,37.95,92.27,60.02,37.65,18,12.6
76053,32.817,-97.181,48439,Tarrant County,yes,yes,yes,ONCOR ELECTRIC DELIVERY COMPANY,Wires company (TDU),base_tdsp,ERCOT,12.6,,,,32.9,19.767,41.835,41.328,,6240,32323,64141,0.502,0.605,270900,5,0.603,5.45,3.8,50.029,40.16,32.8,48.37,44.56,16.36,52.08,76.08,79.95,16,13.2
76945,31.885,-100.611,48081,Coke County,yes,yes,yes,AEP TEXAS NORTH,Wires company (TDU),base_tdsp,ERCOT,12.7,,Concho Valley Elec Coop Inc,,32.9,47.882,25.429,20.465,,393,1689,36731,0.675,0.606,67000,5.1,0.624,13.19,26.8,56.181,50.52,40.04,13.22,81.55,92.2,48.35,49.53,68.38,13,1.3
76103,32.749,-97.273,48439,Tarrant County,yes,yes,yes,ONCOR ELECTRIC DELIVERY COMPANY,Wires company (TDU),base_tdsp,ERCOT,12.6,,,,32.8,20.9,37.732,43.632,Top 18% for long-term owners,3778,15975,60172,0.615,0.807,205000,5.2,0.481,5.45,3.8,57.41,55.21,40.81,59.36,52.02,20.42,57.79,80.78,90.69,18,13.2
76112,32.747,-97.218,48439,Tarrant County,yes,yes,yes,ONCOR ELECTRIC DELIVERY COMPANY,Wires company (TDU),base_tdsp,ERCOT,12.6,,,,32.8,24.598,43.046,33.496,,8337,44514,57724,0.487,0.556,225900,5,0.743,5.45,3.8,51.774,34.09,37.02,45.35,46.63,16.8,54.55,78.77,83.3,14,13.2
79752,31.229,-102.162,48461,Upton County,yes,yes,yes,AEP TEXAS NORTH,Wires company (TDU),base_tdsp,ERCOT,12.7,,,,32.8,45.208,18.617,30.424,Top 24% for outage hours per customer; Top 24% for long-term owners,562,1933,39423,0.757,0.783,94900,4.9,0.516,14.97,22,54.446,63.75,42.72,19.95,85.5,80.3,45.31,50.9,56.44,17,0.5
79567,31.972,-99.95,48399,Runnels County,yes,yes,yes,AEP TEXAS NORTH,Wires company (TDU),base_tdsp,ERCOT,12.7,,Taylor Electric Coop Inc - (TX),,32.6,34.397,31.297,31.551,Top 24% for long-term owners,787,2995,50781,0.684,0.873,71700,5.4,0.457,7.89,10.5,60.699,63.48,45.62,22.42,75.75,95.89,79.23,36.58,69.4,17,1.8
76117,32.803,-97.267,48439,Tarrant County,yes,yes,yes,ONCOR ELECTRIC DELIVERY COMPANY,Wires company (TDU),base_tdsp,ERCOT,12.6,,,,32.5,25.474,39.627,34.713,Top 14% for long-term owners,6336,32950,51670,0.5,0.661,211700,5,0.693,5.45,3.8,56.269,59.19,36.52,60.01,50.96,20.37,57.41,81.12,87.49,19,13.2
77506,29.714,-95.2,48201,Harris County,yes,yes,yes,CENTERPOINT ENERGY HOUSTON ELECTRIC LLC,Wires company (TDU),base_tdsp,ERCOT,13.0,,,,32.4,41.052,22.996,30.172,Top 18% for long-term owners; Top 19% for outage hours per customer,5523,35114,49586,0.409,0.545,146800,4.5,0.619,15.94,5.5,47.053,44.92,88.53,42.52,18.87,25.48,45.54,38.61,69.82,18,11.1
76864,31.554,-98.731,48333,Mills County,yes,yes,yes,ONCOR ELECTRIC DELIVERY COMPANY,Wires company (TDU),base_tdsp,ERCOT,12.6,,Hamilton County Elec Coop Assn,,32.2,17.091,41.011,43.561,,253,798,55598,0.826,0.831,172100,5.3,0.56,1.76,4.4,59.234,58.17,52.27,7.48,81.69,81.59,68.27,49.11,74.23,13,
79703,31.979,-102.132,48329,Midland County,yes,yes,yes,ONCOR ELECTRIC DELIVERY COMPANY,Wires company (TDU),base_tdsp,ERCOT,12.6,,,,32.2,12.832,38.706,51.355,Top 18% for new-home growth,4876,20419,77285,0.621,0.792,224000,5.2,0.425,3.24,4.4,55.761,41.82,33.11,17.52,95.85,59.97,58.23,41.34,84.31,13,17.2
76114,32.774,-97.402,48439,Tarrant County,yes,yes,yes,ONCOR ELECTRIC DELIVERY COMPANY,Wires company (TDU),base_tdsp,ERCOT,12.6,,,,32.0,22.24,34.596,42.569,Top 18% for long-term owners,5618,27357,62073,0.534,0.666,222600,4.9,0.589,5.45,3.8,56.063,55.36,37.31,55.49,52.12,20.61,59.82,80.8,86.29,18,13.2
76164,32.781,-97.355,48439,Tarrant County,yes,yes,yes,ONCOR ELECTRIC DELIVERY COMPANY,Wires company (TDU),base_tdsp,ERCOT,12.6,,,,31.8,21.483,37.906,39.452,Top 9% for long-term owners,3110,13457,52882,0.601,0.863,162700,5.2,0.62,5.45,3.8,53.207,41.18,33.78,51.54,48.49,18.08,56.49,80.05,84.02,21,13.2
76302,33.865,-98.491,48485,Wichita County,yes,yes,yes,ONCOR ELECTRIC DELIVERY COMPANY,Wires company (TDU),base_tdsp,ERCOT,12.6,,,,31.8,24.198,41.134,32.552,,2739,11932,59590,0.597,0.689,165800,5.3,0.589,2.85,7.2,61.7,29.43,35.49,80,65.68,53.47,49.39,74.68,73.19,14,3.8
79549,32.888,-100.841,48415,Scurry County,yes,yes,yes,ONCOR ELECTRIC DELIVERY COMPANY,Wires company (TDU),base_tdsp,ERCOT,12.6,,"Big Country Electric Coop, Inc; South Plains Electric Coop Inc",,31.8,19.799,37.276,42.265,,4423,15233,59147,0.755,0.841,112000,5.4,0.549,2.49,10.9,57.147,67.27,38.76,49.54,72.68,88.22,51.18,33.31,66.34,16,2.2
78584,26.573,-98.963,48427,Starr County,yes,yes,yes,AEP TEXAS CENTRAL,Wires company (TDU),base_tdsp,ERCOT,12.05,,"Medina Electric Coop, Inc",,31.3,40.475,28.712,21.714,Top 5% for all-electric heating; Top 7% for long-term owners,4289,18464,27056,0.604,0.79,81400,4.7,0.942,6.97,20.4,51.246,74.23,75.85,18.92,44.15,18.86,99.51,67.99,33.44,22,0
76903,31.485,-100.438,48451,Tom Green County,yes,yes,yes,AEP TEXAS NORTH,Wires company (TDU),base_tdsp,ERCOT,12.7,,,,31.2,35.73,25.69,30.829,Top 24% for long-term owners,6933,29947,49498,0.602,0.735,125700,4.9,0.621,7.25,18.8,55.92,36.11,37.97,17.91,92.49,52.54,57.28,73.93,59.32,17,5.8
79761,31.855,-102.351,48135,Ector County,yes,yes,yes,ONCOR ELECTRIC DELIVERY COMPANY,Wires company (TDU),base_tdsp,ERCOT,12.6,,,,31.1,24.092,25.133,46.356,Top 21% for new-home growth,6763,30164,68228,0.583,0.633,166000,4.8,0.518,2.62,4.1,65.971,51.11,32.68,69.31,96.05,79.85,52.31,65.03,66.57,15,15.1
79370,33.508,-100.908,48125,Dickens County,yes,yes,yes,AEP TEXAS NORTH,Wires company (TDU),base_tdsp,ERCOT,12.7,,"Lighthouse Electric Coop, Inc; South Plains Electric Coop Inc",,31.0,24.227,30.428,40.721,,433,1363,48750,0.826,0.853,63100,5.4,0.428,3.39,5.6,63.977,86.3,40.94,68.64,70.18,95.9,71.45,28.45,72.28,14,
79546,32.892,-100.498,48151,Fisher County,yes,yes,yes,AEP TEXAS NORTH,Wires company (TDU),base_tdsp,ERCOT,12.7,,"Big Country Electric Coop, Inc; South Plains Electric Coop Inc",,30.7,23.8,26.874,43.748,,458,1597,58984,0.747,0.888,65000,5.3,0.427,5.63,6.1,56.009,54.94,40.62,43.05,69.16,89.26,52.85,36.61,60.51,16,
76119,32.691,-97.263,48439,Tarrant County,yes,yes,yes,ONCOR ELECTRIC DELIVERY COMPANY,Wires company (TDU),base_tdsp,ERCOT,12.6,,,,30.6,24.897,35.517,33.365,,11144,52974,51267,0.547,0.665,160400,5.1,0.66,5.45,3.8,56.627,46.36,39.04,49.72,52.98,19.57,62.34,84.63,88.11,16,13.2
76707,31.554,-97.159,48309,McLennan County,yes,yes,yes,ONCOR ELECTRIC DELIVERY COMPANY,Wires company (TDU),base_tdsp,ERCOT,12.6,,Heart of Texas Electric Coop,,30.5,31.245,32.288,27.628,,3597,15879,40443,0.589,0.81,126200,5.3,0.431,7.15,15.2,57.807,37.62,55.5,37.86,27.6,32.99,81.13,78,91.57,16,8.6
76105,32.724,-97.269,48439,Tarrant County,yes,yes,yes,ONCOR ELECTRIC DELIVERY COMPANY,Wires company (TDU),base_tdsp,ERCOT,12.6,,,,30.0,24.527,35.236,31.904,Top 11% for long-term owners,4214,22228,45770,0.493,0.855,153600,5.1,0.68,5.45,3.8,55.641,39.04,37.93,46.81,51.82,18.59,61.77,85.11,87.46,20,13.2
79701,31.992,-102.081,48329,Midland County,yes,yes,yes,ONCOR ELECTRIC DELIVERY COMPANY,Wires company (TDU),base_tdsp,ERCOT,12.6,,,,29.9,14.183,38.915,41.928,Top 18% for new-home growth,6793,27131,57346,0.67,0.651,214700,5.2,0.491,3.24,4.4,56.277,49.92,34.11,15.79,95.91,63.32,58.11,41.25,85.45,15,17.2
79250,33.878,-101.595,48189,Hale County,yes,yes,yes,AEP TEXAS NORTH,Wires company (TDU),base_tdsp,ERCOT,12.7,,"Lighthouse Electric Coop, Inc; South Plains Electric Coop Inc; Southwestern Public Service Co",,29.0,25.916,33.406,28.628,,248,980,54917,0.66,0.911,78600,5.5,0.369,3.12,14.9,64.237,72.46,40.43,71.07,88.59,90.63,67.54,13.53,77.87,14,0.9
77901,28.805,-96.985,48469,Victoria County,yes,yes,yes,AEP TEXAS CENTRAL,Wires company (TDU),base_tdsp,ERCOT,12.05,,"Victoria Electric Coop, Inc",,28.9,31.516,27.423,26.815,,8200,39854,57923,0.535,0.615,143200,5,0.577,3.27,11.5,66.427,71.9,95.18,54.1,48.57,44.22,87.17,63.33,72.42,13,2.8
79744,30.922,-101.97,48105,Crockett County,yes,yes,yes,AEP TEXAS NORTH,Wires company (TDU),base_tdsp,ERCOT,12.7,,"Southwest Texas Elec Coop, Inc",,28.7,37.116,22.256,23.822,,326,1283,42039,0.661,0.711,101100,5,0.548,9,7.6,59.13,86.57,47.05,39.07,88,81.1,44.92,61.08,52.69,14,
78839,28.718,-99.823,48507,Zavala County,yes,yes,yes,AEP TEXAS CENTRAL,Wires company (TDU),base_tdsp,ERCOT,12.05,,"Medina Electric Coop, Inc; Rio Grande Electric Coop, Inc",,28.5,26.727,32.496,26.901,Top 9% for long-term owners; Top 10% for all-electric heating,1775,7091,37365,0.682,0.651,103700,4.9,0.882,0.95,0.4,63.274,84.81,73.86,46.38,49.18,45.34,82.67,90.65,54.84,21,0.4
79720,32.254,-101.473,48227,Howard County,yes,yes,yes,ONCOR ELECTRIC DELIVERY COMPANY,Wires company (TDU),base_tdsp,ERCOT,12.6,,"Big Country Electric Coop, Inc; Concho Valley Elec Coop Inc; Lyntegar Electric Coop, Inc",,28.1,17.287,31.586,39.038,,7967,29936,68785,0.692,0.777,152500,5.2,0.475,2.97,8.4,56.351,83.86,44.92,20.41,83.28,91.21,50.76,35.03,68.85,12,2.7
76309,33.895,-98.544,48485,Wichita County,yes,yes,yes,ONCOR ELECTRIC DELIVERY COMPANY,Wires company (TDU),base_tdsp,ERCOT,12.6,,,,27.8,26.155,30.021,27.753,,2952,13395,54159,0.573,0.765,143400,5.2,0.435,2.85,7.2,65.687,47.49,38.13,84.6,69.46,58.46,52.87,78.28,78.01,14,3.8
76306,33.945,-98.524,48485,Wichita County,yes,yes,yes,ONCOR ELECTRIC DELIVERY COMPANY,Wires company (TDU),base_tdsp,ERCOT,12.6,,,,27.4,26.742,29.184,26.367,,3147,13963,46957,0.586,0.737,111600,5.2,0.53,2.85,7.2,64.824,45.8,37.07,83.04,68.97,57.45,52.92,77.69,76.63,16,3.8
76115,32.678,-97.331,48439,Tarrant County,yes,yes,yes,ONCOR ELECTRIC DELIVERY COMPANY,Wires company (TDU),base_tdsp,ERCOT,12.6,,,,27.3,23.401,24.694,35.258,Top 9% for long-term owners,3537,19655,52411,0.468,0.679,150600,4.7,0.609,5.45,3.8,56.66,41.93,39.91,51.82,51.91,19.1,60.76,84.16,88.96,21,13.2
76825,31.106,-99.394,48307,McCulloch County,yes,yes,yes,AEP TEXAS NORTH,Wires company (TDU),base_tdsp,ERCOT,12.65,,"Central Texas Elec Coop, Inc",,25.6,21.766,32.338,23.811,,1551,6454,53665,0.625,0.751,148800,5.1,0.616,4.43,13.9,47.764,44.54,45.42,4.1,77.12,66.98,39.31,42.94,58.48,13,0.4
79248,33.994,-100.287,48101,Cottle County,yes,yes,yes,AEP TEXAS NORTH,Wires company (TDU),base_tdsp,ERCOT,12.7,,South Plains Electric Coop Inc,,25.5,23.321,15.467,38.425,Top 18% for long-term owners,400,1273,49028,0.818,0.861,55000,5,0.369,6.86,3.4,58.206,77.1,44.72,73.15,68.76,95.46,28.96,30.74,65.65,18,0
76834,31.882,-99.48,48083,Coleman County,yes,yes,yes,ONCOR ELECTRIC DELIVERY COMPANY,Wires company (TDU),base_tdsp,ERCOT,12.6,,Comanche County Elec Coop Assn,,25.3,18.556,29.033,30.472,,1477,4981,46120,0.771,0.84,89900,5.3,0.448,1.41,7.9,60.859,69.25,50.49,17.87,82.39,98.27,55.7,48.63,72.66,13,1.6
78872,28.926,-99.865,48507,Zavala County,yes,yes,yes,AEP TEXAS CENTRAL,Wires company (TDU),base_tdsp,ERCOT,12.05,,"Medina Electric Coop, Inc; Rio Grande Electric Coop, Inc",,24.0,19.572,30.193,23.852,Top 20% for all-electric heating,345,1287,39659,0.739,0.698,78500,5,0.807,0.95,0.4,57.461,56.96,65.44,36.15,42.66,39.1,78.82,88.54,51.52,13,0.4
76878,31.658,-99.293,48083,Coleman County,yes,yes,yes,AEP TEXAS NORTH,Wires company (TDU),base_tdsp,ERCOT,12.65,,,,23.9,22.897,27.143,22.126,,390,1585,46111,0.641,0.692,78300,5.3,0.409,1.41,7.9,64.81,77.84,52.15,13.42,88,99.05,64.25,59.3,77.5,13,1.6
76301,33.906,-98.48,48485,Wichita County,yes,yes,yes,ONCOR ELECTRIC DELIVERY COMPANY,Wires company (TDU),base_tdsp,ERCOT,13.6,,,,18.3,16.108,17.028,22.545,,3292,15479,41947,0.553,0.714,74800,5,0.42,2.85,7.2,56.337,31.5,34.86,78.22,58.96,47.56,41.43,64.36,68.97,15,3.8
75934,30.895,-94.759,48373,Polk County,no,no,no,Sam Houston Electric Coop Inc,Cooperative,coop,,,0.12621721354208612,Entergy Texas Inc.,small population; Sam Houston Electric Coop Inc (coop),95.0,93.555,94.69,97.276,Top 1% for all-electric heating; Top 2% for new-home growth; Top 2% for severe-weather risk (FEMA),40,105,,1,1,,6.5,1,16.87,58.4,87.68,85.64,93.34,84.74,67.18,97.24,94.69,80.92,95.65,,45.4
76680,31.202,-96.814,48145,Falls County,no,no,yes,ONCOR ELECTRIC DELIVERY COMPANY,Wires company (TDU),base_tdsp,ERCOT,12.6,,"Bartlett Electric Coop, Inc; Heart of Texas Electric Coop; Entergy Texas Inc.",small population,87.1,93.685,96.361,69.001,Top 1% for all-electric heating; Top 3% for homeownership; Top 5% for home size,50,130,,1,1,,6.8,1,23.19,42.1,83.283,76.54,83,66.35,83.52,84.17,87.43,81.22,97.29,,0.8
77326,30.505,-94.817,48373,Polk County,no,no,no,Sam Houston Electric Coop Inc,Cooperative,coop,,,0.12621721354208612,,small population; Sam Houston Electric Coop Inc (coop),83.3,81.051,72.537,97.095,Top 2% for new-home growth; Top 3% for homeownership; Top 3% for long-term owners,105,275,,1,1,,6.5,0.481,16.87,58.4,84.84,81.79,88.77,86.03,50.12,90.59,96.44,85.29,96.64,25,45.4
78944,30.028,-96.496,48015,Austin County,no,yes,no,"Bluebonnet Electric Coop, Inc",Cooperative,coop,,,0.11415535256836253,"Fayette Electric Coop, Inc","Bluebonnet Electric Coop, Inc (coop)",81.9,77.986,80.826,88.045,Top 1% for major outage days; Top 6% for household income; Top 9% for long-term owners,198,720,126806,0.857,0.718,384100,5.8,0.836,14.74,84.2,72.1,68.13,82.85,69.07,30.06,90.05,74.7,65.73,92.24,21,24.9
77659,30.171,-94.432,48199,Hardin County,no,yes,no,Entergy Texas Inc.,Investor Owned,ioi_non_ercot,non-ERCOT,,0.1366459934147402,,Entergy Texas Inc. (ioi_non_ercot),81.3,89.357,74.901,77.048,Top 5% for major outage days; Top 9% for severe-weather risk (FEMA); Top 11% for household income,1773,5650,110590,0.874,0.816,241100,5.9,0.82,18.14,58.4,82.106,84.84,90.71,95.61,67.97,73.93,82.74,70.54,93.24,12,18.1
77561,30.167,-94.735,48291,Liberty County,no,no,no,Entergy Texas Inc.,Investor Owned,ioi_non_ercot,non-ERCOT,,0.1366459934147402,,small population; Entergy Texas Inc. (ioi_non_ercot),80.8,74.889,72.368,97.124,Top 2% for new-home growth; Top 3% for homeownership; Top 5% for outage hours per customer,13,36,,1,1,,5.8,0.722,23.68,43.1,67.807,56.24,86.98,77.78,39.08,42.14,70.37,66.75,91.55,,45
77855,31.133,-96.137,48289,Leon County,no,no,yes,ONCOR ELECTRIC DELIVERY COMPANY,Wires company (TDU),base_tdsp,ERCOT,12.6,,"Navasota Valley Elec Coop, Inc",small population; mostly apartments,79.8,85.628,78.649,73.225,Top 1% for home size; Top 2% for outage hours per customer; Top 3% for long-term owners,29,165,,1,0.46,,10,0.52,27.83,62.2,83.749,91.63,82.75,77.1,69.67,89.39,99.62,75.66,92.05,26,0
75560,33.185,-94.364,48067,Cass County,no,yes,no,"Bowie-Cass Electric Coop, Inc",Cooperative,coop,,,0.12564696965847794,Southwestern Electric Power Co,"Bowie-Cass Electric Coop, Inc (coop)",78.0,90.811,87.396,51.661,Top 3% for outage hours per customer; Top 7% for major outage days; Top 10% for all-electric heating,194,962,83667,0.819,0.526,,6.1,0.88,25.34,55.9,78.274,55.08,55.55,97.92,70.77,94.74,60.86,85.68,82.4,9,0.8
75480,33.025,-95.197,48159,Franklin County,no,yes,no,"Bowie-Cass Electric Coop, Inc",Cooperative,coop,,,0.12564696965847794,"Upshur Rural Elec Coop Corp; Wood County Electric Coop, Inc; Southwestern Electric Power Co","Bowie-Cass Electric Coop, Inc (coop)",77.5,92.255,81.522,53.756,Top 4% for all-electric heating; Top 6% for severe-weather risk (FEMA); Top 8% for homeownership,596,1661,73920,0.952,0.934,299600,5.9,0.945,21.42,40.9,83.407,70.47,60.85,99.06,74,94.51,77.94,80.5,96.99,10,0.6
77350,30.824,-94.833,48373,Polk County,no,no,no,Sam Houston Electric Coop Inc,Cooperative,coop,,,0.12621721354208612,,small population; Sam Houston Electric Coop Inc (coop),77.1,90.254,61.389,75.19,Top 1% for severe-weather risk (FEMA); Top 2% for new-home growth; Top 5% for major outage days,87,347,,0.946,0.654,94600,6.2,0.763,16.87,58.4,92.496,94.6,95.98,91.26,78.82,99.03,97,86.9,98.48,11,45.4
77835,30.194,-96.588,48477,Washington County,no,yes,no,"Bartlett Electric Coop, Inc",Cooperative,coop,,,0.16087274616563196,"Bluebonnet Electric Coop, Inc; Fayette Electric Coop, Inc; Entergy Texas Inc.","Bartlett Electric Coop, Inc (coop)",77.1,73.465,79.879,79.262,Top 9% for severe-weather risk (FEMA); Top 11% for household income; Top 13% for homeownership,855,2569,109917,0.908,0.866,394700,5.9,0.745,9.51,33.4,81.871,88.34,88.27,71.74,75.78,82.45,92.53,69.19,93.14,15,8.4
78950,29.905,-96.483,48015,Austin County,no,yes,no,"Bluebonnet Electric Coop, Inc",Cooperative,coop,,,0.11415535256836253,"Fayette Electric Coop, Inc; San Bernard Electric Coop, Inc","Bluebonnet Electric Coop, Inc (coop)",76.4,79.377,70.624,78.244,Top 1% for major outage days; Top 11% for new-home growth; Top 21% for severe-weather risk (FEMA),710,2300,91354,0.854,0.803,247700,5.8,0.743,14.74,84.2,76.5,75.09,86.31,73.08,41.7,90.26,81.23,70.09,92.83,16,24.9
78608,30.936,-97.935,48053,Burnet County,no,no,no,"Bartlett Electric Coop, Inc",Cooperative,coop,,,0.16087274616563196,"Pedernales Electric Coop, Inc; Heart of Texas Electric Coop","small population; Bartlett Electric Coop, Inc (coop)",76.1,64.903,81.999,85.24,Top 1% for new-home growth; Top 5% for home value; Top 14% for severe-weather risk (FEMA),113,428,,0.882,0.689,555800,5.9,0.739,6.87,29.9,79.604,75.53,62.9,44.36,92.21,91.89,84.52,86.37,94.98,17,50.8
77663,30.513,-94.394,48199,Hardin County,no,yes,no,Entergy Texas Inc.,Investor Owned,ioi_non_ercot,non-ERCOT,,0.1366459934147402,,Entergy Texas Inc. (ioi_non_ercot),76.0,89.388,79.17,54.985,Top 5% for major outage days; Top 6% for home size; Top 7% for severe-weather risk (FEMA),196,584,64366,0.876,1,221300,6.6,0.803,18.14,58.4,82.736,87.58,90.72,94.98,67.3,72.54,85.73,73.86,94.02,10,18.1
77623,29.561,-94.414,48167,Galveston County,no,yes,no,Entergy Texas Inc.,Investor Owned,ioi_non_ercot,non-ERCOT,,0.1366459934147402,,Entergy Texas Inc. (ioi_non_ercot),75.9,68.677,79.737,81.726,Top 11% for all-electric heating; Top 11% for outage hours per customer; Top 12% for homeownership,203,585,88375,0.913,0.906,,5.8,0.874,20.41,26.1,63.544,95.39,95.39,75.09,17.77,31.53,94,52.97,78.06,19,17.5
77356,30.466,-95.73,48339,Montgomery County,no,yes,no,Mid-South Electric Coop Assn,Cooperative,coop,,,0.14083167598808907,Entergy Texas Inc.,Mid-South Electric Coop Assn (coop),75.7,73.582,82.208,71.89,Top 1% for new-home growth; Top 7% for outage hours per customer; Top 10% for home size,10213,32583,106804,0.815,0.834,409500,6.3,0.663,22.46,27,70.564,52.25,80.67,79.78,49.43,56.08,77.23,59.76,91,10,47.8
76452,31.748,-98.364,48093,Comanche County,no,no,no,Hamilton County Elec Coop Assn,Cooperative,coop,,,0.1369407507445114,,small population; Hamilton County Elec Coop Assn (coop),75.3,76.649,83.566,65.244,Top 1% for home value; Top 4% for household income; Top 10% for all-electric heating,36,142,141528,0.707,0.663,1263400,5.7,0.88,14.54,28.4,73.976,97.11,59.84,50.05,90.87,87.37,84.67,46.48,98.55,18,1.2
75848,31.765,-96.33,48161,Freestone County,no,no,no,,,none,,,,,small population; mostly apartments; unknown utility (none),75.1,86.846,63.427,71.123,Top 3% for homeownership; Top 6% for outage hours per customer; Top 8% for all-electric heating,10,64,83750,1,0.435,85000,6.1,0.895,23.18,45.5,75.493,69,72.64,83.12,57.97,74.22,98.37,57.66,84.47,18,0.6
78612,30.094,-97.495,48021,Bastrop County,no,yes,no,"Bluebonnet Electric Coop, Inc",Cooperative,coop,,,0.11415535256836253,,"Bluebonnet Electric Coop, Inc (coop)",75.0,74.986,76.422,73.652,Top 8% for new-home growth; Top 12% for major outage days; Top 19% for household income,4317,19799,95496,0.852,0.567,309200,5.8,0.801,10.44,43.8,76.966,80.06,55.42,62.87,85.99,79.39,78.78,82.51,93.8,12,28.1
76474,31.977,-98.794,48093,Comanche County,no,no,no,Comanche County Elec Coop Assn,Cooperative,coop,,,0.1551570041113031,,small population; Comanche County Elec Coop Assn (coop),74.8,76.395,80.01,67.507,Top 11% for homeownership; Top 16% for all-electric heating; Top 16% for home size,161,494,,0.919,0.852,283300,6,0.826,14.54,28.4,74.827,86.12,61.97,33.15,91.44,89.03,92.86,64.28,91.06,17,1.2
77519,30.218,-94.575,48199,Hardin County,no,yes,no,Entergy Texas Inc.,Investor Owned,ioi_non_ercot,non-ERCOT,,0.1366459934147402,,Entergy Texas Inc. (ioi_non_ercot),74.8,78.702,65.839,78.658,Top 4% for all-electric heating; Top 5% for major outage days; Top 7% for homeownership,177,716,82412,0.979,0.646,154700,5.8,0.964,18.14,58.4,67.977,43.58,84.32,91.76,44.9,65.37,65.99,45.72,77.78,16,18.1
75640,32.708,-94.683,48203,Harrison County,no,yes,no,Upshur Rural Elec Coop Corp,Cooperative,coop,,,0.12396459838605603,Southwestern Electric Power Co,Upshur Rural Elec Coop Corp (coop),74.7,82.896,79.014,59.523,Top 9% for severe-weather risk (FEMA); Top 14% for homeownership; Top 16% for home size,1896,6142,80967,0.903,0.803,272600,6,0.812,15.49,31.2,81.691,66.6,56.77,96.39,71.49,82.62,82.7,87.33,94.54,11,2
75850,31.136,-95.935,48289,Leon County,no,no,yes,ONCOR ELECTRIC DELIVERY COMPANY,Wires company (TDU),base_tdsp,ERCOT,12.6,,Mid-South Electric Coop Assn; Entergy Texas Inc.,mostly apartments,74.5,83.842,65.951,70.656,Top 2% for outage hours per customer; Top 4% for major outage days; Top 5% for household income,199,1239,130742,0.871,0.418,206400,6.3,0.553,27.83,62.2,79.779,95.19,83.82,68.05,63.92,90.57,99.3,67.32,85.47,14,0
78009,29.357,-98.887,48325,Medina County,no,yes,no,City of San Antonio - (TX),Municipal,municipal,,,0.12432968896776977,"Medina Electric Coop, Inc",City of San Antonio - (TX) (municipal),74.3,73.353,81.078,68.936,Top 12% for home size; Top 14% for major outage days; Top 14% for household income,2674,9151,103125,0.86,0.76,368700,6.2,0.689,12.2,39.2,77.883,91.93,56.79,57.06,93.48,98.62,66.16,88.96,84.11,13,3.3
78931,30.024,-96.451,48015,Austin County,no,no,no,"Bluebonnet Electric Coop, Inc",Cooperative,coop,,,0.11415535256836253,Entergy Texas Inc.,"small population; mostly apartments; Bluebonnet Electric Coop, Inc (coop)",74.3,73.737,76.009,73.33,Top 1% for major outage days; Top 11% for new-home growth; Top 16% for home size,35,185,,0.814,0.493,,6,0.686,14.74,84.2,72.1,68.13,82.85,69.07,30.06,90.05,74.7,65.73,92.24,16,24.9
78004,29.903,-98.556,48259,Kendall County,no,yes,no,"Bandera Electric Coop, Inc",Cooperative,coop,,,0.12401152270639165,"Pedernales Electric Coop, Inc","Bandera Electric Coop, Inc (coop)",74.1,47.051,91.791,92.473,Top 1% for home size; Top 2% for household income; Top 2% for home value,194,547,165353,0.926,1,680900,7.9,0.726,6.64,22.8,65.053,87.45,50.2,14.63,93.28,91.52,70,46.81,88.93,25,14.9
77657,30.228,-94.197,48199,Hardin County,no,yes,no,Entergy Texas Inc.,Investor Owned,ioi_non_ercot,non-ERCOT,,0.1366459934147402,,Entergy Texas Inc. (ioi_non_ercot),73.7,80.518,66.744,71.579,Top 5% for major outage days; Top 12% for outage hours per customer; Top 16% for new-home growth,6437,22258,95718,0.837,0.752,256100,5.7,0.684,18.14,58.4,75.743,64.15,86.58,93.78,56.02,59.75,79.53,66.06,88.48,12,18.1
77876,30.598,-95.874,48185,Grimes County,no,no,no,Mid-South Electric Coop Assn,Cooperative,coop,,,0.14083167598808907,Entergy Texas Inc.,small population; Mid-South Electric Coop Assn (coop),73.7,85.609,43.616,87.788,Top 1% for all-electric heating; Top 2% for major outage days; Top 3% for homeownership,12,34,,1,0.97,,4.9,1,18.34,74.1,73.553,61.07,86.84,74.14,33.33,75.98,93.84,62.78,87.96,,11.7
75669,32.039,-94.576,48365,Panola County,no,yes,no,"Rusk County Electric Coop, Inc",Cooperative,coop,,,0.12895279910622157,Southwestern Electric Power Co,"Rusk County Electric Coop, Inc (coop)",72.5,84.858,65.753,62.663,Top 3% for homeownership; Top 11% for severe-weather risk (FEMA); Top 12% for home size,338,1034,88190,1,0.852,133600,6.2,0.774,16.04,36.4,80.786,54.66,79.54,90.85,76.2,97.06,56.25,79.85,85.75,10,0.7
76267,,,48497,Wise County,no,no,yes,ONCOR ELECTRIC DELIVERY COMPANY,Wires company (TDU),base_tdsp,ERCOT,12.6,,Cooke County Elec Coop Assn,small population,72.5,50.12,91.339,83.629,Top 2% for home size; Top 3% for homeownership; Top 19% for major outage days,43,113,,1,1,,7.6,0.771,7.28,33.2,62.684,46.65,39.98,76.49,39.64,67.89,57.97,82.33,74.49,,8.8
76885,30.859,-98.861,48299,Llano County,no,no,no,"Central Texas Elec Coop, Inc",Cooperative,coop,,,0.11027817039654494,,"small population; Central Texas Elec Coop, Inc (coop)",72.1,60.174,89.332,70.755,Top 1% for all-electric heating; Top 2% for home value; Top 3% for homeownership,31,142,,1,0.568,787200,5.9,1,8.87,21.4,66.86,87.73,54.35,15.14,91.86,80.01,76.69,69.87,80.1,10,14.7
75650,32.513,-94.549,48203,Harrison County,no,yes,no,"Rusk County Electric Coop, Inc",Cooperative,coop,,,0.12895279910622157,Upshur Rural Elec Coop Corp; Southwestern Electric Power Co,"Rusk County Electric Coop, Inc (coop)",71.9,84.486,69.522,57.43,Top 3% for severe-weather risk (FEMA); Top 18% for household income; Top 20% for home size,2972,10703,97596,0.788,0.722,197200,5.9,0.797,15.49,31.2,86.526,77.52,61.59,97.98,79.87,82.43,93.68,92.72,97.41,11,2
75759,32.036,-95.419,48073,Cherokee County,no,no,no,,,none,,,,,small population; unknown utility (none),71.9,69.477,74.312,72.638,Top 1% for household income; Top 1% for home size; Top 7% for homeownership,94,278,250001,0.974,0.882,,10,0.365,14.52,41.9,77.789,60.87,59.58,88.42,72.75,94.15,82.17,80.9,66.55,10,1.5
76238,33.479,-97.352,48097,Cooke County,no,yes,no,Cooke County Elec Coop Assn,Cooperative,coop,,,0.1400907646925346,"Denton County Elec Coop, Inc; Wise Electric Coop Inc",Cooke County Elec Coop Assn (coop),71.9,77.362,68.207,68.211,Top 4% for severe-weather risk (FEMA); Top 19% for household income; Top 24% for long-term owners,190,657,96667,0.769,0.754,271900,5.7,0.694,13.49,26.1,85.347,98.94,56.6,98.72,77.82,98.09,73.58,92.78,99.84,17,7.5
77872,30.879,-96.139,48313,Madison County,no,yes,no,Mid-South Electric Coop Assn,Cooperative,coop,,,0.14083167598808907,Entergy Texas Inc.,Mid-South Electric Coop Assn (coop),71.7,88.832,63.257,57.267,Top 2% for outage hours per customer; Top 8% for severe-weather risk (FEMA); Top 12% for major outage days,586,2026,87188,0.801,0.753,190300,5.8,0.702,26.33,42.4,82.639,86.89,91.26,84.11,70.87,87.58,97.16,58.17,89.32,13,0.8
75852,30.96,-95.716,48313,Madison County,no,yes,no,Mid-South Electric Coop Assn,Cooperative,coop,,,0.14083167598808907,Entergy Texas Inc.,Mid-South Electric Coop Assn (coop),71.5,87.112,70.259,52.017,Top 2% for outage hours per customer; Top 12% for major outage days; Top 15% for severe-weather risk (FEMA),888,3323,72847,0.885,0.695,214300,6,0.731,26.33,42.4,79.194,79.08,84.3,85.35,51.38,83.11,96.34,66.1,87.78,11,0.8
77856,31.076,-96.426,48395,Robertson County,no,yes,no,"Navasota Valley Elec Coop, Inc",Cooperative,coop,,,0.15754613767238312,Heart of Texas Electric Coop; Entergy Texas Inc.,"Navasota Valley Elec Coop, Inc (coop)",71.5,83.08,68.423,59.2,Top 1% for outage hours per customer; Top 4% for major outage days; Top 20% for household income,1484,5515,94785,0.746,0.7,318400,5.6,0.71,29.45,59.1,73.294,55.43,80.36,63.02,60.67,76.81,77.9,66.93,87.37,12,7.7
77514,29.704,-94.6,48071,Chambers County,no,yes,no,Entergy Texas Inc.,Investor Owned,ioi_non_ercot,non-ERCOT,,0.1366459934147402,,Entergy Texas Inc. (ioi_non_ercot),71.4,81.619,57.501,71.699,Top 3% for new-home growth; Top 9% for major outage days; Top 13% for outage hours per customer,1688,5480,85139,0.836,0.801,215200,5.5,0.706,18.05,49.6,77.16,87.05,92.77,82.93,44.13,74.82,78.77,71.42,95.28,13,42.3
77560,29.871,-94.602,48071,Chambers County,no,yes,no,Entergy Texas Inc.,Investor Owned,ioi_non_ercot,non-ERCOT,,0.1366459934147402,,Entergy Texas Inc. (ioi_non_ercot),71.3,80.802,62.897,67.06,Top 3% for new-home growth; Top 7% for homeownership; Top 9% for major outage days,282,1238,75938,0.967,0.594,261700,5.4,0.81,18.05,49.6,72.713,74.97,90.08,79.6,38.6,67.36,74.37,66.11,92.87,8,42.3
78947,30.42,-97.036,48287,Lee County,no,yes,no,"Bartlett Electric Coop, Inc",Cooperative,coop,,,0.16087274616563196,"Bluebonnet Electric Coop, Inc; Heart of Texas Electric Coop; Entergy Texas Inc.","Bartlett Electric Coop, Inc (coop)",70.6,76.403,75.344,58.186,Top 7% for severe-weather risk (FEMA); Top 23% for home value; Top 24% for home size,1402,5044,84649,0.752,0.723,319600,5.8,0.755,11.37,26.8,82.894,87.39,81.56,66.31,80.56,87.66,99.47,73.62,91.08,15,3.6
75960,30.913,-94.866,48373,Polk County,no,yes,no,Sam Houston Electric Coop Inc,Cooperative,coop,,,0.12621721354208612,Entergy Texas Inc.,Sam Houston Electric Coop Inc (coop),70.3,84.417,49.512,72.117,Top 2% for new-home growth; Top 3% for homeownership; Top 5% for major outage days,357,1304,64300,1,0.712,113000,5.7,0.628,16.87,58.4,83.843,75.26,92.1,81.18,64.17,96.12,90.53,72.77,90.03,18,45.4
76253,33.616,-97.311,48097,Cooke County,no,no,yes,ONCOR ELECTRIC DELIVERY COMPANY,Wires company (TDU),base_tdsp,ERCOT,12.6,,,small population; mostly apartments,70.3,73.734,72.025,64.095,Top 8% for home size; Top 11% for homeownership; Top 20% for severe-weather risk (FEMA),41,232,69952,0.923,0.462,176300,6.4,0.754,13.49,26.1,77.057,92.56,51.3,96.42,61.07,91.47,56.13,84.2,98.81,15,7.5
78619,30.112,-98.033,48209,Hays County,no,yes,no,"Pedernales Electric Coop, Inc",Cooperative,coop,,,0.12218223657681021,,"Pedernales Electric Coop, Inc (coop)",70.1,48.297,85.585,83.564,Top 1% for household income; Top 1% for home value; Top 3% for home size,2460,6693,183393,0.956,0.976,810600,7.2,0.585,5.59,29,69.476,76.49,51.01,44.31,88.01,79.04,62.15,73.3,88.51,10,40.6
78056,29.537,-98.934,48325,Medina County,no,yes,no,City of San Antonio - (TX),Municipal,municipal,,,0.12432968896776977,"Bandera Electric Coop, Inc; Medina Electric Coop, Inc",City of San Antonio - (TX) (municipal),69.9,51.941,88.281,75.59,Top 5% for home value; Top 8% for household income; Top 9% for homeownership,816,2526,119946,0.946,0.84,553500,6.3,0.772,12.2,39.2,54.33,56.23,51.53,20.98,71.63,87.69,36.74,54.8,56.94,13,3.3
77372,30.241,-95.16,48339,Montgomery County,no,yes,no,Mid-South Electric Coop Assn,Cooperative,coop,,,0.14083167598808907,Entergy Texas Inc.,Mid-South Electric Coop Assn (coop),69.8,78.095,61.265,67.289,Top 1% for new-home growth; Top 7% for outage hours per customer,3470,14367,79085,0.813,0.628,230700,5.5,0.758,22.46,27,72.103,68.06,79.26,74.51,44,57.84,82.94,71.01,95.16,13,47.8
76685,31.354,-97.014,48145,Falls County,no,no,yes,ONCOR ELECTRIC DELIVERY COMPANY,Wires company (TDU),base_tdsp,ERCOT,12.6,,Heart of Texas Electric Coop,small population,69.7,64.045,70.333,76.501,Top 1% for long-term owners; Top 3% for homeownership; Top 4% for home size,5,28,,1,0.533,,7,0.267,23.19,42.1,66.446,34.88,70.06,46.62,67.25,65.1,69.91,61.65,84.53,33,0.8
77873,30.565,-95.8,48339,Montgomery County,no,yes,no,Mid-South Electric Coop Assn,Cooperative,coop,,,0.14083167598808907,Entergy Texas Inc.,Mid-South Electric Coop Assn (coop),69.7,77.954,55.155,73.19,Top 1% for new-home growth; Top 7% for outage hours per customer; Top 16% for homeownership,420,1383,80938,0.887,0.791,285000,5.2,0.766,22.46,27,71.91,53.18,82.99,77.73,44.67,62.58,84.16,61.6,89.64,13,47.8
78886,29.136,-99.169,48325,Medina County,no,no,no,"Medina Electric Coop, Inc",Cooperative,coop,,,0.12096339104255678,,"small population; mostly apartments; Medina Electric Coop, Inc (coop)",69.6,60.766,75.192,75.743,Top 3% for homeownership; Top 3% for all-electric heating; Top 7% for household income,39,286,123532,1,0.358,163000,6.4,0.971,12.2,39.2,60.977,82.44,56.6,23,79.83,89.5,48.36,65.08,64.47,12,3.3
78070,29.898,-98.403,48091,Comal County,no,yes,no,City of San Antonio - (TX),Municipal,municipal,,,0.12432968896776977,"Pedernales Electric Coop, Inc",City of San Antonio - (TX) (municipal),69.5,48.101,89.087,78.295,Top 1% for new-home growth; Top 6% for home value; Top 8% for home size,6440,20200,115175,0.892,0.829,516600,6.4,0.781,4.3,12.9,72.933,90.73,53.04,51.46,90.78,79.44,71.75,74.86,89.2,10,53.1
75639,32.294,-94.17,48365,Panola County,no,yes,no,"Panola-Harrison Elec Coop, Inc",Cooperative,coop,,,0.09409557401120287,Southwestern Electric Power Co,"Panola-Harrison Elec Coop, Inc (coop)",69.4,89.851,66.33,45.161,Top 2% for severe-weather risk (FEMA); Top 15% for outage hours per customer; Top 15% for homeownership,601,2536,49344,0.897,0.617,158300,5.9,0.836,16.04,36.4,88.354,81.05,83.4,97.5,87.69,99.16,64.58,89.46,96.69,18,0.7
75457,33.169,-95.215,48159,Franklin County,no,yes,no,"Bowie-Cass Electric Coop, Inc",Cooperative,coop,,,0.12564696965847794,"Farmers Electric Coop, Inc - (TX); Wood County Electric Coop, Inc; Southwestern Electric Power Co","Bowie-Cass Electric Coop, Inc (coop)",69.2,87.56,58.329,55.447,Top 6% for severe-weather risk (FEMA); Top 8% for outage hours per customer; Top 13% for major outage days,1847,6175,83916,0.8,0.778,249800,5.4,0.717,21.42,40.9,83.854,76.89,66.75,99.3,77.37,94.83,74.5,76.66,97.57,13,0.6
77538,29.974,-94.523,48291,Liberty County,no,yes,no,Entergy Texas Inc.,Investor Owned,ioi_non_ercot,non-ERCOT,,0.1366459934147402,,Entergy Texas Inc. (ioi_non_ercot),69.2,81.704,40.978,80.853,Top 2% for new-home growth; Top 5% for outage hours per customer; Top 9% for homeownership,289,917,78482,0.945,0.822,145800,5.4,0.567,23.68,43.1,79.689,80.9,92.39,86.56,54.15,63.44,83.08,81.35,96.85,20,45
78266,29.65,-98.338,48091,Comal County,no,yes,no,City of San Antonio - (TX),Municipal,municipal,,,0.12432968896776977,,City of San Antonio - (TX) (municipal),69.1,41.486,87.552,87.51,Top 1% for new-home growth; Top 1% for home size; Top 3% for household income,2630,7338,146792,0.943,0.932,586600,8,0.628,4.3,12.9,70.871,92.72,56.81,43.21,82.28,70.51,67.08,82.54,93.67,13,53.1
75693,32.534,-94.861,48183,Gregg County,no,yes,no,Southwestern Electric Power Co,Investor Owned,ioi_non_ercot,non-ERCOT,,0.12025334637662972,,Southwestern Electric Power Co (ioi_non_ercot),69.0,89.579,50.257,60.375,Top 3% for outage hours per customer; Top 4% for severe-weather risk (FEMA); Top 9% for major outage days,1488,5935,102146,0.652,0.676,222400,5.3,0.68,24.54,49,85.717,72.68,60.87,97.63,78.98,93.46,83.12,88.05,97.91,18,4.6
77624,30.684,-94.292,48457,Tyler County,no,yes,no,Entergy Texas Inc.,Investor Owned,ioi_non_ercot,non-ERCOT,,0.1366459934147402,,Entergy Texas Inc. (ioi_non_ercot),69.0,95.242,38.058,64.929,Top 1% for severe-weather risk (FEMA); Top 2% for major outage days; Top 5% for all-electric heating,175,573,96058,0.903,0.796,167900,4.7,0.938,20.44,78.8,89.033,93.72,95.32,94.04,78.63,88.07,92.43,79.51,95.23,12,0.8
76389,33.513,-98.457,48009,Archer County,no,yes,no,,,none,,,,,unknown utility (none),68.9,66.425,68.534,72.543,Top 14% for homeownership; Top 16% for home size; Top 18% for household income,593,1739,98750,0.898,0.887,229200,6,0.646,11.26,23.9,75.397,63.77,49.44,81.84,70.64,93.58,66.42,81.84,84.02,15,2.6
78605,30.773,-98.045,48053,Burnet County,no,yes,no,"Bartlett Electric Coop, Inc",Cooperative,coop,,,0.16087274616563196,"Pedernales Electric Coop, Inc","Bartlett Electric Coop, Inc (coop)",68.9,61.894,78.84,68.371,Top 1% for new-home growth; Top 20% for home size; Top 21% for homeownership,1916,7573,83542,0.861,0.658,324000,5.9,0.787,6.87,29.9,74.069,62.51,58.48,35.92,88.42,88.51,78.76,80.25,88.14,10,50.8
77303,30.378,-95.377,48339,Montgomery County,no,yes,no,Mid-South Electric Coop Assn,Cooperative,coop,,,0.14083167598808907,Entergy Texas Inc.,Mid-South Electric Coop Assn (coop),68.7,79.702,63.255,59.455,Top 1% for new-home growth; Top 7% for outage hours per customer; Top 24% for all-electric heating,6392,28854,75348,0.742,0.576,240700,5.5,0.782,22.46,27,73.271,63.61,79.97,74.95,48.91,60.58,83.29,70.27,94.93,13,47.8
78132,29.759,-98.191,48091,Comal County,no,yes,no,City of San Antonio - (TX),Municipal,municipal,,,0.12432968896776977,"Guadalupe Valley Elec Coop Inc; Pedernales Electric Coop, Inc",City of San Antonio - (TX) (municipal),68.6,44.685,90.427,78.586,Top 1% for new-home growth; Top 3% for home value; Top 4% for home size,13404,40953,135315,0.875,0.851,620300,6.9,0.74,4.3,12.9,70.84,83.61,52.7,50.14,88.94,74.3,67.47,75.46,86.87,9,53.1
75631,32.249,-94.453,48365,Panola County,no,yes,no,"Panola-Harrison Elec Coop, Inc",Cooperative,coop,,,0.09409557401120287,"Rusk County Electric Coop, Inc; Southwestern Electric Power Co","Panola-Harrison Elec Coop, Inc (coop)",68.5,86.325,53.283,59.956,Top 2% for severe-weather risk (FEMA); Top 15% for outage hours per customer; Top 15% for major outage days,611,2483,83750,0.796,0.64,146800,5.6,0.716,16.04,36.4,88.031,77.7,83.85,95.67,86.42,99.08,66.19,88.75,96.26,17,0.7
75603,32.403,-94.711,48183,Gregg County,no,yes,no,"Rusk County Electric Coop, Inc",Cooperative,coop,,,0.12895279910622157,Southwestern Electric Power Co,"Rusk County Electric Coop, Inc (coop)",68.4,88.492,60.472,49.457,Top 3% for outage hours per customer; Top 9% for major outage days; Top 14% for severe-weather risk (FEMA),1808,6061,65212,0.785,0.776,185800,5.6,0.771,24.54,49,79.356,55.37,57.46,93.91,70.79,88.19,73.9,80.02,91.22,15,4.6
77611,30.014,-93.828,48361,Orange County,no,yes,no,Entergy Texas Inc.,Investor Owned,ioi_non_ercot,non-ERCOT,,0.1366459934147402,,Entergy Texas Inc. (ioi_non_ercot),68.4,80.327,60.51,60.372,Top 1% for outage hours per customer; Top 9% for major outage days; Top 22% for household income,2963,10112,92004,0.762,0.856,203900,5.8,0.607,31.21,52,74.12,87.62,95.79,91.86,48.63,53.08,76.17,67.17,86.14,13,5.6
77976,28.954,-97.123,48469,Victoria County,no,no,no,"Victoria Electric Coop, Inc",Cooperative,coop,,,0.12132498280193116,,"small population; Victoria Electric Coop, Inc (coop)",68.4,49.031,87.874,74.617,Top 1% for all-electric heating; Top 3% for homeownership; Top 16% for home size,6,16,,1,1,,6,1,3.27,11.5,73.453,87.33,96.88,57.5,54.34,57.76,91.85,71.53,84.31,,2.8
78066,29.501,-98.854,48325,Medina County,no,no,no,City of San Antonio - (TX),Municipal,municipal,,,0.12432968896776977,"Bandera Electric Coop, Inc; Medina Electric Coop, Inc",small population; City of San Antonio - (TX) (municipal),68.4,51.472,81.105,78.358,Top 2% for long-term owners; Top 3% for homeownership; Top 5% for home size,92,259,87604,1,0.928,326900,6.8,0.647,12.2,39.2,58.604,53.22,49.8,29.16,75.76,90.8,40.4,61.66,62.65,29,3.3
78623,29.971,-98.228,48091,Comal County,no,yes,no,"Pedernales Electric Coop, Inc",Cooperative,coop,,,0.12218223657681021,,"Pedernales Electric Coop, Inc (coop)",68.4,45.352,86.923,80.742,Top 1% for new-home growth; Top 3% for homeownership; Top 9% for household income,623,1645,116923,1,0.986,449600,6.1,0.821,4.3,12.9,69.193,78.48,50.43,49.25,87.5,72.14,65.92,74.43,84.68,7,53.1
78662,29.924,-97.425,48021,Bastrop County,no,yes,no,"Bluebonnet Electric Coop, Inc",Cooperative,coop,,,0.11415535256836253,,"Bluebonnet Electric Coop, Inc (coop)",68.4,66.565,58.134,81.146,Top 8% for new-home growth; Top 12% for major outage days; Top 14% for long-term owners,706,3015,94005,0.845,0.609,248600,5.3,0.806,10.44,43.8,68.133,64.45,54.75,50.79,77.56,70.31,67.98,71.56,83.98,19,28.1
78948,30.322,-96.977,48287,Lee County,no,yes,no,"Bluebonnet Electric Coop, Inc",Cooperative,coop,,,0.11415535256836253,,"Bluebonnet Electric Coop, Inc (coop)",68.4,73.9,79.068,50.512,Top 12% for severe-weather risk (FEMA); Top 14% for home size; Top 22% for homeownership,123,567,58889,0.857,0.565,316100,6.1,0.726,11.37,26.8,80.54,84.25,83.5,63.82,76.7,86.66,99.15,66.97,86.98,16,3.6
77632,30.202,-93.805,48361,Orange County,no,yes,no,Entergy Texas Inc.,Investor Owned,ioi_non_ercot,non-ERCOT,,0.1366459934147402,,Entergy Texas Inc. (ioi_non_ercot),68.3,79.998,64.796,56.234,Top 1% for outage hours per customer; Top 9% for major outage days; Top 24% for home size,6150,22976,74418,0.793,0.696,189300,5.8,0.746,31.21,52,69.767,71.68,93.43,87.63,47.75,54,63.38,60.34,81.84,14,5.6
75158,32.463,-96.402,48257,Kaufman County,no,yes,no,,,none,,,,,unknown utility (none),67.8,54.282,78.563,74.947,Top 13% for new-home growth; Top 14% for homeownership; Top 17% for household income,1691,6025,100263,0.898,0.73,293600,5.9,0.817,5.94,20.5,69.891,70.85,48.54,37,71.91,68.55,85.13,92.76,85.35,11,22.9
75683,32.827,-94.737,48459,Upshur County,no,yes,no,"Bowie-Cass Electric Coop, Inc",Cooperative,coop,,,0.12564696965847794,Upshur Rural Elec Coop Corp; Southwestern Electric Power Co,"Bowie-Cass Electric Coop, Inc (coop)",67.8,90.948,52.641,52.196,Top 5% for outage hours per customer; Top 6% for major outage days; Top 8% for severe-weather risk (FEMA),929,3413,65240,0.912,0.708,113300,5.6,0.775,23.77,56,82.626,71.89,55.24,97.74,75.77,96.22,71.48,85.33,96.6,13,1.2
75936,30.952,-94.58,48457,Tyler County,no,yes,no,Sam Houston Electric Coop Inc,Cooperative,coop,,,0.12621721354208612,Entergy Texas Inc.,Sam Houston Electric Coop Inc (coop),67.8,83.604,53.457,61.03,Top 2% for major outage days; Top 10% for outage hours per customer; Top 14% for severe-weather risk (FEMA),227,717,70938,0.893,0.825,168900,5.6,0.635,20.44,78.8,79.774,74.97,91.86,86.09,64.38,85.54,84.32,63.51,82.72,19,0.8
77364,30.773,-95.215,48407,San Jacinto County,no,yes,no,Sam Houston Electric Coop Inc,Cooperative,coop,,,0.12621721354208612,Entergy Texas Inc.,Sam Houston Electric Coop Inc (coop),67.6,81.82,53.777,62.561,Top 1% for major outage days; Top 3% for new-home growth; Top 5% for outage hours per customer,638,2178,62750,0.916,0.762,233200,5.2,0.846,23.44,84.2,69.157,68.24,76.18,78.46,24.2,76.83,71,60.26,97.17,13,42.7
77830,30.53,-96.013,48185,Grimes County,no,yes,no,Mid-South Electric Coop Assn,Cooperative,coop,,,0.14083167598808907,Entergy Texas Inc.,Mid-South Electric Coop Assn (coop),67.6,73.674,56.027,71.221,Top 2% for major outage days; Top 12% for outage hours per customer; Top 15% for household income,986,3238,102557,0.885,0.792,350000,5.2,0.713,18.34,74.1,67.807,47.11,86.09,66.65,29.88,68.61,90.37,53.03,80.02,10,11.7
77476,29.692,-95.951,48157,Fort Bend County,no,no,yes,CENTERPOINT ENERGY HOUSTON ELECTRIC LLC,Wires company (TDU),base_tdsp,ERCOT,13.0,,,small population,67.5,40.682,80.85,89.919,Top 2% for home size; Top 5% for new-home growth; Top 6% for home value,152,423,,0.947,0.936,512200,7.6,0.441,5.55,3.2,76.381,95.09,94.48,78.77,32.02,70.88,76.27,87.11,95.14,18,35.7
78946,30.188,-96.779,48287,Lee County,no,yes,no,"Bartlett Electric Coop, Inc",Cooperative,coop,,,0.16087274616563196,"Bluebonnet Electric Coop, Inc; Fayette Electric Coop, Inc; Entergy Texas Inc.","Bartlett Electric Coop, Inc (coop)",67.5,68.418,73.95,59.968,Top 8% for homeownership; Top 14% for home size; Top 16% for severe-weather risk (FEMA),284,1117,65221,0.959,0.663,315800,6.1,0.595,11.37,26.8,78.429,79.21,84.91,61.72,73.57,87.03,92.16,62.63,86.98,16,3.6
77713,30.071,-94.252,48245,Jefferson County,no,yes,no,Entergy Texas Inc.,Investor Owned,ioi_non_ercot,non-ERCOT,,0.1366459934147402,,Entergy Texas Inc. (ioi_non_ercot),67.4,85.16,60.316,50.834,Top 4% for outage hours per customer; Top 7% for major outage days; Top 22% for severe-weather risk (FEMA),3795,15541,91330,0.665,0.635,226500,5.5,0.746,24.2,55.6,76.049,88.38,96.53,86.68,48.35,66.18,82.12,59.6,92.88,12,4.9
77984,29.453,-97.192,48285,Lavaca County,no,yes,no,Guadalupe Valley Elec Coop Inc,Cooperative,coop,,,0.12486205657266077,"Victoria Electric Coop, Inc",Guadalupe Valley Elec Coop Inc (coop),67.4,73.119,52.914,74.402,Top 12% for homeownership; Top 14% for long-term owners; Top 16% for major outage days,1554,4800,92656,0.91,0.842,213100,5.4,0.682,13,34.8,77.049,96.95,93.05,38.95,69.08,83.68,97.11,74.28,83.19,19,1.9
75662,32.384,-94.87,48183,Gregg County,no,yes,no,"Rusk County Electric Coop, Inc",Cooperative,coop,,,0.12895279910622157,Southwestern Electric Power Co,"Rusk County Electric Coop, Inc (coop)",67.3,88.036,55.66,51.131,Top 3% for outage hours per customer; Top 8% for severe-weather risk (FEMA); Top 9% for major outage days,6874,25034,70096,0.781,0.714,173900,5.6,0.67,24.54,49,82.647,62.51,60.68,92.62,77.45,93.52,79.13,87.56,87.57,14,4.6
79781,30.597,-101.785,48443,Terrell County,no,no,yes,AEP TEXAS NORTH,Wires company (TDU),base_tdsp,ERCOT,12.7,,"Rio Grande Electric Coop, Inc; Southwest Texas Elec Coop, Inc",small population; mostly apartments,67.2,54.803,82.503,68.455,Top 2% for outage hours per customer; Top 3% for homeownership; Top 16% for home size,13,74,,1,0.484,,6,0.804,27.87,11.4,46.963,58.58,44.48,14.56,70.01,74.54,35.45,46.78,42.92,10,
77426,30.122,-96.258,48477,Washington County,no,yes,no,"Bluebonnet Electric Coop, Inc",Cooperative,coop,,,0.11415535256836253,Entergy Texas Inc.,"Bluebonnet Electric Coop, Inc (coop)",67.1,68.187,82.265,50.343,Top 4% for home value; Top 5% for home size; Top 7% for severe-weather risk (FEMA),536,2007,80446,0.695,0.922,592300,6.7,0.544,9.51,33.4,82.671,88.87,88.08,75.65,67.94,86.1,91.87,74.59,94.47,12,8.4
77454,29.52,-96.198,48481,Wharton County,no,no,yes,CENTERPOINT ENERGY HOUSTON ELECTRIC LLC,Wires company (TDU),base_tdsp,ERCOT,13.0,,,small population,67.1,83.989,29.501,82.272,Top 1% for all-electric heating; Top 2% for major outage days; Top 3% for homeownership,46,178,,1,0.677,,-666666666,1,9.53,74.1,86.627,97.85,98.05,77.98,64.68,86.81,99,88.75,91.12,,8.2
77857,30.785,-96.704,48331,Milam County,no,yes,no,"Bartlett Electric Coop, Inc",Cooperative,coop,,,0.16087274616563196,Heart of Texas Electric Coop; Entergy Texas Inc.,"Bartlett Electric Coop, Inc (coop)",67.1,74.901,64.659,59.214,Top 14% for long-term owners; Top 16% for homeownership; Top 17% for severe-weather risk (FEMA),349,1078,63000,0.893,0.844,355800,5.5,0.651,15.2,29.8,78.064,73.52,84.67,59.78,73.75,77.16,88.4,69.26,93.43,19,4.9
78659,30.207,-97.125,48021,Bastrop County,no,yes,no,"Bluebonnet Electric Coop, Inc",Cooperative,coop,,,0.11415535256836253,,"Bluebonnet Electric Coop, Inc (coop)",67.1,67.374,60.58,73.366,Top 8% for new-home growth; Top 9% for homeownership; Top 12% for major outage days,838,2660,89808,0.945,0.82,349700,5.3,0.729,10.44,43.8,70.894,65.45,59.54,52.7,77.38,75.03,75.5,70.17,85.94,10,28.1
75765,32.642,-95.235,48499,Wood County,no,yes,no,Upshur Rural Elec Coop Corp,Cooperative,coop,,,0.12396459838605603,"Wood County Electric Coop, Inc; Southwestern Electric Power Co",Upshur Rural Elec Coop Corp (coop),67.0,91.671,57.245,43.741,Top 3% for major outage days; Top 7% for severe-weather risk (FEMA); Top 8% for outage hours per customer,2663,8734,60317,0.839,0.793,204600,5.4,0.816,21.45,65.8,83.186,80.88,68.41,99.51,84.04,97.53,89.34,91.18,52.29,12,2.1
75410,32.79,-95.632,48499,Wood County,no,yes,no,"Farmers Electric Coop, Inc - (TX)",Cooperative,coop,,,0.11513822160011435,"Wood County Electric Coop, Inc; Southwestern Electric Power Co","Farmers Electric Coop, Inc - (TX) (coop)",66.9,82.842,58.742,53.69,Top 3% for major outage days; Top 8% for outage hours per customer; Top 20% for all-electric heating,1294,4556,73934,0.865,0.739,222900,5.4,0.804,21.45,65.8,72.36,41.4,53.08,97,59.79,86.36,71.63,73.02,65.64,11,2.1
76263,33.462,-97.457,48097,Cooke County,no,no,no,Cooke County Elec Coop Assn,Cooperative,coop,,,0.1400907646925346,Wise Electric Coop Inc,small population; Cooke County Elec Coop Assn (coop),66.9,68.686,51.811,79.443,Top 1% for household income; Top 3% for homeownership; Top 4% for severe-weather risk (FEMA),13,35,178182,1,1,143200,6.2,0,13.49,26.1,85.347,98.94,56.6,98.72,77.82,98.09,73.58,92.78,99.84,11,7.5
77656,30.415,-94.174,48199,Hardin County,no,yes,no,Entergy Texas Inc.,Investor Owned,ioi_non_ercot,non-ERCOT,,0.1366459934147402,,Entergy Texas Inc. (ioi_non_ercot),66.9,89.605,48.408,55.021,Top 5% for major outage days; Top 9% for severe-weather risk (FEMA); Top 12% for outage hours per customer,4576,17525,62303,0.791,0.679,114000,5.4,0.835,18.14,58.4,81.703,78.23,89.65,95.05,64.63,70.07,85.2,73.57,93.75,15,18.1
78838,29.537,-99.747,48463,Uvalde County,no,no,no,"Bandera Electric Coop, Inc",Cooperative,coop,,,0.12401152270639165,"Medina Electric Coop, Inc","small population; Bandera Electric Coop, Inc (coop)",66.9,81.406,33.306,81.085,Top 3% for homeownership; Top 11% for long-term owners; Top 13% for household income,43,125,106250,1,0.896,,4.6,0.808,15.98,39.5,75.401,98.99,73.07,57.9,86.68,82.41,58.11,90.92,78.72,20,2
79743,31.186,-102.594,48371,Pecos County,no,no,yes,AEP TEXAS NORTH,Wires company (TDU),base_tdsp,ERCOT,12.65,,,small population,66.9,74.955,65.849,57.299,Top 4% for long-term owners; Top 8% for outage hours per customer; Top 10% for home size,70,231,71833,0.796,0.916,120000,6.3,0.786,21.39,41.8,67.511,82.39,44.58,77.71,87.36,91.74,41.92,76.98,52.29,24,1.4
78352,27.963,-97.679,48409,San Patricio County,no,no,yes,AEP TEXAS CENTRAL,Wires company (TDU),base_tdsp,ERCOT,12.05,,,small population,66.7,76.584,29.501,90.619,Top 1% for all-electric heating; Top 3% for homeownership; Top 17% for severe-weather risk (FEMA),20,54,,1,1,,-666666666,1,9.9,30,77.904,92.49,96.18,60.92,50.15,75.95,95.87,86.48,79.78,,14.8
75692,32.471,-94.118,48203,Harrison County,no,yes,no,"Panola-Harrison Elec Coop, Inc",Cooperative,coop,,,0.09409557401120287,Southwestern Electric Power Co,"Panola-Harrison Elec Coop, Inc (coop)",66.6,84.802,51.027,57.887,Top 4% for severe-weather risk (FEMA); Top 11% for long-term owners; Top 16% for homeownership,1238,5563,63904,0.886,0.579,152300,5.4,0.81,15.49,31.2,86.189,77.69,67.16,98.95,78.83,82.2,90.02,90.76,95.4,20,2
77864,30.954,-95.905,48313,Madison County,no,yes,no,Mid-South Electric Coop Assn,Cooperative,coop,,,0.14083167598808907,Entergy Texas Inc.,Mid-South Electric Coop Assn (coop),66.6,87.041,60.523,45.51,Top 2% for outage hours per customer; Top 12% for major outage days; Top 17% for all-electric heating,2127,7640,73247,0.724,0.756,168400,5.6,0.822,26.33,42.4,75.876,63.2,88.33,79.04,57.03,83.08,95.27,48.42,79.96,14,0.8
77613,30.052,-94.361,48245,Jefferson County,no,yes,no,Entergy Texas Inc.,Investor Owned,ioi_non_ercot,non-ERCOT,,0.1366459934147402,,Entergy Texas Inc. (ioi_non_ercot),66.5,84.573,46.176,62.821,Top 4% for outage hours per customer; Top 7% for long-term owners; Top 7% for major outage days,220,692,72667,0.827,0.859,190100,5.2,0.748,24.2,55.6,75.331,86.27,96.07,85.76,45.79,65.13,82.3,59.86,92.41,22,4.9
77665,29.813,-94.416,48071,Chambers County,no,yes,no,Entergy Texas Inc.,Investor Owned,ioi_non_ercot,non-ERCOT,,0.1366459934147402,,Entergy Texas Inc. (ioi_non_ercot),66.5,83.97,49.726,59.988,Top 3% for new-home growth; Top 9% for major outage days; Top 13% for outage hours per customer,1880,7511,78590,0.729,0.651,169900,5.3,0.796,18.05,49.6,76.904,90.89,94.16,81.86,48.76,69.58,81.24,69.58,93.15,13,42.3
78962,29.658,-96.733,48089,Colorado County,no,yes,no,"Fayette Electric Coop, Inc",Cooperative,coop,,,0.12542758057452627,"San Bernard Electric Coop, Inc","Fayette Electric Coop, Inc (coop)",66.5,77.897,64.6,53.185,Top 1% for major outage days; Top 5% for severe-weather risk (FEMA); Top 24% for long-term owners,1524,5236,71278,0.757,0.827,235600,5.8,0.625,12.24,84.2,84.036,82.54,93.32,77.94,69.44,87.11,92.11,77.51,90.82,17,3.8
75481,33.32,-95.374,48223,Hopkins County,no,no,yes,ONCOR ELECTRIC DELIVERY COMPANY,Wires company (TDU),base_tdsp,ERCOT,12.6,,"Farmers Electric Coop, Inc - (TX); Southwestern Electric Power Co",small population,66.4,78.662,56.521,59.863,Top 5% for severe-weather risk (FEMA); Top 14% for homeownership; Top 16% for all-electric heating,149,487,73250,0.899,0.8,227800,5.3,0.826,9.96,29.9,84.104,82.57,61.84,97.46,64.65,93.87,93.06,80.14,97.71,13,4.2
78657,30.531,-98.378,48299,Llano County,no,yes,no,"Central Texas Elec Coop, Inc",Cooperative,coop,,,0.11027817039654494,"Pedernales Electric Coop, Inc","Central Texas Elec Coop, Inc (coop)",66.3,55.64,82.24,64.669,Top 6% for all-electric heating; Top 7% for home value; Top 22% for household income,2356,7591,91452,0.813,0.807,483200,5.7,0.921,8.87,21.4,63.639,74.89,52.38,16.58,86.2,81.87,67.03,60.92,80.49,10,14.7
75157,32.464,-96.439,48257,Kaufman County,no,no,yes,ONCOR ELECTRIC DELIVERY COMPANY,Wires company (TDU),base_tdsp,ERCOT,12.6,,,small population,66.0,58.427,58.622,83.491,Top 13% for new-home growth; Top 14% for homeownership; Top 17% for household income,54,227,100250,0.901,0.622,263000,5.3,0.789,5.94,20.5,75.05,84.33,50.49,45.22,77.25,75.3,90.62,95.29,91.18,17,22.9
75555,32.939,-94.142,48067,Cass County,no,yes,no,"Bowie-Cass Electric Coop, Inc",Cooperative,coop,,,0.12564696965847794,"Panola-Harrison Elec Coop, Inc; Southwest Arkansas E C C; Upshur Rural Elec Coop Corp; Southwestern Electric Power Co","Bowie-Cass Electric Coop, Inc (coop)",66.0,86.668,56.913,47.377,Top 3% for outage hours per customer; Top 7% for major outage days; Top 16% for all-electric heating,369,1630,58750,0.842,0.589,112100,5.7,0.825,25.34,55.9,74.354,52.46,51.57,96.88,63.42,93.59,56.46,81.86,76.7,17,0.8
75562,32.925,-94.248,48067,Cass County,no,no,no,"Bowie-Cass Electric Coop, Inc",Cooperative,coop,,,0.12564696965847794,Southwestern Electric Power Co,"small population; mostly apartments; Bowie-Cass Electric Coop, Inc (coop)",66.0,83.975,31.619,76.501,Top 1% for long-term owners; Top 1% for all-electric heating; Top 3% for outage hours per customer,1,23,,1,0.15,,3.2,1,25.34,55.9,69.474,31.22,49.84,96.22,60.04,89.76,47.5,73.93,69.03,33,0.8
75691,32.312,-94.552,48401,Rusk County,no,yes,no,"Panola-Harrison Elec Coop, Inc",Cooperative,coop,,,0.09409557401120287,"Rusk County Electric Coop, Inc; Southwestern Electric Power Co","Panola-Harrison Elec Coop, Inc (coop)",66.0,85.094,47.586,59.116,Top 9% for outage hours per customer; Top 10% for major outage days; Top 14% for all-electric heating,867,4130,89353,0.776,0.546,170500,5.2,0.843,20.88,45.8,75.681,39.69,67.19,84.35,71.35,95.11,60.04,76.51,75.22,16,0.3
78039,29.312,-98.835,48325,Medina County,no,yes,no,City of San Antonio - (TX),Municipal,municipal,,,0.12432968896776977,"Medina Electric Coop, Inc",City of San Antonio - (TX) (municipal),66.0,65.552,56.906,75.586,Top 4% for long-term owners; Top 14% for major outage days; Top 19% for household income,436,1862,96250,0.868,0.609,131400,5.9,0.656,12.2,39.2,70.441,90.57,55.23,44.01,78.52,79.72,61.04,89,85.57,24,3.3
75659,,,48203,Harrison County,no,no,no,Southwestern Electric Power Co,Investor Owned,ioi_non_ercot,non-ERCOT,,0.12025334637662972,,small population; Southwestern Electric Power Co (ioi_non_ercot),65.9,87.856,29.501,72.928,Top 1% for all-electric heating; Top 2% for severe-weather risk (FEMA); Top 3% for homeownership,14,37,,1,1,,-666666666,1,15.49,31.2,87.551,76.06,66.23,99.29,80.16,82.69,93.97,93.18,97.34,,2
77622,29.861,-94.3,48245,Jefferson County,no,yes,no,Entergy Texas Inc.,Investor Owned,ioi_non_ercot,non-ERCOT,,0.1366459934147402,,Entergy Texas Inc. (ioi_non_ercot),65.9,69.741,58.747,67.999,Top 4% for outage hours per customer; Top 7% for major outage days; Top 9% for homeownership,512,1818,100556,0.942,0.733,208000,5.5,0.755,24.2,55.6,62.117,79.87,93.59,72.82,36.44,50.39,67.79,36.71,77.08,10,4.9
75494,32.917,-95.26,48499,Wood County,no,yes,no,Upshur Rural Elec Coop Corp,Cooperative,coop,,,0.12396459838605603,"Wood County Electric Coop, Inc; Southwestern Electric Power Co",Upshur Rural Elec Coop Corp (coop),65.7,88.71,58.47,42.138,Top 3% for major outage days; Top 5% for severe-weather risk (FEMA); Top 8% for outage hours per customer,3343,11470,59539,0.782,0.758,199100,5.6,0.691,21.45,65.8,84.521,73.92,65.69,99.25,83.93,97.27,87.43,88.67,69.41,14,2.1
77328,30.392,-95.191,48407,San Jacinto County,no,yes,no,Mid-South Electric Coop Assn,Cooperative,coop,,,0.14083167598808907,Sam Houston Electric Coop Inc; Entergy Texas Inc.,Mid-South Electric Coop Assn (coop),65.7,82.02,55.407,54.341,Top 1% for major outage days; Top 3% for new-home growth; Top 5% for outage hours per customer,4652,17208,62428,0.795,0.703,190100,5.4,0.797,23.44,84.2,70.651,71.76,78.4,74.38,31.17,69.6,76.26,66.74,98.01,13,42.7
77625,30.377,-94.374,48199,Hardin County,no,yes,no,Entergy Texas Inc.,Investor Owned,ioi_non_ercot,non-ERCOT,,0.1366459934147402,,Entergy Texas Inc. (ioi_non_ercot),65.7,89.186,45.194,55.048,Top 5% for major outage days; Top 8% for all-electric heating; Top 12% for outage hours per customer,1837,9049,70517,0.784,0.528,145300,5.2,0.896,18.14,58.4,79.98,75.05,88.95,95.08,62.45,70.41,81.98,69.56,91.43,12,18.1
77982,28.445,-96.492,48057,Calhoun County,no,yes,no,"Victoria Electric Coop, Inc",Cooperative,coop,,,0.12132498280193116,,"Victoria Electric Coop, Inc (coop)",65.7,50.877,69.336,81.766,Top 1% for all-electric heating; Top 3% for homeownership; Top 11% for home value,160,620,95593,1,0.675,415300,5.3,1,10.22,18,55.829,87.35,97.38,35.89,32.65,35.54,88,43.86,57.48,15,13.1
75605,32.582,-94.726,48183,Gregg County,no,yes,no,Upshur Rural Elec Coop Corp,Cooperative,coop,,,0.12396459838605603,Southwestern Electric Power Co,Upshur Rural Elec Coop Corp (coop),65.6,90.084,58.098,40.547,Top 3% for outage hours per customer; Top 4% for severe-weather risk (FEMA); Top 9% for major outage days,7955,35417,73190,0.584,0.634,252300,5.4,0.7,24.54,49,85.211,73.15,59.84,97.46,77.88,87.37,87.06,89.75,97.12,13,4.6
77616,30.57,-94.182,48457,Tyler County,no,yes,no,Entergy Texas Inc.,Investor Owned,ioi_non_ercot,non-ERCOT,,0.1366459934147402,,Entergy Texas Inc. (ioi_non_ercot),65.6,94.944,33.623,58.493,Top 1% for severe-weather risk (FEMA); Top 2% for major outage days; Top 7% for all-electric heating,259,860,71833,0.849,0.784,,4.3,0.908,20.44,78.8,89.083,92.93,94.57,93.78,75.38,88.37,93.69,82.13,95.66,18,0.8
78620,30.226,-98.136,48209,Hays County,no,yes,no,"Pedernales Electric Coop, Inc",Cooperative,coop,,,0.12218223657681021,,"Pedernales Electric Coop, Inc (coop)",65.6,40.745,85.832,78.655,Top 2% for household income; Top 2% for home value; Top 4% for new-home growth,7552,22860,153477,0.859,0.898,676500,6.8,0.62,5.59,29,62.763,56.05,44.02,37.42,79.34,72.65,55.03,66.91,83.97,10,40.6
78632,29.696,-97.471,48177,Gonzales County,no,yes,no,"Bluebonnet Electric Coop, Inc",Cooperative,coop,,,0.11415535256836253,Guadalupe Valley Elec Coop Inc,"Bluebonnet Electric Coop, Inc (coop)",65.6,68.667,71.636,55.506,Top 12% for severe-weather risk (FEMA); Top 14% for homeownership; Top 15% for all-electric heating,388,1245,62500,0.899,0.812,187400,6,0.833,6.85,34.2,80.444,96.31,85.14,50.6,79.88,96.27,82.3,77.52,91.4,18,1.3
75565,32.939,-94.075,48067,Cass County,no,no,no,Southwestern Electric Power Co,Investor Owned,ioi_non_ercot,non-ERCOT,,0.12025334637662972,,small population; mostly renters; mostly apartments; Southwestern Electric Power Co (ioi_non_ercot),65.4,90.409,82.339,15.114,Top 1% for all-electric heating; Top 3% for outage hours per customer; Top 7% for major outage days,17,248,19539,0.179,0.452,,5.8,1,25.34,55.9,76.186,59.79,52,97,65.55,94.42,59.76,84.95,79.62,18,0.8
76460,33.306,-98.5,48503,Young County,no,no,yes,ONCOR ELECTRIC DELIVERY COMPANY,Wires company (TDU),base_tdsp,ERCOT,13.6,,,small population,65.3,53.26,87.841,58.897,Top 1% for long-term owners; Top 4% for home size,107,469,76964,0.763,0.595,,6.9,0.741,5.64,14.9,73.75,83.53,50.85,60.16,74.52,95.89,69.4,84.07,81.36,35,1.5
77871,31.063,-96.127,48289,Leon County,no,yes,no,Mid-South Electric Coop Assn,Cooperative,coop,,,0.14083167598808907,"Navasota Valley Elec Coop, Inc; Heart of Texas Electric Coop; Entergy Texas Inc.",Mid-South Electric Coop Assn (coop),65.3,85.035,63.754,40.549,Top 2% for outage hours per customer; Top 4% for major outage days; Top 6% for severe-weather risk (FEMA),800,3058,67877,0.798,0.681,234300,6,0.493,27.83,62.2,83.539,91.12,86.23,79.83,70.91,89.11,98.8,68.84,91.05,11,0
76429,32.759,-98.666,48429,Stephens County,no,no,yes,ONCOR ELECTRIC DELIVERY COMPANY,Wires company (TDU),base_tdsp,ERCOT,12.6,,,small population,65.2,63.318,69.513,63.306,Top 1% for all-electric heating; Top 10% for home value; Top 19% for homeownership,90,330,,0.872,0.713,424400,5.3,1,9.86,26.9,66.15,78.33,48.7,47.9,41.05,91.85,77.65,73.63,82.27,17,1.1
78602,30.124,-97.328,48021,Bastrop County,no,yes,no,"Bluebonnet Electric Coop, Inc",Cooperative,coop,,,0.11415535256836253,,"Bluebonnet Electric Coop, Inc (coop)",65.2,67.509,69.28,58.189,Top 8% for new-home growth; Top 12% for major outage days; Top 20% for home value,10399,38190,89968,0.708,0.716,332600,5.6,0.714,10.44,43.8,71.359,66.97,54.06,54.76,80.81,74.18,72.48,75.09,88.13,10,28.1
77808,30.798,-96.312,48041,Brazos County,no,yes,no,City of Bryan - (TX),Municipal,municipal,,,0.11384231601443516,Mid-South Electric Coop Assn; Heart of Texas Electric Coop; Entergy Texas Inc.,City of Bryan - (TX) (municipal),65.1,45.05,80.328,76.665,Top 10% for household income; Top 13% for homeownership; Top 14% for home size,5036,15797,113343,0.905,0.829,375000,6.1,0.693,5.19,14.1,69.927,43.63,77.53,60.82,65.62,66.83,83.6,56.5,78.59,11,14.3
78015,29.743,-98.651,48259,Kendall County,no,yes,no,City of San Antonio - (TX),Municipal,municipal,,,0.12432968896776977,"Bandera Electric Coop, Inc",City of San Antonio - (TX) (municipal),65.1,38.784,86.095,79.027,Top 2% for household income; Top 3% for home size; Top 7% for home value,8971,24867,162487,0.938,0.952,492400,7.2,0.638,6.64,22.8,60.371,85.7,49.04,18.28,70.12,64.3,63.4,69.31,88.15,9,14.9
77993,28.858,-97.429,48175,Goliad County,no,no,yes,AEP TEXAS CENTRAL,Wires company (TDU),base_tdsp,ERCOT,12.05,,,small population,65.0,70.994,50.073,72.063,Top 1% for long-term owners; Top 1% for all-electric heating; Top 14% for outage hours per customer,127,370,,0.895,1,208800,5.1,1,16.64,21.9,66.023,84.06,96.27,49.88,49.18,51.15,77.18,61.62,76.88,35,1.4
78879,29.644,-99.682,48385,Real County,no,no,no,"Bandera Electric Coop, Inc",Cooperative,coop,,,0.12401152270639165,,"small population; Bandera Electric Coop, Inc (coop)",65.0,56.753,88.372,52.474,Top 1% for home value; Top 14% for home size; Top 16% for household income,55,184,101484,0.789,0.903,1046900,6.1,0.789,8.44,18.2,67.853,99.4,69.55,19.3,91.97,76.88,75.34,68.96,72.97,8,0
75451,32.966,-95.127,48063,Camp County,no,yes,no,"Bowie-Cass Electric Coop, Inc",Cooperative,coop,,,0.12564696965847794,"Upshur Rural Elec Coop Corp; Wood County Electric Coop, Inc; Southwestern Electric Power Co","Bowie-Cass Electric Coop, Inc (coop)",64.9,88.334,46.525,51.89,Top 3% for severe-weather risk (FEMA); Top 7% for homeownership; Top 10% for outage hours per customer,378,1156,58667,0.964,0.851,203500,5.2,0.73,20.85,36.8,87.211,81.98,64.63,99.42,80.98,97.14,83.01,89.31,95.99,14,2.2
75969,31.446,-94.888,48005,Angelina County,no,no,yes,ONCOR ELECTRIC DELIVERY COMPANY,Wires company (TDU),base_tdsp,ERCOT,12.6,,Houston County Elec Coop Inc; Entergy Texas Inc.,mostly apartments,64.9,73.857,56.852,60.996,Top 10% for all-electric heating; Top 17% for major outage days,837,4479,84063,0.807,0.486,180800,5.4,0.877,13.68,34.4,71.044,31.51,73.24,71.36,63.31,89.55,58.18,88.36,53.31,14,3.3
77327,30.318,-94.916,48291,Liberty County,no,yes,no,Mid-South Electric Coop Assn,Cooperative,coop,,,0.14083167598808907,Sam Houston Electric Coop Inc; Entergy Texas Inc.,Mid-South Electric Coop Assn (coop),64.9,79.967,55.693,54.181,Top 2% for new-home growth; Top 5% for outage hours per customer; Top 12% for major outage days,9325,42685,62219,0.856,0.568,163200,5.5,0.797,23.68,43.1,70.06,66.66,86.41,79.28,40.66,46.69,74.48,70.98,91.92,10,45
77475,29.489,-96.653,48089,Colorado County,no,no,no,"San Bernard Electric Coop, Inc",Cooperative,coop,,,0.141632240928005,,"small population; San Bernard Electric Coop, Inc (coop)",64.9,79.204,58.22,52.557,Top 1% for major outage days; Top 9% for long-term owners; Top 9% for severe-weather risk (FEMA),121,431,63308,0.793,0.731,218100,5.5,0.719,12.24,84.2,81.584,89.4,94.35,76.16,62.23,83.9,94.15,73.23,87.07,21,3.8
75647,32.515,-94.953,48183,Gregg County,no,yes,no,Southwestern Electric Power Co,Investor Owned,ioi_non_ercot,non-ERCOT,,0.12025334637662972,,Southwestern Electric Power Co (ioi_non_ercot),64.8,85.554,59.451,42.567,Top 3% for outage hours per customer; Top 9% for major outage days; Top 22% for all-electric heating,3790,13299,65809,0.755,0.741,167700,5.6,0.793,24.54,49,74.927,53.74,56.76,85.27,69.58,82.44,74.74,82.12,73.58,12,4.6
78121,29.35,-98.107,48493,Wilson County,no,yes,no,City of San Antonio - (TX),Municipal,municipal,,,0.12432968896776977,Guadalupe Valley Elec Coop Inc,City of San Antonio - (TX) (municipal),64.8,40.582,90.101,71.909,Top 6% for all-electric heating; Top 7% for household income; Top 10% for home size,4321,16120,120048,0.869,0.697,402600,6.3,0.91,2.35,13.4,67.296,79.49,56.81,38.39,75.22,75.81,58.7,78.94,87.2,11,7.6
78163,29.769,-98.453,48091,Comal County,no,yes,no,City of San Antonio - (TX),Municipal,municipal,,,0.12432968896776977,"Bandera Electric Coop, Inc; Pedernales Electric Coop, Inc",City of San Antonio - (TX) (municipal),64.7,37.143,83.313,82.728,Top 1% for new-home growth; Top 4% for household income; Top 6% for home size,6986,19141,140594,0.949,0.949,435600,6.6,0.627,4.3,12.9,67.394,94.64,50.61,42.51,87.17,70.3,64.88,72.89,83.4,10,53.1
76523,30.789,-97.291,48331,Milam County,no,no,no,"Bartlett Electric Coop, Inc",Cooperative,coop,,,0.16087274616563196,Heart of Texas Electric Coop,"small population; Bartlett Electric Coop, Inc (coop)",64.5,84.822,41.243,60.712,Top 6% for all-electric heating; Top 7% for severe-weather risk (FEMA); Top 10% for homeownership,77,354,80066,0.927,0.569,161800,5,0.911,15.2,29.8,82.709,82.14,83.25,66.72,80.03,80.34,92.9,78.75,96.97,10,4.9
76686,31.768,-96.559,48293,Limestone County,no,no,yes,ONCOR ELECTRIC DELIVERY COMPANY,Wires company (TDU),base_tdsp,ERCOT,12.6,,,small population,64.5,82.439,49.276,55.903,Top 1% for outage hours per customer; Top 6% for long-term owners; Top 6% for major outage days,97,341,75469,0.741,0.945,169100,5.7,0.395,31.36,57,81.343,86.15,77.21,83.9,62.49,84.31,99.45,75.49,86.55,23,1.9
75105,32.263,-96.388,48349,Navarro County,no,no,no,,,none,,,,,small population; unknown utility (none),64.4,55.139,88.015,52.984,Top 7% for severe-weather risk (FEMA); Top 8% for new-home growth; Top 8% for home size,62,216,,0.75,0.974,,6.4,0.798,3.88,10.2,82.966,80.24,55.88,88.3,60.49,95.53,92.55,89.18,98.83,11,28.8
75645,32.689,-94.872,48459,Upshur County,no,yes,no,Upshur Rural Elec Coop Corp,Cooperative,coop,,,0.12396459838605603,Southwestern Electric Power Co,Upshur Rural Elec Coop Corp (coop),64.4,93.859,50.559,38.946,Top 4% for severe-weather risk (FEMA); Top 5% for outage hours per customer; Top 6% for major outage days,2780,10400,57438,0.851,0.695,166900,5.3,0.829,23.77,56,85.814,79.66,60.29,98.33,81.99,96.07,77.3,87.98,98.74,11,1.2
78737,30.19,-97.957,48209,Hays County,no,yes,no,"Pedernales Electric Coop, Inc",Cooperative,coop,,,0.12218223657681021,,"Pedernales Electric Coop, Inc (coop)",64.4,38.781,82.643,80.215,Top 1% for household income; Top 2% for home value; Top 2% for home size,9115,27023,168920,0.877,0.89,765000,7.4,0.48,5.59,29,63.83,61.98,49.65,42.88,70.78,68.01,55.86,72.33,87.3,10,40.6
78942,30.168,-96.923,48287,Lee County,no,yes,no,"Bluebonnet Electric Coop, Inc",Cooperative,coop,,,0.11415535256836253,"Fayette Electric Coop, Inc; Entergy Texas Inc.","Bluebonnet Electric Coop, Inc (coop)",64.4,70.775,71.247,49.143,Top 17% for severe-weather risk (FEMA); Top 20% for home size,2923,10136,73429,0.753,0.75,255700,5.9,0.685,11.37,26.8,78.017,77.71,81.49,61.85,74.71,84.07,95.02,64.45,84.53,13,3.6
75682,32.25,-94.937,48401,Rusk County,no,yes,no,Southwestern Electric Power Co,Investor Owned,ioi_non_ercot,non-ERCOT,,0.12025334637662972,,Southwestern Electric Power Co (ioi_non_ercot),64.3,78.036,50.259,59.922,Top 6% for homeownership; Top 8% for severe-weather risk (FEMA); Top 9% for outage hours per customer,242,678,71477,0.988,0.93,159900,5.9,0.241,20.88,45.8,82.533,49.76,65.96,90.65,78.51,97.43,76.35,89.34,79.49,15,0.3
75689,,,48401,Rusk County,no,no,no,Southwestern Electric Power Co,Investor Owned,ioi_non_ercot,non-ERCOT,,0.12025334637662972,,small population; mostly apartments; Southwestern Electric Power Co (ioi_non_ercot),64.3,76.941,79.156,32.605,Top 4% for long-term owners; Top 9% for outage hours per customer; Top 10% for major outage days,17,98,51167,0.688,0.463,,5.8,0.854,20.88,45.8,67.637,14.88,60.03,75.83,56.59,90.47,58.27,72.38,59.89,24,0.3
77987,29.343,-97.076,48285,Lavaca County,no,no,no,Guadalupe Valley Elec Coop Inc,Cooperative,coop,,,0.12486205657266077,,small population; Guadalupe Valley Elec Coop Inc (coop),64.3,77.804,51.558,59.022,Top 9% for long-term owners; Top 11% for all-electric heating; Top 16% for major outage days,71,253,83750,0.733,0.915,314100,4.9,0.872,13,34.8,76.647,94.56,91.62,47.06,66.91,75.02,99.27,76.75,79.9,21,1.9
78675,30.435,-98.707,48171,Gillespie County,no,no,no,"Central Texas Elec Coop, Inc",Cooperative,coop,,,0.11027817039654494,"Pedernales Electric Coop, Inc","small population; Central Texas Elec Coop, Inc (coop)",64.3,63.272,69.704,60.259,Top 3% for homeownership; Top 9% for home value; Top 13% for outage hours per customer,36,102,78472,1,0.919,451500,6,0.211,17.75,15.5,73.246,95.51,60.39,44.66,95.5,89.22,76.51,52.85,93.59,8,4.1
78953,29.844,-97.358,48021,Bastrop County,no,yes,no,"Bluebonnet Electric Coop, Inc",Cooperative,coop,,,0.11415535256836253,"Fayette Electric Coop, Inc; Guadalupe Valley Elec Coop Inc","Bluebonnet Electric Coop, Inc (coop)",64.3,71.807,46.999,71.539,Top 8% for new-home growth; Top 12% for major outage days; Top 22% for home value,282,1089,83438,0.83,0.675,325400,4.9,0.722,10.44,43.8,75.87,84.25,64.09,57.84,83.89,84.02,72.84,77.46,90.95,14,28.1
77880,30.287,-96.189,48477,Washington County,no,yes,no,"Bluebonnet Electric Coop, Inc",Cooperative,coop,,,0.11415535256836253,Mid-South Electric Coop Assn; Entergy Texas Inc.,"Bluebonnet Electric Coop, Inc (coop)",64.2,64.117,60.207,68.392,Top 18% for all-electric heating; Top 18% for homeownership; Top 18% for major outage days,703,2517,90856,0.878,0.727,270800,5.3,0.819,9.51,33.4,68.911,66.93,83.32,58.36,61.49,66.56,83.84,52.15,76.66,12,8.4
77629,29.98,-94.403,48245,Jefferson County,no,no,no,Entergy Texas Inc.,Investor Owned,ioi_non_ercot,non-ERCOT,,0.1366459934147402,,small population; Entergy Texas Inc. (ioi_non_ercot),64.1,76.223,56.311,55.623,Top 4% for outage hours per customer; Top 7% for major outage days; Top 18% for long-term owners,142,435,62692,0.849,0.921,176300,5.5,0.76,24.2,55.6,67.233,76.95,92.64,75.26,39.48,55.02,73.99,51.88,82.36,18,4.9
78658,,,48177,Gonzales County,no,no,no,Guadalupe Valley Elec Coop Inc,Cooperative,coop,,,0.12486205657266077,,small population; Guadalupe Valley Elec Coop Inc (coop),64.1,59.825,78.126,55.762,Top 1% for home size; Top 3% for homeownership; Top 3% for severe-weather risk (FEMA),36,94,,1,1,434600,10,0.282,6.85,34.2,86.329,99.65,96.67,47.3,85.05,98.36,94.87,85.57,96.48,10,1.3
77351,30.718,-94.817,48373,Polk County,no,yes,no,Sam Houston Electric Coop Inc,Cooperative,coop,,,0.12621721354208612,Entergy Texas Inc.,Sam Houston Electric Coop Inc (coop),64.0,88.981,41.664,53.177,Top 2% for new-home growth; Top 5% for major outage days; Top 5% for severe-weather risk (FEMA),10028,37143,66834,0.785,0.702,199700,5,0.778,16.87,58.4,84.379,78.35,91.6,82.77,61,93.64,92.6,76.64,92.4,11,45.4
78624,30.281,-98.877,48171,Gillespie County,no,yes,no,"Central Texas Elec Coop, Inc",Cooperative,coop,,,0.11027817039654494,"Pedernales Electric Coop, Inc","Central Texas Elec Coop, Inc (coop)",64.0,66.967,72.976,50.981,Top 9% for home value; Top 13% for outage hours per customer,6729,23741,75237,0.737,0.764,463300,5.7,0.651,17.75,15.5,69.889,86.43,57.52,36.13,94.58,86.28,73.82,50.77,90.12,14,4.1
75638,33.02,-94.73,48343,Morris County,no,yes,no,"Bowie-Cass Electric Coop, Inc",Cooperative,coop,,,0.12564696965847794,Upshur Rural Elec Coop Corp; Southwestern Electric Power Co,"Bowie-Cass Electric Coop, Inc (coop)",63.9,84.823,53.029,46.793,Top 2% for severe-weather risk (FEMA); Top 10% for outage hours per customer; Top 16% for major outage days,1503,5212,66579,0.75,0.805,111000,5.9,0.61,20.62,34.8,87.794,91.8,59.52,99.78,88.52,98.68,77.61,90.82,99.63,18,0.8
75471,33.057,-95.374,48223,Hopkins County,no,yes,no,"Wood County Electric Coop, Inc",Cooperative,coop,,,0.1282620898614865,Southwestern Electric Power Co,"Wood County Electric Coop, Inc (coop)",63.8,80.013,51.771,54.332,Top 1% for severe-weather risk (FEMA); Top 18% for long-term owners; Top 19% for all-electric heating,400,1483,77934,0.702,0.885,122000,5.5,0.811,9.96,29.9,92.47,96.34,69.97,99.82,93.26,99.48,97.5,89.92,97.34,18,4.2
78075,28.626,-98.377,48297,Live Oak County,no,no,no,Karnes Electric Coop Inc,Cooperative,coop,,,0.0990299895962391,,small population; Karnes Electric Coop Inc (coop),63.8,74.098,59.528,54.284,Top 3% for homeownership; Top 4% for long-term owners; Top 12% for home size,83,252,52000,1,0.859,150700,6.2,0.576,15.46,36.9,78.074,86.05,90.63,65.91,55.27,68,98.44,85.15,83.12,24,2
75672,32.468,-94.299,48203,Harrison County,no,yes,no,"Panola-Harrison Elec Coop, Inc",Cooperative,coop,,,0.09409557401120287,"Rusk County Electric Coop, Inc; Upshur Rural Elec Coop Corp; Southwestern Electric Power Co","Panola-Harrison Elec Coop, Inc (coop)",63.7,79.814,53.877,52.058,Top 3% for severe-weather risk (FEMA); Top 21% for major outage days; Top 23% for outage hours per customer,4819,16509,70610,0.806,0.759,172400,5.6,0.631,15.49,31.2,86.697,76.63,66.21,99.12,80.04,81.15,92.19,91.6,96.57,14,2
78006,29.859,-98.703,48259,Kendall County,no,yes,no,City of San Antonio - (TX),Municipal,municipal,,,0.12432968896776977,"Bandera Electric Coop, Inc; Central Texas Elec Coop, Inc; Pedernales Electric Coop, Inc",City of San Antonio - (TX) (municipal),63.7,44.686,85.318,67.526,Top 5% for home value; Top 9% for household income; Top 12% for home size,13145,44560,116156,0.767,0.809,543900,6.2,0.722,6.64,22.8,63.37,80.03,50.02,16.11,88.29,85.46,67.41,48.88,87.42,11,14.9
78652,30.133,-97.875,48453,Travis County,no,yes,no,Austin Energy,Municipal,municipal,,,0.125775626412917,"Pedernales Electric Coop, Inc",Austin Energy (municipal),63.7,40.104,83.305,75.711,Top 5% for household income; Top 6% for home value; Top 7% for home size,1771,5287,133368,0.871,0.965,528100,6.5,0.61,7.98,4.8,64.326,78.42,51.28,43.44,60.66,65.49,54.07,81.55,93.79,12,9.1
77707,30.053,-94.166,48245,Jefferson County,no,yes,no,Entergy Texas Inc.,Investor Owned,ioi_non_ercot,non-ERCOT,,0.1366459934147402,,Entergy Texas Inc. (ioi_non_ercot),63.6,82.864,59.156,42.232,Top 4% for outage hours per customer; Top 7% for major outage days; Top 24% for severe-weather risk (FEMA),4806,18323,69756,0.682,0.816,174000,5.7,0.695,24.2,55.6,75.217,83.23,96.03,84.9,46.73,61.52,82.92,62.12,92.3,13,4.9
75604,32.509,-94.824,48183,Gregg County,no,yes,no,Southwestern Electric Power Co,Investor Owned,ioi_non_ercot,non-ERCOT,,0.12025334637662972,,Southwestern Electric Power Co (ioi_non_ercot),63.4,88.419,56.123,37.249,Top 3% for severe-weather risk (FEMA); Top 3% for outage hours per customer; Top 9% for major outage days,7330,31924,67942,0.597,0.645,200600,5.6,0.626,24.54,49,87.236,79.72,62.05,98.3,82.54,94.76,84.52,89.42,99.06,13,4.6
75415,33.462,-95.757,48119,Delta County,no,no,yes,ONCOR ELECTRIC DELIVERY COMPANY,Wires company (TDU),base_tdsp,ERCOT,12.6,,,small population,63.3,59.709,57.006,74.362,Top 9% for homeownership; Top 10% for severe-weather risk (FEMA); Top 16% for home size,70,289,93050,0.945,0.634,162500,6,0.524,7.99,15.8,81.107,85.29,58.71,99.6,66.36,89.01,76.08,80.02,97.97,16,3.4
77306,30.286,-95.312,48339,Montgomery County,no,no,no,Mid-South Electric Coop Assn,Cooperative,coop,,,0.14083167598808907,Entergy Texas Inc.,mostly apartments; Mid-South Electric Coop Assn (coop),63.3,81.377,38.039,64.557,Top 1% for new-home growth; Top 7% for outage hours per customer; Top 10% for all-electric heating,3380,18086,76257,0.819,0.486,174100,4.7,0.881,22.46,27,72.541,65.42,78.69,74.37,46.41,59.76,83.35,70.34,94.87,12,47.8
75558,33.242,-94.858,48449,Titus County,no,yes,no,Southwestern Electric Power Co,Investor Owned,ioi_non_ercot,non-ERCOT,,0.12025334637662972,,Southwestern Electric Power Co (ioi_non_ercot),63.2,81.962,27.118,74.407,Top 3% for severe-weather risk (FEMA); Top 7% for homeownership; Top 20% for major outage days,486,2126,93125,0.965,0.595,105800,4.8,0.747,14.24,32.4,86.693,77.63,59.32,99.42,82.52,98.08,82.3,90.55,94.66,17,1.8
77335,30.574,-94.911,48373,Polk County,no,yes,no,Sam Houston Electric Coop Inc,Cooperative,coop,,,0.12621721354208612,Entergy Texas Inc.,Sam Houston Electric Coop Inc (coop),63.2,90.91,42.776,46.6,Top 2% for new-home growth; Top 5% for major outage days; Top 7% for severe-weather risk (FEMA),707,2468,53300,0.745,0.826,171600,5,0.902,16.87,58.4,82.849,78.15,89.41,83.07,53.18,91.01,92.9,77.86,92.51,15,45.4
78954,30.043,-96.699,48149,Fayette County,no,yes,no,"Bluebonnet Electric Coop, Inc",Cooperative,coop,,,0.11415535256836253,"Fayette Electric Coop, Inc; Entergy Texas Inc.","Bluebonnet Electric Coop, Inc (coop)",63.2,41.588,82.864,72.465,Top 7% for home size; Top 10% for home value; Top 11% for homeownership,410,1173,103750,0.919,0.91,427300,6.5,0.634,2.49,8.5,75.797,73.46,87.33,59.98,66.55,89.47,79.63,58.89,88.73,14,1.6
75556,33.155,-94.062,48067,Cass County,no,yes,no,"Bowie-Cass Electric Coop, Inc",Cooperative,coop,,,0.12564696965847794,Southwest Arkansas E C C; Southwestern Electric Power Co,"Bowie-Cass Electric Coop, Inc (coop)",63.1,82.255,40.382,60.266,Top 3% for outage hours per customer; Top 7% for major outage days; Top 20% for household income,285,1184,93750,0.834,0.627,103600,5.4,0.657,25.34,55.9,75.06,38.79,49.88,96.37,63.47,93.43,59.12,84.46,78.69,12,0.8
75564,,,48067,Cass County,no,no,no,Upshur Rural Elec Coop Corp,Cooperative,coop,,,0.12396459838605603,,small population; Upshur Rural Elec Coop Corp (coop),63.1,83.975,29.501,69.001,Top 1% for all-electric heating; Top 3% for outage hours per customer; Top 3% for homeownership,13,35,,1,1,,-666666666,1,25.34,55.9,69.474,31.22,49.84,96.22,60.04,89.76,47.5,73.93,69.03,,0.8
75630,32.868,-94.549,48067,Cass County,no,yes,no,"Bowie-Cass Electric Coop, Inc",Cooperative,coop,,,0.12564696965847794,Upshur Rural Elec Coop Corp; Southwestern Electric Power Co,"Bowie-Cass Electric Coop, Inc (coop)",63.1,93.221,43.84,42.315,Top 3% for outage hours per customer; Top 5% for severe-weather risk (FEMA); Top 7% for major outage days,762,2452,49677,0.868,0.808,156300,5.2,0.801,25.34,55.9,84.237,76.44,59.71,99.07,77.04,98.85,72.02,91.24,91.73,16,0.8
78024,30.044,-99.516,48265,Kerr County,no,yes,no,"Bandera Electric Coop, Inc",Cooperative,coop,,,0.12401152270639165,"Central Texas Elec Coop, Inc","Bandera Electric Coop, Inc (coop)",63.1,44.429,86.301,64.912,Top 7% for home value; Top 12% for home size; Top 13% for household income,459,1401,105381,0.853,0.889,500000,6.2,0.752,7.81,15.9,61.486,91.45,58.04,2.72,93.88,80.96,58.67,57.29,78.84,10,4.5
77662,30.178,-94.018,48361,Orange County,no,yes,no,Entergy Texas Inc.,Investor Owned,ioi_non_ercot,non-ERCOT,,0.1366459934147402,,Entergy Texas Inc. (ioi_non_ercot),63.0,81.601,45.234,55.928,Top 1% for outage hours per customer; Top 9% for major outage days,6183,25041,72243,0.804,0.642,146200,5.3,0.768,31.21,52,70.803,71.66,92.61,90.6,42.6,62.55,67.74,56.43,83.09,14,5.6
77861,30.722,-96.109,48185,Grimes County,no,yes,no,Mid-South Electric Coop Assn,Cooperative,coop,,,0.14083167598808907,Entergy Texas Inc.,Mid-South Electric Coop Assn (coop),63.0,75.484,54.223,55.017,Top 2% for major outage days; Top 12% for outage hours per customer; Top 22% for homeownership,885,3065,67275,0.859,0.751,232500,5.3,0.751,18.34,74.1,68.089,47.32,86.57,66.74,30.01,69.66,90.44,52.93,80.27,11,11.7
77318,30.439,-95.53,48339,Montgomery County,no,yes,no,Mid-South Electric Coop Assn,Cooperative,coop,,,0.14083167598808907,Entergy Texas Inc.,Mid-South Electric Coop Assn (coop),62.9,52.948,71.374,67.723,Top 1% for new-home growth; Top 7% for outage hours per customer; Top 14% for home size,6429,20792,92415,0.807,0.804,316900,6.1,0.522,22.46,27,55.26,24.66,71.72,64.51,36.07,38.8,61.13,39.27,75.32,10,47.8
77358,30.558,-95.436,48471,Walker County,no,yes,no,Mid-South Electric Coop Assn,Cooperative,coop,,,0.14083167598808907,Sam Houston Electric Coop Inc; Entergy Texas Inc.,Mid-South Electric Coop Assn (coop),62.8,86.486,47.905,46.138,Top 3% for major outage days; Top 3% for outage hours per customer; Top 14% for severe-weather risk (FEMA),1379,5087,60424,0.705,0.737,238300,5.2,0.67,24.42,67.6,79.451,75.4,84.86,82.88,58.23,71.49,86.21,75.19,97.3,14,21.8
77868,30.366,-96.046,48185,Grimes County,no,yes,no,"Bartlett Electric Coop, Inc",Cooperative,coop,,,0.16087274616563196,"Bluebonnet Electric Coop, Inc; Mid-South Electric Coop Assn; Entergy Texas Inc.","Bartlett Electric Coop, Inc (coop)",62.8,81.1,56.258,45.01,Top 2% for major outage days; Top 12% for outage hours per customer; Top 22% for severe-weather risk (FEMA),4674,18416,67890,0.702,0.66,214800,5.5,0.676,18.34,74.1,75.984,69.93,87.22,75.68,47.66,75.84,92.42,64.82,88.25,12,11.7
77371,30.484,-94.993,48407,San Jacinto County,no,yes,no,Sam Houston Electric Coop Inc,Cooperative,coop,,,0.12621721354208612,Entergy Texas Inc.,Sam Houston Electric Coop Inc (coop),62.7,76.95,43.062,63.333,Top 1% for major outage days; Top 3% for new-home growth; Top 5% for outage hours per customer,1718,7800,83594,0.799,0.573,195000,5.1,0.748,23.44,84.2,67.541,73.38,76.81,71.73,22.87,78.37,68.63,56.88,97.5,10,42.7
75633,32.139,-94.274,48365,Panola County,no,yes,no,Deep East Texas Elec Coop Inc,Cooperative,coop,,,0.13100998789221177,"Panola-Harrison Elec Coop, Inc; Rusk County Electric Coop, Inc; Southwestern Electric Power Co",Deep East Texas Elec Coop Inc (coop),62.6,84.476,52.747,43.339,Top 2% for severe-weather risk (FEMA); Top 15% for outage hours per customer; Top 15% for major outage days,3664,13271,66102,0.761,0.718,161100,5.6,0.653,16.04,36.4,87.776,78.68,83.76,97.16,87.94,98.97,62.88,87.86,95.86,14,0.7
75755,32.642,-95.076,48459,Upshur County,no,yes,no,Upshur Rural Elec Coop Corp,Cooperative,coop,,,0.12396459838605603,"Wood County Electric Coop, Inc; Southwestern Electric Power Co",Upshur Rural Elec Coop Corp (coop),62.6,90.369,42.105,46.114,Top 5% for outage hours per customer; Top 6% for major outage days; Top 9% for severe-weather risk (FEMA),1377,5244,73402,0.79,0.683,109500,5.3,0.778,23.77,56,81.564,65.73,56.18,98.46,77.26,92.17,70.05,82.2,94.63,11,1.2
78162,28.59,-97.773,48025,Bee County,no,no,yes,AEP TEXAS CENTRAL,Wires company (TDU),base_tdsp,ERCOT,12.05,,,small population,62.6,62.444,66.419,58.977,Top 9% for long-term owners; Top 13% for all-electric heating; Top 16% for home size,101,331,,0.794,0.851,138300,6,0.853,9.25,29.4,67.866,69.32,93.93,49.86,46.05,75.35,70.67,74.75,64.45,21,1.6
76958,31.595,-100.799,48451,Tom Green County,no,no,yes,AEP TEXAS NORTH,Wires company (TDU),base_tdsp,ERCOT,12.65,,,small population,62.2,45.702,83.775,62.561,Top 3% for homeownership; Top 7% for home size,64,213,,1,0.792,,6.5,0.701,7.25,18.8,63.627,80.38,42.77,24.67,96.27,63.77,68.17,83.71,66.03,10,5.8
77331,30.634,-95.162,48407,San Jacinto County,no,yes,no,Sam Houston Electric Coop Inc,Cooperative,coop,,,0.12621721354208612,Entergy Texas Inc.,Sam Houston Electric Coop Inc (coop),62.2,80.752,44.566,55.07,Top 1% for major outage days; Top 3% for new-home growth; Top 5% for outage hours per customer,2194,7556,62321,0.869,0.755,246200,4.8,0.814,23.44,84.2,68.89,67.49,77.29,75.88,24.68,77.88,70.49,59.64,96.37,10,42.7
77706,30.102,-94.173,48245,Jefferson County,no,yes,no,Entergy Texas Inc.,Investor Owned,ioi_non_ercot,non-ERCOT,,0.1366459934147402,,Entergy Texas Inc. (ioi_non_ercot),62.2,77.703,61.247,42.43,Top 4% for outage hours per customer; Top 7% for major outage days,6815,30393,73185,0.583,0.662,244800,5.6,0.636,24.2,55.6,71.279,76.17,94.74,82.13,41.56,55.3,79.45,56.75,89.02,14,4.9
77412,29.553,-96.412,48089,Colorado County,no,no,no,"San Bernard Electric Coop, Inc",Cooperative,coop,,,0.141632240928005,,"small population; San Bernard Electric Coop, Inc (coop)",62.1,76.107,29.501,75.857,Top 1% for major outage days; Top 1% for all-electric heating; Top 3% for homeownership,2,6,,1,1,,-666666666,1,12.24,84.2,71.454,84.3,92.06,63.74,47.99,74.06,89.21,57.38,75.74,,3.8
77460,29.397,-96.385,48089,Colorado County,no,no,yes,AEP TEXAS CENTRAL,Wires company (TDU),base_tdsp,ERCOT,12.05,,,small population,62.1,76.107,29.501,75.857,Top 1% for major outage days; Top 1% for all-electric heating; Top 3% for homeownership,29,76,,1,1,,-666666666,1,12.24,84.2,71.454,84.3,92.06,63.74,47.99,74.06,89.21,57.38,75.74,,3.8
78161,29.293,-98.057,48493,Wilson County,no,yes,no,Guadalupe Valley Elec Coop Inc,Cooperative,coop,,,0.12486205657266077,,Guadalupe Valley Elec Coop Inc (coop),62.1,46.334,79.092,66.178,Top 3% for homeownership; Top 5% for all-electric heating; Top 8% for home size,186,579,79904,1,0.836,204100,6.4,0.929,2.35,13.4,71.903,90.38,57.69,45.68,77.62,82.33,63.16,84.28,92.56,11,7.6
77376,30.444,-94.664,48199,Hardin County,no,no,no,Sam Houston Electric Coop Inc,Cooperative,coop,,,0.12621721354208612,Entergy Texas Inc.,mostly apartments; Sam Houston Electric Coop Inc (coop),62.0,77.597,28.148,75.059,Top 5% for major outage days; Top 7% for homeownership; Top 11% for all-electric heating,81,570,,0.97,0.37,,2.5,0.871,18.14,58.4,67.977,43.58,84.32,91.76,44.9,65.37,65.99,45.72,77.78,12,18.1
77831,30.716,-95.908,48185,Grimes County,no,yes,no,Mid-South Electric Coop Assn,Cooperative,coop,,,0.14083167598808907,Entergy Texas Inc.,Mid-South Electric Coop Assn (coop),62.0,82.578,43.955,52.485,Top 2% for major outage days; Top 12% for outage hours per customer; Top 13% for homeownership,1051,3676,58229,0.909,0.744,195200,5.1,0.772,18.34,74.1,74.284,60.97,86.25,75.85,39.1,73.15,92.62,64.4,88.62,12,11.7
78021,28.497,-98.828,48283,La Salle County,no,no,no,Karnes Electric Coop Inc,Cooperative,coop,,,0.0990299895962391,"Medina Electric Coop, Inc",small population; mostly apartments; Karnes Electric Coop Inc (coop),62.0,57.552,70.252,59.71,Top 3% for homeownership; Top 8% for home size,30,165,,1,0.473,,6.4,0.431,13.62,20.5,69.43,71.98,82.47,72.57,44.73,57.3,93.36,71.66,63.92,13,0
77582,,,48291,Liberty County,no,no,no,Entergy Texas Inc.,Investor Owned,ioi_non_ercot,non-ERCOT,,0.1366459934147402,,small population; Entergy Texas Inc. (ioi_non_ercot),61.9,80.426,2.046,97.124,Top 2% for new-home growth; Top 3% for homeownership; Top 4% for severe-weather risk (FEMA),51,135,,1,1,,-666666666,0.188,23.68,43.1,85.326,92.6,94.96,90.73,61.3,73.54,89.11,88.28,99.36,,45
79719,31.461,-103.404,48475,Ward County,no,no,yes,ONCOR ELECTRIC DELIVERY COMPANY,Wires company (TDU),base_tdsp,ERCOT,13.6,,,small population,61.9,53.984,60.478,73.906,Top 9% for long-term owners; Top 9% for homeownership; Top 16% for home size,68,198,,0.946,0.899,180800,6,0.554,6.62,23.1,76.079,86.42,44.96,85.5,97.01,98.66,59.97,73.72,72.73,21,1.6
75566,33.148,-94.492,48067,Cass County,no,yes,no,"Bowie-Cass Electric Coop, Inc",Cooperative,coop,,,0.12564696965847794,Southwestern Electric Power Co,"Bowie-Cass Electric Coop, Inc (coop)",61.8,85.022,53.199,39.568,Top 3% for outage hours per customer; Top 4% for long-term owners; Top 7% for major outage days,278,886,39219,0.829,0.818,115400,5.8,0.657,25.34,55.9,78.294,55.15,55.69,97.91,70.73,94.71,60.89,85.7,82.43,24,0.8
78347,,,48355,Nueces County,no,no,yes,AEP TEXAS CENTRAL,Wires company (TDU),base_tdsp,ERCOT,12.05,,,small population,61.8,66.348,29.501,88.076,Top 1% for all-electric heating; Top 3% for homeownership,71,186,,1,1,,-666666666,1,8.18,18,74.107,94.23,98.13,49.13,48.67,72.58,93.18,86.35,70.71,,12.4
78733,30.321,-97.885,48453,Travis County,no,yes,no,Austin Energy,Municipal,municipal,,,0.125775626412917,,Austin Energy (municipal),61.7,28.419,84.601,83.051,Top 1% for household income; Top 1% for home value; Top 3% for home size,3153,9029,206368,0.908,0.937,1008600,7.2,0.549,7.98,4.8,53.277,56.77,50.95,38.89,33.3,50.99,35.67,73.53,89.61,14,9.1
75470,33.578,-95.81,48277,Lamar County,no,no,yes,ONCOR ELECTRIC DELIVERY COMPANY,Wires company (TDU),base_tdsp,ERCOT,12.6,,Fannin County Electric Coop,small population; mostly apartments,61.6,54.659,78.442,54.114,Top 1% for home size; Top 4% for severe-weather risk (FEMA); Top 13% for household income,19,213,105625,0.652,0.234,227300,10,0.696,3.79,16.1,85.01,86.37,55.69,98.92,82.3,83.15,91.52,84.54,98.95,13,2.1
77627,29.987,-94.009,48245,Jefferson County,no,yes,no,Entergy Texas Inc.,Investor Owned,ioi_non_ercot,non-ERCOT,,0.1366459934147402,,Entergy Texas Inc. (ioi_non_ercot),61.6,71.61,55.576,54.292,Top 4% for outage hours per customer; Top 7% for major outage days; Top 24% for home size,6328,22357,78001,0.736,0.828,208700,5.8,0.409,24.2,55.6,70.259,73.41,95.09,81.53,41.68,53.86,77.7,53.38,88.57,15,4.9
77664,30.601,-94.414,48457,Tyler County,no,yes,no,Entergy Texas Inc.,Investor Owned,ioi_non_ercot,non-ERCOT,,0.1366459934147402,,Entergy Texas Inc. (ioi_non_ercot),61.6,94.135,41.63,38.333,Top 2% for major outage days; Top 3% for all-electric heating; Top 5% for severe-weather risk (FEMA),689,2474,48904,0.877,0.725,160000,5,0.983,20.44,78.8,84.523,86.54,93.3,91.94,70.2,80.98,89.39,74.44,91.41,13,0.8
75858,31.391,-95.127,48225,Houston County,no,no,no,Houston County Elec Coop Inc,Cooperative,coop,,,0.16600964239754953,Entergy Texas Inc.,small population; Houston County Elec Coop Inc (coop),61.5,74.927,37.339,67.609,Top 1% for all-electric heating; Top 3% for homeownership; Top 6% for outage hours per customer,20,57,,1,0.916,,4.5,1,23.09,47.2,63.714,33.59,73.81,62.7,42.3,63.02,89.3,57.31,57.56,,0.4
77374,30.396,-94.624,48199,Hardin County,no,no,no,Sam Houston Electric Coop Inc,Cooperative,coop,,,0.12621721354208612,Entergy Texas Inc.,small population; mostly apartments; Sam Houston Electric Coop Inc (coop),61.5,77.751,29.129,72.359,Top 3% for homeownership; Top 5% for major outage days; Top 10% for all-electric heating,44,244,,1,0.479,,3.2,0.876,18.14,58.4,67.977,43.58,84.32,91.76,44.9,65.37,65.99,45.72,77.78,10,18.1
78669,30.431,-98.113,48453,Travis County,no,yes,no,Austin Energy,Municipal,municipal,,,0.125775626412917,"Pedernales Electric Coop, Inc",Austin Energy (municipal),61.5,33.022,84.523,76.328,Top 3% for home value; Top 6% for household income; Top 11% for homeownership,4232,12592,128000,0.921,0.874,671000,6.2,0.679,7.98,4.8,54.881,61.9,49.35,25.94,57.49,66.62,47.65,58.34,78.78,11,9.1
77836,30.542,-96.676,48051,Burleson County,no,yes,no,"Bartlett Electric Coop, Inc",Cooperative,coop,,,0.16087274616563196,"Bluebonnet Electric Coop, Inc; Mid-South Electric Coop Assn; Heart of Texas Electric Coop; Entergy Texas Inc.","Bartlett Electric Coop, Inc (coop)",61.4,68.982,51.877,60.92,Top 10% for major outage days,3318,12670,75625,0.839,0.681,215100,5.3,0.741,13.89,48.8,68.499,45.23,77.46,74.36,62.84,72.9,79.6,51.82,60.51,14,5.6
77359,30.752,-95.302,48407,San Jacinto County,no,yes,no,Mid-South Electric Coop Assn,Cooperative,coop,,,0.14083167598808907,Sam Houston Electric Coop Inc; Entergy Texas Inc.,Mid-South Electric Coop Assn (coop),61.2,79.943,45.793,51.66,Top 1% for major outage days; Top 3% for new-home growth; Top 4% for all-electric heating,188,683,55625,0.73,0.719,,5,0.962,23.44,84.2,66.807,58.96,73.23,74.91,22.66,77.79,67.67,55.53,95.86,24,42.7
78611,30.801,-98.283,48053,Burnet County,no,yes,no,"Central Texas Elec Coop, Inc",Cooperative,coop,,,0.11027817039654494,"Hamilton County Elec Coop Assn; Pedernales Electric Coop, Inc","Central Texas Elec Coop, Inc (coop)",61.2,57.172,62.275,65.615,Top 1% for new-home growth; Top 22% for major outage days; Top 23% for home value,4496,14560,80938,0.803,0.805,319300,5.4,0.718,6.87,29.9,71.211,66.58,52.96,29.43,88.01,88.22,76.86,78.33,84.67,12,50.8
75478,33.177,-95.359,48223,Hopkins County,no,yes,no,"Wood County Electric Coop, Inc",Cooperative,coop,,,0.1282620898614865,Southwestern Electric Power Co,"Wood County Electric Coop, Inc (coop)",60.9,77.688,54.224,45.139,Top 1% for severe-weather risk (FEMA); Top 13% for homeownership; Top 22% for major outage days,224,927,57917,0.904,0.631,170800,5.5,0.728,9.96,29.9,92.704,97,70.2,99.87,93.1,99.51,96.82,89.59,99.84,11,4.2
75551,33.119,-94.22,48067,Cass County,no,yes,no,"Bowie-Cass Electric Coop, Inc",Cooperative,coop,,,0.12564696965847794,Southwest Arkansas E C C; Southwestern Electric Power Co,"Bowie-Cass Electric Coop, Inc (coop)",60.9,81.762,52.535,41.485,Top 3% for outage hours per customer; Top 7% for major outage days,3046,10341,64248,0.776,0.766,160000,5.6,0.653,25.34,55.9,74.404,43.44,50.44,96.19,63.59,92.69,57.58,82.78,77.56,13,0.8
75571,33.207,-94.774,48343,Morris County,no,yes,no,"Bowie-Cass Electric Coop, Inc",Cooperative,coop,,,0.12564696965847794,Southwestern Electric Power Co,"Bowie-Cass Electric Coop, Inc (coop)",60.8,81.843,52.28,41.168,Top 2% for severe-weather risk (FEMA); Top 10% for outage hours per customer; Top 16% for major outage days,865,2653,56151,0.851,0.848,146900,5.9,0.487,20.62,34.8,88.074,89.91,61.04,99.73,86.53,98.64,79.55,91.67,99.36,13,0.8
75641,32.378,-94.576,48401,Rusk County,no,no,no,"Rusk County Electric Coop, Inc",Cooperative,coop,,,0.12895279910622157,Southwestern Electric Power Co,"small population; Rusk County Electric Coop, Inc (coop)",60.8,81.075,66.239,28.338,Top 9% for outage hours per customer; Top 10% for major outage days; Top 20% for home size,17,83,,0.558,0.708,165900,5.9,0.791,20.88,45.8,72.46,28.51,59.67,83.42,65.89,92.14,59.58,72.86,73.66,16,0.3
76628,32.03,-96.949,48217,Hill County,no,no,yes,ONCOR ELECTRIC DELIVERY COMPANY,Wires company (TDU),base_tdsp,ERCOT,12.6,,,small population; mostly apartments,60.8,73.686,27.883,76.502,Top 3% for homeownership; Top 10% for all-electric heating; Top 11% for severe-weather risk (FEMA),1,50,97083,1,0.091,55000,4.8,0.882,8.54,28,80.65,87.15,67.49,92.79,38.94,86.91,99.27,80.78,98.37,15,4.5
78108,29.57,-98.218,48187,Guadalupe County,no,yes,no,City of San Antonio - (TX),Municipal,municipal,,,0.12432968896776977,"Guadalupe Valley Elec Coop Inc; Pedernales Electric Coop, Inc",City of San Antonio - (TX) (municipal),60.8,30.177,89.698,72.608,Top 5% for home size; Top 10% for household income; Top 10% for all-electric heating,16064,49784,113004,0.839,0.928,337600,6.8,0.875,1.51,9.1,61.296,70.54,52.85,28.2,74.54,56.25,57.42,77.07,82.74,10,19
78606,30.084,-98.476,48031,Blanco County,no,yes,no,"Bandera Electric Coop, Inc",Cooperative,coop,,,0.12401152270639165,"Central Texas Elec Coop, Inc; Pedernales Electric Coop, Inc","Bandera Electric Coop, Inc (coop)",60.7,59.698,64.814,58.063,Top 10% for home value; Top 20% for household income,2156,7272,94817,0.771,0.811,437600,5.3,0.772,12.14,18.9,66.444,88.03,60.36,29.53,87.96,83.83,68.32,51.75,83.36,12,3.2
78932,30.164,-96.718,48477,Washington County,no,yes,no,"Bluebonnet Electric Coop, Inc",Cooperative,coop,,,0.11415535256836253,"Fayette Electric Coop, Inc; Entergy Texas Inc.","Bluebonnet Electric Coop, Inc (coop)",60.7,67.747,54.646,57.195,Top 14% for severe-weather risk (FEMA); Top 18% for major outage days; Top 22% for homeownership,171,576,62917,0.858,0.773,323600,5.3,0.608,9.51,33.4,79.743,83.5,88.34,66.56,73.89,85.77,87.43,64.49,91.72,16,8.4
79234,34.23,-100.935,48345,Motley County,no,no,yes,AEP TEXAS NORTH,Wires company (TDU),base_tdsp,ERCOT,12.7,,"Lighthouse Electric Coop, Inc",small population,60.7,55.62,59.929,68.088,Top 1% for long-term owners,24,85,83409,0.75,1,187500,5.6,0.75,11.22,4.6,68.711,81.98,41.13,87.28,90.09,94.69,67.31,29.43,71.05,35,
75644,32.791,-95.0,48459,Upshur County,no,yes,no,Upshur Rural Elec Coop Corp,Cooperative,coop,,,0.12396459838605603,"Wood County Electric Coop, Inc; Southwestern Electric Power Co",Upshur Rural Elec Coop Corp (coop),60.6,89.388,51.073,31.629,Top 4% for severe-weather risk (FEMA); Top 5% for outage hours per customer; Top 6% for major outage days,3473,12774,57633,0.707,0.721,163000,5.5,0.681,23.77,56,85.189,80.62,58.09,98.84,84.22,95.63,74.47,86.23,98.84,13,1.2
76848,30.843,-99.57,48327,Menard County,no,no,yes,ONCOR ELECTRIC DELIVERY COMPANY,Wires company (TDU),base_tdsp,ERCOT,12.6,,"Central Texas Elec Coop, Inc",small population,60.6,48.915,39.888,96.885,Top 3% for homeownership; Top 25% for all-electric heating,18,60,,1,0.821,,5,0.781,11.61,14.9,57.706,80.33,58.59,3.26,87.71,83.77,57.36,44.55,68.7,,
78117,28.938,-97.924,48255,Karnes County,no,yes,no,Karnes Electric Coop Inc,Cooperative,coop,,,0.0990299895962391,,Karnes Electric Coop Inc (coop),60.6,48.386,65.598,72.005,Top 4% for all-electric heating; Top 13% for homeownership; Top 16% for new-home growth,181,661,,0.904,0.713,323800,5.3,0.966,6.25,19.6,63.521,88.56,90.75,32.36,51.28,72.58,60.68,61.73,75.27,12,18.7
75643,32.019,-94.362,48365,Panola County,no,yes,no,Deep East Texas Elec Coop Inc,Cooperative,coop,,,0.13100998789221177,"Rusk County Electric Coop, Inc; Southwestern Electric Power Co",Deep East Texas Elec Coop Inc (coop),60.4,83.563,48.327,41.612,Top 7% for severe-weather risk (FEMA); Top 15% for outage hours per customer; Top 15% for major outage days,598,2300,59342,0.826,0.677,142000,5.5,0.679,16.04,36.4,83.167,64.52,82.58,95.55,83.07,98.09,53.2,78.72,90.96,13,0.7
76631,31.976,-96.977,48217,Hill County,no,no,yes,ONCOR ELECTRIC DELIVERY COMPANY,Wires company (TDU),base_tdsp,ERCOT,12.6,,,small population,60.4,65.757,50.46,63.195,Top 12% for severe-weather risk (FEMA); Top 19% for household income; Top 24% for home size,130,455,97083,0.748,0.852,114200,5.8,0.591,8.54,28,80.5,86.9,67.95,92.56,38.39,86.17,99.28,80.93,98.22,16,4.5
77852,,,48051,Burleson County,no,no,no,"Bartlett Electric Coop, Inc",Cooperative,coop,,,0.16087274616563196,Entergy Texas Inc.,"small population; mostly apartments; Bartlett Electric Coop, Inc (coop)",60.4,69.525,29.501,79.028,Top 1% for all-electric heating; Top 3% for homeownership; Top 10% for major outage days,0,16,,1,0,,-666666666,1,13.89,48.8,65.559,40.24,77.97,72.88,59.02,70.9,75.78,44.74,57.62,,5.6
78663,30.402,-98.36,48031,Blanco County,no,yes,no,"Central Texas Elec Coop, Inc",Cooperative,coop,,,0.11027817039654494,"Pedernales Electric Coop, Inc","Central Texas Elec Coop, Inc (coop)",60.4,45.742,66.584,73.808,Top 2% for household income; Top 17% for home value,160,503,168125,0.83,0.931,356800,5.6,0.616,12.14,18.9,57.757,60.56,52.77,21.96,78.48,77.23,56.81,40.55,76.5,14,3.2
78676,30.034,-98.143,48209,Hays County,no,yes,no,"Pedernales Electric Coop, Inc",Cooperative,coop,,,0.12218223657681021,,"Pedernales Electric Coop, Inc (coop)",60.3,47.009,71.713,66.695,Top 4% for new-home growth; Top 6% for home value; Top 15% for all-electric heating,4789,15822,87344,0.787,0.86,511600,5.4,0.836,5.59,29,62.82,66.77,49.8,36.99,82.62,70.46,56.39,64.43,79.05,12,40.6
75601,32.509,-94.724,48183,Gregg County,no,yes,no,Southwestern Electric Power Co,Investor Owned,ioi_non_ercot,non-ERCOT,,0.12025334637662972,,Southwestern Electric Power Co (ioi_non_ercot),60.2,87.471,49.764,34.38,Top 3% for outage hours per customer; Top 4% for severe-weather risk (FEMA); Top 9% for major outage days,3696,15780,65700,0.609,0.702,210500,5.4,0.605,24.54,49,85.814,74.67,60.19,97.62,78.71,90.78,85.69,89.57,98.14,12,4.6
76676,31.864,-96.951,48217,Hill County,no,no,yes,ONCOR ELECTRIC DELIVERY COMPANY,Wires company (TDU),base_tdsp,ERCOT,12.6,,,small population,60.2,63.445,52.236,63.707,Top 15% for homeownership; Top 15% for severe-weather risk (FEMA); Top 18% for long-term owners,111,344,70625,0.897,0.839,164300,5.7,0.552,8.54,28,78.884,84.22,73.01,90.09,32.34,78.14,99.4,82.56,96.65,18,4.5
78145,28.645,-97.994,48025,Bee County,no,no,yes,AEP TEXAS CENTRAL,Wires company (TDU),base_tdsp,ERCOT,12.05,,,small population,60.2,60.535,68.515,51.479,Top 1% for long-term owners; Top 3% for homeownership; Top 24% for major outage days,23,64,46563,1,0.935,,5.6,0.778,9.25,29.4,67.866,69.32,93.93,49.86,46.05,75.35,70.67,74.75,64.45,35,1.6
78013,29.972,-98.905,48259,Kendall County,no,yes,no,"Bandera Electric Coop, Inc",Cooperative,coop,,,0.12401152270639165,"Central Texas Elec Coop, Inc","Bandera Electric Coop, Inc (coop)",60.1,43.434,74.02,68.558,Top 11% for home value; Top 18% for homeownership; Top 22% for new-home growth,1261,4809,82492,0.879,0.682,416300,5.6,0.757,6.64,22.8,61.356,82.18,54.25,11.48,90.46,85.8,59.62,45.99,81.89,12,14.9
75686,32.965,-94.952,48063,Camp County,no,yes,no,"Bowie-Cass Electric Coop, Inc",Cooperative,coop,,,0.12564696965847794,Upshur Rural Elec Coop Corp; Southwestern Electric Power Co,"Bowie-Cass Electric Coop, Inc (coop)",60.0,87.654,43.178,40.04,Top 4% for severe-weather risk (FEMA); Top 10% for outage hours per customer; Top 15% for major outage days,4105,14195,59991,0.77,0.752,170700,5.2,0.723,20.85,36.8,85.54,83.87,61.89,99.36,82.53,96.82,75.66,84.19,98.33,13,2.2
77320,30.805,-95.551,48471,Walker County,no,yes,no,Mid-South Electric Coop Assn,Cooperative,coop,,,0.14083167598808907,Sam Houston Electric Coop Inc; Entergy Texas Inc.,Mid-South Electric Coop Assn (coop),60.0,86.817,46.422,37.83,Top 3% for major outage days; Top 3% for outage hours per customer; Top 15% for new-home growth,8378,38152,55663,0.659,0.571,203100,5.2,0.728,24.42,67.6,77.61,73.27,82.03,83.73,53.67,64.96,88.52,75.39,94.97,13,21.8
77651,29.986,-93.956,48245,Jefferson County,no,yes,no,Entergy Texas Inc.,Investor Owned,ioi_non_ercot,non-ERCOT,,0.1366459934147402,,Entergy Texas Inc. (ioi_non_ercot),60.0,71.635,51.67,52.677,Top 4% for outage hours per customer; Top 7% for major outage days,3694,13664,81637,0.703,0.842,253200,5.5,0.366,24.2,55.6,70.936,73.93,95.2,80.68,43.04,45.47,83.33,62.49,86.34,14,4.9
77564,30.181,-94.665,48291,Liberty County,no,yes,no,Entergy Texas Inc.,Investor Owned,ioi_non_ercot,non-ERCOT,,0.1366459934147402,,Entergy Texas Inc. (ioi_non_ercot),59.9,74.868,41.208,58.51,Top 2% for new-home growth; Top 5% for outage hours per customer; Top 12% for major outage days,491,1806,56275,0.875,0.707,154100,5.2,0.74,23.68,43.1,67.421,53.54,86.02,80.82,39.97,47.03,68.91,61.21,87.99,15,45
77360,30.846,-95.118,48373,Polk County,no,yes,no,Sam Houston Electric Coop Inc,Cooperative,coop,,,0.12621721354208612,Entergy Texas Inc.,Sam Houston Electric Coop Inc (coop),59.7,90.549,33.478,44.791,Top 2% for new-home growth; Top 3% for severe-weather risk (FEMA); Top 5% for major outage days,1325,6223,60402,0.767,0.554,163700,4.6,0.805,16.87,58.4,87.097,84.28,91.57,90.09,62.82,93.35,95.07,82.01,94.77,8,45.4
79078,35.72,-101.581,48233,Hutchinson County,no,no,no,Southwestern Public Service Co,Investor Owned,ioi_non_ercot,non-ERCOT,,0.13352364853480414,,small population; Southwestern Public Service Co (ioi_non_ercot),59.7,55.96,53.015,71.447,Top 6% for long-term owners; Top 7% for homeownership; Top 24% for outage hours per customer,54,184,,0.982,0.77,,5.6,0.473,14.88,27.6,64.899,74.3,0,82.86,95.73,84.19,93.67,17.74,80.1,23,0.1
77378,30.471,-95.364,48339,Montgomery County,no,yes,no,Mid-South Electric Coop Assn,Cooperative,coop,,,0.14083167598808907,Entergy Texas Inc.,Mid-South Electric Coop Assn (coop),59.6,72.682,44.812,56.835,Top 1% for new-home growth; Top 7% for outage hours per customer; Top 24% for all-electric heating,4725,17629,71143,0.745,0.697,199800,5.1,0.785,22.46,27,67.06,54.44,77.01,69.57,34.27,58.64,75.3,61.44,93.19,13,47.8
77334,30.782,-95.373,48471,Walker County,no,no,no,Mid-South Electric Coop Assn,Cooperative,coop,,,0.14083167598808907,Entergy Texas Inc.,small population; Mid-South Electric Coop Assn (coop),59.5,77.931,1.556,92.973,Top 3% for major outage days; Top 3% for homeownership; Top 3% for outage hours per customer,75,197,,1,1,,-666666666,0,24.42,67.6,78.62,83.78,85.02,84.67,60.37,60.02,89.36,75.4,95.5,,21.8
77961,28.858,-96.354,48239,Jackson County,no,no,no,,,none,,,,,small population; unknown utility (none),59.5,76.87,29.501,66.495,Top 1% for severe-weather risk (FEMA); Top 1% for all-electric heating; Top 3% for homeownership,22,58,,1,1,,-666666666,1,9.66,12.8,88.519,99.61,99.95,91.46,69.5,78.24,95.36,90.45,94.67,,0.2
79730,31.17,-103.085,48371,Pecos County,no,no,yes,ONCOR ELECTRIC DELIVERY COMPANY,Wires company (TDU),base_tdsp,ERCOT,13.6,,,small population,59.5,63.594,38.125,75.358,Top 3% for homeownership; Top 8% for outage hours per customer; Top 11% for long-term owners,29,123,,1,0.618,,5.4,0,21.39,41.8,67.511,82.39,44.58,77.71,87.36,91.74,41.92,76.98,52.29,20,1.4
75475,33.475,-96.238,48147,Fannin County,no,no,yes,TEXAS-NEW MEXICO POWER COMPANY,Wires company (TDU),base_tdsp,ERCOT,15.1,,,small population,59.4,66.822,29.501,79.307,Top 1% for all-electric heating; Top 3% for homeownership; Top 15% for severe-weather risk (FEMA),78,203,,1,1,,-666666666,1,7.15,19,78.9,75.4,49.46,97.22,58.43,88.1,72.04,92.35,94.7,,5.7
75926,31.248,-94.969,48455,Trinity County,no,yes,no,Houston County Elec Coop Inc,Cooperative,coop,,,0.16600964239754953,Entergy Texas Inc.,Houston County Elec Coop Inc (coop),59.4,89.845,33.982,44.262,Top 1% for outage hours per customer; Top 3% for severe-weather risk (FEMA); Top 3% for major outage days,328,1389,65833,0.787,0.614,130400,5.2,0.61,31.36,67.9,87.137,90.2,91.19,89.49,72.98,98.92,99.42,69.52,88.44,14,0.2
78590,26.508,-97.648,48489,Willacy County,no,no,no,,,none,,,,,small population; unknown utility (none),59.4,60.419,52.705,64.879,Top 3% for homeownership; Top 4% for all-electric heating,129,428,82292,1,0.789,57400,5.6,0.948,14.15,22.2,61.684,97.1,97.78,72.5,37.3,27.26,99.88,57.78,39.29,6,8.4
79063,34.531,-102.096,48069,Castro County,no,yes,no,"Deaf Smith Electric Coop, Inc",Cooperative,coop,,,0.08831054652456309,Southwestern Public Service Co,"Deaf Smith Electric Coop, Inc (coop)",59.4,41.227,67.209,75.867,Top 7% for home size; Top 7% for homeownership; Top 10% for major outage days,225,665,110938,0.965,0.882,248900,6.5,0.307,7.95,47.2,61.36,91.18,0,42.13,97.71,95.92,84.83,20.08,88.85,18,0
75140,32.635,-95.686,48467,Van Zandt County,no,yes,no,"Farmers Electric Coop, Inc - (TX)",Cooperative,coop,,,0.11513822160011435,"Wood County Electric Coop, Inc; Southwestern Electric Power Co","Farmers Electric Coop, Inc - (TX) (coop)",59.3,81.393,48.949,40.243,Top 8% for major outage days; Top 10% for severe-weather risk (FEMA); Top 14% for outage hours per customer,2342,8469,55338,0.816,0.719,169200,5.5,0.598,16.14,52.4,81.476,69.27,62.37,87.71,70.71,94.17,87.96,84.08,83.33,13,2.2
78133,29.892,-98.238,48091,Comal County,no,yes,no,"Pedernales Electric Coop, Inc",Cooperative,coop,,,0.12218223657681021,,"Pedernales Electric Coop, Inc (coop)",59.3,44.769,69.199,68.904,Top 1% for new-home growth; Top 9% for all-electric heating; Top 18% for home value,6570,21959,83853,0.848,0.778,349100,5.4,0.886,4.3,12.9,67.857,82.84,50.52,47.85,86.53,70.5,64.12,72.08,83.4,11,53.1
78645,30.45,-97.972,48453,Travis County,no,yes,no,Austin Energy,Municipal,municipal,,,0.125775626412917,"Pedernales Electric Coop, Inc",Austin Energy (municipal),59.3,32.333,81.967,72.728,Top 10% for home value; Top 10% for household income; Top 13% for homeownership,5028,15256,113008,0.908,0.857,434600,5.9,0.774,7.98,4.8,46.309,64.6,48.06,30.29,28.75,41.91,30.41,63.18,81.56,10,9.1
79061,35.525,-100.442,48483,Wheeler County,no,no,no,"Greenbelt Electric Coop, Inc",Cooperative,coop,,,0.18001619547230926,North Plains Electric Coop Inc; Southwestern Electric Power Co; Southwestern Public Service Co,"small population; Greenbelt Electric Coop, Inc (coop)",59.3,58.61,46.498,72.885,Top 9% for long-term owners; Top 12% for severe-weather risk (FEMA); Top 14% for home size,99,288,99861,0.899,0.912,95800,6.1,0.193,10.13,10,80.507,98.69,49.29,99.42,99.12,99.54,93.69,23.26,99.23,21,0
75492,33.584,-95.994,48147,Fannin County,no,no,yes,ONCOR ELECTRIC DELIVERY COMPANY,Wires company (TDU),base_tdsp,ERCOT,12.6,,,small population,59.2,54.326,60.076,64.789,Top 6% for household income; Top 8% for home size; Top 14% for severe-weather risk (FEMA),73,250,125917,0.761,0.777,174300,6.4,0.376,7.15,19,79.737,87.21,51.18,97.1,57.56,87.57,75.85,93.43,95.47,12,5.7
75656,33.011,-94.572,48067,Cass County,no,yes,no,"Bowie-Cass Electric Coop, Inc",Cooperative,coop,,,0.12564696965847794,Southwestern Electric Power Co,"Bowie-Cass Electric Coop, Inc (coop)",59.2,93.831,45.831,26.254,Top 2% for severe-weather risk (FEMA); Top 3% for outage hours per customer; Top 7% for major outage days,1268,4507,41727,0.732,0.764,144500,5.3,0.785,25.34,55.9,87.774,86.83,64.01,99.58,87.89,98.58,75.81,92.94,95.61,14,0.8
75681,31.925,-94.704,48401,Rusk County,no,yes,no,Cherokee County Elec Coop Assn - (TX),Cooperative,coop,,,0.14916409900306027,"Rusk County Electric Coop, Inc; Southwestern Electric Power Co",Cherokee County Elec Coop Assn - (TX) (coop),59.2,82.556,51.428,35.783,Top 9% for outage hours per customer; Top 10% for major outage days; Top 20% for severe-weather risk (FEMA),716,2248,48079,0.83,0.829,178500,5.4,0.72,20.88,45.8,76.721,47.8,74.31,81.91,68.59,95.05,67.92,79.59,69.68,14,0.3
79503,32.869,-99.693,48253,Jones County,no,no,yes,AEP TEXAS NORTH,Wires company (TDU),base_tdsp,ERCOT,12.7,,"Big Country Electric Coop, Inc",small population,59.2,60.436,55.086,61.79,Top 6% for home size; Top 16% for homeownership; Top 18% for household income,69,202,98697,0.89,0.906,114000,6.6,0.422,13.34,26.9,71.206,74.63,46.54,61.26,88.01,94.98,45.89,75.53,86.23,11,0.1
75780,31.991,-95.092,48073,Cherokee County,no,no,yes,ONCOR ELECTRIC DELIVERY COMPANY,Wires company (TDU),base_tdsp,ERCOT,12.6,,,small population; mostly apartments,59.1,78.679,42.178,49.756,Top 1% for severe-weather risk (FEMA); Top 13% for major outage days; Top 21% for homeownership,70,373,,0.865,0.489,,5.3,0.559,14.52,41.9,89.001,82.87,77.88,94.04,87.6,98.85,91.46,89.2,83.98,11,1.5
76653,31.3,-96.609,48293,Limestone County,no,yes,no,"Navasota Valley Elec Coop, Inc",Cooperative,coop,,,0.15754613767238312,Heart of Texas Electric Coop; Entergy Texas Inc.,"Navasota Valley Elec Coop, Inc (coop)",59.1,79.79,49.968,40.684,Top 1% for outage hours per customer; Top 6% for major outage days; Top 16% for severe-weather risk (FEMA),325,1067,48500,0.864,0.792,150200,5.9,0.339,31.36,57,78.739,75.84,81.92,77.2,72.3,79.87,92.43,64.57,82.88,14,1.9
78116,29.102,-97.744,48255,Karnes County,no,no,yes,AEP TEXAS CENTRAL,Wires company (TDU),base_tdsp,ERCOT,12.05,,"Guadalupe Valley Elec Coop Inc; Karnes Electric Coop Inc; Victoria Electric Coop, Inc",small population,59.1,42.282,54.446,86.188,Top 3% for homeownership; Top 6% for long-term owners; Top 11% for all-electric heating,56,226,88700,1,0.65,331800,5,0.872,6.25,19.6,58.996,87.41,89.9,26.06,45.89,69.75,55.07,55.52,70.78,23,18.7
78123,29.6,-98.048,48187,Guadalupe County,no,yes,no,Guadalupe Valley Elec Coop Inc,Cooperative,coop,,,0.12486205657266077,,Guadalupe Valley Elec Coop Inc (coop),59.1,28.415,77.857,81.188,Top 14% for home size; Top 15% for new-home growth; Top 16% for homeownership,643,2127,97553,0.893,0.786,238500,6.1,0.826,1.51,9.1,60.609,98.11,53.52,27.1,76.87,60,55.25,71.61,79.91,16,19
76678,31.661,-96.76,48293,Limestone County,no,no,yes,ONCOR ELECTRIC DELIVERY COMPANY,Wires company (TDU),base_tdsp,ERCOT,12.6,,,small population,58.9,77.273,47.975,45.339,Top 1% for outage hours per customer; Top 6% for major outage days; Top 15% for all-electric heating,30,102,61944,0.85,0.767,215600,5.1,0.833,31.36,57,65.249,65.28,71.78,66.04,44.36,67.55,95.61,44.79,66.61,12,1.9
77660,30.65,-94.141,48457,Tyler County,no,yes,no,"Jasper-Newton Elec Coop, Inc",Cooperative,coop,,,0.1295961422543701,Entergy Texas Inc.,"Jasper-Newton Elec Coop, Inc (coop)",58.8,92.398,32.128,40.682,Top 1% for severe-weather risk (FEMA); Top 2% for major outage days; Top 10% for outage hours per customer,247,1151,61500,0.832,0.559,181900,4.2,0.784,20.44,78.8,89.083,92.93,94.57,93.78,75.38,88.37,93.69,82.13,95.66,11,0.8
77833,30.215,-96.41,48477,Washington County,no,yes,no,City of Brenham - (TX),Municipal,municipal,,,0.10578108941418293,"Bartlett Electric Coop, Inc; Bluebonnet Electric Coop, Inc; Fayette Electric Coop, Inc; Mid-South Electric Coop Assn; Entergy Texas Inc.",City of Brenham - (TX) (municipal),58.8,70.35,54.024,48.139,Top 9% for severe-weather risk (FEMA); Top 18% for major outage days,7487,29498,73388,0.66,0.737,280500,5.3,0.643,9.51,33.4,81.679,81.37,87.25,73.92,72.7,82.46,91.83,71.88,91.71,14,8.4
78739,30.178,-97.889,48453,Travis County,no,yes,no,Austin Energy,Municipal,municipal,,,0.125775626412917,"Pedernales Electric Coop, Inc",Austin Energy (municipal),58.8,26.392,80.504,80.263,Top 1% for household income; Top 1% for home size; Top 2% for home value,7373,20659,238559,0.928,0.992,808600,7.9,0.307,7.98,4.8,55.863,69.46,50.69,39.15,39.08,53.54,40.64,77.06,90.88,12,9.1
78940,29.94,-96.659,48149,Fayette County,no,yes,no,"Bluebonnet Electric Coop, Inc",Cooperative,coop,,,0.11415535256836253,"Fayette Electric Coop, Inc","Bluebonnet Electric Coop, Inc (coop)",58.8,40.293,72.927,69.343,Top 9% for homeownership; Top 14% for home size; Top 23% for severe-weather risk (FEMA),688,2188,89157,0.946,0.818,292200,6.1,0.595,2.49,8.5,75.683,72.72,86.48,62.1,63.87,85.71,82.67,63.16,85.79,14,1.6
79036,35.613,-101.547,48065,Carson County,no,yes,no,"Rita Blanca Electric Coop, Inc",Cooperative,coop,,,0.08282806980545157,Southwestern Public Service Co,"Rita Blanca Electric Coop, Inc (coop)",58.8,53.939,48.97,75.087,Top 11% for homeownership; Top 20% for home size; Top 23% for household income,1440,5007,90170,0.923,0.748,132300,5.9,0.37,13.39,17.9,68.237,88.66,0,83.57,98.11,93.99,89.65,20.04,92.3,14,11
77367,30.856,-95.399,48471,Walker County,no,no,no,Mid-South Electric Coop Assn,Cooperative,coop,,,0.14083167598808907,Entergy Texas Inc.,small population; mostly apartments; Mid-South Electric Coop Assn (coop),58.7,92.048,45.439,27.556,Top 3% for major outage days; Top 3% for outage hours per customer; Top 5% for all-electric heating,58,446,,0.483,0.339,,5,0.933,24.42,67.6,78.62,83.78,85.02,84.67,60.37,60.02,89.36,75.4,95.5,8,21.8
77964,29.379,-96.835,48285,Lavaca County,no,yes,no,"Fayette Electric Coop, Inc",Cooperative,coop,,,0.12542758057452627,"Guadalupe Valley Elec Coop Inc; Jackson Electric Coop, Inc - (TX); San Bernard Electric Coop, Inc; Victoria Electric Coop, Inc; Wharton County Elec Coop, Inc","Fayette Electric Coop, Inc (coop)",58.7,72.944,50.64,47.83,Top 16% for major outage days; Top 17% for severe-weather risk (FEMA),2325,8204,68056,0.801,0.737,238300,5.3,0.645,13,34.8,78.046,97.78,92.8,56.7,65.66,75.28,99.03,74.26,82.59,13,1.9
77617,29.507,-94.519,48167,Galveston County,no,no,no,Entergy Texas Inc.,Investor Owned,ioi_non_ercot,non-ERCOT,,0.1366459934147402,,small population; Entergy Texas Inc. (ioi_non_ercot),58.6,70.044,33.513,68.496,Top 1% for all-electric heating; Top 3% for homeownership; Top 11% for outage hours per customer,13,44,75703,1,0.781,,3.9,1,20.41,26.1,63.544,95.39,95.39,75.09,17.77,31.53,94,52.97,78.06,11,17.5
77655,29.71,-93.938,48245,Jefferson County,no,no,no,Entergy Texas Inc.,Investor Owned,ioi_non_ercot,non-ERCOT,,0.1366459934147402,,small population; Entergy Texas Inc. (ioi_non_ercot),58.6,73.257,32.014,65.753,Top 3% for homeownership; Top 4% for outage hours per customer; Top 7% for major outage days,111,330,73750,1,0.878,147000,4.9,0.736,24.2,55.6,65.426,93.16,96.08,77.81,43.79,56.61,68.29,36.17,79.23,14,4.9
75784,31.872,-94.974,48401,Rusk County,no,no,no,Cherokee County Elec Coop Assn - (TX),Cooperative,coop,,,0.14916409900306027,Southwestern Electric Power Co,mostly apartments; Cherokee County Elec Coop Assn - (TX) (coop),58.5,77.833,45.467,45.874,Top 7% for homeownership; Top 9% for outage hours per customer; Top 10% for major outage days,98,531,64545,0.98,0.48,113500,5.8,0.401,20.88,45.8,80.234,49.35,74.68,86.44,73.84,95.77,76.64,82.88,71.39,8,0.3
76364,34.032,-98.995,48487,Wilbarger County,no,no,yes,AEP TEXAS NORTH,Wires company (TDU),base_tdsp,ERCOT,12.7,,,small population,58.4,58.248,49.601,67.338,Top 8% for household income; Top 11% for severe-weather risk (FEMA); Top 14% for long-term owners,78,268,117928,0.761,0.813,84600,5.7,0.706,5.75,14.6,80.703,98.82,50.11,92.36,78.51,98.2,70.1,84.94,90.7,19,0.7
77340,30.64,-95.538,48471,Walker County,no,yes,no,Mid-South Electric Coop Assn,Cooperative,coop,,,0.14083167598808907,Sam Houston Electric Coop Inc; Entergy Texas Inc.,Mid-South Electric Coop Assn (coop),58.3,89.777,47.172,27.547,Top 3% for major outage days; Top 3% for outage hours per customer; Top 9% for severe-weather risk (FEMA),6868,37517,48538,0.476,0.504,244000,5.1,0.726,24.42,67.6,81.566,75.54,87.47,86.32,67.47,66.72,90.23,77.32,95.43,13,21.8
78836,28.302,-99.704,48127,Dimmit County,no,no,yes,AEP TEXAS CENTRAL,Wires company (TDU),base_tdsp,ERCOT,12.05,,"Medina Electric Coop, Inc; Rio Grande Electric Coop, Inc",small population; mostly renters,58.2,78.204,82.339,7.502,Top 1% for outage hours per customer; Top 1% for all-electric heating; Top 21% for major outage days,15,155,,0.258,0.516,,5.8,1,31.36,31,66.249,80.99,76.73,61.63,45.25,42.98,80.41,98.96,57.78,,0.9
75862,30.965,-95.326,48455,Trinity County,no,yes,no,Houston County Elec Coop Inc,Cooperative,coop,,,0.16600964239754953,Mid-South Electric Coop Assn; Sam Houston Electric Coop Inc; Entergy Texas Inc.,Houston County Elec Coop Inc (coop),58.1,95.368,38.852,27.564,Top 1% for outage hours per customer; Top 3% for major outage days; Top 6% for severe-weather risk (FEMA),2089,9968,52017,0.77,0.545,124200,5.1,0.849,31.36,67.9,83.653,84.03,88.76,86.82,63.66,93.81,97.46,68.8,86.26,11,0.2
79051,36.483,-102.259,48111,Dallam County,no,no,no,Southwestern Public Service Co,Investor Owned,ioi_non_ercot,non-ERCOT,,0.13352364853480414,,small population; Southwestern Public Service Co (ioi_non_ercot),58.1,39.163,69.066,72.29,Top 3% for homeownership; Top 4% for home size; Top 17% for severe-weather risk (FEMA),2,9,,1,0.724,,7,0,3.82,7.1,78.367,99.57,,90.37,99.67,98.6,99.82,4.63,77.11,,1.8
79366,33.53,-101.685,48303,Lubbock County,no,yes,no,South Plains Electric Coop Inc,Cooperative,coop,,,0.10228990957165597,Southwestern Public Service Co,South Plains Electric Coop Inc (coop),58.0,30.996,70.634,81.24,Top 6% for homeownership; Top 8% for home size; Top 10% for household income,393,1041,113950,0.984,0.992,341000,6.4,0.218,1.53,6,73.459,99.69,37.14,78.92,93.69,98.8,83.24,29.9,92.52,12,18
76622,31.816,-97.243,48217,Hill County,no,yes,no,Heart of Texas Electric Coop,Cooperative,coop,,,0.12623769605981833,,Heart of Texas Electric Coop (coop),57.9,68.014,47.765,54.417,Top 13% for severe-weather risk (FEMA),386,1447,74167,0.787,0.694,195700,5.3,0.682,8.54,28,80.154,88.46,68.74,89.95,34.41,85.29,99.17,85.14,98.38,14,4.5
77853,30.355,-96.841,48287,Lee County,no,yes,no,"Bartlett Electric Coop, Inc",Cooperative,coop,,,0.16087274616563196,"Bluebonnet Electric Coop, Inc; Entergy Texas Inc.","Bartlett Electric Coop, Inc (coop)",57.9,68.819,42.143,58.979,Top 4% for long-term owners; Top 10% for homeownership; Top 11% for severe-weather risk (FEMA),206,884,60069,0.925,0.608,128700,5.5,0.545,11.37,26.8,80.653,84.54,83.55,63.95,76.84,86.76,99.17,67.17,87.13,24,3.6
79251,34.943,-100.452,48087,Collingsworth County,no,no,no,"Greenbelt Electric Coop, Inc",Cooperative,coop,,,0.18001619547230926,Southwestern Electric Power Co,"small population; Greenbelt Electric Coop, Inc (coop)",57.9,48.6,52.748,75.602,Top 1% for long-term owners; Top 3% for homeownership; Top 8% for home size,11,31,,1,1,133900,6.4,0,7.65,4.9,79.877,99.09,43.08,98.48,98.39,99.79,85.8,35.66,97.94,35,0.4
77448,29.416,-96.085,48481,Wharton County,no,no,yes,CENTERPOINT ENERGY HOUSTON ELECTRIC LLC,Wires company (TDU),base_tdsp,ERCOT,13.0,,,small population,57.8,74.375,11.188,82.272,Top 2% for major outage days; Top 3% for homeownership; Top 3% for severe-weather risk (FEMA),65,171,,1,1,,-666666666,0.569,9.53,74.1,86.627,97.85,98.05,77.98,64.68,86.81,99,88.75,91.12,,8.2
78618,30.465,-99.156,48171,Gillespie County,no,no,no,"Central Texas Elec Coop, Inc",Cooperative,coop,,,0.11027817039654494,,"small population; Central Texas Elec Coop, Inc (coop)",57.8,54.389,48.692,71.512,Top 12% for homeownership; Top 13% for outage hours per customer; Top 14% for long-term owners,113,346,81528,0.913,0.855,349300,5.1,0.613,17.75,15.5,60.623,80.65,56.41,8.67,92.22,76.82,63.25,51.23,75.76,19,4.1
78643,30.689,-98.69,48299,Llano County,no,yes,no,"Central Texas Elec Coop, Inc",Cooperative,coop,,,0.11027817039654494,"Pedernales Electric Coop, Inc","Central Texas Elec Coop, Inc (coop)",57.8,53.175,68.416,53.411,Top 16% for home value; Top 16% for all-electric heating; Top 22% for new-home growth,2036,7088,68365,0.747,0.822,362600,5.4,0.825,8.87,21.4,63.113,89.29,54.58,12.86,89.02,77.38,70.54,61.43,75.98,14,14.7
75036,,,48121,Denton County,no,yes,no,,,none,,,,,unknown utility (none),57.7,26.995,78.897,77.423,Top 3% for household income; Top 4% for home size; Top 5% for home value,11298,33496,151645,0.877,0.934,564500,7,0.369,4.58,4.6,65.653,65.37,35.41,82.48,46.73,53.71,61,81.55,98.69,9,22.9
78027,29.969,-98.539,48259,Kendall County,no,no,no,"Bandera Electric Coop, Inc",Cooperative,coop,,,0.12401152270639165,"Pedernales Electric Coop, Inc","small population; Bandera Electric Coop, Inc (coop)",57.6,52.407,42.672,79.489,Top 3% for homeownership; Top 11% for household income; Top 19% for all-electric heating,122,318,111119,1,1,289800,4.2,0.813,6.64,22.8,67.486,91.46,53.23,25.55,93.88,93.38,69.94,45.98,90.44,11,14.9
78610,30.079,-97.838,48209,Hays County,no,yes,no,Austin Energy,Municipal,municipal,,,0.125775626412917,"Bluebonnet Electric Coop, Inc; Pedernales Electric Coop, Inc",Austin Energy (municipal),57.6,37.42,71.854,70.336,Top 4% for new-home growth; Top 8% for household income; Top 12% for home value,14644,48319,119698,0.788,0.844,408000,5.9,0.524,5.59,29,62.286,56.75,50.94,38.24,71.32,64.02,54.74,70.94,85.8,9,40.6
78101,29.354,-98.238,48029,Bexar County,no,yes,no,City of San Antonio - (TX),Municipal,municipal,,,0.12432968896776977,Guadalupe Valley Elec Coop Inc,City of San Antonio - (TX) (municipal),57.5,22.815,84.88,76.257,Top 11% for household income; Top 11% for homeownership; Top 12% for home size,2174,7267,111280,0.917,0.778,335500,6.2,0.825,3.4,3.4,55.633,72.06,55.78,26.75,49.91,50.6,43.93,76.01,86.45,13,7.2
78113,28.867,-98.24,48493,Wilson County,no,yes,no,Guadalupe Valley Elec Coop Inc,Cooperative,coop,,,0.12486205657266077,Karnes Electric Coop Inc,Guadalupe Valley Elec Coop Inc (coop),57.4,41.398,75.046,61.248,Top 9% for long-term owners; Top 14% for all-electric heating,853,3026,78505,0.739,0.733,300000,5.7,0.838,2.35,13.4,68.494,86.91,79.08,41.82,65.87,77.74,57.99,73.52,83.44,21,7.6
78609,30.765,-98.451,48299,Llano County,no,yes,no,"Central Texas Elec Coop, Inc",Cooperative,coop,,,0.11027817039654494,"Pedernales Electric Coop, Inc","Central Texas Elec Coop, Inc (coop)",57.4,56.623,71.354,44.342,Top 9% for all-electric heating; Top 22% for new-home growth; Top 23% for home value,529,1983,64418,0.732,0.694,319700,5.5,0.887,8.87,21.4,64.817,82.9,54.39,14.4,89.86,80.92,70.72,62.67,80.76,11,14.7
78631,30.34,-99.307,48267,Kimble County,no,yes,no,"Central Texas Elec Coop, Inc",Cooperative,coop,,,0.11027817039654494,"Pedernales Electric Coop, Inc","Central Texas Elec Coop, Inc (coop)",57.4,52.599,69.094,52.018,Top 10% for all-electric heating; Top 18% for home value,827,3465,78560,0.842,0.621,351600,5.4,0.875,8.79,20.9,62.057,89.16,61.63,5.8,93.33,78.55,65.3,51.4,78.39,11,0.3
78642,30.691,-97.941,48491,Williamson County,no,yes,no,"Bartlett Electric Coop, Inc",Cooperative,coop,,,0.16087274616563196,"Pedernales Electric Coop, Inc","Bartlett Electric Coop, Inc (coop)",57.4,27.892,80.893,73.414,Top 5% for household income; Top 6% for home value; Top 9% for new-home growth,8387,26434,132958,0.829,0.825,506600,6.3,0.592,6.41,9.9,53.719,33.52,46.98,34.12,79.09,32.38,72.03,45.22,66.21,7,27.6
76266,33.373,-97.213,48121,Denton County,no,yes,no,Cooke County Elec Coop Assn,Cooperative,coop,,,0.1400907646925346,"Denton County Elec Coop, Inc; Wise Electric Coop Inc",Cooke County Elec Coop Assn (coop),57.3,35.926,75.01,67.947,Top 13% for new-home growth; Top 17% for household income; Top 20% for home value,5683,18155,99425,0.814,0.827,338300,5.8,0.727,4.58,4.6,66.406,65.38,42.3,80.2,50.74,52.78,61.8,79.52,97.5,10,22.9
77533,30.087,-94.6,48291,Liberty County,no,yes,no,Entergy Texas Inc.,Investor Owned,ioi_non_ercot,non-ERCOT,,0.1366459934147402,,Entergy Texas Inc. (ioi_non_ercot),57.3,77.827,41.059,46.319,Top 2% for new-home growth; Top 5% for outage hours per customer; Top 12% for major outage days,282,1016,65557,0.723,0.824,118500,5.2,0.824,23.68,43.1,67.807,56.24,86.98,77.78,39.08,42.14,70.37,66.75,91.55,10,45
78738,30.32,-97.958,48453,Travis County,no,yes,no,Austin Energy,Municipal,municipal,,,0.125775626412917,"Pedernales Electric Coop, Inc",Austin Energy (municipal),57.3,31.174,84.869,64.572,Top 1% for household income; Top 1% for home value; Top 2% for home size,8983,31019,183048,0.753,0.779,916300,7.5,0.544,7.98,4.8,57.42,68.87,51.27,44.16,36.85,56.84,39.81,79.63,93.38,9,9.1
76445,32.303,-98.552,48133,Eastland County,no,no,yes,ONCOR ELECTRIC DELIVERY COMPANY,Wires company (TDU),base_tdsp,ERCOT,12.6,,,small population,57.2,66.384,52.353,49.686,Top 15% for outage hours per customer; Top 18% for major outage days,62,222,72857,0.735,0.806,,5.3,0.745,16.01,33.5,63.89,50.14,50.92,36.24,71.1,77.95,83.71,50.53,76.78,16,1.8
78654,30.581,-98.209,48053,Burnet County,no,yes,no,"Bartlett Electric Coop, Inc",Cooperative,coop,,,0.16087274616563196,"Central Texas Elec Coop, Inc; Pedernales Electric Coop, Inc","Bartlett Electric Coop, Inc (coop)",57.2,50.452,69.48,53.776,Top 1% for new-home growth; Top 10% for all-electric heating; Top 17% for home value,5297,20650,74130,0.667,0.712,358400,5.4,0.876,6.87,29.9,62.593,63.99,50.55,24.78,73.6,76.04,63.99,69.25,79.94,13,50.8
75572,33.226,-94.128,48067,Cass County,no,yes,no,"Bowie-Cass Electric Coop, Inc",Cooperative,coop,,,0.12564696965847794,Southwest Arkansas E C C; Southwestern Electric Power Co,"Bowie-Cass Electric Coop, Inc (coop)",57.1,82.679,49.881,30.136,Top 3% for outage hours per customer; Top 7% for major outage days; Top 24% for long-term owners,817,3130,45625,0.724,0.679,134200,5.5,0.732,25.34,55.9,73.029,33.93,48.86,95.73,60.68,91.97,56.21,81.89,75.86,17,0.8
77650,29.427,-94.686,48167,Galveston County,no,yes,no,Entergy Texas Inc.,Investor Owned,ioi_non_ercot,non-ERCOT,,0.1366459934147402,,Entergy Texas Inc. (ioi_non_ercot),57.1,66.884,45.045,55.967,Top 8% for homeownership; Top 11% for outage hours per customer; Top 18% for new-home growth,832,2322,61745,0.96,0.932,351600,4.3,0.792,20.41,26.1,63.544,95.39,95.39,75.09,17.77,31.53,94,52.97,78.06,10,17.5
77994,29.178,-97.472,48123,DeWitt County,no,no,yes,AEP TEXAS CENTRAL,Wires company (TDU),base_tdsp,ERCOT,12.05,,"Guadalupe Valley Elec Coop Inc; Victoria Electric Coop, Inc",small population,57.1,51.809,61.78,59.313,Top 18% for severe-weather risk (FEMA),136,424,87589,0.836,0.926,,5.5,0.736,3.97,16.9,77.644,95.84,95.01,51.3,66.04,76.24,90.07,77.92,86.93,12,1.5
78957,30.014,-97.182,48021,Bastrop County,no,yes,no,"Bluebonnet Electric Coop, Inc",Cooperative,coop,,,0.11415535256836253,"Fayette Electric Coop, Inc","Bluebonnet Electric Coop, Inc (coop)",57.1,60.507,59.052,50.632,Top 8% for new-home growth; Top 12% for major outage days,2943,10543,69149,0.726,0.754,259900,5.5,0.626,10.44,43.8,67.644,68.52,60.57,51.89,74.98,69.3,68.23,66.74,81.8,12,28.1
76070,32.266,-97.655,48425,Somervell County,no,yes,no,United Electric Coop Service Inc - (TX),Cooperative,coop,,,0.12998031604969906,Heart of Texas Electric Coop,United Electric Coop Service Inc - (TX) (coop),57.0,61.767,36.336,71.263,Top 4% for household income; Top 5% for all-electric heating; Top 11% for homeownership,348,1164,140420,0.922,0.778,,4.5,0.935,7.54,19.1,71.987,76.46,55.94,81.56,48.08,72.18,86,65.72,94.43,8,4.7
76937,31.389,-100.151,48451,Tom Green County,no,no,yes,AEP TEXAS NORTH,Wires company (TDU),base_tdsp,ERCOT,12.7,,Concho Valley Elec Coop Inc,small population,57.0,36.497,78.214,63.229,Top 1% for home value; Top 4% for home size; Top 11% for household income,86,280,110871,0.802,1,1104200,7,0,7.25,18.8,63.436,92.87,51.37,17.97,93.59,72.67,68.34,74.33,65.78,10,5.8
78671,30.219,-98.63,48171,Gillespie County,no,no,no,"Central Texas Elec Coop, Inc",Cooperative,coop,,,0.11027817039654494,"Pedernales Electric Coop, Inc","small population; Central Texas Elec Coop, Inc (coop)",57.0,65.585,62.571,40.008,Top 13% for outage hours per customer; Top 20% for home size,127,413,61200,0.803,0.845,,5.9,0.451,17.75,15.5,73.246,95.51,60.39,44.66,95.5,89.22,76.51,52.85,93.59,10,4.1
78677,29.35,-97.58,48177,Gonzales County,no,no,no,Guadalupe Valley Elec Coop Inc,Cooperative,coop,,,0.12486205657266077,,small population; mostly apartments; Guadalupe Valley Elec Coop Inc (coop),57.0,67.519,29.501,70.484,Top 1% for all-electric heating; Top 3% for homeownership; Top 17% for major outage days,0,44,,1,0,,-666666666,1,6.85,34.2,76.214,97.86,95.72,30.03,74.01,97.43,84.73,61.08,90.5,,1.3
78871,30.007,-101.655,48465,Val Verde County,no,no,no,"Rio Grande Electric Coop, Inc",Cooperative,coop,,,0.18509998844064268,"Southwest Texas Elec Coop, Inc","small population; Rio Grande Electric Coop, Inc (coop)",57.0,50.523,43.616,79.028,Top 1% for all-electric heating; Top 3% for homeownership,8,32,,1,0.722,,4.9,1,11.31,24.6,49.417,96.89,61.37,2.72,91.1,48.61,41.19,48.29,52.64,,5.6
75845,31.088,-95.077,48455,Trinity County,no,yes,no,Houston County Elec Coop Inc,Cooperative,coop,,,0.16600964239754953,Sam Houston Electric Coop Inc; Entergy Texas Inc.,Houston County Elec Coop Inc (coop),56.8,91.734,29.785,37.099,Top 1% for outage hours per customer; Top 2% for severe-weather risk (FEMA); Top 3% for major outage days,592,2473,48333,0.882,0.623,104600,5.1,0.66,31.36,67.9,88.403,91.54,91.7,90.6,74.39,98.87,99.49,73.47,90.3,13,0.2
78114,29.115,-98.209,48493,Wilson County,no,yes,no,City of Floresville,Municipal,municipal,,,0.12374172236662953,City of San Antonio - (TX); Guadalupe Valley Elec Coop Inc; Karnes Electric Coop Inc,City of Floresville (municipal),56.8,32.218,78.445,67.866,Top 18% for all-electric heating; Top 20% for home size; Top 25% for household income,6350,24283,88087,0.834,0.68,292600,5.9,0.815,2.35,13.4,62.014,78.49,64.39,35.6,66.05,68.57,51.24,70.36,77.89,14,7.6
79783,32.322,-102.042,48317,Martin County,no,no,yes,ONCOR ELECTRIC DELIVERY COMPANY,Wires company (TDU),base_tdsp,ERCOT,12.6,,,small population,56.8,43.884,65.643,65.165,Top 6% for household income; Top 11% for major outage days; Top 11% for homeownership,38,113,128516,0.919,0.878,,6.1,0.405,14.68,45.5,46.676,82.04,45.96,12.52,56.29,88.7,40.9,24.25,58.11,5,0.1
75455,33.217,-94.975,48449,Titus County,no,yes,no,"Bowie-Cass Electric Coop, Inc",Cooperative,coop,,,0.12564696965847794,"Farmers Electric Coop, Inc - (TX); Upshur Rural Elec Coop Corp; Southwestern Electric Power Co","Bowie-Cass Electric Coop, Inc (coop)",56.7,79.491,49.979,32.894,Top 11% for severe-weather risk (FEMA); Top 20% for major outage days,7005,26903,56163,0.677,0.724,186900,5.3,0.755,14.24,32.4,80.803,63.88,58.43,98.52,74,93.71,72.7,82.23,86.03,15,1.8
76379,33.668,-98.489,48009,Archer County,no,yes,no,,,none,,,,,unknown utility (none),56.7,65.322,50.109,51.868,Top 24% for long-term owners,196,672,70313,0.76,0.816,148300,5.5,0.708,11.26,23.9,72.086,56.12,49.16,79.62,66.39,91.89,64.53,77.01,76,17,2.6
76679,31.928,-96.579,48349,Navarro County,no,no,yes,ONCOR ELECTRIC DELIVERY COMPANY,Wires company (TDU),base_tdsp,ERCOT,12.6,,"Navarro County Elec Coop, Inc",mostly apartments,56.7,55.895,54.281,60.285,Top 8% for new-home growth; Top 9% for all-electric heating; Top 10% for severe-weather risk (FEMA),260,1433,75878,0.785,0.472,161300,5.4,0.883,3.88,10.2,81.381,74.02,60.86,87.33,60.23,92.02,88.63,83.46,97.14,12,28.8
77863,,,48051,Burleson County,no,no,no,"Bartlett Electric Coop, Inc",Cooperative,coop,,,0.16087274616563196,Entergy Texas Inc.,"small population; mostly renters; Bartlett Electric Coop, Inc (coop)",56.7,74.639,70.862,18.698,Top 1% for all-electric heating; Top 10% for major outage days,68,482,,0.369,0.774,,5.5,1,13.89,48.8,69.467,35.63,76.28,78.08,64.6,72.82,81.26,54.83,58.4,,5.6
78122,29.429,-97.736,48177,Gonzales County,no,no,yes,AEP TEXAS CENTRAL,Wires company (TDU),base_tdsp,ERCOT,12.05,,Guadalupe Valley Elec Coop Inc,small population; mostly apartments,56.7,72.952,36.113,55.762,Top 1% for all-electric heating; Top 3% for homeownership; Top 6% for severe-weather risk (FEMA),37,338,,1,0.29,,4.4,1,6.85,34.2,83.853,96.8,92.66,45.31,80.22,95.92,93.71,84.57,94.58,10,1.3
77304,30.328,-95.516,48339,Montgomery County,no,yes,no,Mid-South Electric Coop Assn,Cooperative,coop,,,0.14083167598808907,Entergy Texas Inc.,Mid-South Electric Coop Assn (coop),56.6,62.517,57.074,48.189,Top 1% for new-home growth; Top 7% for outage hours per customer; Top 17% for home value,9729,44225,80425,0.572,0.595,355300,5.4,0.538,22.46,27,64.481,39.76,75.8,71.51,44.38,49.13,71.78,53.57,85.2,9,47.8
78058,30.095,-99.628,48265,Kerr County,no,yes,no,"Bandera Electric Coop, Inc",Cooperative,coop,,,0.12401152270639165,"Central Texas Elec Coop, Inc; Pedernales Electric Coop, Inc","Bandera Electric Coop, Inc (coop)",56.6,48.222,52.886,71.61,Top 7% for homeownership; Top 20% for household income,269,985,93581,0.973,0.712,245400,5.2,0.779,7.81,15.9,63.891,93.46,59.69,3.4,94.99,81.2,66.13,62.65,79.18,13,4.5
78160,29.253,-97.927,48493,Wilson County,no,yes,no,Guadalupe Valley Elec Coop Inc,Cooperative,coop,,,0.12486205657266077,Karnes Electric Coop Inc,Guadalupe Valley Elec Coop Inc (coop),56.5,48.598,69.747,53.877,Top 9% for all-electric heating; Top 25% for severe-weather risk (FEMA),1044,4885,64800,0.827,0.556,243300,5.6,0.886,2.35,13.4,75.06,94.34,74.52,48.98,78.05,86.1,62.33,81.94,93.5,14,7.6
78358,28.068,-97.042,48007,Aransas County,no,no,yes,AEP TEXAS CENTRAL,Wires company (TDU),base_tdsp,ERCOT,12.05,,,small population,56.5,61.561,39.101,67.296,Top 17% for new-home growth; Top 19% for major outage days; Top 21% for homeownership,109,478,86250,0.863,0.594,,5.2,0.605,11.76,32.6,68.961,84.21,96.43,46.17,43.42,58.94,88.81,70.42,78.54,10,18
76245,33.831,-96.84,48181,Grayson County,no,yes,no,"Grayson-Collin Elec Coop, Inc",Cooperative,coop,,,0.1640044565941887,,"Grayson-Collin Elec Coop, Inc (coop)",56.4,55.344,41.357,72.978,Top 9% for homeownership; Top 12% for new-home growth; Top 21% for household income,544,1814,92212,0.946,0.781,219600,5,0.719,7.16,22.5,70.526,62.16,43.38,93.81,60.09,55.17,73.28,83.08,84.87,9,23.5
76481,32.99,-98.745,48503,Young County,no,no,yes,TEXAS-NEW MEXICO POWER COMPANY,Wires company (TDU),base_tdsp,ERCOT,15.1,,,small population,56.3,41.14,66.704,66.027,Top 3% for homeownership; Top 10% for home size,36,96,82244,1,1,,6.3,0.316,5.64,14.9,70.703,88.59,51.31,55.53,70.38,96.52,61.15,77.54,82.49,13,1.5
78963,29.917,-97.029,48149,Fayette County,no,yes,no,"Fayette Electric Coop, Inc",Cooperative,coop,,,0.12542758057452627,,"Fayette Electric Coop, Inc (coop)",56.3,47.142,49.323,75.562,Top 3% for homeownership; Top 13% for severe-weather risk (FEMA); Top 18% for household income,176,605,97917,1,0.757,235600,5.2,0.717,2.49,8.5,79.93,85.23,84.5,65.02,74.13,84.76,88.91,73.45,88.74,16,1.6
75441,33.428,-95.643,48119,Delta County,no,no,yes,ONCOR ELECTRIC DELIVERY COMPANY,Wires company (TDU),base_tdsp,ERCOT,12.6,,,small population,56.2,69.466,27.54,67.028,Top 8% for all-electric heating; Top 10% for severe-weather risk (FEMA); Top 16% for homeownership,28,82,,0.893,1,,-666666666,0.893,7.99,15.8,81.107,85.29,58.71,99.6,66.36,89.01,76.08,80.02,97.97,,3.4
77630,30.066,-93.87,48361,Orange County,no,yes,no,Entergy Texas Inc.,Investor Owned,ioi_non_ercot,non-ERCOT,,0.1366459934147402,,Entergy Texas Inc. (ioi_non_ercot),56.1,73.102,48.322,41.048,Top 1% for outage hours per customer; Top 9% for major outage days,7557,28983,64373,0.678,0.745,174800,5.5,0.556,31.21,52,68.439,77.15,94.98,89.51,46.08,47.48,66.81,54.19,80.02,14,5.6
76525,31.5,-98.131,48193,Hamilton County,no,yes,no,Hamilton County Elec Coop Assn,Cooperative,coop,,,0.1369407507445114,Heart of Texas Electric Coop,Hamilton County Elec Coop Assn (coop),56.0,50.78,60.812,58.027,Top 20% for home size,385,1289,80208,0.778,0.845,169800,5.9,0.638,9.62,13.6,65.553,69.63,56.2,35.78,82.71,74.81,75.67,46.68,87.02,15,3.6
77619,29.948,-93.919,48245,Jefferson County,no,yes,no,Entergy Texas Inc.,Investor Owned,ioi_non_ercot,non-ERCOT,,0.1366459934147402,,Entergy Texas Inc. (ioi_non_ercot),56.0,68.524,39.241,56.138,Top 4% for outage hours per customer; Top 7% for major outage days,5086,16976,73710,0.779,0.885,163600,5.4,0.384,24.2,55.6,67.933,65.1,93.87,76.85,38.85,39.79,82.43,61.52,82.22,16,4.9
75155,32.229,-96.476,48349,Navarro County,no,no,yes,ONCOR ELECTRIC DELIVERY COMPANY,Wires company (TDU),base_tdsp,ERCOT,12.6,,,mostly apartments,55.9,56.05,51.432,60.273,Top 7% for severe-weather risk (FEMA); Top 8% for new-home growth; Top 15% for all-electric heating,492,2951,67336,0.892,0.434,111800,5.5,0.834,3.88,10.2,82.966,80.24,55.88,88.3,60.49,95.53,92.55,89.18,98.83,11,28.8
75651,32.664,-94.538,48203,Harrison County,no,yes,no,Upshur Rural Elec Coop Corp,Cooperative,coop,,,0.12396459838605603,Southwestern Electric Power Co,Upshur Rural Elec Coop Corp (coop),55.9,78.252,48.429,33.542,Top 13% for severe-weather risk (FEMA); Top 18% for long-term owners; Top 21% for major outage days,535,1871,43514,0.744,0.815,162800,5.4,0.698,15.49,31.2,80.046,58.31,56.02,96.24,66.47,75.46,86.79,88,91.34,18,2
79565,32.397,-101.088,48335,Mitchell County,no,no,yes,ONCOR ELECTRIC DELIVERY COMPANY,Wires company (TDU),base_tdsp,ERCOT,12.6,,,small population,55.9,63.047,60.064,42.324,Top 16% for home size; Top 18% for major outage days,53,202,,0.82,0.694,103800,6,0.77,13.18,33.5,65.321,87.39,45.21,39.38,92.12,99.19,54.82,47.52,79.01,11,0.6
75764,31.895,-95.144,48073,Cherokee County,no,no,yes,ONCOR ELECTRIC DELIVERY COMPANY,Wires company (TDU),base_tdsp,ERCOT,12.6,,,small population,55.8,77.126,37.096,45.913,Top 7% for severe-weather risk (FEMA); Top 13% for major outage days,49,202,77614,0.638,0.744,166700,5.2,0.58,14.52,41.9,83.063,67.95,77.07,89.82,78.1,95.98,87.32,84.91,68.24,15,1.5
77702,30.086,-94.128,48245,Jefferson County,no,yes,no,Entergy Texas Inc.,Investor Owned,ioi_non_ercot,non-ERCOT,,0.1366459934147402,,Entergy Texas Inc. (ioi_non_ercot),55.7,71.541,57.484,32.86,Top 4% for outage hours per customer; Top 7% for major outage days; Top 12% for home size,699,3121,62125,0.637,0.583,137000,6.2,0.551,24.2,55.6,68.039,75.29,96.19,81.87,46.85,53.34,70.28,41.95,85.79,12,4.9
77708,30.146,-94.161,48245,Jefferson County,no,yes,no,Entergy Texas Inc.,Investor Owned,ioi_non_ercot,non-ERCOT,,0.1366459934147402,,Entergy Texas Inc. (ioi_non_ercot),55.7,81.602,45.521,31.44,Top 4% for outage hours per customer; Top 7% for major outage days,2561,12065,56586,0.552,0.626,158500,5.3,0.737,24.2,55.6,72.29,61.23,92.11,84.41,37.75,56.28,82.88,62.32,90.28,16,4.9
78661,29.722,-97.759,48055,Caldwell County,no,yes,no,,,none,,,,,unknown utility (none),55.7,47.015,41.926,81.083,Top 6% for new-home growth; Top 12% for homeownership; Top 14% for long-term owners,222,835,82896,0.914,0.693,209700,5.1,0.687,3.89,15.5,74.224,90.41,65.92,48.24,81.16,95.74,65.16,73.75,89.6,19,32
79098,35.152,-102.216,48117,Deaf Smith County,no,yes,no,Southwestern Public Service Co,Investor Owned,ioi_non_ercot,non-ERCOT,,0.13352364853480414,,Southwestern Public Service Co (ioi_non_ercot),55.7,46.533,57.232,66.369,Top 3% for long-term owners; Top 10% for homeownership; Top 14% for home size,204,576,70250,0.926,0.921,170600,6.1,0.407,7.96,32,66.007,96.28,0,45.56,99.31,97.71,97.17,31.56,90.74,26,3.3
77010,29.754,-95.36,48201,Harris County,no,no,yes,CENTERPOINT ENERGY HOUSTON ELECTRIC LLC,Wires company (TDU),base_tdsp,ERCOT,13.0,,,mostly renters; mostly apartments,55.6,71.264,31.99,58.436,Top 1% for household income; Top 1% for all-electric heating; Top 19% for outage hours per customer,0,718,189315,0,0,,3.4,1,15.94,5.5,72.419,92.96,97.38,79.67,25.36,54.51,75.02,77.2,97.79,,11.1
77481,29.473,-95.558,48157,Fort Bend County,no,no,yes,CENTERPOINT ENERGY HOUSTON ELECTRIC LLC,Wires company (TDU),base_tdsp,ERCOT,13.0,,,small population,55.6,43.622,68.361,58.735,Top 3% for homeownership; Top 5% for new-home growth; Top 16% for home size,26,78,57857,1,0.882,,6,0.545,5.55,3.2,77.679,95.48,94.88,79.3,29.86,77.21,77.24,88.63,96.63,12,35.7
78565,26.253,-98.568,48215,Hidalgo County,no,no,yes,AEP TEXAS CENTRAL,Wires company (TDU),base_tdsp,ERCOT,12.05,,,small population,55.6,41.888,38.435,91.167,Top 1% for all-electric heating; Top 3% for homeownership; Top 20% for new-home growth,7,20,,1,1,,4.6,1,4.65,3.1,68.443,78.87,91.38,70.38,58.38,29.51,98.97,82.74,47.74,,15.2
78622,29.755,-97.776,48055,Caldwell County,no,no,no,"Bluebonnet Electric Coop, Inc",Cooperative,coop,,,0.11415535256836253,,"small population; Bluebonnet Electric Coop, Inc (coop)",55.5,44.404,36.34,89.501,Top 6% for new-home growth; Top 7% for long-term owners; Top 15% for homeownership,102,331,,0.897,0.809,160900,5,0.75,3.89,15.5,69.756,86.65,57.96,43.44,77.01,92.91,60.66,70.38,85.93,22,32
78746,30.297,-97.81,48453,Travis County,no,yes,no,Austin Energy,Municipal,municipal,,,0.125775626412917,,Austin Energy (municipal),55.4,26.822,83.19,65.814,Top 1% for home value; Top 1% for household income; Top 5% for home size,7150,28256,188414,0.658,0.694,1494300,6.7,0.538,7.98,4.8,49.623,48.97,50.77,37.94,30.25,48.6,30.52,64.55,84.73,14,9.1
79360,32.69,-102.724,48165,Gaines County,no,yes,no,"Lea County Electric Coop, Inc - (NM)",Cooperative,coop,,,0.0981608972494263,"Lyntegar Electric Coop, Inc; Southwestern Public Service Co","Lea County Electric Coop, Inc - (NM) (coop)",55.4,54.579,59.79,52.068,Top 6% for severe-weather risk (FEMA),4448,17342,79467,0.793,0.667,219200,5.5,0.751,3.36,17.9,83.41,96.06,51.19,81.73,94.74,98.87,99.35,75.95,82.04,12,1.5
79519,32.044,-99.7,48083,Coleman County,no,no,no,,,none,,,,,small population; unknown utility (none),55.4,22.39,76.626,78.151,Top 1% for home size; Top 2% for household income; Top 14% for long-term owners,32,99,163380,0.849,0.841,220500,7.9,0.679,1.41,7.9,59.05,64.87,48.03,20.83,78.37,95.95,60.28,41.02,68.87,19,1.6
78339,27.805,-97.792,48355,Nueces County,no,no,yes,AEP TEXAS CENTRAL,Wires company (TDU),base_tdsp,ERCOT,12.1,,,small population; mostly renters,55.3,61.804,49.391,52.571,Top 5% for all-electric heating; Top 20% for household income,67,465,94444,0.377,0.555,,5.1,0.932,8.18,18,70.11,89.67,95.63,44.6,43.84,64.94,92.51,84.21,65.04,,12.4
78376,27.421,-98.514,48131,Duval County,no,no,yes,AEP TEXAS CENTRAL,Wires company (TDU),base_tdsp,ERCOT,12.05,,,small population,55.3,82.842,23.83,50.165,Top 6% for long-term owners; Top 8% for major outage days; Top 9% for outage hours per customer,31,105,40714,0.909,0.773,,4.2,0.705,21.18,52.4,76.783,93.99,87.3,81.46,41.19,70.2,99.84,92.66,64.83,23,
79039,35.26,-101.096,48065,Carson County,no,yes,no,"Greenbelt Electric Coop, Inc",Cooperative,coop,,,0.18001619547230926,Southwestern Electric Power Co; Southwestern Public Service Co,"Greenbelt Electric Coop, Inc (coop)",55.3,58.201,42.452,64.205,Top 7% for long-term owners; Top 24% for home size,234,744,70357,0.821,0.911,105000,5.8,0.232,13.39,17.9,73.383,98,20.71,88.6,98.88,98.1,88.96,21.78,96.65,22,11
75568,33.193,-94.587,48067,Cass County,no,yes,no,"Bowie-Cass Electric Coop, Inc",Cooperative,coop,,,0.12564696965847794,Southwestern Electric Power Co,"Bowie-Cass Electric Coop, Inc (coop)",55.1,85.497,36.262,33.345,Top 3% for outage hours per customer; Top 7% for major outage days; Top 9% for severe-weather risk (FEMA),746,2677,48417,0.725,0.731,123600,5.3,0.587,25.34,55.9,81.637,66.93,57.84,98.52,76.24,96.04,66.93,87.9,87.99,20,0.8
78340,28.121,-97.197,48391,Refugio County,no,no,yes,AEP TEXAS CENTRAL,Wires company (TDU),base_tdsp,ERCOT,12.05,,,small population,55.1,80.014,31.997,44.916,Top 10% for homeownership; Top 16% for severe-weather risk (FEMA); Top 18% for all-electric heating,153,455,54000,0.933,0.879,162900,4.4,0.819,14.89,29.8,78.626,98.06,98.85,59.91,55.04,72.28,99.21,84.27,80.82,10,7.5
75602,32.45,-94.666,48203,Harrison County,no,yes,no,"Rusk County Electric Coop, Inc",Cooperative,coop,,,0.12895279910622157,Southwestern Electric Power Co,"Rusk County Electric Coop, Inc (coop)",55.0,79.516,46.07,31.154,Top 3% for severe-weather risk (FEMA); Top 18% for long-term owners; Top 21% for major outage days,4984,20671,52330,0.627,0.721,139700,5.5,0.624,15.49,31.2,86.676,75.61,63.03,98.27,81.63,83.8,90.9,91.3,97.8,18,2
77380,30.137,-95.468,48339,Montgomery County,no,no,yes,CENTERPOINT ENERGY HOUSTON ELECTRIC LLC,Wires company (TDU),base_tdsp,ERCOT,13.0,,Mid-South Electric Coop Assn; Entergy Texas Inc.,mostly renters; mostly apartments,55.0,69.43,37.559,53.306,Top 1% for new-home growth; Top 7% for outage hours per customer; Top 15% for home value,4391,31369,88562,0.364,0.395,375500,4.3,0.575,22.46,27,69.036,63.62,80.75,73.12,52.5,52.32,75.04,57.87,91.65,13,47.8
75642,32.372,-94.177,48365,Panola County,no,no,no,"Panola-Harrison Elec Coop, Inc",Cooperative,coop,,,0.09409557401120287,,"small population; Panola-Harrison Elec Coop, Inc (coop)",54.9,80.238,7.628,68.516,Top 2% for severe-weather risk (FEMA); Top 3% for homeownership; Top 15% for outage hours per customer,33,86,,1,1,,-666666666,0.489,16.04,36.4,87.841,79.89,77.55,98.1,84.85,93.11,74.28,90.34,96.66,,0.7
75979,30.749,-94.389,48457,Tyler County,no,yes,no,"Jasper-Newton Elec Coop, Inc",Cooperative,coop,,,0.1295961422543701,Sam Houston Electric Coop Inc; Entergy Texas Inc.,"Jasper-Newton Elec Coop, Inc (coop)",54.9,90.638,33.202,29.01,Top 2% for major outage days; Top 4% for severe-weather risk (FEMA); Top 10% for outage hours per customer,3282,11273,51594,0.757,0.769,161400,4.8,0.755,20.44,78.8,85.739,87.79,94.29,92.04,74.38,85.12,89.45,73.85,91.04,12,0.8
77879,30.399,-96.498,48051,Burleson County,no,yes,no,"Bartlett Electric Coop, Inc",Cooperative,coop,,,0.16087274616563196,"Bluebonnet Electric Coop, Inc; Mid-South Electric Coop Assn; Entergy Texas Inc.","Bartlett Electric Coop, Inc (coop)",54.9,73.359,37.216,48.13,Top 10% for major outage days,977,4611,65490,0.813,0.551,153900,5.1,0.728,13.89,48.8,73.193,63.67,79.8,81.4,69.03,76.08,85.5,61.42,59.12,12,5.6
77661,29.752,-94.421,48071,Chambers County,no,no,no,Entergy Texas Inc.,Investor Owned,ioi_non_ercot,non-ERCOT,,0.1366459934147402,,small population; mostly renters; mostly apartments; Entergy Texas Inc. (ioi_non_ercot),54.8,90.58,29.501,32.554,Top 1% for all-electric heating; Top 3% for new-home growth; Top 9% for major outage days,0,102,,0,0.431,,-666666666,1,18.05,49.6,81.42,91.15,93.75,83.49,51.93,73.69,86.69,82.11,98.28,,42.3
78069,29.188,-98.672,48013,Atascosa County,no,yes,no,City of San Antonio - (TX),Municipal,municipal,,,0.12432968896776977,Karnes Electric Coop Inc,City of San Antonio - (TX) (municipal),54.8,45.968,62.773,58.569,Top 16% for home size; Top 20% for all-electric heating; Top 22% for homeownership,1385,7038,75625,0.858,0.512,114300,6,0.807,5.74,22.9,63.33,64.75,56.14,29.77,63.63,59.96,56.13,87.22,90.46,11,8.4
77614,30.3,-93.773,48351,Newton County,no,no,no,Entergy Texas Inc.,Investor Owned,ioi_non_ercot,non-ERCOT,,0.1366459934147402,,small population; mostly apartments; Entergy Texas Inc. (ioi_non_ercot),54.7,37.217,35.892,96.885,Top 1% for all-electric heating; Top 3% for homeownership,45,330,,1,0.356,134300,4.8,1,2.38,5.4,66.616,63.77,91.22,84.37,54.52,52.47,43.96,66.97,72.8,,
78640,29.999,-97.828,48209,Hays County,no,yes,no,"Bluebonnet Electric Coop, Inc",Cooperative,coop,,,0.11415535256836253,"Pedernales Electric Coop, Inc","Bluebonnet Electric Coop, Inc (coop)",54.7,43.649,65.98,58.276,Top 4% for new-home growth; Top 21% for home value; Top 23% for household income,21171,77531,90075,0.71,0.722,330400,5.7,0.562,5.59,29,66.427,59.31,50.69,42.03,82.32,70.92,61.57,72,85.46,9,40.6
75782,,,48213,Henderson County,no,no,yes,ONCOR ELECTRIC DELIVERY COMPANY,Wires company (TDU),base_tdsp,ERCOT,12.6,,,small population,54.6,52.618,48.565,63.41,Top 1% for long-term owners; Top 11% for homeownership; Top 16% for home size,40,120,60000,0.921,0.87,129700,6,0.158,8.89,31.8,70.147,44.52,54.38,75.53,52.82,77.27,94.35,60.77,75.91,32,9.2
75938,30.941,-94.354,48457,Tyler County,no,yes,no,"Jasper-Newton Elec Coop, Inc",Cooperative,coop,,,0.1295961422543701,Sam Houston Electric Coop Inc; Entergy Texas Inc.,"Jasper-Newton Elec Coop, Inc (coop)",54.6,88.119,26.301,38.127,Top 2% for major outage days; Top 10% for outage hours per customer; Top 13% for severe-weather risk (FEMA),772,2846,55379,0.866,0.706,97300,4.7,0.783,20.44,78.8,80.146,77.45,92.54,88.21,67.34,83.84,83.66,62.85,82.58,11,0.8
75657,32.795,-94.31,48315,Marion County,no,yes,no,"Bowie-Cass Electric Coop, Inc",Cooperative,coop,,,0.12564696965847794,"Panola-Harrison Elec Coop, Inc; Upshur Rural Elec Coop Corp; Southwestern Electric Power Co","Bowie-Cass Electric Coop, Inc (coop)",54.5,86.796,33.677,32.164,Top 1% for outage hours per customer; Top 9% for major outage days; Top 18% for severe-weather risk (FEMA),1708,7503,49466,0.761,0.592,113200,5.1,0.735,29.92,50.9,77.404,62.32,54.49,98.1,62,97.27,63.04,84.75,82.18,13,2.1
75946,31.819,-94.521,48347,Nacogdoches County,no,yes,no,Deep East Texas Elec Coop Inc,Cooperative,coop,,,0.13100998789221177,"Rusk County Electric Coop, Inc; Southwestern Electric Power Co",Deep East Texas Elec Coop Inc (coop),54.5,75.356,50.687,30.468,Top 7% for severe-weather risk (FEMA),968,4170,58177,0.68,0.604,151800,5.5,0.717,12.84,22.4,83.226,75.08,81.64,87.56,80.34,96.82,65.55,82.42,88.25,13,1.3
77837,31.003,-96.689,48395,Robertson County,no,yes,no,"Bartlett Electric Coop, Inc",Cooperative,coop,,,0.16087274616563196,"Navasota Valley Elec Coop, Inc; Heart of Texas Electric Coop; Entergy Texas Inc.","Bartlett Electric Coop, Inc (coop)",54.5,65.499,54.849,39.652,Top 1% for outage hours per customer; Top 4% for major outage days; Top 24% for home size,271,1030,57917,0.717,0.686,119600,5.8,0.691,29.45,59.1,57.977,38.22,76.5,40.92,49.3,63.07,61.1,41.92,73.03,14,7.7
78107,28.568,-97.579,48175,Goliad County,no,no,yes,AEP TEXAS CENTRAL,Wires company (TDU),base_tdsp,ERCOT,12.05,,San Patricio Electric Coop Inc,small population,54.5,79.755,22.453,52.931,Top 7% for all-electric heating; Top 9% for long-term owners; Top 14% for outage hours per customer,52,254,,0.753,0.534,45400,3.9,0.904,16.64,21.9,74.559,94.85,98.4,58.46,56.13,67.71,86.2,70.1,84.91,21,1.4
77457,28.731,-95.882,48321,Matagorda County,no,no,yes,AEP TEXAS CENTRAL,Wires company (TDU),base_tdsp,ERCOT,12.05,,"Jackson Electric Coop, Inc - (TX)",small population,54.4,58.194,46.105,57.795,Top 11% for outage hours per customer; Top 15% for all-electric heating; Top 18% for major outage days,107,353,,0.836,0.791,325700,4.4,0.836,18.96,33.8,46.456,91,98.4,34.36,19.75,28.57,51.76,48.1,44.25,11,11.1
79032,34.283,-101.941,48189,Hale County,no,no,no,,,none,,,,,small population; unknown utility (none),54.4,39.659,63.624,64.844,Top 11% for homeownership; Top 12% for home size; Top 16% for severe-weather risk (FEMA),44,133,76250,0.921,0.875,,6.2,0.053,3.12,14.9,78.827,98.41,51.67,89.95,98.99,99.03,87.48,26.37,98.3,17,0.9
78598,26.569,-97.442,48489,Willacy County,no,no,yes,AEP TEXAS CENTRAL,Wires company (TDU),base_tdsp,ERCOT,12.05,,Magic Valley Electric Coop Inc,small population,54.3,60.843,43.616,56.375,Top 1% for all-electric heating; Top 17% for homeownership,79,245,,0.881,0.841,,4.9,1,14.15,22.2,61.684,97.1,97.78,72.5,37.3,27.26,99.88,57.78,39.29,9,8.4
75939,31.014,-94.797,48373,Polk County,no,yes,no,Houston County Elec Coop Inc,Cooperative,coop,,,0.16600964239754953,Sam Houston Electric Coop Inc; Entergy Texas Inc.,Houston County Elec Coop Inc (coop),54.2,79.839,31.369,42.795,Top 2% for new-home growth; Top 5% for major outage days; Top 11% for long-term owners,1177,4725,46014,0.689,0.648,177600,4.7,0.678,16.87,58.4,75.743,54.92,87.85,71.85,49.84,92.89,85.07,60.93,81.77,20,45.4
78010,29.913,-99.04,48265,Kerr County,no,yes,no,"Bandera Electric Coop, Inc",Cooperative,coop,,,0.12401152270639165,"Central Texas Elec Coop, Inc","Bandera Electric Coop, Inc (coop)",54.1,49.673,52.139,61.986,Top 23% for home value,1017,3635,86830,0.798,0.728,318600,5.1,0.737,7.81,15.9,66.239,89.28,57.94,8.59,94.78,87.54,63.74,63.46,87.62,14,4.5
75563,33.003,-94.383,48067,Cass County,no,yes,no,"Bowie-Cass Electric Coop, Inc",Cooperative,coop,,,0.12564696965847794,Upshur Rural Elec Coop Corp; Southwestern Electric Power Co,"Bowie-Cass Electric Coop, Inc (coop)",54.0,81.008,36.538,35.606,Top 3% for outage hours per customer; Top 7% for major outage days; Top 18% for long-term owners,1144,4033,52565,0.738,0.8,121900,5.3,0.597,25.34,55.9,75.667,47.95,52.61,97.53,68.16,93.66,56.97,82.29,78.45,18,0.8
77369,30.422,-94.735,48291,Liberty County,no,yes,no,Sam Houston Electric Coop Inc,Cooperative,coop,,,0.12621721354208612,Entergy Texas Inc.,Sam Houston Electric Coop Inc (coop),54.0,70.597,26.052,59.884,Top 2% for new-home growth; Top 3% for homeownership; Top 5% for outage hours per customer,233,738,45909,1,0.824,79200,5,0.697,23.68,43.1,64.837,61.47,84.49,76.2,35.26,38.39,67.67,62.77,89.08,18,45
78124,29.557,-98.147,48187,Guadalupe County,no,yes,no,City of San Antonio - (TX),Municipal,municipal,,,0.12432968896776977,"Guadalupe Valley Elec Coop Inc; Pedernales Electric Coop, Inc",City of San Antonio - (TX) (municipal),53.9,27.573,78.882,63.925,Top 13% for all-electric heating; Top 15% for new-home growth; Top 20% for home size,1527,6157,74192,0.835,0.645,282700,5.9,0.846,1.51,9.1,59.129,73.63,53.64,26.34,71.67,54.26,54.45,73.3,80.24,13,19
78736,30.261,-97.959,48453,Travis County,no,yes,no,Austin Energy,Municipal,municipal,,,0.125775626412917,"Pedernales Electric Coop, Inc",Austin Energy (municipal),53.9,37.796,72.843,56.471,Top 5% for home value; Top 20% for household income,2449,9651,93805,0.66,0.67,573100,5.6,0.683,7.98,4.8,60.756,78.54,52.28,47.98,41.14,61.55,43.81,83.07,95.46,13,9.1
75792,32.476,-95.101,48423,Smith County,no,yes,no,Southwestern Electric Power Co,Investor Owned,ioi_non_ercot,non-ERCOT,,0.12025334637662972,,Southwestern Electric Power Co (ioi_non_ercot),53.8,55.06,55.828,49.936,Top 24% for homeownership; Top 24% for long-term owners,1134,3898,54293,0.85,0.757,169000,5.5,0.778,12.99,17.2,62.363,23.19,53.8,70.68,60.8,70.06,72.96,80.29,27.95,17,7.1
78616,29.94,-97.568,48055,Caldwell County,no,no,no,"Bluebonnet Electric Coop, Inc",Cooperative,coop,,,0.11415535256836253,,"mostly apartments; Bluebonnet Electric Coop, Inc (coop)",53.8,54.901,55.222,50.809,Top 6% for new-home growth; Top 14% for all-electric heating; Top 16% for severe-weather risk (FEMA),1918,10683,64715,0.795,0.467,211500,5.3,0.841,3.89,15.5,78.55,88.17,61.76,58.51,86.36,92.79,74.3,82.18,93.95,10,32
79096,35.437,-100.197,48483,Wheeler County,no,yes,no,"Greenbelt Electric Coop, Inc",Cooperative,coop,,,0.18001619547230926,North Plains Electric Coop Inc; Southwestern Electric Power Co; Southwestern Public Service Co,"Greenbelt Electric Coop, Inc (coop)",53.8,59.601,53.445,46.428,Top 12% for severe-weather risk (FEMA); Top 16% for home size; Top 18% for long-term owners,611,2095,67165,0.759,0.835,160600,6,0.367,10.13,10,80.334,98.62,49.03,99.52,99.06,99.57,93.16,22.77,99.23,18,0
79342,32.908,-102.337,48165,Gaines County,no,no,no,"Lyntegar Electric Coop, Inc",Cooperative,coop,,,0.08993721083939193,Southwestern Public Service Co,"small population; Lyntegar Electric Coop, Inc (coop)",53.8,40.563,62.45,62.903,Top 7% for home size; Top 14% for long-term owners; Top 19% for homeownership,83,249,73750,0.872,0.907,120000,6.5,0.66,3.36,17.9,69.889,80.06,47.34,59.72,82.49,95.55,96.25,46.03,61.84,19,1.5
76370,33.527,-98.885,48009,Archer County,no,no,yes,TEXAS-NEW MEXICO POWER COMPANY,Wires company (TDU),base_tdsp,ERCOT,15.1,,,small population,53.7,52.688,48.484,60.164,Top 10% for home size; Top 22% for homeownership,141,429,86750,0.857,0.96,78600,6.3,0.361,11.26,23.9,67.779,53.02,48.06,75.4,60.08,89.26,60.45,70.97,70.23,11,2.6
76845,31.538,-99.488,48083,Coleman County,no,no,no,,,none,,,,,small population; unknown utility (none),53.7,29.115,75.122,64.892,Top 3% for homeownership; Top 7% for home size,62,168,76042,1,0.972,243800,6.5,0.651,1.41,7.9,65.629,79.5,52.46,12.66,89.13,99.2,65.92,61.5,78.53,14,1.6
78025,30.081,-99.282,48265,Kerr County,no,yes,no,"Bandera Electric Coop, Inc",Cooperative,coop,,,0.12401152270639165,"Central Texas Elec Coop, Inc","Bandera Electric Coop, Inc (coop)",53.7,48.433,70.074,44.258,Top 10% for all-electric heating,1215,4999,70964,0.766,0.632,248200,5.6,0.875,7.81,15.9,62.454,90.58,57.51,2.87,94.59,81.91,60.07,60.23,80,10,4.5
76566,31.552,-98.049,48099,Coryell County,no,no,no,Hamilton County Elec Coop Assn,Cooperative,coop,,,0.1369407507445114,Heart of Texas Electric Coop,small population; Hamilton County Elec Coop Assn (coop),53.6,38.937,53.801,73.116,Top 9% for household income; Top 11% for homeownership; Top 20% for home value,124,370,115417,0.921,0.878,339100,5.4,0.424,7.82,12.6,64.454,63.98,54.95,38.37,81.11,63.13,78.23,49.74,85.65,9,10
78342,27.66,-98.076,48249,Jim Wells County,no,no,yes,AEP TEXAS CENTRAL,Wires company (TDU),base_tdsp,ERCOT,12.1,,,small population,53.6,76.49,50.316,26.202,Top 1% for long-term owners; Top 4% for severe-weather risk (FEMA),95,399,40739,0.621,0.803,,5.3,0.71,11.49,28,84.999,98.26,98.33,92.93,55.37,79.68,99.86,90.04,78.78,35,0.4
75973,31.711,-93.943,48419,Shelby County,no,yes,no,Deep East Texas Elec Coop Inc,Cooperative,coop,,,0.13100998789221177,Southwestern Electric Power Co,Deep East Texas Elec Coop Inc (coop),53.4,68.003,32.111,55.166,Top 1% for severe-weather risk (FEMA); Top 18% for long-term owners; Top 21% for homeownership,535,2453,67023,0.865,0.568,130800,5.1,0.652,8.07,19.4,88.67,81.25,90.08,93.3,83.44,98.88,76.98,87.99,90.02,18,0.3
76239,33.503,-97.53,48337,Montague County,no,yes,no,Cooke County Elec Coop Assn,Cooperative,coop,,,0.1400907646925346,Wise Electric Coop Inc,Cooke County Elec Coop Assn (coop),53.4,61.831,44.209,51.265,Top 24% for severe-weather risk (FEMA),397,1341,76250,0.77,0.812,228200,5.2,0.604,8.73,27.2,75.106,62.61,45.14,95.72,57.05,91.17,67.02,82.53,87.11,13,2
76940,31.439,-100.143,48451,Tom Green County,no,no,yes,AEP TEXAS NORTH,Wires company (TDU),base_tdsp,ERCOT,12.7,,Concho Valley Elec Coop Inc,small population,53.4,51.778,29.501,79.55,Top 1% for all-electric heating; Top 3% for homeownership,27,71,,1,1,,-666666666,1,7.25,18.8,63.819,94.61,50.86,19.4,94.76,67.94,72.73,77.92,63.12,,5.8
76957,31.372,-100.305,48451,Tom Green County,no,no,yes,AEP TEXAS NORTH,Wires company (TDU),base_tdsp,ERCOT,12.7,,Concho Valley Elec Coop Inc,small population,53.4,51.778,29.501,79.55,Top 1% for all-electric heating; Top 3% for homeownership,18,49,,1,1,,-666666666,1,7.25,18.8,63.819,94.61,50.86,19.4,94.76,67.94,72.73,77.92,63.12,,5.8
78419,27.695,-97.269,48355,Nueces County,no,no,yes,AEP TEXAS CENTRAL,Wires company (TDU),base_tdsp,ERCOT,12.05,,,mostly renters,53.4,40.94,90.325,33.036,Top 5% for all-electric heating; Top 12% for home size,0,693,66182,0,0.559,,6.2,0.935,8.18,18,40.991,19.26,90.13,11.49,23.91,30.44,53.95,37.73,39.29,,12.4
78561,26.477,-97.921,48489,Willacy County,no,yes,no,,,none,,,,,unknown utility (none),53.4,60.507,25.298,71.905,Top 4% for all-electric heating; Top 15% for household income,453,1457,102528,0.829,0.809,55500,4.4,0.965,14.15,22.2,61.684,97.1,97.78,72.5,37.3,27.26,99.88,57.78,39.29,14,8.4
79566,32.109,-100.135,48441,Taylor County,no,no,yes,AEP TEXAS NORTH,Wires company (TDU),base_tdsp,ERCOT,12.7,,Taylor Electric Coop Inc - (TX),small population,53.4,51.162,56.03,53.635,Top 5% for major outage days; Top 16% for home size; Top 24% for long-term owners,58,230,77000,0.66,0.893,136100,6,0.58,13.66,58.4,56.474,70.55,40.24,34.59,84.34,74.23,51.47,51.01,59.44,17,8.4
76654,31.734,-97.01,48309,McLennan County,no,no,yes,ONCOR ELECTRIC DELIVERY COMPANY,Wires company (TDU),base_tdsp,ERCOT,12.6,,Heart of Texas Electric Coop,small population,53.3,50.654,53.482,56.802,,50,175,69583,0.841,0.753,161200,5.6,0.67,7.15,15.2,69.946,67.63,74.44,48.03,45.19,55.94,86.5,82.49,97.03,13,8.6
76955,31.29,-100.153,48451,Tom Green County,no,no,no,Concho Valley Elec Coop Inc,Cooperative,coop,,,0.12725345966837054,,small population; Concho Valley Elec Coop Inc (coop),53.3,44.692,38.446,79.55,Top 3% for homeownership,28,80,,1,0.935,,5.1,0.684,7.25,18.8,63.314,92.32,51.53,17.52,93.21,74.18,66.94,73.19,66.63,,5.8
77705,29.898,-94.161,48245,Jefferson County,no,yes,no,Entergy Texas Inc.,Investor Owned,ioi_non_ercot,non-ERCOT,,0.1366459934147402,,Entergy Texas Inc. (ioi_non_ercot),53.3,75.322,45.065,32.238,Top 4% for outage hours per customer; Top 7% for major outage days; Top 24% for long-term owners,8622,38259,54633,0.586,0.706,135900,5.4,0.691,24.2,55.6,67.924,83.5,94.92,78.61,41.51,55.68,73.86,46.82,84.07,17,4.9
77978,28.667,-96.571,48057,Calhoun County,no,no,yes,AEP TEXAS CENTRAL,Wires company (TDU),base_tdsp,ERCOT,12.05,,"Victoria Electric Coop, Inc",small population,53.3,40.745,50.869,72.375,Top 3% for household income; Top 11% for long-term owners,78,304,142500,0.669,1,251600,5.4,0.508,10.22,18,57.057,91.42,98.75,35.93,32.7,46.47,84.78,39.01,61.76,20,13.1
79537,32.292,-100.211,48353,Nolan County,no,no,yes,AEP TEXAS NORTH,Wires company (TDU),base_tdsp,ERCOT,12.7,,Taylor Electric Coop Inc - (TX),small population,53.3,39.111,61.067,64.551,Top 9% for long-term owners; Top 16% for home size; Top 18% for household income,11,54,97917,0.739,0.565,,6,0.261,7.91,25.2,62.766,81.09,41.9,30.83,87.26,96.25,63.04,41.27,78.81,21,2.1
77466,29.793,-96.012,48473,Waller County,no,no,yes,CENTERPOINT ENERGY HOUSTON ELECTRIC LLC,Wires company (TDU),base_tdsp,ERCOT,13.0,,,small population,53.2,75.641,30.872,45.655,Top 1% for major outage days; Top 7% for long-term owners; Top 13% for severe-weather risk (FEMA),45,220,46750,0.759,0.538,262500,4.5,0.482,15.72,84.2,80.046,92.89,90.73,79.63,28.23,95.85,88.81,78.56,98.51,22,14.3
77845,30.562,-96.274,48041,Brazos County,no,yes,no,City of Bryan - (TX),Municipal,municipal,,,0.11384231601443516,"City of College Station - (TX); Bartlett Electric Coop, Inc; Bluebonnet Electric Coop, Inc; Mid-South Electric Coop Assn; Entergy Texas Inc.",City of Bryan - (TX) (municipal),53.2,41.484,69.261,52.818,Top 16% for home value; Top 23% for new-home growth; Top 24% for household income,18541,76764,88851,0.628,0.74,365100,5.8,0.547,5.19,14.1,70.561,43.19,74.45,64.6,68.8,64.85,85.08,56.68,79.47,11,14.3
78330,27.743,-97.916,48355,Nueces County,no,no,yes,AEP TEXAS CENTRAL,Wires company (TDU),base_tdsp,ERCOT,12.1,,,small population,53.2,59.901,43.683,53.887,Top 14% for homeownership; Top 24% for long-term owners,121,351,50536,0.899,0.931,101000,5.4,0.748,8.18,18,71.964,89.33,95.66,47.99,46.06,67.47,92.81,85.99,67.77,17,12.4
78732,30.378,-97.895,48453,Travis County,no,yes,no,Austin Energy,Municipal,municipal,,,0.125775626412917,"Pedernales Electric Coop, Inc",Austin Energy (municipal),53.2,24.527,80.957,63.561,Top 1% for household income; Top 1% for home value; Top 3% for home size,5904,21087,192500,0.729,0.728,853900,7.1,0.408,7.98,4.8,49.224,48.09,48.92,31.97,30.69,44.33,33.29,69.86,85.51,10,9.1
79053,34.408,-102.579,48369,Parmer County,no,no,no,Bailey County Elec Coop Assn,Cooperative,coop,,,0.08773457914324174,,small population; Bailey County Elec Coop Assn (coop),53.2,61.993,43.219,51.514,Top 9% for household income; Top 15% for major outage days; Top 19% for severe-weather risk (FEMA),15,74,116750,0.56,1,,5.2,0.68,6.81,35.8,77.293,99.95,55.58,52.17,99.45,97.72,95.2,45.71,95.22,,0.7
75856,31.189,-95.256,48225,Houston County,no,no,no,Houston County Elec Coop Inc,Cooperative,coop,,,0.16600964239754953,Entergy Texas Inc.,small population; mostly renters; Houston County Elec Coop Inc (coop),53.1,83.924,59.643,5.571,Top 1% for severe-weather risk (FEMA); Top 6% for outage hours per customer; Top 10% for major outage days,6,65,,0.256,0.741,,5.8,0.462,23.09,47.2,89.14,92.66,88.81,89.5,77.42,93,99.04,85.67,90.54,,0.4
76650,31.98,-96.864,48217,Hill County,no,no,yes,ONCOR ELECTRIC DELIVERY COMPANY,Wires company (TDU),base_tdsp,ERCOT,12.6,,,small population,53.1,64.167,44.961,46.478,Top 11% for long-term owners; Top 11% for severe-weather risk (FEMA),15,55,61458,0.737,0.92,106300,5.7,0.526,8.54,28,80.65,87.15,67.49,92.79,38.94,86.91,99.27,80.78,98.37,20,4.5
77470,29.537,-96.546,48089,Colorado County,no,no,no,"San Bernard Electric Coop, Inc",Cooperative,coop,,,0.141632240928005,,"small population; San Bernard Electric Coop, Inc (coop)",53.1,75.66,39.696,36.426,Top 1% for major outage days; Top 8% for all-electric heating; Top 8% for homeownership,100,414,43149,0.947,0.629,122800,5.1,0.893,12.24,84.2,72.101,84.62,92.2,64.53,48.9,74.69,89.53,58.39,76.47,9,3.8
79381,33.313,-101.771,48305,Lynn County,no,yes,no,"Lyntegar Electric Coop, Inc",Cooperative,coop,,,0.08993721083939193,South Plains Electric Coop Inc; Southwestern Public Service Co,"Lyntegar Electric Coop, Inc (coop)",53.0,45.278,55.994,60.33,Top 18% for homeownership; Top 18% for household income,493,1463,97625,0.877,0.905,228300,5.7,0.442,10.9,24.6,60.914,83.85,43.1,62.75,71.64,99.29,56.85,16.14,76.63,10,0.4
79548,33.05,-99.919,48207,Haskell County,no,no,yes,AEP TEXAS NORTH,Wires company (TDU),base_tdsp,ERCOT,12.7,,"Big Country Electric Coop, Inc",small population,52.9,51.349,50.114,57.902,Top 7% for homeownership; Top 16% for home size,39,104,,0.978,1,99000,6,0.522,14.22,17.4,63.686,74.85,50.85,54.63,69.96,96.74,39.04,58.94,75.64,13,0
78063,29.69,-98.911,48019,Bandera County,no,yes,no,City of San Antonio - (TX),Municipal,municipal,,,0.12432968896776977,"Bandera Electric Coop, Inc",City of San Antonio - (TX) (municipal),52.8,33.002,66.309,65.704,Top 11% for homeownership; Top 14% for all-electric heating,2918,10778,83914,0.923,0.704,304700,5.4,0.845,4.49,19.6,53.747,59.65,46.26,8.16,83.45,87.52,42.63,31.55,76.66,15,0.3
75668,32.907,-94.679,48343,Morris County,no,yes,no,"Bowie-Cass Electric Coop, Inc",Cooperative,coop,,,0.12564696965847794,Upshur Rural Elec Coop Corp; Southwestern Electric Power Co,"Bowie-Cass Electric Coop, Inc (coop)",52.7,86.742,35.983,23.996,Top 3% for severe-weather risk (FEMA); Top 10% for outage hours per customer; Top 16% for major outage days,493,2094,41495,0.613,0.821,81700,5.3,0.688,20.62,34.8,86.813,88.48,58.84,99.62,85.11,98.99,76.51,90.85,97.77,18,0.8
77585,30.295,-94.525,48199,Hardin County,no,yes,no,Entergy Texas Inc.,Investor Owned,ioi_non_ercot,non-ERCOT,,0.1366459934147402,,Entergy Texas Inc. (ioi_non_ercot),52.7,65.676,27.68,60.427,Top 5% for major outage days; Top 12% for outage hours per customer; Top 16% for new-home growth,315,1112,,0.836,0.738,211100,4.9,0.345,18.14,58.4,68.021,43.67,84.33,91.77,44.96,65.4,66.05,45.81,77.83,10,18.1
78349,27.373,-98.285,48131,Duval County,no,no,yes,AEP TEXAS CENTRAL,Wires company (TDU),base_tdsp,ERCOT,12.05,,Nueces Electric Cooperative,small population,52.6,78.395,24.093,46.579,Top 2% for long-term owners; Top 8% for major outage days; Top 9% for outage hours per customer,133,438,38235,0.857,0.791,153600,4.8,0.551,21.18,52.4,76.783,93.99,87.3,81.46,41.19,70.2,99.84,92.66,64.83,30,
78636,30.317,-98.425,48031,Blanco County,no,yes,no,"Central Texas Elec Coop, Inc",Cooperative,coop,,,0.11027817039654494,"Pedernales Electric Coop, Inc","Central Texas Elec Coop, Inc (coop)",52.6,51.651,59.01,47.531,Top 6% for home value; Top 25% for all-electric heating,1113,4134,72663,0.7,0.809,532600,5.1,0.781,12.14,18.9,59.236,66.2,53.98,22.48,81.41,79.17,59.55,40.89,77.17,15,3.2
78730,30.37,-97.836,48453,Travis County,no,yes,no,Austin Energy,Municipal,municipal,,,0.125775626412917,"Pedernales Electric Coop, Inc",Austin Energy (municipal),52.6,27.954,78.074,60.026,Top 1% for home value; Top 2% for household income; Top 12% for home size,2007,9142,158673,0.659,0.571,1014700,6.2,0.47,7.98,4.8,55.416,62.29,51.53,41.2,34.76,53.56,37.37,77.39,92.1,11,9.1
78850,29.285,-99.329,48325,Medina County,no,yes,no,"Medina Electric Coop, Inc",Cooperative,coop,,,0.12096339104255678,,"Medina Electric Coop, Inc (coop)",52.6,52.651,52.275,52.88,Top 12% for all-electric heating; Top 14% for major outage days; Top 20% for homeownership,220,779,69531,0.867,0.737,247400,5.1,0.864,12.2,39.2,51.039,77.9,55.33,10.67,69.28,83.55,37.07,45.45,55.92,12,3.3
78861,29.43,-99.149,48325,Medina County,no,yes,no,"Bandera Electric Coop, Inc",Cooperative,coop,,,0.12401152270639165,"Medina Electric Coop, Inc","Bandera Electric Coop, Inc (coop)",52.6,55.156,56.141,45.521,Top 14% for major outage days,3372,14008,64917,0.747,0.626,223200,5.4,0.735,12.2,39.2,59.939,77.13,54.85,23.34,78.64,89.28,46.1,63.99,63.37,15,3.3
79785,31.327,-103.907,48389,Reeves County,no,no,yes,TEXAS-NEW MEXICO POWER COMPANY,Wires company (TDU),base_tdsp,ERCOT,15.1,,,small population,52.6,77.902,19.169,52.397,Top 3% for homeownership; Top 9% for long-term owners; Top 9% for outage hours per customer,8,22,43438,1,1,53800,4.8,0.636,21.18,39.8,74.257,90.97,40.08,94.95,97.53,99.37,57.95,71.26,58.66,21,5.6
78253,29.47,-98.797,48029,Bexar County,no,yes,no,City of San Antonio - (TX),Municipal,municipal,,,0.12432968896776977,"Bandera Electric Coop, Inc",City of San Antonio - (TX) (municipal),52.5,26.23,80.611,59.489,Top 10% for home size; Top 13% for household income; Top 17% for home value,20518,69282,106373,0.77,0.796,360000,6.3,0.66,3.4,3.4,63.736,87.78,54.99,34.78,60.66,54.84,57.04,90.89,92.95,8,7.2
78260,29.697,-98.487,48029,Bexar County,no,yes,no,City of San Antonio - (TX),Municipal,municipal,,,0.12432968896776977,,City of San Antonio - (TX) (municipal),52.5,13.78,85.236,71.445,Top 2% for household income; Top 3% for home size; Top 7% for home value,12708,38023,154590,0.869,0.888,498100,7.2,0.613,3.4,3.4,48.631,65.91,48.64,36.8,31.52,28.26,37.63,74.42,83.15,9,7.2
79083,35.887,-101.515,48233,Hutchinson County,no,yes,no,"Rita Blanca Electric Coop, Inc",Cooperative,coop,,,0.08282806980545157,Southwestern Public Service Co,"Rita Blanca Electric Coop, Inc (coop)",52.5,61.684,53.868,38.798,Top 10% for home size; Top 18% for long-term owners; Top 24% for outage hours per customer,526,1669,48611,0.82,0.844,105400,6.3,0.51,14.88,27.6,68.84,96.55,0,80.02,98.12,91.04,97.23,25.24,90.23,18,0.1
79780,31.062,-103.592,48389,Reeves County,no,no,yes,AEP TEXAS NORTH,Wires company (TDU),base_tdsp,ERCOT,12.7,,,small population,52.5,70.905,1.556,79.028,Top 3% for homeownership; Top 9% for outage hours per customer; Top 14% for major outage days,20,52,,1,1,,-666666666,0,21.18,39.8,74.257,90.97,40.08,94.95,97.53,99.37,57.95,71.26,58.66,,5.6
75450,33.402,-95.483,48119,Delta County,no,no,no,"Farmers Electric Coop, Inc - (TX)",Cooperative,coop,,,0.11513822160011435,,"small population; Farmers Electric Coop, Inc - (TX) (coop)",52.4,63.38,34.843,55.368,Top 10% for severe-weather risk (FEMA); Top 21% for homeownership,134,404,,0.865,1,214000,4.8,0.655,7.99,15.8,81.107,85.29,58.71,99.6,66.36,89.01,76.08,80.02,97.97,12,3.4
76637,31.769,-97.804,48035,Bosque County,no,no,no,Heart of Texas Electric Coop,Cooperative,coop,,,0.12623769605981833,,small population; Heart of Texas Electric Coop (coop),52.4,62.05,40.321,51.609,Top 20% for major outage days,125,440,79375,0.744,0.809,223800,5.1,0.608,10.54,31.6,70.213,79.63,63.58,46.07,60.3,78.48,83.41,66.46,93.19,14,1.4
77453,29.214,-96.0,48481,Wharton County,no,no,yes,CENTERPOINT ENERGY HOUSTON ELECTRIC LLC,Wires company (TDU),base_tdsp,ERCOT,13.0,,,small population,52.4,67.693,2.205,82.272,Top 2% for major outage days; Top 3% for homeownership; Top 9% for severe-weather risk (FEMA),35,91,,1,1,,-666666666,0.213,9.53,74.1,81.846,95.89,98.47,70.02,57.71,78.76,98.05,83.96,85.95,,8.2
78567,26.053,-97.74,48061,Cameron County,no,no,yes,AEP TEXAS CENTRAL,Wires company (TDU),base_tdsp,ERCOT,12.05,,Magic Valley Electric Coop Inc,small population,52.4,43.352,39.341,77.365,Top 1% for long-term owners; Top 1% for all-electric heating,102,323,,0.822,0.922,56700,5.2,1,4.36,6.1,67.207,75.57,95.11,73.56,47.63,44.22,95.36,73.05,41.52,31,12.6
75469,33.421,-95.811,48119,Delta County,no,no,yes,ONCOR ELECTRIC DELIVERY COMPANY,Wires company (TDU),base_tdsp,ERCOT,12.6,,,small population,52.2,57.862,35.628,61.147,Top 11% for homeownership; Top 12% for severe-weather risk (FEMA),131,372,83375,0.919,0.916,247200,5,0.462,7.99,15.8,80.297,80.59,56.99,99.02,64.98,87.02,76.63,79.95,97.49,10,3.4
76469,32.341,-99.198,48059,Callahan County,no,no,yes,AEP TEXAS NORTH,Wires company (TDU),base_tdsp,ERCOT,12.7,,,small population,52.2,68.415,27.914,54.731,Top 3% for homeownership; Top 19% for major outage days,1,9,,1,0.571,,4.4,0.75,14.52,32.8,68.316,75.66,50.62,13.4,93.53,92.15,61.62,74.05,92.84,4,2
78154,29.547,-98.263,48029,Bexar County,no,yes,no,City of San Antonio - (TX),Municipal,municipal,,,0.12432968896776977,Guadalupe Valley Elec Coop Inc,City of San Antonio - (TX) (municipal),52.2,23.783,85.638,56.785,Top 10% for home size; Top 13% for all-electric heating; Top 16% for household income,11669,41907,100572,0.724,0.808,318700,6.3,0.848,3.4,3.4,56.22,81.66,53.77,23.31,55.03,42.4,49.99,80.75,88.29,11,7.2
79258,34.228,-101.289,48153,Floyd County,no,no,no,Southwestern Public Service Co,Investor Owned,ioi_non_ercot,non-ERCOT,,0.13352364853480414,,small population; Southwestern Public Service Co (ioi_non_ercot),52.1,58.361,29.501,66.495,Top 1% for all-electric heating; Top 3% for homeownership,5,14,,1,1,,-666666666,1,6.68,8.4,74.27,94.05,50.84,86.19,96.77,98.83,75.29,18.18,93.79,,0.2
78639,30.674,-98.441,48299,Llano County,no,yes,no,"Central Texas Elec Coop, Inc",Cooperative,coop,,,0.11027817039654494,"Pedernales Electric Coop, Inc","Central Texas Elec Coop, Inc (coop)",52.0,57.937,56.458,39.555,Top 7% for all-electric heating; Top 22% for new-home growth,2260,8719,57742,0.74,0.674,245500,5.2,0.901,8.87,21.4,65.754,85.81,53.76,16.79,89.57,80.9,72.72,66.2,80.34,11,14.7
78959,29.701,-97.301,48177,Gonzales County,no,yes,no,"Bluebonnet Electric Coop, Inc",Cooperative,coop,,,0.11415535256836253,"Fayette Electric Coop, Inc; Guadalupe Valley Elec Coop Inc","Bluebonnet Electric Coop, Inc (coop)",52.0,70.848,35.378,43.469,Top 8% for all-electric heating; Top 9% for severe-weather risk (FEMA); Top 17% for major outage days,331,1157,60472,0.762,0.745,,4.5,0.893,6.85,34.2,82.041,95.04,92.15,51.36,77.27,94.03,90.69,77.76,91.03,17,1.3
78017,28.712,-99.177,48163,Frio County,no,no,yes,AEP TEXAS CENTRAL,Wires company (TDU),base_tdsp,ERCOT,12.05,,"Medina Electric Coop, Inc",mostly apartments,51.8,73.474,39.073,35.686,Top 18% for all-electric heating; Top 21% for severe-weather risk (FEMA); Top 21% for major outage days,1033,5551,59808,0.645,0.484,103100,5.2,0.82,10.14,30.6,76.383,79.76,78.37,62.35,65.85,65.3,97.75,94.5,70.56,16,2.1
79068,35.347,-101.444,48065,Carson County,no,yes,no,Southwestern Public Service Co,Investor Owned,ioi_non_ercot,non-ERCOT,,0.13352364853480414,,Southwestern Public Service Co (ioi_non_ercot),51.8,54.877,34.777,64.833,,826,2784,86264,0.772,0.831,165300,5.3,0.3,13.39,17.9,69.546,96.45,0,84.64,98.99,98.16,87.81,19.98,97.24,15,11
75954,31.904,-94.048,48419,Shelby County,no,no,no,Deep East Texas Elec Coop Inc,Cooperative,coop,,,0.13100998789221177,"Panola-Harrison Elec Coop, Inc; Southwestern Electric Power Co",mostly apartments; Deep East Texas Elec Coop Inc (coop),51.7,74.288,39.921,33.422,Top 1% for severe-weather risk (FEMA); Top 9% for all-electric heating,681,3607,56600,0.739,0.491,91700,5.2,0.889,8.07,19.4,90.323,81.61,87.87,95.88,85.13,99.38,77.38,90.76,95.86,14,0.3
77446,30.087,-95.99,48473,Waller County,no,no,yes,CENTERPOINT ENERGY HOUSTON ELECTRIC LLC,Wires company (TDU),base_tdsp,ERCOT,13.0,,,mostly renters; mostly apartments,51.7,80.054,38.618,26.822,Top 1% for major outage days; Top 4% for long-term owners; Top 22% for outage hours per customer,377,5780,20766,0.17,0.348,250900,4.1,0.779,15.72,84.2,75.473,68.13,83.59,77.19,24.9,89.16,83.26,72.87,97.34,24,14.3
78945,29.912,-96.89,48149,Fayette County,no,yes,no,"Bluebonnet Electric Coop, Inc",Cooperative,coop,,,0.11415535256836253,"Fayette Electric Coop, Inc","Bluebonnet Electric Coop, Inc (coop)",51.7,37.031,68.147,54.7,Top 20% for home value; Top 24% for long-term owners,3050,10394,75446,0.763,0.771,340300,5.6,0.675,2.49,8.5,69.833,63.7,81.73,52.9,63.3,76.04,79.05,57.98,77.83,17,1.6
76464,32.556,-99.165,48417,Shackelford County,no,no,yes,AEP TEXAS NORTH,Wires company (TDU),base_tdsp,ERCOT,12.7,,Comanche County Elec Coop Assn,small population,51.5,51.97,46.895,55.4,Top 11% for long-term owners,144,477,64038,0.787,0.824,48500,5.7,0.678,9.34,10.8,67.64,75.76,50.1,38.84,70.26,93.14,66.92,68.58,85.64,20,
77301,30.311,-95.439,48339,Montgomery County,no,yes,no,Mid-South Electric Coop Assn,Cooperative,coop,,,0.14083167598808907,Entergy Texas Inc.,Mid-South Electric Coop Assn (coop),51.5,68.451,41.105,39.296,Top 1% for new-home growth; Top 7% for outage hours per customer,7989,37769,66475,0.55,0.604,218600,5.2,0.55,22.46,27,68.799,55.17,78.44,69.5,46.05,54.14,78.42,63.16,91.88,10,47.8
77878,30.471,-96.438,48051,Burleson County,no,yes,no,"Bartlett Electric Coop, Inc",Cooperative,coop,,,0.16087274616563196,"Bluebonnet Electric Coop, Inc","Bartlett Electric Coop, Inc (coop)",51.5,78.962,36.088,30.202,Top 10% for major outage days; Top 16% for severe-weather risk (FEMA),291,1113,60417,0.68,0.933,207000,4.6,0.759,13.89,48.8,78.571,85.97,84.53,86.27,74.77,81.97,90.63,69.38,62.45,7,5.6
77988,28.839,-96.89,48469,Victoria County,no,no,no,,,none,,,,,small population; unknown utility (none),51.5,44.153,89.749,22.998,Top 1% for all-electric heating; Top 14% for home size,61,281,,0.568,1,,6.1,1,3.27,11.5,68.657,88.33,97.35,57.04,48.99,50.85,89.05,63.68,73.64,,2.8
78259,29.625,-98.427,48029,Bexar County,no,yes,no,City of San Antonio - (TX),Municipal,municipal,,,0.12432968896776977,,City of San Antonio - (TX) (municipal),51.5,19.999,86.358,58.786,Top 9% for household income; Top 12% for home size; Top 14% for home value,7422,29826,114156,0.647,0.672,380800,6.2,0.818,3.4,3.4,49.49,72.79,53.29,17.95,33.36,25.34,39.3,84.36,92.83,13,7.2
79044,35.863,-102.367,48205,Hartley County,no,yes,no,"Rita Blanca Electric Coop, Inc",Cooperative,coop,,,0.08282806980545157,Southwestern Public Service Co,"Rita Blanca Electric Coop, Inc (coop)",51.4,43.719,61.414,51.658,Top 3% for home size; Top 8% for severe-weather risk (FEMA); Top 9% for long-term owners,159,583,66071,0.724,0.711,185400,7.1,0.092,4.5,7.4,82.372,99.55,,83.86,99.92,99.92,99.93,16.28,94.32,21,
79119,35.109,-102.018,48381,Randall County,no,yes,no,Southwestern Public Service Co,Investor Owned,ioi_non_ercot,non-ERCOT,,0.13352364853480414,,Southwestern Public Service Co (ioi_non_ercot),51.3,40.702,68.008,48.879,Top 9% for household income; Top 16% for home value; Top 24% for home size,6456,24907,114432,0.674,0.707,366000,5.8,0.507,5.9,16.2,67.447,86.08,0,45.77,99.23,92,91.02,49.12,94.99,8,0.9
75248,32.97,-96.797,48113,Dallas County,no,no,yes,ONCOR ELECTRIC DELIVERY COMPANY,Wires company (TDU),base_tdsp,ERCOT,12.6,,"Grayson-Collin Elec Coop, Inc",mostly apartments,51.2,38.68,66.372,52.588,Top 5% for home value; Top 17% for household income,7026,38459,100414,0.536,0.475,576100,5.5,0.596,9.52,4.5,61.12,68.34,35.92,64.81,45.77,34.11,75.98,95.91,75.34,14,5.5
77483,28.788,-95.839,48321,Matagorda County,no,no,yes,AEP TEXAS CENTRAL,Wires company (TDU),base_tdsp,ERCOT,12.05,,"Jackson Electric Coop, Inc - (TX)",small population,51.2,60.174,50.469,39.976,Top 1% for all-electric heating; Top 3% for homeownership; Top 11% for outage hours per customer,82,257,31761,1,0.833,,5.1,1,18.96,33.8,46.456,91,98.4,34.36,19.75,28.57,51.76,48.1,44.25,8,11.1
78023,29.578,-98.748,48029,Bexar County,no,yes,no,City of San Antonio - (TX),Municipal,municipal,,,0.12432968896776977,"Bandera Electric Coop, Inc",City of San Antonio - (TX) (municipal),51.2,10.65,82.685,73.888,Top 2% for home size; Top 4% for household income; Top 11% for home value,9753,28462,134007,0.891,0.931,412900,7.3,0.579,3.4,3.4,40.681,59.42,44.2,11.88,34.57,28.3,32.81,62.64,70.37,11,7.2
79011,35.634,-100.232,48483,Wheeler County,no,no,no,North Plains Electric Coop Inc,Cooperative,coop,,,0.10147492625368731,Southwestern Electric Power Co; Southwestern Public Service Co,small population; North Plains Electric Coop Inc (coop),51.2,59.651,53.818,37.257,Top 1% for long-term owners; Top 11% for severe-weather risk (FEMA),49,176,54375,0.731,0.869,226600,5.7,0.313,10.13,10,80.824,98.42,50.15,99.03,99,99.61,95.48,22.98,99.52,35,0
75661,32.631,-94.171,48203,Harrison County,no,yes,no,"Panola-Harrison Elec Coop, Inc",Cooperative,coop,,,0.09409557401120287,Upshur Rural Elec Coop Corp; Southwestern Electric Power Co,"Panola-Harrison Elec Coop, Inc (coop)",51.1,79.905,30.919,32.905,Top 12% for severe-weather risk (FEMA); Top 21% for major outage days; Top 23% for outage hours per customer,630,2360,41929,0.792,0.695,158500,4.7,0.743,15.49,31.2,80.409,76.42,63.5,97.88,69.6,76.03,84.75,83.38,87.72,14,2
77859,30.872,-96.527,48395,Robertson County,no,yes,no,"Bartlett Electric Coop, Inc",Cooperative,coop,,,0.16087274616563196,"Mid-South Electric Coop Assn; Navasota Valley Elec Coop, Inc; Heart of Texas Electric Coop; Entergy Texas Inc.","Bartlett Electric Coop, Inc (coop)",51.1,73.516,33.36,38.84,Top 1% for outage hours per customer; Top 4% for major outage days; Top 18% for long-term owners,1906,7532,52639,0.697,0.658,160000,5.2,0.509,29.45,59.1,69.347,50.14,77.82,57.09,55.44,70.77,77.59,64.17,82.55,18,7.7
78851,30.028,-101.97,48443,Terrell County,no,no,yes,AEP TEXAS CENTRAL,Wires company (TDU),base_tdsp,ERCOT,12.05,,"Rio Grande Electric Coop, Inc; Southwest Texas Elec Coop, Inc",small population,51.1,41.122,18.549,96.885,Top 2% for outage hours per customer; Top 3% for homeownership,16,44,,1,1,,5,0,27.87,11.4,36.654,20.99,39.8,6.65,47.06,72.61,21.8,38.24,30.42,,
77555,,,48167,Galveston County,no,no,no,,,none,,,,,small population; mostly renters; mostly apartments; unknown utility (none),51.0,64.473,1.872,82.156,Top 11% for outage hours per customer; Top 18% for new-home growth,0,2,,,,,-666666666,,20.41,26.1,63.253,76.96,92.31,71.2,17.42,27.98,96.67,60.71,76.48,,17.5
79350,33.731,-101.826,48303,Lubbock County,no,no,no,Southwestern Public Service Co,Investor Owned,ioi_non_ercot,non-ERCOT,,0.13352364853480414,,small population; mostly apartments; Southwestern Public Service Co (ioi_non_ercot),51.0,25.598,44.686,91.031,Top 6% for long-term owners; Top 7% for homeownership; Top 17% for new-home growth,42,296,,0.978,0.377,46100,5.8,0.559,1.53,6,64.9,97.97,32.68,77.62,89.65,98.04,63.97,11.35,80.99,23,18
79539,33.361,-99.877,48207,Haskell County,no,no,yes,AEP TEXAS NORTH,Wires company (TDU),base_tdsp,ERCOT,12.7,,,small population,51.0,49.23,66.588,37.66,Top 1% for long-term owners; Top 12% for home size,67,220,46250,0.794,0.923,,6.2,0.381,14.22,17.4,63.686,74.85,50.85,54.63,69.96,96.74,39.04,58.94,75.64,31,0
78641,30.563,-97.908,48453,Travis County,no,yes,no,"Bartlett Electric Coop, Inc",Cooperative,coop,,,0.16087274616563196,"Pedernales Electric Coop, Inc","Bartlett Electric Coop, Inc (coop)",50.9,22.499,75.4,64.309,Top 4% for household income; Top 8% for home value; Top 12% for home size,29652,99865,135024,0.772,0.852,480400,6.2,0.439,7.98,4.8,39.409,24.76,41.76,18.77,41.93,24.36,40.98,43.73,64.33,8,9.1
79607,32.43,-99.833,48441,Taylor County,no,no,yes,AEP TEXAS NORTH,Wires company (TDU),base_tdsp,ERCOT,12.7,,,mostly renters,50.9,48.491,77.284,27.588,Top 5% for major outage days; Top 16% for home size,12,3315,62637,0.01,0.904,,6,0.711,13.66,58.4,24.969,1.78,30.15,8.05,47.66,25.6,21.63,12.81,28.88,,8.4
76363,33.476,-99.552,48275,Knox County,no,no,yes,AEP TEXAS NORTH,Wires company (TDU),base_tdsp,ERCOT,12.7,,,small population,50.8,50.16,55.631,46.81,Top 13% for homeownership; Top 14% for long-term owners; Top 24% for home size,47,137,52778,0.906,1,,5.8,0.266,12.8,18.4,66.717,77.4,46.88,72.95,70.34,98.25,36.77,65.55,76.28,19,0
77440,28.895,-96.148,48321,Matagorda County,no,no,yes,AEP TEXAS CENTRAL,Wires company (TDU),base_tdsp,ERCOT,12.05,,,small population,50.8,61.018,1.556,86.315,Top 3% for homeownership; Top 11% for outage hours per customer; Top 18% for major outage days,17,45,,1,1,,-666666666,0,18.96,33.8,66.811,92.8,98.28,69.82,22.39,57.19,77.34,79.33,63.33,,11.1
78563,26.654,-98.26,48215,Hidalgo County,no,no,no,Magic Valley Electric Coop Inc,Cooperative,coop,,,0.1020138639955681,,small population; Magic Valley Electric Coop Inc (coop),50.8,31.478,55.484,71.898,Top 1% for all-electric heating; Top 18% for homeownership; Top 20% for new-home growth,17,92,,0.88,0.506,,5.2,1,4.65,3.1,60.087,96.37,95.52,74.66,37.23,35.29,99.9,41.91,36.1,13,15.2
76377,34.008,-98.259,48077,Clay County,no,no,yes,TEXAS-NEW MEXICO POWER COMPANY,Wires company (TDU),base_tdsp,ERCOT,15.1,,,small population,50.7,54.824,40.56,55.357,Top 6% for long-term owners; Top 15% for severe-weather risk (FEMA),147,464,65667,0.827,0.83,98000,5.7,0.352,7.52,19,79.093,83.08,48.37,86.22,75.8,95.21,65.7,85.14,97.21,23,1.4
78255,29.649,-98.666,48029,Bexar County,no,yes,no,City of San Antonio - (TX),Municipal,municipal,,,0.12432968896776977,,City of San Antonio - (TX) (municipal),50.7,11.634,83.322,70.136,Top 1% for home size; Top 2% for household income; Top 6% for home value,5668,17379,157428,0.848,0.892,531400,7.7,0.536,3.4,3.4,48.711,78.51,51.74,15.44,34.82,25.49,40.2,82.75,90.54,9,7.2
77867,30.743,-96.548,48395,Robertson County,no,no,no,Heart of Texas Electric Coop,Cooperative,coop,,,0.12623769605981833,Entergy Texas Inc.,small population; Heart of Texas Electric Coop (coop),50.6,77.266,13.682,52.089,Top 1% for long-term owners; Top 1% for outage hours per customer; Top 4% for major outage days,55,206,35781,0.985,0.702,9999,4.3,0.618,29.45,59.1,70.11,54.37,82.12,56.5,54.51,73.84,76.66,65,82.14,35,7.7
79035,34.69,-102.785,48369,Parmer County,no,yes,no,Bailey County Elec Coop Assn,Cooperative,coop,,,0.08773457914324174,"Deaf Smith Electric Coop, Inc; Southwestern Public Service Co",Bailey County Elec Coop Assn (coop),50.6,53.045,48.324,49.712,Top 15% for major outage days; Top 23% for severe-weather risk (FEMA); Top 24% for home size,1633,5391,72202,0.788,0.885,158600,5.8,0.281,6.81,35.8,75.614,99.86,39.69,51.65,99.58,98.64,97.15,45.71,96.88,14,0.7
79325,34.425,-102.944,48369,Parmer County,no,yes,no,Bailey County Elec Coop Assn,Cooperative,coop,,,0.08773457914324174,"Deaf Smith Electric Coop, Inc; Southwestern Public Service Co",Bailey County Elec Coop Assn (coop),50.6,57.157,50.202,42.168,Top 15% for major outage days; Top 18% for severe-weather risk (FEMA),583,2277,71771,0.666,0.802,163400,5.7,0.489,6.81,35.8,77.553,99.92,55.72,52.58,99.43,97.82,95.31,46.8,95.21,15,0.7
76930,31.273,-101.173,48235,Irion County,no,no,yes,AEP TEXAS NORTH,Wires company (TDU),base_tdsp,ERCOT,12.7,,"Concho Valley Elec Coop Inc; Rio Grande Electric Coop, Inc; Southwest Texas Elec Coop, Inc",small population,50.5,46.136,52.458,54.21,Top 3% for homeownership; Top 11% for long-term owners; Top 14% for outage hours per customer,26,81,58472,1,0.854,,5.5,0.568,16.21,14.6,51.267,77.24,43.68,4.46,83.66,82.5,45.94,44.92,53.71,20,0
78949,29.833,-97.087,48149,Fayette County,no,yes,no,"Bluebonnet Electric Coop, Inc",Cooperative,coop,,,0.11415535256836253,"Fayette Electric Coop, Inc","Bluebonnet Electric Coop, Inc (coop)",50.5,49.887,60.35,41.391,Top 13% for severe-weather risk (FEMA); Top 21% for all-electric heating,217,760,64167,0.802,0.745,285000,5.3,0.802,2.49,8.5,80.211,80.89,85.66,60.46,75.47,87.36,88.82,73.34,90.37,11,1.6
79230,34.702,-100.069,48075,Childress County,no,no,yes,AEP TEXAS NORTH,Wires company (TDU),base_tdsp,ERCOT,12.7,,"Greenbelt Electric Coop, Inc; Southwestern Electric Power Co",small population,50.5,48.741,38.125,65.128,Top 4% for long-term owners; Top 19% for homeownership,10,31,,0.875,1,,5.4,0,9.31,9.8,72.34,93.49,41.37,92.97,92.62,99.74,71.52,30.97,77.19,24,0
76436,31.863,-98.228,48093,Comanche County,no,no,yes,TEXAS-NEW MEXICO POWER COMPANY,Wires company (TDU),base_tdsp,ERCOT,15.1,,Heart of Texas Electric Coop,small population,50.3,72.749,31.879,38.684,Top 3% for homeownership; Top 24% for major outage days,37,115,51397,1,0.847,,4.7,0.755,14.54,28.4,72.884,91.98,59.43,47.33,88.8,86.56,84.42,46.25,97.4,8,1.2
77974,28.897,-97.322,48123,DeWitt County,no,yes,no,"Victoria Electric Coop, Inc",Cooperative,coop,,,0.12132498280193116,,"Victoria Electric Coop, Inc (coop)",50.3,56.879,54.141,37.732,Top 7% for long-term owners; Top 12% for severe-weather risk (FEMA); Top 14% for all-electric heating,190,695,54250,0.711,0.749,164300,5.4,0.843,3.97,16.9,80.45,94.4,96.53,60.61,67.21,72.94,93.52,81.78,90.56,22,1.5
78254,29.538,-98.735,48029,Bexar County,no,yes,no,City of San Antonio - (TX),Municipal,municipal,,,0.12432968896776977,,City of San Antonio - (TX) (municipal),50.3,15.849,80.857,65.668,Top 7% for home size; Top 9% for household income; Top 22% for home value,24656,77893,115526,0.823,0.922,320800,6.5,0.676,3.4,3.4,49.364,74.12,50.3,13.81,35.59,23.74,43.7,86.5,91.91,9,7.2
78635,30.206,-98.565,48031,Blanco County,no,no,no,"Pedernales Electric Coop, Inc",Cooperative,coop,,,0.12218223657681021,,"small population; Pedernales Electric Coop, Inc (coop)",50.3,58.342,33.791,56.024,Top 1% for all-electric heating; Top 12% for household income,22,92,106458,0.63,1,,4,1,12.14,18.9,62.389,79.21,53.94,25.64,84.3,81.47,64.01,46.6,80.76,,3.2
79108,35.308,-101.691,48375,Potter County,no,yes,no,"Rita Blanca Electric Coop, Inc",Cooperative,coop,,,0.08282806980545157,Southwestern Public Service Co,"Rita Blanca Electric Coop, Inc (coop)",50.3,47.417,49.821,54.666,Top 24% for new-home growth,2566,11216,66676,0.752,0.595,163200,5.7,0.475,6.68,20.4,71.071,90.38,0,75.49,99.55,94.46,88.68,42.16,97.16,16,13.6
79255,34.35,-101.051,48045,Briscoe County,no,no,yes,AEP TEXAS NORTH,Wires company (TDU),base_tdsp,ERCOT,12.7,,"Lighthouse Electric Coop, Inc",small population,50.3,59.128,37.797,51.07,Top 11% for long-term owners; Top 12% for outage hours per customer,123,399,54375,0.829,0.804,66700,5.7,0.304,18.14,11.5,69.436,95.39,43.24,58.41,91.47,91.81,68.9,53.03,79.19,20,
75931,31.114,-94.021,48241,Jasper County,no,yes,no,Deep East Texas Elec Coop Inc,Cooperative,coop,,,0.13100998789221177,"Jasper-Newton Elec Coop, Inc; Entergy Texas Inc.",Deep East Texas Elec Coop Inc (coop),49.9,44.994,50.414,55.946,Top 13% for all-electric heating; Top 19% for severe-weather risk (FEMA),579,2323,79514,0.812,0.649,233800,5.1,0.851,0.97,5.4,77.384,64.01,87.81,90.43,62.41,92.11,69.35,67.56,72.02,13,1.7
78941,29.728,-97.158,48149,Fayette County,no,yes,no,"Bluebonnet Electric Coop, Inc",Cooperative,coop,,,0.11415535256836253,"Fayette Electric Coop, Inc; Guadalupe Valley Elec Coop Inc","Bluebonnet Electric Coop, Inc (coop)",49.9,49.819,40.153,59.59,Top 13% for severe-weather risk (FEMA); Top 18% for long-term owners; Top 21% for all-electric heating,1120,3619,76477,0.805,0.806,194200,4.9,0.801,2.49,8.5,80.183,81.92,85.64,57.75,76.33,88.36,88.39,74.1,90.71,18,1.6
79257,34.457,-101.287,48045,Briscoe County,no,yes,no,"Greenbelt Electric Coop, Inc",Cooperative,coop,,,0.18001619547230926,"Lighthouse Electric Coop, Inc; Southwestern Public Service Co","Greenbelt Electric Coop, Inc (coop)",49.9,59.002,38.842,48.905,Top 11% for long-term owners; Top 12% for outage hours per customer; Top 16% for homeownership,289,845,43362,0.89,0.94,91300,5.6,0.43,18.14,11.5,68.129,96.79,41.59,47.98,90.16,89.72,67.21,64.34,75.9,20,
78261,29.69,-98.402,48029,Bexar County,no,yes,no,City of San Antonio - (TX),Municipal,municipal,,,0.12432968896776977,,City of San Antonio - (TX) (municipal),49.8,13.087,82.825,65.594,Top 3% for household income; Top 4% for home size; Top 10% for home value,8181,26657,147727,0.798,0.866,430200,6.9,0.597,3.4,3.4,48.063,60.67,51.61,31.2,29.93,25.21,34.62,75.47,88.4,8,7.2
77507,29.624,-95.063,48201,Harris County,no,no,yes,CENTERPOINT ENERGY HOUSTON ELECTRIC LLC,Wires company (TDU),base_tdsp,ERCOT,13.0,,,mostly renters; mostly apartments,49.7,69.773,31.414,41.186,Top 5% for all-electric heating; Top 19% for outage hours per customer,0,567,77371,0,0.061,,3.6,0.935,15.94,5.5,71.417,94.79,97.7,78.3,27.17,51.97,73.28,75.36,96.14,,11.1
78044,27.752,-99.126,48479,Webb County,no,no,no,"Medina Electric Coop, Inc",Cooperative,coop,,,0.12096339104255678,,"small population; Medina Electric Coop, Inc (coop)",49.7,39.258,34.977,78.349,Top 3% for homeownership; Top 17% for all-electric heating; Top 24% for new-home growth,61,220,,1,0.724,220600,3.1,0.824,5.06,13.1,62.816,70.89,85.05,81.23,39.32,67.34,63.67,54.5,48.6,13,13.9
75935,31.733,-94.191,48419,Shelby County,no,yes,no,Deep East Texas Elec Coop Inc,Cooperative,coop,,,0.13100998789221177,Southwestern Electric Power Co,Deep East Texas Elec Coop Inc (coop),49.6,66.207,46.444,30.607,Top 4% for severe-weather risk (FEMA),3368,12621,49239,0.733,0.694,111500,5.6,0.622,8.07,19.4,85.62,68.6,88.39,91.17,78.16,98.29,72.85,84.56,85.92,16,0.3
79118,35.106,-101.74,48381,Randall County,no,yes,no,Southwestern Public Service Co,Investor Owned,ioi_non_ercot,non-ERCOT,,0.13352364853480414,,Southwestern Public Service Co (ioi_non_ercot),49.6,46.406,53.299,50.008,,7556,28107,87810,0.763,0.699,234500,5.5,0.54,5.9,16.2,71.383,90.61,0,57.83,99.6,95.78,91,57.05,98.42,10,0.9
79363,33.708,-102.045,48303,Lubbock County,no,yes,no,South Plains Electric Coop Inc,Cooperative,coop,,,0.10228990957165597,Southwestern Public Service Co,South Plains Electric Coop Inc (coop),49.6,32.456,55.117,67.065,Top 17% for new-home growth; Top 19% for household income,1695,5717,96128,0.801,0.771,210100,5.7,0.498,1.53,6,71.923,95.32,41.04,76.09,91.59,97.45,79.79,26.51,90.99,11,18
76388,33.323,-99.642,48207,Haskell County,no,no,yes,AEP TEXAS NORTH,Wires company (TDU),base_tdsp,ERCOT,12.7,,"Big Country Electric Coop, Inc",small population,49.5,48.078,49.024,51.825,Top 6% for home size; Top 13% for homeownership,86,248,64236,0.906,0.99,74500,6.6,0.247,14.22,17.4,63.686,74.85,50.85,54.63,69.96,96.74,39.04,58.94,75.64,15,0
77970,28.846,-96.434,48239,Jackson County,no,no,no,"Jackson Electric Coop, Inc - (TX)",Cooperative,coop,,,0.13417350975470688,,"small population; mostly apartments; Jackson Electric Coop, Inc - (TX) (coop)",49.5,76.565,49.335,13.561,Top 1% for severe-weather risk (FEMA); Top 3% for all-electric heating,35,217,,0.444,0.428,137500,5.3,0.967,9.66,12.8,88.519,99.61,99.95,91.46,69.5,78.24,95.36,90.45,94.67,12,0.2
78614,29.41,-97.587,48177,Gonzales County,no,no,no,Guadalupe Valley Elec Coop Inc,Cooperative,coop,,,0.12486205657266077,,small population; Guadalupe Valley Elec Coop Inc (coop),49.5,69.034,33.262,39.778,Top 11% for all-electric heating; Top 13% for severe-weather risk (FEMA); Top 17% for major outage days,72,262,,0.816,0.723,,4.4,0.868,6.85,34.2,80.274,97.29,94.1,38.15,77.31,96.63,89.5,73.56,92.67,9,1.3
78672,30.859,-98.47,48299,Llano County,no,yes,no,"Central Texas Elec Coop, Inc",Cooperative,coop,,,0.11027817039654494,"Pedernales Electric Coop, Inc","Central Texas Elec Coop, Inc (coop)",49.5,58.59,39.149,47.817,Top 12% for all-electric heating; Top 15% for homeownership; Top 22% for new-home growth,196,570,52813,0.896,0.908,212500,4.5,0.861,8.87,21.4,66.86,87.73,54.35,15.14,91.86,80.01,76.69,69.87,80.1,11,14.7
78837,29.837,-101.212,48465,Val Verde County,no,no,yes,AEP TEXAS CENTRAL,Wires company (TDU),base_tdsp,ERCOT,12.05,,"Pedernales Electric Coop, Inc; Rio Grande Electric Coop, Inc; Southwest Texas Elec Coop, Inc",small population,49.4,49.062,48.151,51.131,Top 3% for long-term owners; Top 11% for all-electric heating; Top 19% for homeownership,29,128,49737,0.871,0.604,209200,5.1,0.871,11.31,24.6,49.417,96.89,61.37,2.72,91.1,48.61,41.19,48.29,52.64,26,5.6
79062,36.038,-101.507,48233,Hutchinson County,no,no,no,North Plains Electric Coop Inc,Cooperative,coop,,,0.10147492625368731,"Rita Blanca Electric Coop, Inc; Southwestern Public Service Co",small population; North Plains Electric Coop Inc (coop),49.4,62.42,47.416,34.099,Top 8% for home size; Top 24% for outage hours per customer,127,435,63317,0.765,0.932,76500,6.4,0.139,14.88,27.6,72.744,99.06,0,90.54,98.95,94.9,99.04,30.81,94.97,10,0.1
78130,29.698,-98.07,48187,Guadalupe County,no,yes,no,City of New Braunfels - (TX),Municipal,municipal,,,0.13175949261429284,"Bluebonnet Electric Coop, Inc; Guadalupe Valley Elec Coop Inc; Pedernales Electric Coop, Inc",City of New Braunfels - (TX) (municipal),49.3,36.216,65.446,50.432,Top 15% for new-home growth; Top 22% for all-electric heating; Top 22% for home value,26362,104009,83064,0.659,0.712,323200,5.4,0.795,1.51,9.1,67.604,83.01,52.75,46.47,82.41,66.88,63.52,76.39,84.81,9,19
78152,29.437,-98.205,48029,Bexar County,no,yes,no,City of San Antonio - (TX),Municipal,municipal,,,0.12432968896776977,Guadalupe Valley Elec Coop Inc,City of San Antonio - (TX) (municipal),49.3,15.104,76.501,67.545,Top 6% for household income; Top 20% for home size; Top 22% for home value,1450,4521,123981,0.834,0.9,325200,5.9,0.726,3.4,3.4,41.654,64.2,56.25,12.34,27.3,21.73,30.54,64.7,78.72,9,7.2
75849,31.417,-95.482,48225,Houston County,no,no,yes,ONCOR ELECTRIC DELIVERY COMPANY,Wires company (TDU),base_tdsp,ERCOT,12.6,,,small population,49.2,83.009,11.47,41.701,Top 2% for severe-weather risk (FEMA); Top 6% for outage hours per customer; Top 10% for major outage days,20,62,48750,0.897,0.88,103600,4.3,0.414,23.09,47.2,88.224,91.38,87.15,88.01,77.04,90.41,98.75,87.42,88.79,15,0.4
78613,30.504,-97.824,48491,Williamson County,no,yes,no,Austin Energy,Municipal,municipal,,,0.125775626412917,"Bartlett Electric Coop, Inc; Pedernales Electric Coop, Inc",Austin Energy (municipal),49.2,22.429,71.648,62.457,Top 6% for household income; Top 7% for home value; Top 9% for new-home growth,22108,89956,125487,0.639,0.715,496200,5.9,0.446,6.41,9.9,47.876,22.42,45.66,27.45,71.16,26.87,65.49,42.97,55.53,11,27.6
79323,32.946,-102.869,48165,Gaines County,no,yes,no,"Lea County Electric Coop, Inc - (NM)",Cooperative,coop,,,0.0981608972494263,"Lyntegar Electric Coop, Inc; Southwestern Public Service Co","Lea County Electric Coop, Inc - (NM) (coop)",49.1,49.153,50.973,47.086,Top 8% for severe-weather risk (FEMA),1805,7485,87321,0.627,0.81,193300,5.5,0.59,3.36,17.9,82.431,96.33,50.01,77.06,95.89,98.86,99.32,71.58,84.3,13,1.5
79535,32.223,-100.48,48353,Nolan County,no,no,yes,ONCOR ELECTRIC DELIVERY COMPANY,Wires company (TDU),base_tdsp,ERCOT,12.6,,Taylor Electric Coop Inc - (TX),small population,49.1,46.243,38.829,63.207,Top 9% for homeownership; Top 11% for long-term owners,40,129,68036,0.943,0.812,120000,5.3,0.66,7.91,25.2,62.766,81.09,41.9,30.83,87.26,96.25,63.04,41.27,78.81,20,2.1
79846,29.388,-103.99,48377,Presidio County,no,no,yes,AEP TEXAS NORTH,Wires company (TDU),base_tdsp,ERCOT,12.7,,"Rio Grande Electric Coop, Inc",small population; mostly apartments,49.1,40.928,29.501,79.693,Top 1% for all-electric heating; Top 3% for homeownership,0,71,,1,0,,-666666666,1,8.37,14.6,43.64,81.63,39.07,24.95,66.15,54.16,27.75,89.99,3.41,,6.8
76261,33.793,-97.964,48337,Montague County,no,no,yes,TEXAS-NEW MEXICO POWER COMPANY,Wires company (TDU),base_tdsp,ERCOT,15.1,,Cooke County Elec Coop Assn; Wise Electric Coop Inc,small population,49.0,60.355,31.556,51.384,Top 18% for long-term owners; Top 20% for severe-weather risk (FEMA),54,221,61250,0.83,0.646,109400,5.3,0.489,8.73,27.2,76.674,89.48,45.92,91.03,63.84,91.75,69.77,83.82,90.59,18,2
77436,29.419,-96.238,48481,Wharton County,no,no,yes,CENTERPOINT ENERGY HOUSTON ELECTRIC LLC,Wires company (TDU),base_tdsp,ERCOT,13.0,,,small population; mostly renters,49.0,81.415,1.872,53.046,Top 2% for major outage days; Top 3% for severe-weather risk (FEMA),0,28,,,1,,-666666666,,9.53,74.1,86.627,97.85,98.05,77.98,64.68,86.81,99,88.75,91.12,,8.2
79015,34.937,-101.916,48381,Randall County,no,yes,no,"Deaf Smith Electric Coop, Inc",Cooperative,coop,,,0.08831054652456309,"Greenbelt Electric Coop, Inc; Southwestern Public Service Co","Deaf Smith Electric Coop, Inc (coop)",49.0,45.96,59.074,42.923,,6124,23765,83445,0.67,0.7,280400,5.6,0.501,5.9,16.2,71.981,96.76,0,55.2,99.57,96.3,97.42,57.32,98.06,11,0.9
79239,34.656,-100.764,48191,Hall County,no,no,yes,AEP TEXAS NORTH,Wires company (TDU),base_tdsp,ERCOT,12.7,,"Greenbelt Electric Coop, Inc; Lighthouse Electric Coop, Inc; Southwestern Electric Power Co",small population,49.0,62.022,40.24,40.257,Top 3% for long-term owners; Top 6% for severe-weather risk (FEMA); Top 20% for homeownership,40,121,36250,0.87,1,,5.3,0.522,9.16,11.9,83.781,99.29,47.74,96.11,98.28,99.94,72.62,75.88,95.9,26,0
75788,31.826,-94.926,48347,Nacogdoches County,no,no,no,,,none,,,,,small population; mostly apartments; unknown utility (none),48.9,68.321,1.556,70.484,Top 1% for severe-weather risk (FEMA); Top 3% for homeownership,0,48,,1,0,,-666666666,0,12.84,22.4,92.923,94.95,90.33,93.74,92.07,99.38,82.28,93.23,99.43,,1.3
77954,29.097,-97.282,48123,DeWitt County,no,yes,no,Guadalupe Valley Elec Coop Inc,Cooperative,coop,,,0.12486205657266077,"Victoria Electric Coop, Inc",Guadalupe Valley Elec Coop Inc (coop),48.9,54.057,47.963,42.968,Top 9% for severe-weather risk (FEMA),3110,11424,66195,0.708,0.709,187200,5.3,0.703,3.97,16.9,81.834,96.8,96,58.08,71.43,80.4,92.71,82.95,91.27,16,1.5
78028,30.037,-99.163,48265,Kerr County,no,yes,no,Kerrville Public Utility Board,Municipal,municipal,,,0.08709696598758417,"Bandera Electric Coop, Inc; Central Texas Elec Coop, Inc",Kerrville Public Utility Board (municipal),48.9,45.507,64.776,37.646,Top 22% for home value,10634,41206,66991,0.671,0.681,323200,5.4,0.778,7.81,15.9,61.937,76.37,56.34,4.84,93.57,79.54,61.59,57.65,80.03,12,4.5
75974,31.958,-94.24,48419,Shelby County,no,yes,no,Deep East Texas Elec Coop Inc,Cooperative,coop,,,0.13100998789221177,"Panola-Harrison Elec Coop, Inc; Southwestern Electric Power Co",Deep East Texas Elec Coop Inc (coop),48.8,70.217,39.039,30.156,Top 2% for severe-weather risk (FEMA); Top 11% for long-term owners,561,2592,47292,0.697,0.563,91300,5.3,0.742,8.07,19.4,87.566,76.76,86.74,95.87,85.54,98.9,67.4,84.97,93.54,20,0.3
76550,31.102,-98.26,48281,Lampasas County,no,yes,no,Hamilton County Elec Coop Assn,Cooperative,coop,,,0.1369407507445114,"Pedernales Electric Coop, Inc; Heart of Texas Electric Coop",Hamilton County Elec Coop Assn (coop),48.8,30.297,69.027,53.151,Top 20% for home size,3923,13675,78578,0.746,0.784,241600,5.9,0.662,1.91,6,65.594,64.87,52.08,27.92,87.4,82.91,64.53,58.85,85.47,14,2.9
78248,29.59,-98.525,48029,Bexar County,no,yes,no,City of San Antonio - (TX),Municipal,municipal,,,0.12432968896776977,,City of San Antonio - (TX) (municipal),48.8,10.38,81.98,66.864,Top 4% for home size; Top 5% for household income; Top 8% for home value,4062,14488,130552,0.729,0.771,479500,6.9,0.554,3.4,3.4,42.433,61.15,50.83,12.41,28.03,19.47,31.44,71.85,83,14,7.2
79378,33.058,-102.475,48445,Terry County,no,no,no,"Lyntegar Electric Coop, Inc",Cooperative,coop,,,0.08993721083939193,,"small population; Lyntegar Electric Coop, Inc (coop)",48.8,49.894,29.492,66.727,Top 7% for household income,92,289,122232,0.831,0.991,,5.2,0.312,7.18,25.5,72.457,97.62,51.05,57.34,91.1,97.52,98.92,31.74,79.53,13,0.4
77640,29.882,-93.941,48245,Jefferson County,no,yes,no,Entergy Texas Inc.,Investor Owned,ioi_non_ercot,non-ERCOT,,0.1366459934147402,,Entergy Texas Inc. (ioi_non_ercot),48.7,69.423,38.414,31.348,Top 4% for outage hours per customer; Top 7% for major outage days,4437,17167,50973,0.672,0.83,109600,5.5,0.484,24.2,55.6,67.747,77.64,95.12,78.14,42.78,52.37,74.05,48.39,83.38,15,4.9
77950,28.292,-96.898,48007,Aransas County,no,no,yes,AEP TEXAS CENTRAL,Wires company (TDU),base_tdsp,ERCOT,12.05,,,small population,48.7,56.414,35.989,50.985,Top 11% for long-term owners; Top 12% for all-electric heating; Top 17% for new-home growth,59,178,35417,0.87,0.87,95000,5.1,0.859,11.76,32.6,58.877,77.49,95.61,34.19,36.58,48.49,80.32,53.27,63.68,20,18
79922,31.815,-106.561,48141,El Paso County,no,yes,no,El Paso Electric Co,Investor Owned,ioi_non_ercot,non-ERCOT,,0.1346285636994845,,El Paso Electric Co (ioi_non_ercot),48.7,4.474,74.604,81.743,Top 1% for home size; Top 10% for homeownership; Top 13% for household income,2429,6800,106003,0.929,0.947,350200,7.7,0.223,1.61,4.4,42.196,53.61,23.97,18.63,89.11,47.43,32.42,75.77,8.04,19,6.9
77079,29.776,-95.603,48201,Harris County,no,no,yes,CENTERPOINT ENERGY HOUSTON ELECTRIC LLC,Wires company (TDU),base_tdsp,ERCOT,13.0,,,mostly apartments,48.6,46.93,48.113,51.368,Top 2% for home value; Top 16% for household income; Top 19% for outage hours per customer,6738,37276,101995,0.483,0.47,679900,4.9,0.598,15.94,5.5,59.133,71.39,90.33,48.74,20.38,34.76,65.45,65.71,88.56,12,11.1
75930,31.328,-94.031,48405,San Augustine County,no,no,no,Deep East Texas Elec Coop Inc,Cooperative,coop,,,0.13100998789221177,"Jasper-Newton Elec Coop, Inc; Entergy Texas Inc.",mostly apartments; Deep East Texas Elec Coop Inc (coop),48.5,53.26,34.199,56.417,Top 12% for severe-weather risk (FEMA); Top 15% for all-electric heating; Top 20% for homeownership,422,2330,74240,0.87,0.471,110300,5,0.834,3.62,7.5,80.456,60.21,83.15,87.62,71.73,97.77,61.19,83.47,78.26,14,0.3
76854,30.695,-99.581,48267,Kimble County,no,no,no,"Central Texas Elec Coop, Inc",Cooperative,coop,,,0.11027817039654494,"Pedernales Electric Coop, Inc","small population; Central Texas Elec Coop, Inc (coop)",48.5,46.728,55.099,44.154,Top 5% for home value; Top 7% for household income,72,345,120531,0.543,0.915,576400,5,0.744,8.79,20.9,59.271,94.15,66.23,2.51,90.75,80.23,56.12,46.25,72.81,9,0.3
78670,29.775,-97.818,48187,Guadalupe County,no,no,no,"Bluebonnet Electric Coop, Inc",Cooperative,coop,,,0.11415535256836253,,"small population; Bluebonnet Electric Coop, Inc (coop)",48.5,32.738,52.061,65.948,Top 3% for long-term owners; Top 11% for all-electric heating; Top 15% for new-home growth,36,130,78625,0.723,0.872,244100,5.1,0.872,1.51,9.1,63.51,75.38,63.42,45.35,72.09,59.91,54.37,67.63,81.8,26,19
78263,29.363,-98.305,48029,Bexar County,no,yes,no,City of San Antonio - (TX),Municipal,municipal,,,0.12432968896776977,,City of San Antonio - (TX) (municipal),48.4,21.19,71.974,60.957,Top 21% for home value; Top 24% for long-term owners; Top 24% for all-electric heating,1228,4253,80156,0.758,0.751,331900,5.6,0.782,3.4,3.4,54.633,85.94,60.25,27.27,37.62,32.83,42.92,85.96,95.58,17,7.2
78655,29.816,-97.835,48055,Caldwell County,no,yes,no,"Bluebonnet Electric Coop, Inc",Cooperative,coop,,,0.11415535256836253,"Pedernales Electric Coop, Inc","Bluebonnet Electric Coop, Inc (coop)",48.4,46.097,62.576,37.266,Top 6% for new-home growth; Top 24% for all-electric heating,906,3730,55952,0.653,0.632,269900,5.4,0.785,3.89,15.5,70.441,90.93,56.87,50.24,78.77,80.89,62.64,75.25,88.43,12,32
79007,35.707,-101.399,48233,Hutchinson County,no,yes,no,North Plains Electric Coop Inc,Cooperative,coop,,,0.10147492625368731,Southwestern Public Service Co,North Plains Electric Coop Inc (coop),48.4,56.692,43.255,42.515,Top 24% for outage hours per customer; Top 24% for home size,4305,13889,63929,0.806,0.865,112900,5.8,0.218,14.88,27.6,67.604,71.9,0,86.32,96.68,87.15,94.81,22.82,85.45,13,0.1
79741,31.969,-102.631,48135,Ector County,no,no,yes,ONCOR ELECTRIC DELIVERY COMPANY,Wires company (TDU),base_tdsp,ERCOT,12.6,,,small population,48.4,31.255,48.473,71.135,Top 10% for household income; Top 21% for new-home growth; Top 24% for home size,52,177,112969,0.773,0.828,141700,5.8,0.427,2.62,4.1,73.403,74.12,36.3,78.37,98.09,86.2,62.81,77.08,74.97,13,15.1
75959,31.512,-93.862,48403,Sabine County,no,yes,no,Deep East Texas Elec Coop Inc,Cooperative,coop,,,0.13100998789221177,Southwestern Electric Power Co,Deep East Texas Elec Coop Inc (coop),48.3,54.311,41.374,47.328,Top 6% for all-electric heating; Top 11% for severe-weather risk (FEMA); Top 13% for homeownership,251,1025,68236,0.908,0.637,161500,5,0.924,3.11,11.6,80.926,70.94,82.57,88.37,74.91,99.07,55.53,83.08,82.95,10,0.1
78674,,,48491,Williamson County,no,no,yes,ONCOR ELECTRIC DELIVERY COMPANY,Wires company (TDU),base_tdsp,ERCOT,12.6,,"Bartlett Electric Coop, Inc",small population; mostly apartments,48.3,41.704,29.278,76.156,Top 1% for all-electric heating; Top 3% for homeownership; Top 9% for new-home growth,2,108,,1,0.068,47500,4.8,1,6.41,9.9,60.21,57.86,53.15,42.56,85.41,36.28,79.18,52.03,72.86,11,27.6
79345,33.338,-102.331,48445,Terry County,no,yes,no,"Lyntegar Electric Coop, Inc",Cooperative,coop,,,0.08993721083939193,South Plains Electric Coop Inc; Southwestern Public Service Co,"Lyntegar Electric Coop, Inc (coop)",48.3,49.017,47.26,48.258,Top 14% for home size; Top 14% for long-term owners,246,916,73438,0.7,0.813,95000,6.1,0.3,7.18,25.5,71.801,96.84,50.6,57.65,89.99,97.62,96.53,30.85,79.37,19,0.4
79733,32.103,-101.365,48227,Howard County,no,no,yes,ONCOR ELECTRIC DELIVERY COMPANY,Wires company (TDU),base_tdsp,ERCOT,12.6,,,small population; mostly renters,48.2,27.093,71.811,52.873,Top 1% for long-term owners; Top 10% for home size; Top 21% for household income,50,371,92950,0.356,0.852,,6.3,0.519,2.97,8.4,65.023,77.85,41.53,29.52,94.4,89.64,59.18,61.22,79.67,35,2.7
75847,31.356,-95.153,48225,Houston County,no,yes,no,Cherokee County Elec Coop Assn - (TX),Cooperative,coop,,,0.14916409900306027,Houston County Elec Coop Inc; Entergy Texas Inc.,Cherokee County Elec Coop Assn - (TX) (coop),48.1,78.776,29.318,25.908,Top 6% for outage hours per customer; Top 10% for major outage days,377,1328,42188,0.779,0.74,121700,4.8,0.759,23.09,47.2,70.063,48.63,77.53,69.69,50.51,71.99,91.94,62.93,65.85,12,0.4
75929,31.245,-94.176,48405,San Augustine County,no,yes,no,Deep East Texas Elec Coop Inc,Cooperative,coop,,,0.13100998789221177,"Jasper-Newton Elec Coop, Inc; Entergy Texas Inc.",Deep East Texas Elec Coop Inc (coop),48.1,52.996,33.006,56.634,Top 10% for severe-weather risk (FEMA); Top 18% for long-term owners; Top 21% for all-electric heating,364,1498,69554,0.862,0.633,166900,4.5,0.8,3.62,7.5,81.341,61.18,83.36,87.95,71.22,97.77,66.45,85.05,77.59,18,0.3
79424,33.467,-101.944,48303,Lubbock County,no,yes,no,LUBBOCK POWER & LIGHT SYSTEM,Wires company (TDU),competitive,ERCOT,13.6,,"City of Lubbock - (TX); Lyntegar Electric Coop, Inc; South Plains Electric Coop Inc; Southwestern Public Service Co",LUBBOCK POWER & LIGHT SYSTEM (competitive),48.0,27.692,64.212,58.91,Top 17% for new-home growth; Top 18% for household income; Top 24% for home size,14192,53478,97231,0.69,0.769,296300,5.8,0.475,1.53,6,67.944,74.6,32.14,69.54,89.85,96.13,78.4,24.47,85.08,11,18
79018,35.748,-102.213,48205,Hartley County,no,no,no,"Rita Blanca Electric Coop, Inc",Cooperative,coop,,,0.08282806980545157,Southwestern Public Service Co,"small population; Rita Blanca Electric Coop, Inc (coop)",47.8,36.546,54.183,56.475,Top 12% for home size; Top 24% for long-term owners,99,367,76667,0.706,0.735,106300,6.2,0.544,4.5,7.4,69.097,98.83,0,76.12,99.65,98.85,99.31,17.19,92.56,17,
79042,34.741,-101.911,48381,Randall County,no,yes,no,"Greenbelt Electric Coop, Inc",Cooperative,coop,,,0.18001619547230926,Southwestern Public Service Co,"Greenbelt Electric Coop, Inc (coop)",47.8,41.802,56.433,47.147,Top 7% for home size,380,1218,70590,0.812,0.857,148500,6.5,0.348,5.9,16.2,70.031,97.42,12.36,55.88,99.03,97.61,87.68,42.86,94.8,12,0.9
75779,31.863,-95.485,48001,Anderson County,no,no,yes,ONCOR ELECTRIC DELIVERY COMPANY,Wires company (TDU),base_tdsp,ERCOT,12.6,,,small population,47.7,70.855,11.808,52.713,Top 3% for homeownership; Top 5% for severe-weather risk (FEMA); Top 16% for major outage days,11,62,,1,0.5,,4.7,0,13.62,35.1,84.846,73.29,71.82,90.69,73.4,92.54,90.1,78.37,97,6,1.2
78252,29.341,-98.706,48029,Bexar County,no,yes,no,City of San Antonio - (TX),Municipal,municipal,,,0.12432968896776977,,City of San Antonio - (TX) (municipal),47.7,20.224,71.959,60.047,Top 22% for homeownership; Top 24% for home size,7207,21790,85518,0.86,0.927,250600,5.8,0.769,3.4,3.4,53.567,84.61,54.09,17.25,40.82,29.81,51.33,87.93,93.74,4,7.2
79233,34.521,-100.526,48191,Hall County,no,no,yes,AEP TEXAS NORTH,Wires company (TDU),base_tdsp,ERCOT,12.7,,"Lighthouse Electric Coop, Inc; Southwestern Electric Power Co",small population,47.7,59.5,11.88,67.921,Top 3% for homeownership; Top 6% for severe-weather risk (FEMA); Top 24% for long-term owners,32,90,,1,0.926,64400,4.8,0.348,9.16,11.9,83.781,99.29,47.74,96.11,98.28,99.94,72.62,75.88,95.9,17,0
78258,29.634,-98.497,48029,Bexar County,no,yes,no,City of San Antonio - (TX),Municipal,municipal,,,0.12432968896776977,,City of San Antonio - (TX) (municipal),47.6,16.307,84.636,52.347,Top 8% for home value; Top 8% for household income; Top 12% for home size,11074,52448,117835,0.549,0.598,480500,6.2,0.721,3.4,3.4,47.567,61.15,52.71,19.7,31.41,23.7,35.82,79.89,89.74,11,7.2
79369,33.956,-102.145,48279,Lamb County,no,no,no,"Lamb County Electric Coop, Inc",Cooperative,coop,,,0.0951857551110134,,"small population; Lamb County Electric Coop, Inc (coop)",47.6,34.237,40.166,72.716,Top 3% for homeownership; Top 9% for long-term owners; Top 21% for severe-weather risk (FEMA),16,43,,1,1,86700,5.8,0,1.67,6.9,76.223,88.29,45.4,71.38,96.61,99.46,96.94,36.21,87.56,21,0.2
76268,33.628,-96.767,48181,Grayson County,no,no,yes,ONCOR ELECTRIC DELIVERY COMPANY,Wires company (TDU),base_tdsp,ERCOT,12.6,,"Grayson-Collin Elec Coop, Inc",small population; mostly apartments,47.5,53.249,23.361,63.906,Top 12% for new-home growth; Top 19% for homeownership,37,243,,0.872,0.396,160500,4.7,0.538,7.16,22.5,73.446,62.62,46.33,92.89,57.3,62.63,78.58,87.54,88.85,9,23.5
79034,36.36,-100.157,48295,Lipscomb County,no,no,no,North Plains Electric Coop Inc,Cooperative,coop,,,0.10147492625368731,"Tri-County Electric Coop, Inc (OK); Southwestern Public Service Co",small population; North Plains Electric Coop Inc (coop),47.5,36.336,44.13,65.674,Top 22% for homeownership; Top 24% for household income; Top 24% for long-term owners,138,418,89250,0.86,0.944,123100,5.8,0.179,5.17,7.6,71.339,94.9,42.56,95.03,94.37,94.14,88.89,7.43,76.95,17,0
79259,34.398,-100.473,48191,Hall County,no,no,yes,AEP TEXAS NORTH,Wires company (TDU),base_tdsp,ERCOT,12.7,,"Lighthouse Electric Coop, Inc; South Plains Electric Coop Inc; Southwestern Electric Power Co",small population,47.5,55.909,18.549,65.237,Top 3% for homeownership; Top 12% for severe-weather risk (FEMA),10,27,,1,1,,5,0,9.16,11.9,80.33,97.34,46.1,94.78,96.34,99.89,70.77,65.12,89.31,,0
79533,32.857,-99.551,48417,Shackelford County,no,no,yes,AEP TEXAS NORTH,Wires company (TDU),base_tdsp,ERCOT,12.7,,"Big Country Electric Coop, Inc",small population,47.5,50.693,42.094,48.658,,149,475,59375,0.821,0.943,58300,5.7,0.542,9.34,10.8,69.517,78.54,50.02,48.36,80.99,95.01,58.62,67.69,85.93,14,
79530,32.119,-99.749,48441,Taylor County,no,no,yes,AEP TEXAS NORTH,Wires company (TDU),base_tdsp,ERCOT,12.7,,,small population,47.4,47.995,32.155,61.709,Top 5% for major outage days; Top 6% for long-term owners,115,392,71979,0.786,0.765,88300,5.4,0.434,13.66,58.4,56.219,67.75,40.91,33.02,82.36,74.7,54.49,49.82,58.23,23,8.4
76887,31.012,-99.159,48307,McCulloch County,no,no,yes,ONCOR ELECTRIC DELIVERY COMPANY,Wires company (TDU),base_tdsp,ERCOT,12.6,,,small population,47.3,25.894,39.228,84.075,Top 2% for household income; Top 3% for long-term owners; Top 3% for homeownership,25,87,155192,1,0.77,224200,4.7,0.771,4.43,13.9,46.509,29.84,43.74,3.77,76.6,64.91,36.52,42.91,57.11,26,0.4
77807,30.678,-96.484,48041,Brazos County,no,yes,no,City of Bryan - (TX),Municipal,municipal,,,0.11384231601443516,"City of College Station - (TX); Bartlett Electric Coop, Inc; Bluebonnet Electric Coop, Inc; Mid-South Electric Coop Assn; Heart of Texas Electric Coop; Entergy Texas Inc.",City of Bryan - (TX) (municipal),47.2,51.893,46.234,41.759,Top 23% for new-home growth; Top 24% for severe-weather risk (FEMA),2645,13227,74375,0.555,0.52,278600,4.9,0.754,5.19,14.1,75.171,62.06,79.05,67.28,71.59,72.37,86.84,64.07,85,10,14.3
78245,29.4,-98.731,48029,Bexar County,no,yes,no,City of San Antonio - (TX),Municipal,municipal,,,0.12432968896776977,,City of San Antonio - (TX) (municipal),47.2,27.527,71.071,49.565,Top 23% for all-electric heating; Top 23% for household income,25370,96015,90029,0.687,0.792,260300,5.7,0.787,3.4,3.4,62.073,86.64,56.15,30.22,52.73,41.95,64.05,92.97,96.44,9,7.2
77098,29.735,-95.416,48201,Harris County,no,no,yes,CENTERPOINT ENERGY HOUSTON ELECTRIC LLC,Wires company (TDU),base_tdsp,ERCOT,13.0,,,mostly renters; mostly apartments,47.1,44.603,46.613,50.824,Top 2% for home value; Top 9% for household income; Top 19% for outage hours per customer,2045,17210,116650,0.341,0.309,787300,3.8,0.743,15.94,5.5,46.889,47.97,85.41,32.35,17.46,20.35,51.05,47.41,74.19,11,11.1
77843,,,48041,Brazos County,no,no,no,City of College Station - (TX),Municipal,municipal,,,0.14566872515897217,Entergy Texas Inc.,mostly renters; mostly apartments; City of College Station - (TX) (municipal),47.1,58.51,1.872,77.116,Top 1% for severe-weather risk (FEMA); Top 23% for new-home growth,0,8259,,,,,-666666666,,5.19,14.1,93.32,91.29,74.52,93,96.67,94.81,99.6,94.96,99.68,,14.3
78607,30.822,-98.477,48299,Llano County,no,no,no,"Central Texas Elec Coop, Inc",Cooperative,coop,,,0.11027817039654494,"Pedernales Electric Coop, Inc","small population; Central Texas Elec Coop, Inc (coop)",47.1,59.719,40.817,36.448,Top 1% for all-electric heating; Top 22% for new-home growth,30,118,58594,0.68,0.808,243800,3.3,1,8.87,21.4,66.509,86.9,54.36,15.01,91.52,80.16,75.67,68.63,80.21,11,14.7
78617,30.149,-97.593,48453,Travis County,no,yes,no,Austin Energy,Municipal,municipal,,,0.125775626412917,"Bluebonnet Electric Coop, Inc",Austin Energy (municipal),47.1,34.318,59.232,52.091,,6707,30756,71640,0.799,0.567,281700,5.3,0.777,7.98,4.8,51.493,51.79,47.69,28.67,40.77,43.52,42.87,72.24,84.69,11,9.1
79040,36.318,-101.559,48195,Hansford County,no,yes,no,North Plains Electric Coop Inc,Cooperative,coop,,,0.10147492625368731,"Rita Blanca Electric Coop, Inc; Tri-County Electric Coop, Inc (OK); Southwestern Public Service Co",North Plains Electric Coop Inc (coop),47.1,36.705,53.296,54.675,Top 14% for home size,606,1979,84583,0.797,0.915,156400,6.1,0.288,6.86,9.2,66.58,98.71,0,89.81,98.74,88.11,99.8,8.83,80.77,13,0.2
79382,33.455,-102.014,48303,Lubbock County,no,yes,no,"Lyntegar Electric Coop, Inc",Cooperative,coop,,,0.08993721083939193,South Plains Electric Coop Inc; Southwestern Public Service Co,"Lyntegar Electric Coop, Inc (coop)",47.1,19.094,72.361,59.334,Top 16% for home size; Top 17% for new-home growth,3113,10512,84457,0.77,0.823,257100,6,0.665,1.53,6,55.504,78.71,30.8,49.61,77.04,88.78,61.9,11.94,68.46,10,18
75493,33.146,-95.108,48449,Titus County,no,no,no,Southwestern Electric Power Co,Investor Owned,ioi_non_ercot,non-ERCOT,,0.12025334637662972,,mostly apartments; Southwestern Electric Power Co (ioi_non_ercot),47.0,74.144,33.122,24.65,Top 18% for severe-weather risk (FEMA); Top 20% for major outage days,117,629,50893,0.642,0.485,105300,5.2,0.654,14.24,32.4,77.829,48.72,57.6,97.97,68.83,92.12,68.34,79.17,80.77,13,1.8
75172,32.605,-96.674,48113,Dallas County,no,no,yes,ONCOR ELECTRIC DELIVERY COMPANY,Wires company (TDU),base_tdsp,ERCOT,12.6,,,mostly apartments,46.9,66.415,42.697,25.13,Top 9% for severe-weather risk (FEMA); Top 17% for all-electric heating,1069,5806,59457,0.567,0.479,165500,5.1,0.822,9.52,4.5,81.736,97.44,52.49,89.46,73.27,64.7,93.67,99.3,99.26,9,5.5
77056,29.748,-95.469,48201,Harris County,no,no,yes,CENTERPOINT ENERGY HOUSTON ELECTRIC LLC,Wires company (TDU),base_tdsp,ERCOT,13.0,,,mostly renters; mostly apartments,46.9,46.761,46.349,47.786,Top 1% for home value; Top 19% for outage hours per customer; Top 20% for household income,1962,22877,93499,0.335,0.223,860900,3.7,0.74,15.94,5.5,52.977,71.24,90.07,48.37,18.64,27.39,54.16,51.53,80.68,12,11.1
77975,29.56,-97.082,48285,Lavaca County,no,yes,no,"Fayette Electric Coop, Inc",Cooperative,coop,,,0.12542758057452627,Guadalupe Valley Elec Coop Inc,"Fayette Electric Coop, Inc (coop)",46.9,67.441,31.799,34.554,Top 16% for major outage days,504,1780,59786,0.737,0.758,184900,4.5,0.723,13,34.8,69.539,89.17,90.11,34.76,57,71.14,97.87,63.47,72.42,12,1.9
78725,30.23,-97.609,48453,Travis County,no,yes,no,Austin Energy,Municipal,municipal,,,0.125775626412917,,Austin Energy (municipal),46.9,29.43,55.331,61.764,Top 13% for household income; Top 21% for home value,3170,10746,105795,0.767,0.973,330600,5.5,0.327,7.98,4.8,59.317,76.04,51.1,36.53,40.65,53.95,49.08,87.43,96.48,10,9.1
79082,34.224,-102.288,48279,Lamb County,no,no,no,Bailey County Elec Coop Assn,Cooperative,coop,,,0.08773457914324174,"Lamb County Electric Coop, Inc; Southwestern Public Service Co",small population; Bailey County Elec Coop Assn (coop),46.9,33.128,68.653,43.467,Top 1% for long-term owners; Top 7% for home size,97,382,67440,0.667,0.938,,6.5,0.309,1.67,6.9,73.903,94.08,52.14,64.86,95.16,98.96,93.13,29.84,83.23,34,0.2
79538,31.971,-99.684,48083,Coleman County,no,no,no,Comanche County Elec Coop Assn,Cooperative,coop,,,0.1551570041113031,,small population; Comanche County Elec Coop Assn (coop),46.9,21.75,60.987,66.509,Top 9% for homeownership,58,185,,0.94,0.828,,5.6,0.642,1.41,7.9,59.383,64.51,48.55,19.79,77.83,97.89,61.85,39.92,69.85,15,1.6
75670,32.57,-94.419,48203,Harrison County,no,yes,no,"Rusk County Electric Coop, Inc",Cooperative,coop,,,0.12895279910622157,Upshur Rural Elec Coop Corp; Southwestern Electric Power Co,"Rusk County Electric Coop, Inc (coop)",46.8,78.303,31.986,19.657,Top 5% for severe-weather risk (FEMA); Top 21% for major outage days; Top 23% for outage hours per customer,4243,18670,42386,0.591,0.737,112300,5.2,0.604,15.49,31.2,84.307,67.71,61.91,98.07,75.05,78.48,91.39,90.54,94.71,13,2
76466,32.433,-98.737,48133,Eastland County,no,yes,no,,,none,,,,,unknown utility (none),46.8,44.514,58.769,37.883,Top 15% for outage hours per customer; Top 18% for major outage days; Top 20% for home size,159,564,,0.734,0.768,,5.9,0.266,16.01,33.5,45.521,17.34,43.01,20.79,49.32,58.9,61.32,22.89,62.42,,1.8
77701,30.073,-94.105,48245,Jefferson County,no,yes,no,Entergy Texas Inc.,Investor Owned,ioi_non_ercot,non-ERCOT,,0.1366459934147402,,Entergy Texas Inc. (ioi_non_ercot),46.8,72.363,31.116,28.367,Top 4% for outage hours per customer; Top 7% for major outage days; Top 18% for long-term owners,2566,12381,49181,0.539,0.793,84000,5.3,0.555,24.2,55.6,68.517,77.71,95.54,81.21,45.86,53.92,71.83,44.91,86.35,18,4.9
78125,28.541,-97.957,48025,Bee County,no,no,no,San Patricio Electric Coop Inc,Cooperative,coop,,,0.13990204875130852,,small population; San Patricio Electric Coop Inc (coop),46.8,53.463,38.168,46.562,Top 3% for homeownership; Top 11% for long-term owners; Top 18% for home value,7,32,34583,1,0.593,350000,4.7,0.529,9.25,29.4,67.866,69.32,93.93,49.86,46.05,75.35,70.67,74.75,64.45,20,1.6
78247,29.586,-98.407,48029,Bexar County,no,yes,no,City of San Antonio - (TX),Municipal,municipal,,,0.12432968896776977,,City of San Antonio - (TX) (municipal),46.8,14.976,74.235,61.716,Top 20% for home size; Top 22% for household income,15400,51933,91013,0.771,0.861,275500,5.9,0.726,3.4,3.4,40.739,44.03,48.77,8.42,26.85,18.27,31.45,70.65,80.76,13,7.2
78656,29.905,-97.807,48055,Caldwell County,no,yes,no,"Bluebonnet Electric Coop, Inc",Cooperative,coop,,,0.11415535256836253,"Pedernales Electric Coop, Inc","Bluebonnet Electric Coop, Inc (coop)",46.8,40.232,49.369,52.955,Top 6% for new-home growth,574,2847,81346,0.692,0.525,238100,5.2,0.713,3.89,15.5,67.494,85.27,56.14,41.63,74.97,89.32,58.87,68.03,83.5,9,32
79330,33.041,-101.225,48169,Garza County,no,no,no,"Big Country Electric Coop, Inc",Cooperative,coop,,,0.13721774330329378,South Plains Electric Coop Inc,"small population; mostly renters; Big Country Electric Coop, Inc (coop)",46.7,52.894,63.236,21.854,,5,56,60179,0.24,0.695,,5.5,0.76,6.67,12.6,71.696,96.12,38.79,74.84,90.99,98.01,69.15,39.32,90.77,,3.2
78003,29.707,-99.095,48019,Bandera County,no,yes,no,"Bandera Electric Coop, Inc",Cooperative,coop,,,0.12401152270639165,,"Bandera Electric Coop, Inc (coop)",46.6,40.894,54.473,46.337,Top 16% for all-electric heating,2449,9967,69457,0.826,0.639,242700,5.2,0.83,4.49,19.6,63.26,89.81,51.35,10.79,91.42,92.81,56.93,54.66,84.86,12,0.3
79241,34.18,-101.388,48153,Floyd County,no,yes,no,"Lighthouse Electric Coop, Inc",Cooperative,coop,,,0.14588973619878134,Southwestern Public Service Co,"Lighthouse Electric Coop, Inc (coop)",46.6,47.126,44.483,47.968,Top 18% for long-term owners; Top 24% for home size,694,2204,61803,0.819,0.925,85700,5.8,0.494,6.68,8.4,74.447,94.11,50.84,85.92,96.85,98.85,75.86,18.89,93.92,18,0.2
76061,32.504,-97.188,48251,Johnson County,no,no,no,,,none,,,,,small population; unknown utility (none),46.5,44.436,1.556,94.213,Top 3% for homeownership; Top 11% for new-home growth,8,22,,1,1,,-666666666,0,5.73,17.9,73.886,78.54,45.44,80.83,42.58,78.28,85.19,86.12,98.76,,23.7
76666,32.044,-96.915,48217,Hill County,no,no,yes,ONCOR ELECTRIC DELIVERY COMPANY,Wires company (TDU),base_tdsp,ERCOT,12.6,,,small population,46.5,68.095,37.879,26.347,Top 7% for severe-weather risk (FEMA),57,261,,0.57,0.683,93000,5.4,0.616,8.54,28,82.757,87.78,64.82,92.27,50.5,90.75,97.49,84.67,98.8,12,4.5
78008,28.704,-98.264,48013,Atascosa County,no,no,no,Karnes Electric Coop Inc,Cooperative,coop,,,0.0990299895962391,,small population; Karnes Electric Coop Inc (coop),46.5,59.85,47.374,27.987,Top 1% for all-electric heating,58,234,55440,0.65,0.966,227900,4.9,1,5.74,22.9,72.574,75.3,76.08,49.78,69.91,81.05,60.16,82.05,88.99,10,8.4
78747,30.127,-97.74,48453,Travis County,no,yes,no,Austin Energy,Municipal,municipal,,,0.125775626412917,"Bluebonnet Electric Coop, Inc; Pedernales Electric Coop, Inc",Austin Energy (municipal),46.5,28.434,64.109,53.032,Top 10% for home value; Top 21% for household income,5698,22180,92748,0.668,0.688,430300,5.5,0.581,7.98,4.8,51.187,60.38,49.36,30.89,33.33,44.73,38.09,74.16,87.75,11,9.1
79054,35.375,-100.822,48179,Gray County,no,yes,no,Southwestern Public Service Co,Investor Owned,ioi_non_ercot,non-ERCOT,,0.13352364853480414,,Southwestern Public Service Co (ioi_non_ercot),46.5,52.429,34.555,50.534,Top 8% for severe-weather risk (FEMA); Top 17% for homeownership,206,660,62500,0.882,0.813,45000,5.6,0.303,6.8,13.4,82.233,99.46,51.93,98.41,99.75,99.18,99.03,28.17,99.16,15,0.4
75412,33.802,-95.152,48387,Red River County,no,no,yes,TEXAS-NEW MEXICO POWER COMPANY,Wires company (TDU),base_tdsp,ERCOT,15.1,,Lamar County Elec Coop Assn,small population,46.4,54.767,40.353,41.302,Top 18% for long-term owners,120,488,64605,0.641,0.774,109200,5.7,0.209,10.06,22.1,71.471,82.09,50.39,99.99,52.05,74.08,64,70.63,89.16,18,2.6
75944,31.354,-94.388,48347,Nacogdoches County,no,yes,no,Deep East Texas Elec Coop Inc,Cooperative,coop,,,0.13100998789221177,,Deep East Texas Elec Coop Inc (coop),46.4,74.752,16.373,38.502,Top 1% for severe-weather risk (FEMA); Top 8% for homeownership,190,771,39338,0.949,0.643,85000,4.4,0.621,12.84,22.4,91.474,90.57,88.76,93.46,87.16,98.93,80.36,92.96,98.69,13,1.3
77002,29.757,-95.366,48201,Harris County,no,no,yes,CENTERPOINT ENERGY HOUSTON ELECTRIC LLC,Wires company (TDU),base_tdsp,ERCOT,13.0,,,mostly renters; mostly apartments,46.4,56.045,40.066,39.896,Top 19% for outage hours per customer; Top 22% for all-electric heating,234,21015,86394,0.082,0.029,305000,2.5,0.796,15.94,5.5,62.41,77.83,92.66,61.58,22.27,41.59,64.43,63.72,90.62,7,11.1
77977,28.696,-96.794,48469,Victoria County,no,no,yes,AEP TEXAS CENTRAL,Wires company (TDU),base_tdsp,ERCOT,12.05,,"Victoria Electric Coop, Inc",mostly apartments,46.3,24.91,46.247,74.956,Top 3% for homeownership; Top 24% for long-term owners; Top 24% for home size,71,539,,1,0.344,45900,5.8,0.603,3.27,11.5,60.253,77.23,94.2,46.94,41.93,36.78,85.29,53.74,62.89,17,2.8
78055,29.83,-99.331,48019,Bandera County,no,yes,no,"Bandera Electric Coop, Inc",Cooperative,coop,,,0.12401152270639165,,"Bandera Electric Coop, Inc (coop)",46.3,37.084,45.346,59.539,Top 12% for all-electric heating,428,1753,85345,0.8,0.636,266500,4.6,0.862,4.49,19.6,59.214,96.73,54.76,2.89,92.62,91.76,50.69,38.73,83.05,16,0.3
79326,34.078,-102.216,48279,Lamb County,no,no,no,Southwestern Public Service Co,Investor Owned,ioi_non_ercot,non-ERCOT,,0.13352364853480414,,small population; mostly apartments; Southwestern Public Service Co (ioi_non_ercot),46.3,47.889,23.92,66.495,Top 3% for homeownership; Top 16% for severe-weather risk (FEMA); Top 21% for all-electric heating,3,51,,1,0.2,,-666666666,0.8,1.67,6.9,78.79,95.06,50.38,75.22,97.56,99.63,97.24,38.9,92.6,,0.2
79563,32.416,-99.906,48441,Taylor County,no,no,yes,AEP TEXAS NORTH,Wires company (TDU),base_tdsp,ERCOT,12.7,,,mostly apartments,46.3,54.521,42.023,39.52,Top 5% for major outage days,152,964,49276,0.827,0.41,64600,5.4,0.774,13.66,58.4,52.646,57.66,42.25,35.42,84.92,58.52,40.87,55.55,50.99,12,8.4
75202,32.779,-96.805,48113,Dallas County,no,no,yes,ONCOR ELECTRIC DELIVERY COMPANY,Wires company (TDU),base_tdsp,ERCOT,12.6,,,mostly renters; mostly apartments,46.2,48.072,44.368,45.539,Top 5% for household income; Top 14% for all-electric heating; Top 17% for home value,65,2892,133155,0.242,0.059,359500,3,0.842,9.52,4.5,63.181,61.64,40.62,71.95,46.05,36.61,68.25,92.79,86,7,5.5
76459,33.276,-98.382,48237,Jack County,no,no,yes,TEXAS-NEW MEXICO POWER COMPANY,Wires company (TDU),base_tdsp,ERCOT,15.1,,,small population; mostly apartments,46.2,59.848,24.513,49.737,Top 1% for long-term owners; Top 3% for homeownership; Top 25% for major outage days,6,77,33438,1,0.231,56500,5.3,0.271,11.39,28.2,73.486,70.66,49.17,70.47,60.97,93.46,60.7,91.02,88.61,35,3.6
77991,28.799,-96.615,48239,Jackson County,no,no,no,"Jackson Electric Coop, Inc - (TX)",Cooperative,coop,,,0.13417350975470688,,"small population; Jackson Electric Coop, Inc - (TX) (coop)",46.2,72.126,25.043,32.747,Top 5% for severe-weather risk (FEMA); Top 23% for all-electric heating,95,440,,0.787,0.564,107600,4.4,0.787,9.66,12.8,84.034,98.88,99.8,88.04,62.23,71.11,91.54,85.26,90.26,9,0.2
78884,29.605,-99.46,48019,Bandera County,no,yes,no,"Bandera Electric Coop, Inc",Cooperative,coop,,,0.12401152270639165,"Medina Electric Coop, Inc","Bandera Electric Coop, Inc (coop)",46.2,39.814,52.978,48.072,,306,1171,84271,0.681,0.763,286900,5.2,0.705,4.49,19.6,65.133,95.67,61.14,28.97,87.91,88.32,51.52,58.49,79.58,14,0.3
79247,34.33,-99.409,48487,Wilbarger County,no,no,yes,AEP TEXAS NORTH,Wires company (TDU),base_tdsp,ERCOT,12.7,,,small population,46.2,51.128,13.052,72.849,Top 3% for homeownership; Top 11% for severe-weather risk (FEMA); Top 14% for long-term owners,9,36,,1,0.667,,4.5,0.4,5.75,14.6,80.703,98.82,50.11,92.36,78.51,98.2,70.1,84.94,90.7,19,0.7
76373,34.132,-99.107,48487,Wilbarger County,no,no,yes,AEP TEXAS NORTH,Wires company (TDU),base_tdsp,ERCOT,12.7,,,small population,46.1,52.011,27.864,56.567,Top 3% for long-term owners; Top 10% for homeownership; Top 11% for severe-weather risk (FEMA),54,181,60417,0.929,0.788,,5.1,0.464,5.75,14.6,80.703,98.82,50.11,92.36,78.51,98.2,70.1,84.94,90.7,25,0.7
79240,34.885,-100.78,48129,Donley County,no,no,yes,AEP TEXAS NORTH,Wires company (TDU),base_tdsp,ERCOT,12.7,,"Greenbelt Electric Coop, Inc; Lighthouse Electric Coop, Inc; Southwestern Electric Power Co",small population,46.1,57.122,6.663,70.879,Top 3% for homeownership; Top 20% for severe-weather risk (FEMA),11,30,,1,1,,4.2,0,12.73,8.6,77.063,98.15,47.78,89.5,95.72,97.61,91.24,28.27,89.32,,1.4
79243,33.774,-100.99,48125,Dickens County,no,no,yes,AEP TEXAS NORTH,Wires company (TDU),base_tdsp,ERCOT,12.7,,"Lighthouse Electric Coop, Inc; South Plains Electric Coop Inc",small population,46.0,29.854,57.275,56.172,Top 1% for home size; Top 1% for long-term owners,8,26,61250,0.8,1,112500,10,0.4,3.39,5.6,68.656,91.54,41.76,76.83,73.89,98.55,78.14,32.31,79.11,34,
79839,31.333,-105.903,48229,Hudspeth County,no,yes,no,"Rio Grande Electric Coop, Inc",Cooperative,coop,,,0.18509998844064268,El Paso Electric Co,"Rio Grande Electric Coop, Inc (coop)",46.0,57.652,41.61,34.768,Top 1% for outage hours per customer; Top 11% for long-term owners,304,1416,47950,0.699,0.56,55000,5.5,0.684,31.36,12.9,57.779,78.43,32.96,83.4,91.3,93.69,41.16,52.22,9.72,20,
79121,35.175,-101.93,48381,Randall County,no,yes,no,Southwestern Public Service Co,Investor Owned,ioi_non_ercot,non-ERCOT,,0.13352364853480414,,Southwestern Public Service Co (ioi_non_ercot),45.9,33.162,67.476,41.19,Top 12% for home size,1782,6437,74659,0.72,0.786,288300,6.2,0.309,5.9,16.2,63.359,56.54,0,47.39,98.47,89.12,78.17,38.24,92.12,11,0.9
79358,33.442,-102.195,48219,Hockley County,no,yes,no,"Lyntegar Electric Coop, Inc",Cooperative,coop,,,0.08993721083939193,South Plains Electric Coop Inc; Southwestern Public Service Co,"Lyntegar Electric Coop, Inc (coop)",45.9,23.486,65.445,56.084,Top 14% for home size; Top 23% for household income,487,1622,90333,0.782,0.805,217600,6.1,0.565,4.99,14.2,52.044,53.51,34.56,38.73,78.32,83.41,54.67,9.72,64.9,13,0.4
75201,32.788,-96.799,48113,Dallas County,no,no,yes,ONCOR ELECTRIC DELIVERY COMPANY,Wires company (TDU),base_tdsp,ERCOT,12.6,,,mostly renters; mostly apartments,45.8,46.059,49.177,41.928,Top 2% for home value; Top 11% for all-electric heating; Top 14% for household income,190,18345,103761,0.106,0.027,688100,2.8,0.871,9.52,4.5,61.094,53.25,37.64,66.09,44.53,33.72,72.23,95.35,78.1,9,5.5
77415,28.933,-95.735,48321,Matagorda County,no,no,no,"Jackson Electric Coop, Inc - (TX)",Cooperative,coop,,,0.13417350975470688,,"small population; Jackson Electric Coop, Inc - (TX) (coop)",45.8,54.146,28.687,51.806,Top 2% for long-term owners; Top 11% for outage hours per customer; Top 18% for major outage days,14,63,71310,0.58,1,,5,0.58,18.96,33.8,54.61,89.5,97.5,48.95,19.88,32.52,61.77,65.27,56.38,27,11.1
79093,36.29,-101.034,48357,Ochiltree County,no,no,no,North Plains Electric Coop Inc,Cooperative,coop,,,0.10147492625368731,"Tri-County Electric Coop, Inc (OK); Southwestern Public Service Co",small population; mostly apartments; North Plains Electric Coop Inc (coop),45.8,45.053,19.621,72.849,Top 3% for homeownership; Top 14% for long-term owners; Top 18% for severe-weather risk (FEMA),18,110,,1,0.433,,5,0.257,5.54,10.2,77.683,99.17,53.6,97.2,98.55,97.01,99.24,7.9,90.28,19,0.7
78155,29.543,-97.938,48187,Guadalupe County,no,yes,no,City of San Antonio - (TX),Municipal,municipal,,,0.12432968896776977,"City of Seguin - (TX); Bluebonnet Electric Coop, Inc; Guadalupe Valley Elec Coop Inc; Pedernales Electric Coop, Inc",City of San Antonio - (TX) (municipal),45.7,28.449,63.214,51.242,Top 15% for new-home growth; Top 19% for all-electric heating,14477,55600,71039,0.725,0.677,266700,5.4,0.808,1.51,9.1,60.924,71.27,58.78,32.53,74.02,57.12,55.01,70.17,78.84,12,19
79010,35.452,-102.141,48375,Potter County,no,yes,no,"Rita Blanca Electric Coop, Inc",Cooperative,coop,,,0.08282806980545157,Southwestern Public Service Co,"Rita Blanca Electric Coop, Inc (coop)",45.7,42.321,28.677,67.288,Top 1% for long-term owners; Top 24% for new-home growth,175,616,,0.739,0.845,,5.2,0.261,6.68,20.4,68.554,94.96,0,65.36,99.36,95.88,91.78,35.05,92.45,35,13.6
78369,27.365,-98.997,48479,Webb County,no,no,yes,AEP TEXAS CENTRAL,Wires company (TDU),base_tdsp,ERCOT,12.05,,"Medina Electric Coop, Inc",small population,45.6,23.296,31.065,89.805,Top 7% for homeownership; Top 7% for household income; Top 11% for long-term owners,65,211,120417,0.975,0.81,120800,5.1,0.65,5.06,13.1,45.014,17.26,75.29,46.75,27.59,36.58,51.98,44.79,32.12,20,13.9
77428,28.604,-96.192,48321,Matagorda County,no,no,no,"Jackson Electric Coop, Inc - (TX)",Cooperative,coop,,,0.13417350975470688,,"small population; mostly renters; Jackson Electric Coop, Inc - (TX) (coop)",45.5,75.071,29.501,22.024,Top 1% for all-electric heating; Top 11% for outage hours per customer; Top 18% for major outage days,0,151,,0,1,,-666666666,1,18.96,33.8,66.33,92.87,98.85,67.17,24.84,43.59,83.73,87.79,58.34,,11.1
78719,30.197,-97.667,48453,Travis County,no,no,no,Austin Energy,Municipal,municipal,,,0.125775626412917,"Bluebonnet Electric Coop, Inc",mostly apartments; Austin Energy (municipal),45.5,29.483,59.711,52.667,Top 9% for home value; Top 14% for long-term owners,336,1796,56202,0.826,0.487,456200,5.2,0.733,7.98,4.8,36.05,34.76,43.37,16.87,24.61,28.03,28.62,48.61,62.24,19,9.1
76842,30.94,-99.08,48319,Mason County,no,no,no,"Central Texas Elec Coop, Inc",Cooperative,coop,,,0.11027817039654494,,"small population; Central Texas Elec Coop, Inc (coop)",45.4,53.547,43.111,36.929,Top 3% for all-electric heating,84,297,,0.757,0.744,,4.9,0.974,13.49,12.5,58.241,81.92,57.33,6.72,89.06,80.05,56.39,50.26,67.88,10,3.5
79081,36.242,-101.218,48195,Hansford County,no,yes,no,North Plains Electric Coop Inc,Cooperative,coop,,,0.10147492625368731,"Rita Blanca Electric Coop, Inc; Tri-County Electric Coop, Inc (OK); Southwestern Public Service Co",North Plains Electric Coop Inc (coop),45.4,41.498,49.133,46.996,Top 20% for home size,937,2974,68542,0.82,0.887,147700,5.9,0.274,6.86,9.2,70.653,97.5,6.05,94.17,98.39,92.4,98.4,16.63,88.53,13,0.2
75948,31.308,-93.784,48403,Sabine County,no,yes,no,Deep East Texas Elec Coop Inc,Cooperative,coop,,,0.13100998789221177,"Jasper-Newton Elec Coop, Inc; Southwestern Electric Power Co; Entergy Texas Inc.",Deep East Texas Elec Coop Inc (coop),45.3,53.184,37.091,43.029,Top 2% for severe-weather risk (FEMA); Top 22% for homeownership,1263,5238,62028,0.859,0.627,187000,4.9,0.738,3.11,11.6,87.629,86.29,88.3,92.95,86.86,98.14,66.34,89.65,91.16,12,0.1
77027,29.74,-95.446,48201,Harris County,no,no,yes,CENTERPOINT ENERGY HOUSTON ELECTRIC LLC,Wires company (TDU),base_tdsp,ERCOT,13.0,,,mostly renters; mostly apartments,45.3,44.234,44.637,47.237,Top 1% for home value; Top 14% for household income; Top 19% for outage hours per customer,1719,20317,103812,0.302,0.22,859500,3.7,0.696,15.94,5.5,49.367,58.86,87.6,39.44,17.77,22.69,52.14,48.98,76.95,10,11.1
78109,29.488,-98.291,48029,Bexar County,no,yes,no,City of San Antonio - (TX),Municipal,municipal,,,0.12432968896776977,,City of San Antonio - (TX) (municipal),45.3,17.503,73.315,54.401,Top 20% for home size; Top 22% for household income,18168,63067,91320,0.749,0.856,252500,5.9,0.743,3.4,3.4,48.39,69.75,54.58,16.72,32.59,25.7,38.33,80.65,90.16,9,7.2
77642,29.958,-93.892,48245,Jefferson County,no,yes,no,Entergy Texas Inc.,Investor Owned,ioi_non_ercot,non-ERCOT,,0.1366459934147402,,Entergy Texas Inc. (ioi_non_ercot),45.1,77.232,25.837,21.564,Top 4% for outage hours per customer; Top 7% for major outage days,7819,38358,42950,0.53,0.624,104700,5,0.63,24.2,55.6,71.061,76.29,94.68,79.91,42.58,45.32,84.35,64.53,86.06,14,4.9
78344,27.48,-98.865,48479,Webb County,no,no,yes,AEP TEXAS CENTRAL,Wires company (TDU),base_tdsp,ERCOT,12.05,,"Medina Electric Coop, Inc",small population,45.1,32.128,49.279,58.241,Top 4% for all-electric heating; Top 20% for homeownership; Top 24% for new-home growth,98,295,73250,0.866,0.904,137700,5.3,0.961,5.06,13.1,50.837,25.76,73.07,62.91,30.3,41.19,55.3,55.52,37.57,8,13.9
79749,32.289,-101.872,48317,Martin County,no,no,yes,ONCOR ELECTRIC DELIVERY COMPANY,Wires company (TDU),base_tdsp,ERCOT,12.6,,,small population,45.1,49.701,63.037,21.038,Top 4% for long-term owners; Top 7% for home size; Top 11% for major outage days,99,477,34286,0.545,0.792,182100,6.5,0.47,14.68,45.5,57.033,90.24,41.06,19.77,71.73,92.02,58.25,43.96,72.44,24,0.1
77019,29.754,-95.409,48201,Harris County,no,no,yes,CENTERPOINT ENERGY HOUSTON ELECTRIC LLC,Wires company (TDU),base_tdsp,ERCOT,13.0,,,mostly renters; mostly apartments,45.0,43.122,42.411,49.942,Top 1% for home value; Top 9% for household income; Top 19% for outage hours per customer,3246,23708,116423,0.376,0.356,816500,3.8,0.633,15.94,5.5,51.364,70.76,88.59,43.06,18.49,25.25,54.16,51.11,78.89,10,11.1
78012,28.765,-98.486,48013,Atascosa County,no,no,yes,AEP TEXAS CENTRAL,Wires company (TDU),base_tdsp,ERCOT,12.05,,Karnes Electric Coop Inc,small population,45.0,50.267,42.548,40.42,Top 1% for long-term owners; Top 3% for all-electric heating,74,328,43571,0.741,0.594,107300,5.2,0.973,5.74,22.9,64.736,47.85,67.19,30.58,66.96,73.52,52.64,79.06,83.2,32,8.4
78147,29.073,-98.08,48493,Wilson County,no,yes,no,Karnes Electric Coop Inc,Cooperative,coop,,,0.0990299895962391,,Karnes Electric Coop Inc (coop),45.0,41.402,48.645,46.113,,375,1532,72404,0.637,0.785,225000,5.2,0.727,2.35,13.4,71.301,92.36,73.57,44.55,75.45,78.64,60.44,79.74,86.72,14,7.6
78749,30.216,-97.856,48453,Travis County,no,yes,no,Austin Energy,Municipal,municipal,,,0.125775626412917,"Pedernales Electric Coop, Inc",Austin Energy (municipal),45.0,24.336,55.231,62.252,Top 4% for home value; Top 11% for household income; Top 24% for long-term owners,7789,34562,111079,0.586,0.687,585200,5.3,0.445,7.98,4.8,47.733,49.59,46.99,26.74,30.33,40.35,34.08,70.92,84.72,17,9.1
75838,31.479,-96.23,48161,Freestone County,no,no,no,"Navasota Valley Elec Coop, Inc",Cooperative,coop,,,0.15754613767238312,Entergy Texas Inc.,"small population; mostly apartments; Navasota Valley Elec Coop, Inc (coop)",44.9,84.006,19.889,17.69,Top 2% for severe-weather risk (FEMA); Top 6% for outage hours per customer; Top 11% for major outage days,30,209,27813,0.515,0.384,,4.8,0.495,23.18,45.5,87.83,91.5,82.84,92.55,80.1,88.77,99.43,76.33,94.79,17,0.6
79059,35.831,-100.766,48393,Roberts County,no,yes,no,"Greenbelt Electric Coop, Inc",Cooperative,coop,,,0.18001619547230926,North Plains Electric Coop Inc; Southwestern Electric Power Co; Southwestern Public Service Co,"Greenbelt Electric Coop, Inc (coop)",44.9,37.43,37.827,61.868,Top 18% for long-term owners,235,726,66875,0.845,0.91,142500,5.5,0.208,12.18,3.6,63.261,88.63,34.68,82.42,88.97,80,80.04,7.13,69.59,18,
77046,29.734,-95.433,48201,Harris County,no,no,yes,CENTERPOINT ENERGY HOUSTON ELECTRIC LLC,Wires company (TDU),base_tdsp,ERCOT,13.0,,,mostly apartments,44.8,43.347,37.198,54.266,Top 5% for household income; Top 19% for outage hours per customer,7,1793,131932,0.489,0.011,286500,4,0.692,15.94,5.5,47.7,45.19,88.56,42.26,17.51,22.96,46.86,41.85,73.9,11,11.1
79534,32.762,-100.213,48151,Fisher County,no,no,yes,AEP TEXAS NORTH,Wires company (TDU),base_tdsp,ERCOT,12.7,,"Big Country Electric Coop, Inc",small population,44.8,25.685,64.824,50.256,Top 17% for home value,108,360,70833,0.783,0.783,360000,5.6,0.567,5.63,6.1,54.657,50.3,39.78,36.74,69.77,87.23,52.67,39.07,57.34,12,
75711,,,48423,Smith County,no,no,yes,ONCOR ELECTRIC DELIVERY COMPANY,Wires company (TDU),base_tdsp,ERCOT,12.6,,,small population; mostly renters; mostly apartments,44.7,74.667,1.872,47.466,Top 10% for severe-weather risk (FEMA),0,156,,,,,-666666666,,12.99,17.2,81.399,66.85,72.73,92.36,94.39,84.61,84.58,90.94,50.18,,7.1
79057,35.246,-100.642,48179,Gray County,no,yes,no,"Greenbelt Electric Coop, Inc",Cooperative,coop,,,0.18001619547230926,Southwestern Electric Power Co; Southwestern Public Service Co,"Greenbelt Electric Coop, Inc (coop)",44.6,50.172,26.679,54.945,Top 14% for severe-weather risk (FEMA); Top 22% for homeownership,333,1010,70865,0.858,0.935,91300,5.3,0.284,6.8,13.4,79.413,98.01,48,95.2,98.02,98.66,93.47,27.11,95.43,15,0.4
77006,29.741,-95.391,48201,Harris County,no,no,yes,CENTERPOINT ENERGY HOUSTON ELECTRIC LLC,Wires company (TDU),base_tdsp,ERCOT,13.0,,,mostly renters; mostly apartments,44.5,42.412,43.441,48.258,Top 4% for home value; Top 12% for household income; Top 19% for outage hours per customer,3312,24892,106533,0.346,0.347,614800,3.6,0.69,15.94,5.5,44.626,41.37,84.05,27.92,17.07,18.55,48.85,44.37,71.57,10,11.1
77612,30.398,-93.924,48241,Jasper County,no,yes,no,Entergy Texas Inc.,Investor Owned,ioi_non_ercot,non-ERCOT,,0.1366459934147402,,Entergy Texas Inc. (ioi_non_ercot),44.5,42.937,39.581,51.659,Top 6% for all-electric heating; Top 15% for homeownership,2096,9101,64415,0.897,0.599,118000,5.1,0.911,0.97,5.4,73.789,62.35,90.43,87.36,53.31,76.76,65.29,69.57,73.8,13,1.7
79517,32.88,-101.247,48033,Borden County,no,no,no,"Big Country Electric Coop, Inc",Cooperative,coop,,,0.13721774330329378,"Lyntegar Electric Coop, Inc","small population; Big Country Electric Coop, Inc (coop)",44.5,43.91,18.56,71.137,Top 8% for outage hours per customer; Top 14% for homeownership; Top 24% for long-term owners,72,210,74583,0.902,0.99,54000,5.1,0.391,21.19,14.6,48.363,79.02,39.57,26.23,65.4,86.12,48.6,16.7,55.92,17,
77969,28.775,-96.659,48239,Jackson County,no,no,no,"Jackson Electric Coop, Inc - (TX)",Cooperative,coop,,,0.13417350975470688,"Victoria Electric Coop, Inc","small population; Jackson Electric Coop, Inc - (TX) (coop)",44.4,62.516,15.202,49.401,Top 3% for homeownership; Top 5% for severe-weather risk (FEMA),32,84,64792,1,1,,4.7,0.386,9.66,12.8,84.034,98.88,99.8,88.04,62.23,71.11,91.54,85.26,90.26,11,0.2
78234,29.461,-98.438,48029,Bexar County,no,no,no,City of San Antonio - (TX),Municipal,municipal,,,0.12432968896776977,,mostly renters; City of San Antonio - (TX) (municipal),44.4,13.423,81.791,48.298,Top 5% for home size; Top 16% for household income,0,7149,100662,0,0.911,,6.7,0.646,3.4,3.4,44.884,51.53,50.83,11.08,29.33,20.76,34.54,79.66,87.99,,7.2
78250,29.503,-98.665,48029,Bexar County,no,yes,no,City of San Antonio - (TX),Municipal,municipal,,,0.12432968896776977,,City of San Antonio - (TX) (municipal),44.4,15.651,68.25,58.902,Top 24% for long-term owners; Top 24% for home size,16116,57323,80659,0.731,0.891,235000,5.8,0.722,3.4,3.4,45.007,59.2,47.34,8.81,31.05,19.56,37.98,82.7,87.61,17,7.2
78402,27.819,-97.392,48355,Nueces County,no,no,yes,AEP TEXAS CENTRAL,Wires company (TDU),base_tdsp,ERCOT,12.05,,,mostly apartments,44.4,59.171,34.733,34.312,Top 11% for all-electric heating,50,554,55565,0.74,0.239,193000,3.8,0.872,8.18,18,68.493,90.79,98.16,42.28,40.95,71.12,82.34,77.63,66.97,7,12.4
79383,,,48305,Lynn County,no,no,no,"Lyntegar Electric Coop, Inc",Cooperative,coop,,,0.08993721083939193,,"small population; mostly renters; Lyntegar Electric Coop, Inc (coop)",44.4,42.918,60.23,30.473,Top 1% for long-term owners; Top 16% for home size,5,38,,0.375,1,,6,0.125,10.9,24.6,60.914,83.85,43.1,62.75,71.64,99.29,56.85,16.14,76.63,35,0.4
79423,33.44,-101.855,48303,Lubbock County,no,yes,no,LUBBOCK POWER & LIGHT SYSTEM,Wires company (TDU),competitive,ERCOT,13.6,,"City of Lubbock - (TX); Lyntegar Electric Coop, Inc; South Plains Electric Coop Inc; Southwestern Public Service Co",LUBBOCK POWER & LIGHT SYSTEM (competitive),44.4,28.381,54.877,55.28,Top 17% for new-home growth,12870,46998,84933,0.712,0.772,234400,5.6,0.487,1.53,6,68.28,85.32,34.72,70.74,87.4,97.48,75.94,26.27,85.41,10,18
75503,33.512,-94.142,48037,Bowie County,no,yes,no,"Bowie-Cass Electric Coop, Inc",Cooperative,coop,,,0.12564696965847794,Southwest Arkansas E C C; Southwestern Electric Power Co,"Bowie-Cass Electric Coop, Inc (coop)",44.3,37.244,56.53,41.449,,6288,26372,72159,0.62,0.712,229800,5.6,0.556,4,10.5,69.446,63.36,41.74,95.78,71.48,58.79,50.47,79.77,88.09,14,2.1
79355,33.182,-102.877,48501,Yoakum County,no,yes,no,"Lea County Electric Coop, Inc - (NM)",Cooperative,coop,,,0.0981608972494263,"Lyntegar Electric Coop, Inc; Southwestern Public Service Co","Lea County Electric Coop, Inc - (NM) (coop)",44.3,39.847,38.517,55.949,,434,1660,76967,0.68,0.77,143300,5.4,0.493,3.53,14.6,73.283,96.92,50.43,51.64,94.76,97.99,98.2,42.76,77.2,16,11.7
75903,,,48005,Angelina County,no,no,no,,,none,,,,,small population; mostly renters; mostly apartments; unknown utility (none),44.2,82.83,30.524,6.321,Top 5% for all-electric heating; Top 12% for severe-weather risk (FEMA); Top 17% for major outage days,0,64,30000,0,0.058,,3.1,0.942,13.68,34.4,80.463,53.88,80.26,81.68,80.98,94.22,63.91,95.25,66.94,,3.3
75968,31.252,-93.954,48403,Sabine County,no,yes,no,Deep East Texas Elec Coop Inc,Cooperative,coop,,,0.13100998789221177,"Jasper-Newton Elec Coop, Inc",Deep East Texas Elec Coop Inc (coop),44.2,51.281,39.934,39.023,Top 10% for severe-weather risk (FEMA),466,1818,53355,0.822,0.667,89100,5.3,0.77,3.11,11.6,81.171,63.61,83.96,88.85,77.05,97.47,56.6,83.57,80.7,15,0.1
77464,29.592,-95.955,48157,Fort Bend County,no,no,yes,CENTERPOINT ENERGY HOUSTON ELECTRIC LLC,Wires company (TDU),base_tdsp,ERCOT,13.0,,,small population,44.2,29.554,60.119,47.895,Top 5% for new-home growth; Top 24% for home size,98,407,64375,0.63,0.737,250000,5.8,0.406,5.55,3.2,66.434,84.59,91.96,61.41,24.19,72.43,61.36,71.76,81.93,15,35.7
75220,32.869,-96.876,48113,Dallas County,no,no,yes,ONCOR ELECTRIC DELIVERY COMPANY,Wires company (TDU),base_tdsp,ERCOT,12.6,,,mostly renters; mostly apartments,44.0,48.745,42.708,38.83,Top 7% for home value; Top 24% for long-term owners,4937,40239,69843,0.319,0.354,500200,3.8,0.682,9.52,4.5,67.414,76.87,41.71,75.49,52.83,44.61,76.05,95.88,85.33,17,5.5
79373,33.183,-101.827,48305,Lynn County,no,yes,no,"Big Country Electric Coop, Inc",Cooperative,coop,,,0.13721774330329378,"Lyntegar Electric Coop, Inc; South Plains Electric Coop Inc; Southwestern Public Service Co","Big Country Electric Coop, Inc (coop)",44.0,44.989,40.892,45.668,,853,3087,74728,0.719,0.905,137100,5.4,0.583,10.9,24.6,57.336,81.2,42.98,54.03,69.72,99.2,51.23,13.31,70.88,14,0.4
79748,32.408,-101.652,48227,Howard County,no,no,yes,ONCOR ELECTRIC DELIVERY COMPANY,Wires company (TDU),base_tdsp,ERCOT,12.6,,,small population,44.0,26.262,69.014,42.7,Top 13% for home value; Top 14% for long-term owners; Top 18% for all-electric heating,57,232,,0.64,1,390900,5.4,0.82,2.97,8.4,55.994,87.06,45.96,26.36,77.81,89.04,45.36,38.86,68.57,19,2.7
75207,32.787,-96.82,48113,Dallas County,no,no,yes,ONCOR ELECTRIC DELIVERY COMPANY,Wires company (TDU),base_tdsp,ERCOT,12.6,,,mostly renters; mostly apartments,43.8,57.08,28.988,41.016,Top 9% for all-electric heating,25,8287,84212,0.008,0.043,,2.6,0.892,9.52,4.5,69.527,80.11,44.64,79.98,55.62,49.87,71.75,95.25,89.58,,5.5
75956,30.676,-93.983,48241,Jasper County,no,yes,no,"Jasper-Newton Elec Coop, Inc",Cooperative,coop,,,0.1295961422543701,Entergy Texas Inc.,"Jasper-Newton Elec Coop, Inc (coop)",43.8,46.779,32.691,50.841,Top 10% for severe-weather risk (FEMA); Top 21% for all-electric heating,1788,6982,62196,0.844,0.666,156300,4.7,0.797,0.97,5.4,81.461,70.72,90.54,91.51,61.18,89.23,79.34,78.03,80.4,16,1.7
79005,36.38,-100.507,48295,Lipscomb County,no,yes,no,North Plains Electric Coop Inc,Cooperative,coop,,,0.10147492625368731,"Tri-County Electric Coop, Inc (OK); Southwestern Public Service Co",North Plains Electric Coop Inc (coop),43.8,39.664,42.205,50.971,Top 24% for severe-weather risk (FEMA),460,1536,70223,0.825,0.78,155900,5.6,0.142,5.17,7.6,75.146,96.39,41.7,94.78,97.79,97.5,91.27,13.38,89.6,15,0
75236,32.676,-96.937,48113,Dallas County,no,no,yes,ONCOR ELECTRIC DELIVERY COMPANY,Wires company (TDU),base_tdsp,ERCOT,12.6,,,mostly renters; mostly apartments,43.7,61.635,41.957,21.493,Top 12% for all-electric heating; Top 25% for severe-weather risk (FEMA),2136,18963,49715,0.293,0.344,255800,4.2,0.864,9.52,4.5,74.751,83.63,43.34,80.83,64.06,52.84,89.67,98.63,93.89,14,5.5
75975,31.897,-94.414,48419,Shelby County,no,yes,no,Deep East Texas Elec Coop Inc,Cooperative,coop,,,0.13100998789221177,"Rusk County Electric Coop, Inc; Southwestern Electric Power Co",Deep East Texas Elec Coop Inc (coop),43.6,66.012,36.963,20.455,Top 1% for severe-weather risk (FEMA),823,3671,44297,0.7,0.583,96900,5.4,0.586,8.07,19.4,88.664,82.97,89.02,93.34,83.06,99.06,77.68,87.23,91.26,12,0.3
76858,31.177,-99.616,48095,Concho County,no,no,yes,AEP TEXAS NORTH,Wires company (TDU),base_tdsp,ERCOT,12.65,,,small population,43.5,45.619,26.401,57.716,Top 8% for homeownership,76,212,71875,0.953,0.943,88800,5.2,0.512,14.15,20.6,57.201,78.49,51.28,9.35,84.46,84.02,47.64,53.06,70.6,14,0
77703,30.131,-94.114,48245,Jefferson County,no,yes,no,Entergy Texas Inc.,Investor Owned,ioi_non_ercot,non-ERCOT,,0.1366459934147402,,Entergy Texas Inc. (ioi_non_ercot),43.5,73.27,25.94,21.258,Top 4% for outage hours per customer; Top 7% for major outage days; Top 18% for long-term owners,1866,11004,31803,0.441,0.746,87600,5.1,0.603,24.2,55.6,68.237,57.4,92.16,80.06,35.28,50.97,78.16,54.91,86.12,18,4.9
78735,30.269,-97.869,48453,Travis County,no,no,no,Austin Energy,Municipal,municipal,,,0.125775626412917,"Pedernales Electric Coop, Inc",mostly apartments; Austin Energy (municipal),43.5,27.384,55.23,53.257,Top 1% for home value; Top 4% for household income,3746,20996,139191,0.465,0.464,867500,5.2,0.555,7.98,4.8,50.231,42.14,50.05,35.6,30.93,47.3,32.45,68.8,86.49,11,9.1
75039,32.886,-96.943,48113,Dallas County,no,no,yes,ONCOR ELECTRIC DELIVERY COMPANY,Wires company (TDU),base_tdsp,ERCOT,12.6,,,mostly renters; mostly apartments,43.4,41.885,46.586,42.261,Top 4% for home value; Top 14% for household income; Top 22% for all-electric heating,1449,24164,104853,0.156,0.16,597800,3.1,0.792,9.52,4.5,58.28,54.28,34.66,60.13,42.98,31.04,73.38,95.61,70.16,9,5.5
78231,29.579,-98.542,48029,Bexar County,no,yes,no,City of San Antonio - (TX),Municipal,municipal,,,0.12432968896776977,,City of San Antonio - (TX) (municipal),43.4,9.877,71.166,60.394,Top 12% for household income; Top 12% for home value; Top 20% for home size,2480,9744,109183,0.662,0.718,401800,5.9,0.506,3.4,3.4,45.844,69.21,51.17,13.68,31.47,21.29,36.35,79.05,87.9,14,7.2
77013,29.795,-95.234,48201,Harris County,no,no,yes,CENTERPOINT ENERGY HOUSTON ELECTRIC LLC,Wires company (TDU),base_tdsp,ERCOT,13.0,,,mostly apartments,43.3,58.88,35.282,30.677,Top 7% for long-term owners; Top 15% for all-electric heating; Top 19% for outage hours per customer,2942,18259,47060,0.419,0.45,174400,4.5,0.833,15.94,5.5,63.737,83.43,92.16,57.55,21.95,37.19,71.49,72.86,92.96,22,11.1
77030,29.707,-95.402,48201,Harris County,no,no,yes,CENTERPOINT ENERGY HOUSTON ELECTRIC LLC,Wires company (TDU),base_tdsp,ERCOT,13.0,,,mostly renters; mostly apartments,43.2,44.795,41.461,42.913,Top 3% for home value; Top 19% for outage hours per customer,1312,13380,77336,0.341,0.255,631400,3.7,0.629,15.94,5.5,55.369,80,91.4,54.72,19.87,33.61,53.83,50.66,83.49,13,11.1
77802,30.661,-96.323,48041,Brazos County,no,yes,no,City of Bryan - (TX),Municipal,municipal,,,0.11384231601443516,City of College Station - (TX); Mid-South Electric Coop Assn; Entergy Texas Inc.,City of Bryan - (TX) (municipal),43.2,44.174,44.273,40.683,Top 23% for new-home growth,5043,25762,70666,0.509,0.58,254500,5.2,0.527,5.19,14.1,73.62,49.44,73.7,67.39,72.99,67.64,88.11,62.33,83.18,12,14.3
79009,34.533,-102.88,48369,Parmer County,no,yes,no,Bailey County Elec Coop Assn,Cooperative,coop,,,0.08773457914324174,"Deaf Smith Electric Coop, Inc; Southwestern Public Service Co",Bailey County Elec Coop Assn (coop),43.2,55.76,30.827,38.726,Top 15% for major outage days; Top 18% for long-term owners; Top 19% for severe-weather risk (FEMA),430,1795,65333,0.623,0.742,116300,5.3,0.403,6.81,35.8,77.293,99.95,55.58,52.17,99.45,97.72,95.2,45.71,95.22,18,0.7
79311,33.858,-101.882,48189,Hale County,no,yes,no,"Lighthouse Electric Coop, Inc",Cooperative,coop,,,0.14588973619878134,South Plains Electric Coop Inc; Southwestern Public Service Co,"Lighthouse Electric Coop, Inc (coop)",43.2,31.442,50.1,51.957,,1033,3536,81985,0.76,0.889,176800,5.7,0.381,3.12,14.9,68.34,89.3,44.08,72.18,92.25,95.13,75.02,16.52,83.2,13,0.9
79046,36.164,-100.122,48295,Lipscomb County,no,yes,no,North Plains Electric Coop Inc,Cooperative,coop,,,0.10147492625368731,Southwestern Public Service Co,North Plains Electric Coop Inc (coop),43.1,37.244,48.003,45.879,Top 14% for home size; Top 18% for homeownership,162,514,57386,0.877,0.824,110000,6.1,0.199,5.17,7.6,72.191,95.25,44.44,95.64,94.49,94.33,90.1,8.29,78.05,16,0
79080,35.749,-101.214,48233,Hutchinson County,no,yes,no,North Plains Electric Coop Inc,Cooperative,coop,,,0.10147492625368731,Southwestern Public Service Co,North Plains Electric Coop Inc (coop),43.1,49.814,33.782,43.419,Top 6% for long-term owners; Top 24% for outage hours per customer,167,541,55313,0.804,0.874,41700,5.6,0.226,14.88,27.6,62.209,66.98,0,80.7,94.86,81.78,90.45,11.3,76.37,23,0.1
76862,31.412,-99.682,48095,Concho County,no,no,yes,ONCOR ELECTRIC DELIVERY COMPANY,Wires company (TDU),base_tdsp,ERCOT,12.6,,Concho Valley Elec Coop Inc,small population,43.0,51.317,19.138,55.855,Top 9% for homeownership,32,158,80208,0.946,0.528,,4.5,0.571,14.15,20.6,61.866,85.75,53.47,12.12,88.77,92.08,50.33,59.6,76.69,10,0
76875,31.603,-100.0,48399,Runnels County,no,no,yes,AEP TEXAS NORTH,Wires company (TDU),base_tdsp,ERCOT,12.7,,,small population,43.0,30.887,46.352,55.753,Top 1% for long-term owners; Top 23% for homeownership,132,404,61875,0.855,1,162700,5.7,0.241,7.89,10.5,59.219,61.59,47.5,8.37,82.31,94.12,67.55,47.68,67,31,1.8
77204,,,48201,Harris County,no,no,no,,,none,,,,,mostly renters; mostly apartments; unknown utility (none),43.0,57.259,1.872,65.175,Top 19% for outage hours per customer,0,4579,,,,,-666666666,,15.94,5.5,65.873,91.16,95.84,73.01,23.01,47.16,64.2,63.57,94.32,,11.1
79045,34.915,-102.555,48117,Deaf Smith County,no,yes,no,"Deaf Smith Electric Coop, Inc",Cooperative,coop,,,0.08831054652456309,Southwestern Public Service Co,"Deaf Smith Electric Coop, Inc (coop)",43.0,48.967,42.231,35.891,Top 20% for major outage days,4666,18189,60543,0.667,0.791,116500,5.7,0.313,7.96,32,68.49,98.74,0,50.6,99.67,99.56,96.05,37.23,96.32,14,3.3
78666,29.88,-97.966,48209,Hays County,no,no,no,City of San Marcos - (TX),Municipal,municipal,,,0.12028855120510387,"Bluebonnet Electric Coop, Inc; Pedernales Electric Coop, Inc",mostly renters; mostly apartments; City of San Marcos - (TX) (municipal),42.9,51.761,43.947,29.995,Top 4% for new-home growth; Top 24% for major outage days; Top 25% for home value,12980,88583,54737,0.381,0.432,306700,4.7,0.733,5.59,29,68.646,67.18,52.08,46.61,85.14,71.02,63.39,74.87,87.41,12,40.6
79001,35.34,-102.795,48359,Oldham County,no,no,no,"Deaf Smith Electric Coop, Inc",Cooperative,coop,,,0.08831054652456309,"Rita Blanca Electric Coop, Inc; Southwestern Electric Coop Inc - (NM); Southwestern Public Service Co","small population; Deaf Smith Electric Coop, Inc (coop)",42.9,25.068,56.27,53.359,Top 10% for home size; Top 24% for long-term owners,46,168,83125,0.716,0.755,122500,6.3,0.527,3.55,5,63.387,96.85,0,40.72,99.02,98.32,97.52,22.45,85.68,17,0.6
79092,35.313,-102.446,48359,Oldham County,no,yes,no,"Deaf Smith Electric Coop, Inc",Cooperative,coop,,,0.08831054652456309,"Rita Blanca Electric Coop, Inc; Southwestern Public Service Co","Deaf Smith Electric Coop, Inc (coop)",42.8,20.087,58.234,57.529,Top 12% for home size,416,1361,83068,0.796,0.869,176700,6.2,0.353,3.55,5,61.453,96.03,0,37.14,98.76,97.86,96.83,17.53,82.05,15,0.6
79087,36.288,-102.914,48111,Dallam County,no,yes,no,"Rita Blanca Electric Coop, Inc",Cooperative,coop,,,0.08282806980545157,Southwestern Electric Coop Inc - (NM),"Rita Blanca Electric Coop, Inc (coop)",42.7,39.836,46.225,43.067,Top 16% for home size; Top 17% for severe-weather risk (FEMA),210,813,69135,0.709,0.674,102600,6,0.268,3.82,7.1,78.367,99.57,,90.37,99.67,98.6,99.82,4.63,77.11,14,1.8
79851,31.278,-105.312,48229,Hudspeth County,no,yes,no,"Rio Grande Electric Coop, Inc",Cooperative,coop,,,0.18509998844064268,El Paso Electric Co,"Rio Grande Electric Coop, Inc (coop)",42.7,51.768,33.932,39.467,Top 1% for outage hours per customer; Top 6% for long-term owners,286,1198,55500,0.676,0.622,62600,5.5,0.438,31.36,12.9,57.779,78.43,32.96,83.4,91.3,93.69,41.16,52.22,9.72,23,
76059,32.393,-97.328,48251,Johnson County,no,no,yes,ONCOR ELECTRIC DELIVERY COMPANY,Wires company (TDU),base_tdsp,ERCOT,12.6,,,mostly apartments,42.5,56.173,43.389,23.544,Top 11% for new-home growth; Top 13% for all-electric heating,932,5586,51401,0.434,0.468,237900,4.7,0.851,5.73,17.9,72.474,68.87,43.03,80.6,38.28,75.06,84.94,86.41,99,9,23.7
76841,30.915,-100.109,48413,Schleicher County,no,no,no,"Pedernales Electric Coop, Inc",Cooperative,coop,,,0.12218223657681021,"Southwest Texas Elec Coop, Inc","small population; mostly renters; Pedernales Electric Coop, Inc (coop)",42.5,35.859,47.818,46.003,Top 12% for household income,33,262,108563,0.333,0.887,,5.6,0.176,12.47,10.9,56.039,82.52,54.07,3.89,87.08,87.78,57.3,39.6,62.55,,1
79376,33.234,-102.673,48501,Yoakum County,no,no,no,"Lyntegar Electric Coop, Inc",Cooperative,coop,,,0.08993721083939193,Southwestern Public Service Co,"small population; Lyntegar Electric Coop, Inc (coop)",42.5,35.975,5.846,87.788,Top 3% for homeownership,3,10,,1,1,,4,0,3.53,14.6,72.51,97.01,50.71,51.88,93.6,97.79,98.3,38.31,76.98,,11.7
75082,32.992,-96.663,48085,Collin County,no,no,yes,ONCOR ELECTRIC DELIVERY COMPANY,Wires company (TDU),base_tdsp,ERCOT,12.6,,"City of Garland - (TX); Grayson-Collin Elec Coop, Inc",mostly apartments,42.4,21.161,50.27,62.845,Top 7% for new-home growth; Top 7% for home value; Top 11% for household income,5160,29618,110534,0.453,0.479,492900,5.1,0.567,5.38,5.6,50.313,60.9,32.87,48.14,39.68,27.36,49.78,60.13,94.23,16,29.1
76177,32.975,-97.31,48439,Tarrant County,no,no,yes,ONCOR ELECTRIC DELIVERY COMPANY,Wires company (TDU),base_tdsp,ERCOT,12.6,,"Denton County Elec Coop, Inc; Tri-County Electric Coop, Inc (TX)",mostly apartments,42.4,32.94,47.834,49.482,Top 14% for household income; Top 15% for home value,4463,25012,104189,0.464,0.493,376000,4.8,0.725,5.45,3.8,63.13,70.52,39.76,72.29,56.8,35.57,63.36,82.41,91.72,9,13.2
76836,31.443,-99.549,48307,McCulloch County,no,no,yes,ONCOR ELECTRIC DELIVERY COMPANY,Wires company (TDU),base_tdsp,ERCOT,12.6,,,small population,42.4,32.237,30.857,67.609,Top 1% for all-electric heating; Top 3% for homeownership,7,25,,1,0.741,,1.3,1,4.43,13.9,53.391,72.56,49.49,7.09,80.93,77.44,45.44,47.72,65.63,,0.4
75570,33.459,-94.439,48037,Bowie County,no,yes,no,"Bowie-Cass Electric Coop, Inc",Cooperative,coop,,,0.12564696965847794,Southwest Arkansas E C C; Southwestern Electric Power Co,"Bowie-Cass Electric Coop, Inc (coop)",42.3,38.976,44.733,44.413,,3316,11391,67622,0.757,0.762,162600,5.5,0.511,4,10.5,72.106,57.38,45.24,96.72,70.1,59.26,59.1,84.44,89.88,13,2.1
76870,31.627,-98.547,48333,Mills County,no,no,no,Hamilton County Elec Coop Assn,Cooperative,coop,,,0.1369407507445114,Heart of Texas Electric Coop,small population; Hamilton County Elec Coop Assn (coop),42.3,12.604,51.837,72.521,Top 2% for long-term owners; Top 3% for homeownership; Top 20% for home size,23,65,66875,1,0.946,165600,5.9,0.28,1.76,4.4,58.741,58.58,52.45,6.82,81.23,81.14,67.93,48.06,73.56,29,
77025,29.686,-95.435,48201,Harris County,no,no,yes,CENTERPOINT ENERGY HOUSTON ELECTRIC LLC,Wires company (TDU),base_tdsp,ERCOT,13.0,,,mostly apartments,42.3,42.189,41.207,43.569,Top 4% for home value; Top 19% for outage hours per customer,4640,29715,81008,0.406,0.429,586600,4.1,0.606,15.94,5.5,51.199,75.28,87.13,35.93,18.39,21.74,58.63,57.39,79.18,12,11.1
76953,31.724,-100.332,48081,Coke County,no,no,no,,,none,,,,,small population; unknown utility (none),42.2,44.209,9.305,72.334,Top 3% for homeownership; Top 15% for household income,9,33,102656,1,0.714,,3.3,0.467,13.19,26.8,56.246,52.01,40.65,13,80.9,93.35,48.99,48.12,68.71,13,1.3
79003,35.582,-100.069,48211,Hemphill County,no,no,no,Southwestern Public Service Co,Investor Owned,ioi_non_ercot,non-ERCOT,,0.13352364853480414,,small population; Southwestern Public Service Co (ioi_non_ercot),42.2,38.466,44.014,45.227,Top 11% for severe-weather risk (FEMA); Top 14% for long-term owners; Top 16% for home size,45,177,73125,0.673,0.969,83900,6,0.184,4.62,2.8,81.076,98.32,50.73,98.78,98.98,99.63,96.66,23.08,99.67,19,0
79329,33.715,-101.675,48303,Lubbock County,no,yes,no,South Plains Electric Coop Inc,Cooperative,coop,,,0.10228990957165597,Southwestern Public Service Co,South Plains Electric Coop Inc (coop),42.2,23.564,50.923,58.31,Top 17% for new-home growth,996,3322,67059,0.78,0.827,220200,5.6,0.35,1.53,6,66.247,98.46,40.44,73.88,87.96,98.21,67.17,15.44,80.63,16,18
79699,32.462,-99.716,48441,Taylor County,no,no,yes,AEP TEXAS NORTH,Wires company (TDU),base_tdsp,ERCOT,12.7,,,small population; mostly renters; mostly apartments,42.2,63.28,1.872,54.555,Top 5% for major outage days,0,113,,,0,,-666666666,,13.66,58.4,64.404,60.85,41.6,53.78,95.24,68.57,49.17,79.64,62.83,,8.4
78072,28.31,-98.573,48311,McMullen County,no,no,no,NUECES ELECTRIC COOPERATIVE,Wires company (TDU),competitive,ERCOT,16.3,,"Karnes Electric Coop Inc; Medina Electric Coop, Inc; Nueces Electric Cooperative; San Patricio Electric Coop Inc",small population; NUECES ELECTRIC COOPERATIVE (competitive),42.1,41.558,45.698,39.343,Top 12% for all-electric heating; Top 18% for long-term owners,106,403,37198,0.809,0.685,82200,5.4,0.858,9.65,5.2,52.744,33.52,80.41,61.81,24.12,44.9,82.13,28.07,47.77,18,
78244,29.474,-98.348,48029,Bexar County,no,yes,no,City of San Antonio - (TX),Municipal,municipal,,,0.12432968896776977,,City of San Antonio - (TX) (municipal),42.0,19.681,70.025,43.88,Top 17% for all-electric heating; Top 24% for home size,10768,38092,71128,0.735,0.881,216300,5.8,0.824,3.4,3.4,48.281,55.09,51.22,13.66,33.04,24.47,40.33,84.16,91.09,10,7.2
78588,26.738,-98.397,48427,Starr County,no,no,no,Magic Valley Electric Coop Inc,Cooperative,coop,,,0.1020138639955681,"Medina Electric Coop, Inc",small population; Magic Valley Electric Coop Inc (coop),42.0,39.626,42.547,44.489,Top 3% for all-electric heating; Top 19% for household income,73,289,94821,0.657,0.795,52800,5.3,0.97,6.97,20.4,48.354,47.98,82.29,49.26,27.98,23.01,95.98,28.69,31.27,11,0
78239,29.519,-98.363,48029,Bexar County,no,yes,no,City of San Antonio - (TX),Municipal,municipal,,,0.12432968896776977,,City of San Antonio - (TX) (municipal),41.9,15.701,70.967,47.924,Top 14% for home size,8120,28609,70098,0.738,0.871,229200,6.1,0.673,3.4,3.4,49.17,59.65,50.95,13.07,33.69,24.74,41.75,86.66,93.33,13,7.2
79019,35.007,-101.394,48011,Armstrong County,no,yes,no,"Greenbelt Electric Coop, Inc",Cooperative,coop,,,0.18001619547230926,"Lighthouse Electric Coop, Inc; Southwestern Public Service Co","Greenbelt Electric Coop, Inc (coop)",41.9,36.886,33.988,56.475,,529,1671,74750,0.824,0.91,172500,5.2,0.43,8.92,7.5,61.129,98.31,0,59.73,97.82,95.69,56.3,28.95,89.41,16,0.5
78112,29.187,-98.393,48029,Bexar County,no,no,no,City of San Antonio - (TX),Municipal,municipal,,,0.12432968896776977,Guadalupe Valley Elec Coop Inc; Karnes Electric Coop Inc,mostly apartments; City of San Antonio - (TX) (municipal),41.8,21.663,58.215,52.252,Top 7% for all-electric heating; Top 12% for homeownership,1356,9769,54988,0.911,0.361,131400,5.6,0.909,3.4,3.4,49.426,67.5,55.25,14.67,33.73,24.11,41.41,85.21,91.6,15,7.2
76820,30.767,-99.05,48319,Mason County,no,no,no,"Central Texas Elec Coop, Inc",Cooperative,coop,,,0.11027817039654494,,"small population; Central Texas Elec Coop, Inc (coop)",41.7,39.942,39.395,46.318,Top 14% for long-term owners,27,104,,0.676,0.735,,5.3,0.5,13.49,12.5,55.03,82.4,57.87,4.37,88.22,77.22,44.89,48.47,64.17,19,3.5
76882,31.817,-99.702,48399,Runnels County,no,no,yes,AEP TEXAS NORTH,Wires company (TDU),base_tdsp,ERCOT,12.7,,,small population,41.7,50.038,33.342,38.816,,94,313,61750,0.804,0.781,120200,5.2,0.618,7.89,10.5,70.307,84.26,50.8,19.28,90.95,99.3,80.57,67.01,84.24,10,1.8
77035,29.656,-95.471,48201,Harris County,no,no,yes,CENTERPOINT ENERGY HOUSTON ELECTRIC LLC,Wires company (TDU),base_tdsp,ERCOT,13.0,,,mostly apartments,41.7,47.781,41.116,34.265,Top 19% for outage hours per customer,5610,36019,58686,0.405,0.476,283800,4.7,0.69,15.94,5.5,56.857,80.21,88.11,37.94,20.4,25.2,69.57,70.56,86.22,16,11.1
77077,29.752,-95.615,48201,Harris County,no,no,yes,CENTERPOINT ENERGY HOUSTON ELECTRIC LLC,Wires company (TDU),base_tdsp,ERCOT,13.0,,,mostly renters; mostly apartments,41.7,43.052,41.176,40.306,Top 14% for home value; Top 19% for outage hours per customer,8459,60098,72871,0.374,0.366,379700,4.2,0.675,15.94,5.5,48.004,46.61,87.32,37.41,18.03,25.3,49.43,43.91,74.63,13,11.1
78759,30.403,-97.761,48453,Travis County,no,no,yes,ONCOR ELECTRIC DELIVERY COMPANY,Wires company (TDU),base_tdsp,ERCOT,12.6,,"Austin Energy; Bartlett Electric Coop, Inc",mostly apartments,41.7,27.839,46.527,55.364,Top 3% for home value; Top 15% for household income,7822,43182,102400,0.471,0.479,674000,4.7,0.628,7.98,4.8,45.369,29.42,47.42,27.66,28.92,39.46,30.94,62.86,80.32,15,9.1
75204,32.802,-96.789,48113,Dallas County,no,no,yes,ONCOR ELECTRIC DELIVERY COMPANY,Wires company (TDU),base_tdsp,ERCOT,12.6,,,mostly renters; mostly apartments,41.6,39.424,46.696,39.302,Top 8% for home value; Top 18% for all-electric heating; Top 21% for household income,2226,34666,92253,0.186,0.167,479500,3.4,0.816,9.52,4.5,54.296,37.61,32.39,53.33,39.07,26.99,69.29,94.74,64.26,9,5.5
76596,31.477,-97.728,48099,Coryell County,no,no,no,Heart of Texas Electric Coop,Cooperative,coop,,,0.12623769605981833,,mostly renters; mostly apartments; Heart of Texas Electric Coop (coop),41.6,57.069,1.872,60.782,Top 24% for severe-weather risk (FEMA),0,1060,,,,,-666666666,,7.82,12.6,75.256,63.72,48.35,52.37,92.42,69.69,90,76.46,97.5,,10
76597,31.486,-97.707,48099,Coryell County,no,no,no,Heart of Texas Electric Coop,Cooperative,coop,,,0.12623769605981833,,mostly renters; mostly apartments; Heart of Texas Electric Coop (coop),41.6,57.069,1.872,60.782,Top 24% for severe-weather risk (FEMA),0,3005,,,,,-666666666,,7.82,12.6,75.256,63.72,48.35,52.37,92.42,69.69,90,76.46,97.5,,10
76598,31.475,-97.735,48099,Coryell County,no,no,no,Heart of Texas Electric Coop,Cooperative,coop,,,0.12623769605981833,,small population; mostly renters; mostly apartments; Heart of Texas Electric Coop (coop),41.6,57.069,1.872,60.782,Top 24% for severe-weather risk (FEMA),0,491,,,,,-666666666,,7.82,12.6,75.256,63.72,48.35,52.37,92.42,69.69,90,76.46,97.5,,10
78701,30.271,-97.743,48453,Travis County,no,no,no,Austin Energy,Municipal,municipal,,,0.125775626412917,,mostly apartments; Austin Energy (municipal),41.6,31.228,45.164,51.744,Top 2% for home value; Top 2% for household income,204,11824,162168,0.453,0.045,722400,3,0.743,7.98,4.8,45.567,43.65,51.01,38.75,28.03,48.1,26,47.98,79.1,9,9.1
79022,36.098,-102.607,48111,Dallam County,no,yes,no,"Rita Blanca Electric Coop, Inc",Cooperative,coop,,,0.08282806980545157,"Southwestern Electric Coop Inc - (NM); Tri-County Electric Coop, Inc (OK); Southwestern Public Service Co","Rita Blanca Electric Coop, Inc (coop)",41.6,41.243,45.751,37.968,Top 13% for severe-weather risk (FEMA),2789,10826,72286,0.67,0.809,172000,5.6,0.288,3.82,7.1,80.075,99.53,,87.62,99.77,99.16,99.85,9.61,84.44,11,1.8
77477,29.624,-95.568,48157,Fort Bend County,no,no,yes,CENTERPOINT ENERGY HOUSTON ELECTRIC LLC,Wires company (TDU),base_tdsp,ERCOT,13.0,,,mostly renters; mostly apartments,41.5,37.223,36.074,52.513,Top 5% for new-home growth; Top 18% for long-term owners,4764,33752,75744,0.367,0.43,257300,4.5,0.644,5.55,3.2,68.197,77.47,91.41,67.24,29.71,56.35,64.64,77.72,90.31,18,35.7
78731,30.348,-97.768,48453,Travis County,no,yes,no,Austin Energy,Municipal,municipal,,,0.125775626412917,,Austin Energy (municipal),41.5,25.928,48.956,54.8,Top 1% for home value; Top 13% for household income,5617,27507,105494,0.531,0.555,903200,5,0.555,7.98,4.8,45.994,39.09,48.11,29.07,28.58,40.85,30.51,63.52,81.32,13,9.1
75219,32.812,-96.813,48113,Dallas County,no,no,yes,ONCOR ELECTRIC DELIVERY COMPANY,Wires company (TDU),base_tdsp,ERCOT,12.6,,,mostly renters; mostly apartments,41.4,38.495,44.274,42.514,Top 14% for home value; Top 15% for household income; Top 22% for all-electric heating,1583,23934,102364,0.336,0.172,388600,3.5,0.793,9.52,4.5,53.52,36.12,32.16,51.74,38.73,27.04,67.65,93.93,63.39,9,5.5
75413,33.441,-96.179,48147,Fannin County,no,no,yes,TEXAS-NEW MEXICO POWER COMPANY,Wires company (TDU),base_tdsp,ERCOT,15.1,,,small population,41.4,60.58,34.462,22.664,Top 8% for severe-weather risk (FEMA),23,118,48750,0.52,0.661,195000,5,0.6,7.15,19,82.259,88.27,50.78,97.7,61.12,91.77,81.03,95.39,98.02,13,5.7
77036,29.702,-95.535,48201,Harris County,no,no,yes,CENTERPOINT ENERGY HOUSTON ELECTRIC LLC,Wires company (TDU),base_tdsp,ERCOT,13.0,,,mostly renters; mostly apartments,41.4,56.119,37.376,25.817,Top 13% for all-electric heating; Top 19% for outage hours per customer; Top 24% for long-term owners,4885,71770,45716,0.177,0.216,235300,3.1,0.852,15.94,5.5,61.249,74.99,88.38,43.23,21.4,34.32,73.55,75.35,92.51,17,11.1
78002,29.284,-98.738,48029,Bexar County,no,yes,no,City of San Antonio - (TX),Municipal,municipal,,,0.12432968896776977,,City of San Antonio - (TX) (municipal),41.4,18.505,61.735,51.488,,1940,7035,66744,0.788,0.717,210700,5.6,0.745,3.4,3.4,51.2,84.48,54.15,16.33,37.99,27.63,46.78,84.34,91.18,14,7.2
79002,,,48179,Gray County,no,no,no,Southwestern Public Service Co,Investor Owned,ioi_non_ercot,non-ERCOT,,0.13352364853480414,,small population; Southwestern Public Service Co (ioi_non_ercot),41.4,51.502,1.556,67.609,Top 3% for homeownership; Top 8% for severe-weather risk (FEMA),5,15,,1,1,,-666666666,0,6.8,13.4,82.233,99.46,51.93,98.41,99.75,99.18,99.03,28.17,99.16,,0.4
79066,,,48179,Gray County,no,no,no,Southwestern Public Service Co,Investor Owned,ioi_non_ercot,non-ERCOT,,0.13352364853480414,,small population; mostly apartments; Southwestern Public Service Co (ioi_non_ercot),41.4,51.502,1.556,67.609,Top 3% for homeownership; Top 8% for severe-weather risk (FEMA),0,19,,1,0,,-666666666,0,6.8,13.4,82.233,99.46,51.93,98.41,99.75,99.18,99.03,28.17,99.16,,0.4
75567,33.311,-94.312,48037,Bowie County,no,yes,no,"Bowie-Cass Electric Coop, Inc",Cooperative,coop,,,0.12564696965847794,Southwestern Electric Power Co,"Bowie-Cass Electric Coop, Inc (coop)",41.3,32.725,47.013,47.007,Top 20% for all-electric heating,909,3660,69350,0.753,0.646,150000,5.3,0.805,4,10.5,59.957,25.16,35.76,90.25,52.88,42.08,46.27,74.58,77.88,14,2.1
77057,29.744,-95.488,48201,Harris County,no,no,yes,CENTERPOINT ENERGY HOUSTON ELECTRIC LLC,Wires company (TDU),base_tdsp,ERCOT,13.0,,,mostly renters; mostly apartments,41.3,48.376,41.034,32.123,Top 19% for outage hours per customer; Top 24% for all-electric heating; Top 24% for home value,4012,46569,66971,0.318,0.224,309400,3.7,0.783,15.94,5.5,53.563,59.49,87.65,40.38,18.9,26.4,59.93,58.91,82.77,11,11.1
78406,27.771,-97.519,48355,Nueces County,no,no,yes,AEP TEXAS CENTRAL,Wires company (TDU),base_tdsp,ERCOT,12.1,,,mostly apartments,41.3,45.497,44.428,32.634,Top 9% for all-electric heating,392,2301,54740,0.444,0.443,,5,0.891,8.18,18,55.801,61.18,86.1,37.19,38.55,55.12,64.2,56.48,52.97,16,12.4
79086,36.046,-101.784,48421,Sherman County,no,yes,no,"Rita Blanca Electric Coop, Inc",Cooperative,coop,,,0.08282806980545157,Southwestern Public Service Co,"Rita Blanca Electric Coop, Inc (coop)",41.3,19.525,48.57,62.907,Top 20% for home size; Top 24% for long-term owners,1025,3219,70648,0.835,0.828,137700,5.9,0.299,1.84,4.4,64.766,96.46,0,76.07,98.62,87.75,97.79,10.37,82.76,17,10.1
75034,33.149,-96.861,48085,Collin County,no,no,yes,ONCOR ELECTRIC DELIVERY COMPANY,Wires company (TDU),base_tdsp,ERCOT,12.6,,"Denton County Elec Coop, Inc; Grayson-Collin Elec Coop, Inc",mostly renters; mostly apartments,41.2,29.892,43.896,53.632,Top 2% for home value; Top 7% for new-home growth; Top 11% for household income,7989,53818,111122,0.386,0.425,729700,4.3,0.638,5.38,5.6,60.666,73,36.56,71,48.15,41.78,56.7,71.34,99.13,10,29.1
77042,29.741,-95.56,48201,Harris County,no,no,yes,CENTERPOINT ENERGY HOUSTON ELECTRIC LLC,Wires company (TDU),base_tdsp,ERCOT,13.0,,,mostly renters; mostly apartments,41.2,49.759,45.122,26.029,Top 11% for home value; Top 19% for outage hours per customer; Top 25% for all-electric heating,3201,38721,59097,0.263,0.215,411800,3.8,0.781,15.94,5.5,56.041,60.16,87.9,40.39,19.47,29.8,64.17,64.36,86.2,11,11.1
77081,29.712,-95.481,48201,Harris County,no,no,yes,CENTERPOINT ENERGY HOUSTON ELECTRIC LLC,Wires company (TDU),base_tdsp,ERCOT,13.0,,,mostly renters; mostly apartments,41.2,54.148,41.312,23.789,Top 9% for all-electric heating; Top 19% for outage hours per customer,1272,50129,43251,0.066,0.094,274000,2.9,0.884,15.94,5.5,58.547,66.35,87.69,42.03,20.51,29.36,69.73,70.96,89.55,16,11.1
78073,29.244,-98.622,48029,Bexar County,no,yes,no,City of San Antonio - (TX),Municipal,municipal,,,0.12432968896776977,Karnes Electric Coop Inc,City of San Antonio - (TX) (municipal),41.2,19.987,53.31,57.331,Top 12% for all-electric heating; Top 21% for homeownership,2060,10088,69635,0.862,0.531,158100,5.4,0.866,3.4,3.4,47.139,69.65,53.4,13.24,35.47,26.27,39.05,77.98,84.56,13,7.2
76884,31.737,-99.568,48083,Coleman County,no,no,yes,AEP TEXAS NORTH,Wires company (TDU),base_tdsp,ERCOT,12.7,,,small population,41.1,22.973,39.822,66.425,Top 9% for homeownership; Top 22% for household income; Top 24% for home size,43,121,91827,0.945,0.971,43200,5.8,0.345,1.41,7.9,65.629,79.5,52.46,12.66,89.13,99.2,65.92,61.5,78.53,12,1.6
77004,29.725,-95.364,48201,Harris County,no,no,yes,CENTERPOINT ENERGY HOUSTON ELECTRIC LLC,Wires company (TDU),base_tdsp,ERCOT,13.0,,,mostly renters; mostly apartments,41.1,45.542,40.21,36.029,Top 11% for home value; Top 19% for outage hours per customer,5288,35997,71199,0.382,0.467,412800,4.3,0.616,15.94,5.5,56.69,69.34,88.57,44.76,20.11,29.84,63.93,63.51,86.11,11,11.1
76599,31.468,-97.735,48099,Coryell County,no,no,no,Heart of Texas Electric Coop,Cooperative,coop,,,0.12623769605981833,,mostly renters; mostly apartments; Heart of Texas Electric Coop (coop),40.9,55.174,1.872,60.782,,0,1980,,,,,-666666666,,7.82,12.6,73.377,61.48,49.13,50.62,90.61,67.62,87.65,72.45,95.56,,10
77099,29.671,-95.586,48201,Harris County,no,no,yes,CENTERPOINT ENERGY HOUSTON ELECTRIC LLC,Wires company (TDU),base_tdsp,ERCOT,13.0,,,mostly renters; mostly apartments,40.9,53.777,35.097,29.614,Top 18% for all-electric heating; Top 18% for long-term owners; Top 19% for outage hours per customer,7201,50064,49396,0.374,0.467,198900,4.3,0.816,15.94,5.5,59.804,80.15,87.44,39.86,21.17,29.61,73.69,76.34,90.52,18,11.1
75001,32.96,-96.839,48113,Dallas County,no,no,yes,ONCOR ELECTRIC DELIVERY COMPANY,Wires company (TDU),base_tdsp,ERCOT,12.6,,"Grayson-Collin Elec Coop, Inc",mostly renters; mostly apartments,40.8,45.07,45.433,30.318,Top 8% for home value; Top 23% for all-electric heating,1005,16872,73514,0.163,0.155,468800,3.3,0.788,9.52,4.5,61.909,54.98,39.07,68,44.99,35.3,70.47,94.67,80.86,9,5.5
78011,28.791,-98.718,48013,Atascosa County,no,no,yes,AEP TEXAS CENTRAL,Wires company (TDU),base_tdsp,ERCOT,12.05,,Karnes Electric Coop Inc,mostly apartments,40.8,44.222,35.407,41.605,Top 3% for all-electric heating; Top 12% for homeownership,322,1757,29664,0.915,0.477,118300,4.9,0.971,5.74,22.9,59.431,59.63,71.96,20.01,60.7,67.41,49.41,71.31,75.22,13,8.4
78883,29.674,-99.317,48019,Bandera County,no,no,no,"Bandera Electric Coop, Inc",Cooperative,coop,,,0.12401152270639165,,"small population; Bandera Electric Coop, Inc (coop)",40.8,40.203,49.826,32.441,Top 1% for all-electric heating; Top 2% for long-term owners; Top 11% for home value,59,208,40491,0.745,0.943,414300,3.8,1,4.49,19.6,60.81,96.84,53.97,4.49,93.11,92.74,53.33,42.81,85.22,29,0.3
79024,36.44,-100.369,48295,Lipscomb County,no,no,no,"Tri-County Electric Coop, Inc (OK)",Cooperative,coop,,,0.1551644279759148,Southwestern Public Service Co,"small population; Tri-County Electric Coop, Inc (OK) (coop)",40.8,39.407,43.19,40.273,Top 24% for home size,95,349,71250,0.713,0.85,110100,5.8,0.257,5.17,7.6,74.246,95.41,37.51,93.92,97.51,97.67,88.47,15.3,89.34,13,0
79094,34.84,-101.51,48011,Armstrong County,no,no,no,"Greenbelt Electric Coop, Inc",Cooperative,coop,,,0.18001619547230926,"Lighthouse Electric Coop, Inc","small population; Greenbelt Electric Coop, Inc (coop)",40.8,34.129,22.524,68.04,Top 3% for homeownership,2,7,,1,1,,5.1,0,8.92,7.5,60.8,98.4,0,59.77,97.77,95.67,55.22,28.04,89.13,,0.5
77995,29.202,-97.076,48123,DeWitt County,no,yes,no,Guadalupe Valley Elec Coop Inc,Cooperative,coop,,,0.12486205657266077,"Jackson Electric Coop, Inc - (TX); Victoria Electric Coop, Inc",Guadalupe Valley Elec Coop Inc (coop),40.7,50.063,36.818,32.141,Top 12% for severe-weather risk (FEMA),2762,10365,54298,0.693,0.752,188600,5.1,0.604,3.97,16.9,80.429,95.53,94.56,52.45,70.09,79.82,96.65,81.42,88.01,15,1.5
78232,29.589,-98.475,48029,Bexar County,no,yes,no,City of San Antonio - (TX),Municipal,municipal,,,0.12432968896776977,,City of San Antonio - (TX) (municipal),40.7,13.206,67.852,50.092,Top 16% for home value,7876,36636,85273,0.559,0.605,362000,5.6,0.643,3.4,3.4,44.261,56.09,51.7,14.37,29.93,21.98,34.53,72.69,84.63,14,7.2
78264,29.193,-98.491,48029,Bexar County,no,yes,no,City of San Antonio - (TX),Municipal,municipal,,,0.12432968896776977,Karnes Electric Coop Inc,City of San Antonio - (TX) (municipal),40.7,23.725,55.155,48.821,Top 8% for all-electric heating; Top 24% for long-term owners,2641,11841,54409,0.827,0.58,163300,5.4,0.898,3.4,3.4,54.671,79.97,57.24,24.39,40.45,31.08,47.09,88.06,94.39,17,7.2
75574,33.325,-94.551,48037,Bowie County,no,yes,no,"Bowie-Cass Electric Coop, Inc",Cooperative,coop,,,0.12564696965847794,Southwestern Electric Power Co,"Bowie-Cass Electric Coop, Inc (coop)",40.6,33.759,33.706,56.715,Top 8% for homeownership,311,1227,75824,0.953,0.661,115900,5.1,0.728,4,10.5,62.869,34.7,45.82,94.18,53.75,41.57,47.59,77.87,79.3,9,2.1
79371,33.953,-102.966,48017,Bailey County,no,yes,no,Bailey County Elec Coop Assn,Cooperative,coop,,,0.08773457914324174,"Lamb County Electric Coop, Inc; Southwestern Public Service Co",Bailey County Elec Coop Assn (coop),40.6,37.063,42.886,43.172,Top 13% for severe-weather risk (FEMA),422,1396,64917,0.786,0.791,101600,5.6,0.558,1.41,3.9,79.974,96.82,55.46,63.54,98.02,99.62,97.07,55.13,90.98,13,1
75237,32.666,-96.873,48113,Dallas County,no,no,yes,ONCOR ELECTRIC DELIVERY COMPANY,Wires company (TDU),base_tdsp,ERCOT,12.6,,,mostly renters; mostly apartments,40.5,53.669,40.386,22.979,Top 11% for all-electric heating; Top 14% for long-term owners,793,18260,44318,0.113,0.152,247500,3.8,0.873,9.52,4.5,67.381,69.37,39.45,71.41,53.64,41.07,83.35,97.42,85.33,19,5.5
75434,,,48277,Lamar County,no,no,yes,TEXAS-NEW MEXICO POWER COMPANY,Wires company (TDU),base_tdsp,ERCOT,15.1,,Lamar County Elec Coop Assn,small population,40.4,44.586,1.556,73.521,Top 3% for homeownership; Top 8% for severe-weather risk (FEMA),2,6,,1,1,,-666666666,0,3.79,16.1,82.256,71.21,52.93,98.31,75.84,78.38,90.37,82.89,97.07,,2.1
78351,27.673,-97.76,48355,Nueces County,no,no,yes,AEP TEXAS CENTRAL,Wires company (TDU),base_tdsp,ERCOT,12.1,,,small population; mostly renters,40.4,56.822,30.954,28.101,Top 6% for long-term owners; Top 11% for all-electric heating,65,483,38925,0.35,0.718,105400,4.8,0.869,8.18,18,66.984,91.79,96,38.97,39.57,62.53,91.39,78.98,61.45,23,12.4
78545,26.587,-99.12,48427,Starr County,no,no,no,"Medina Electric Coop, Inc",Cooperative,coop,,,0.12096339104255678,,"small population; Medina Electric Coop, Inc (coop)",40.4,40.162,36.602,44.378,Top 1% for long-term owners; Top 3% for homeownership; Top 8% for all-electric heating,141,392,24550,1,0.939,,4.6,0.897,6.97,20.4,51.649,74.37,78.38,15.26,46.3,25.31,99.41,62.6,34.28,31,0
78703,30.293,-97.766,48453,Travis County,no,yes,no,Austin Energy,Municipal,municipal,,,0.125775626412917,,Austin Energy (municipal),40.4,23.858,45.519,57.227,Top 1% for home value; Top 2% for household income,4832,23483,153036,0.535,0.536,1495800,4.9,0.504,7.98,4.8,42.08,30.29,45.89,23.59,26.61,35.49,28.61,58.09,76.28,12,9.1
77058,29.562,-95.1,48201,Harris County,no,no,yes,CENTERPOINT ENERGY HOUSTON ELECTRIC LLC,Wires company (TDU),base_tdsp,ERCOT,13.0,,,mostly renters; mostly apartments,40.3,45.992,36.354,36.634,Top 19% for outage hours per customer,1819,17850,68722,0.312,0.265,254900,3.9,0.725,15.94,5.5,51.963,48.58,88.64,37.52,18.76,20.91,60.27,60.2,77.44,13,11.1
78597,26.281,-97.284,48061,Cameron County,no,no,yes,AEP TEXAS CENTRAL,Wires company (TDU),base_tdsp,ERCOT,12.05,,Magic Valley Electric Coop Inc,mostly apartments,40.2,27.832,52.542,44.48,Top 3% for all-electric heating; Top 6% for home value,169,2935,68421,0.706,0.15,527200,4.3,0.976,4.36,6.1,48.259,97.01,99.32,89.25,10.82,56.1,32.08,3.84,46.4,11,12.6
79834,29.183,-103.262,48043,Brewster County,no,no,no,"Rio Grande Electric Coop, Inc",Cooperative,coop,,,0.18509998844064268,,"small population; mostly renters; Rio Grande Electric Coop, Inc (coop)",40.2,57.001,47.682,10.154,Top 13% for outage hours per customer; Top 24% for major outage days,2,331,49617,0.016,0.896,,5.6,0.108,17.39,28.9,64.719,88.81,48.81,87.36,89.41,51.02,38.7,94.8,42.93,,1.2
77063,29.736,-95.523,48201,Harris County,no,no,yes,CENTERPOINT ENERGY HOUSTON ELECTRIC LLC,Wires company (TDU),base_tdsp,ERCOT,13.0,,,mostly renters; mostly apartments,40.1,49.083,40.773,27.484,Top 19% for outage hours per customer; Top 20% for all-electric heating,3415,42690,59113,0.24,0.208,290300,3.5,0.807,15.94,5.5,53.566,52.41,86.56,36.07,18.92,27.12,61.55,60.98,83.76,12,11.1
79043,34.368,-102.135,48069,Castro County,no,yes,no,Southwestern Public Service Co,Investor Owned,ioi_non_ercot,non-ERCOT,,0.13352364853480414,,Southwestern Public Service Co (ioi_non_ercot),40.1,46.737,41.598,29.838,Top 10% for major outage days; Top 18% for long-term owners; Top 24% for home size,328,1462,57956,0.584,0.824,60200,5.8,0.421,7.95,47.2,64.787,91.37,9.28,50,97.6,96.07,88.46,21.59,90.51,18,0
79084,36.277,-101.997,48421,Sherman County,no,yes,no,"Rita Blanca Electric Coop, Inc",Cooperative,coop,,,0.08282806980545157,"Tri-County Electric Coop, Inc (OK); Southwestern Public Service Co","Rita Blanca Electric Coop, Inc (coop)",40.1,33.118,44.431,44.994,Top 18% for long-term owners; Top 19% for severe-weather risk (FEMA),458,1595,54808,0.747,0.905,134800,5.7,0.356,1.84,4.4,77.115,99.49,,83.91,99.55,88.89,99.9,9.17,81.27,18,10.1
79103,35.177,-101.794,48375,Potter County,no,yes,no,Southwestern Public Service Co,Investor Owned,ioi_non_ercot,non-ERCOT,,0.13352364853480414,,Southwestern Public Service Co (ioi_non_ercot),40.1,43.135,30.413,45.865,Top 18% for long-term owners; Top 24% for new-home growth,3030,11306,57981,0.697,0.883,132300,5.3,0.253,6.68,20.4,69.409,72.6,0,58.82,99.38,93.11,87.75,49.93,96.87,18,13.6
79855,31.093,-104.625,48109,Culberson County,no,yes,no,"Rio Grande Electric Coop, Inc",Cooperative,coop,,,0.18509998844064268,El Paso Electric Co,"Rio Grande Electric Coop, Inc (coop)",40.1,54.756,15.02,45.726,Top 8% for outage hours per customer; Top 9% for long-term owners,585,2177,58910,0.706,0.699,79300,4.9,0.403,21.97,15.5,63.09,90.49,38.87,92.61,94.98,94.14,48.14,45.76,27.13,21,8.4
75251,32.919,-96.772,48113,Dallas County,no,no,yes,ONCOR ELECTRIC DELIVERY COMPANY,Wires company (TDU),base_tdsp,ERCOT,12.6,,,mostly renters; mostly apartments,40.0,51.041,21.338,43.911,Top 23% for household income,18,3525,90396,0.014,0.103,,3.2,0.717,9.52,4.5,68.153,90.27,41.49,76.51,51.49,41.93,79.51,96.8,89.34,,5.5
79313,33.805,-102.162,48219,Hockley County,no,yes,no,"Lamb County Electric Coop, Inc",Cooperative,coop,,,0.0951857551110134,South Plains Electric Coop Inc; Southwestern Public Service Co,"Lamb County Electric Coop, Inc (coop)",40.0,33.123,44.488,44.711,Top 14% for long-term owners; Top 20% for home size,444,1527,62788,0.756,0.869,74300,5.9,0.431,4.99,14.2,65.69,68.62,40.19,62.14,89.57,92.43,74.51,21.86,79.13,19,0.4
79343,33.659,-101.531,48107,Crosby County,no,yes,no,"Lighthouse Electric Coop, Inc",Cooperative,coop,,,0.14588973619878134,"Lyntegar Electric Coop, Inc; South Plains Electric Coop Inc; Southwestern Public Service Co","Lighthouse Electric Coop, Inc (coop)",40.0,33.088,42.023,47.334,Top 7% for long-term owners,385,1233,58906,0.812,0.827,119800,5.6,0.446,5.53,10.8,64.421,78.37,38.96,77.31,72.09,97.31,66.02,17.97,81.29,22,0.5
79911,31.892,-106.543,48141,El Paso County,no,yes,no,El Paso Electric Co,Investor Owned,ioi_non_ercot,non-ERCOT,,0.1346285636994845,,El Paso Electric Co (ioi_non_ercot),40.0,6.876,62.722,61.411,Top 7% for household income; Top 19% for home value,3022,10192,122713,0.771,0.791,342300,5.7,0.406,1.61,4.4,45.854,24.03,21.93,16.69,93.53,57.9,36.89,85.23,8.81,8,6.9
77074,29.688,-95.516,48201,Harris County,no,no,yes,CENTERPOINT ENERGY HOUSTON ELECTRIC LLC,Wires company (TDU),base_tdsp,ERCOT,13.0,,,mostly renters; mostly apartments,39.9,54.767,33.512,26.569,Top 19% for outage hours per customer,4966,38660,47810,0.334,0.355,213000,3.9,0.769,15.94,5.5,62.09,80.46,88.93,44.32,21.98,34.07,75.61,77.48,92.24,16,11.1
77091,29.853,-95.436,48201,Harris County,no,no,yes,CENTERPOINT ENERGY HOUSTON ELECTRIC LLC,Wires company (TDU),base_tdsp,ERCOT,13.0,,,mostly renters; mostly apartments,39.9,52.255,39.158,24.022,Top 19% for outage hours per customer; Top 24% for long-term owners,3911,28728,35432,0.354,0.455,247500,4.8,0.667,15.94,5.5,62.343,77.51,89.3,47.12,21.71,32.84,75.03,77.02,93.38,17,11.1
77615,30.327,-94.052,48241,Jasper County,no,no,no,Entergy Texas Inc.,Investor Owned,ioi_non_ercot,non-ERCOT,,0.1366459934147402,,small population; Entergy Texas Inc. (ioi_non_ercot),39.9,45.639,27.39,44.8,Top 7% for long-term owners; Top 14% for severe-weather risk (FEMA); Top 19% for all-electric heating,74,252,48393,0.845,0.765,84700,4.8,0.81,0.97,5.4,79.611,72.77,92.79,89.31,57.73,89.72,77.76,72.65,77.32,22,1.7
78144,28.951,-97.893,48255,Karnes County,no,no,no,Karnes Electric Coop Inc,Cooperative,coop,,,0.0990299895962391,,small population; Karnes Electric Coop Inc (coop),39.9,29.036,1.556,92.748,Top 3% for homeownership; Top 16% for new-home growth,18,47,,1,1,,-666666666,0,6.25,19.6,58.996,87.41,89.9,26.06,45.89,69.75,55.07,55.52,70.78,,18.7
75951,30.934,-94.06,48241,Jasper County,no,yes,no,Deep East Texas Elec Coop Inc,Cooperative,coop,,,0.13100998789221177,"Jasper-Newton Elec Coop, Inc; Entergy Texas Inc.",Deep East Texas Elec Coop Inc (coop),39.8,46.131,39.099,32.205,Top 13% for all-electric heating; Top 15% for severe-weather risk (FEMA),3564,15144,53147,0.701,0.612,128100,5.1,0.849,0.97,5.4,79.061,68.21,89.37,91.22,59.63,91.03,76.81,70.42,74.95,15,1.7
78748,30.166,-97.823,48453,Travis County,no,yes,no,Austin Energy,Municipal,municipal,,,0.125775626412917,"Pedernales Electric Coop, Inc",Austin Energy (municipal),39.8,26.789,43.071,53.905,Top 9% for home value; Top 9% for household income,12131,55631,115213,0.567,0.655,465100,4.9,0.507,7.98,4.8,51.546,57.68,47.87,29.75,33.39,44.51,38.49,77.36,89.45,11,9.1
78938,29.805,-96.686,48149,Fayette County,no,no,no,"Fayette Electric Coop, Inc",Cooperative,coop,,,0.12542758057452627,,"small population; Fayette Electric Coop, Inc (coop)",39.8,39.645,36.615,43.043,,82,270,61250,0.805,0.794,201400,5,0.642,2.49,8.5,73.334,68.51,84.77,56.37,66.34,83.63,80.49,59.12,82.62,13,1.6
79777,31.485,-103.161,48475,Ward County,no,no,yes,ONCOR ELECTRIC DELIVERY COMPANY,Wires company (TDU),base_tdsp,ERCOT,13.6,,,small population,39.8,51.248,27.522,36.887,Top 22% for severe-weather risk (FEMA),28,116,,0.76,0.642,257100,4.3,0.4,6.62,23.1,76.079,86.42,44.96,85.5,97.01,98.66,59.97,73.72,72.73,11,1.6
75252,32.997,-96.788,48085,Collin County,no,no,yes,ONCOR ELECTRIC DELIVERY COMPANY,Wires company (TDU),base_tdsp,ERCOT,12.6,,"Grayson-Collin Elec Coop, Inc",mostly apartments,39.7,23.773,50.412,50.264,Top 4% for home value; Top 7% for new-home growth,5074,28618,85000,0.461,0.471,580600,5,0.622,5.38,5.6,52.899,71.73,33.08,49.85,43.11,31.14,53.15,62.36,97.6,12,29.1
77092,29.83,-95.474,48201,Harris County,no,no,yes,CENTERPOINT ENERGY HOUSTON ELECTRIC LLC,Wires company (TDU),base_tdsp,ERCOT,13.0,,,mostly apartments,39.7,50.376,34.8,30.294,Top 19% for outage hours per customer,5768,36938,58728,0.406,0.44,242900,4.6,0.627,15.94,5.5,61.844,80.31,91.01,53.78,21.61,36.65,69.39,70.23,90.24,13,11.1
75024,33.075,-96.803,48085,Collin County,no,no,yes,ONCOR ELECTRIC DELIVERY COMPANY,Wires company (TDU),base_tdsp,ERCOT,12.6,,"Denton County Elec Coop, Inc; Grayson-Collin Elec Coop, Inc",mostly renters; mostly apartments,39.6,21.911,42.01,60.785,Top 4% for home value; Top 7% for new-home growth; Top 9% for household income,6601,45652,117088,0.376,0.437,598600,4.4,0.59,5.38,5.6,50.774,63.24,34.32,55.38,41.14,28.75,45.94,52.53,97.36,14,29.1
75050,32.773,-97.005,48113,Dallas County,no,no,yes,ONCOR ELECTRIC DELIVERY COMPANY,Wires company (TDU),base_tdsp,ERCOT,12.6,,,mostly apartments,39.6,41.043,34.718,42.484,Top 24% for long-term owners,7372,44889,73274,0.427,0.475,240700,4.4,0.673,9.52,4.5,61.209,64.69,38.47,67.24,48.25,33.69,70.08,89.21,81.52,17,5.5
77598,29.539,-95.135,48201,Harris County,no,no,yes,CENTERPOINT ENERGY HOUSTON ELECTRIC LLC,Wires company (TDU),base_tdsp,ERCOT,13.0,,,mostly renters; mostly apartments,39.6,51.069,37.638,26.148,Top 19% for outage hours per customer; Top 23% for all-electric heating,2319,26110,60977,0.231,0.232,240700,4,0.79,15.94,5.5,57.267,63.57,90.17,43.38,20.28,24.83,67.77,69.01,85.43,10,11.1
78729,30.458,-97.755,48491,Williamson County,no,no,no,Austin Energy,Municipal,municipal,,,0.125775626412917,"Bartlett Electric Coop, Inc",mostly renters; mostly apartments; Austin Energy (municipal),39.6,27.697,43.189,51.763,Top 8% for home value; Top 9% for new-home growth,4510,30460,86438,0.385,0.477,476200,4.6,0.609,6.41,9.9,52.056,27.67,46.1,31.95,75.78,28.65,71.5,51.5,58.91,13,27.6
78757,30.352,-97.733,48453,Travis County,no,yes,no,Austin Energy,Municipal,municipal,,,0.125775626412917,,Austin Energy (municipal),39.6,24.391,42.87,56.571,Top 3% for home value; Top 14% for household income,5496,23856,103860,0.599,0.638,655900,4.9,0.408,7.98,4.8,48.856,46.1,47.97,29.44,30.57,42.6,33.73,71.58,86.1,13,9.1
79359,32.971,-102.587,48165,Gaines County,no,yes,no,"Lyntegar Electric Coop, Inc",Cooperative,coop,,,0.08993721083939193,Southwestern Public Service Co,"Lyntegar Electric Coop, Inc (coop)",39.6,43.086,40.935,33.603,Top 6% for long-term owners,772,3294,53048,0.647,0.61,89000,5.5,0.617,3.36,17.9,73.556,87.13,48.11,62.65,87.77,96.78,97.49,50.4,71.69,23,1.5
75206,32.831,-96.771,48113,Dallas County,no,no,yes,ONCOR ELECTRIC DELIVERY COMPANY,Wires company (TDU),base_tdsp,ERCOT,12.6,,,mostly renters; mostly apartments,39.5,35.424,45.456,38.906,Top 3% for home value; Top 22% for household income,3935,38909,91023,0.27,0.263,615400,4,0.718,9.52,4.5,51.476,28.38,31.4,49.08,36.16,24.15,65.29,93.39,60.86,8,5.5
77014,29.986,-95.465,48201,Harris County,no,no,yes,CENTERPOINT ENERGY HOUSTON ELECTRIC LLC,Wires company (TDU),base_tdsp,ERCOT,13.0,,,mostly apartments,39.5,48.608,35.745,31.257,Top 19% for outage hours per customer,6890,36119,55589,0.502,0.496,228600,5,0.544,15.94,5.5,62.313,69.37,87.94,43.16,21.98,32.29,77.21,79.45,94.16,14,11.1
75063,32.92,-96.984,48113,Dallas County,no,no,yes,ONCOR ELECTRIC DELIVERY COMPANY,Wires company (TDU),base_tdsp,ERCOT,12.6,,,mostly renters; mostly apartments,39.4,30.818,42.451,47.733,Top 5% for home value; Top 9% for household income,6648,45849,117133,0.377,0.423,559900,4.2,0.636,9.52,4.5,44.863,33.7,35.53,52.36,34.03,25.63,45.84,51.72,68.93,11,5.5
79041,34.043,-101.932,48189,Hale County,no,yes,no,"Lamb County Electric Coop, Inc",Cooperative,coop,,,0.0951857551110134,"Lighthouse Electric Coop, Inc; South Plains Electric Coop Inc; Southwestern Public Service Co","Lamb County Electric Coop, Inc (coop)",39.4,35.564,33.837,50.003,Top 11% for long-term owners,896,2861,61832,0.815,0.855,101000,5.5,0.226,3.12,14.9,73.509,91.29,47.75,79.09,97.13,96.6,82.5,19.57,91.92,20,0.9
79070,36.27,-100.794,48357,Ochiltree County,no,yes,no,North Plains Electric Coop Inc,Cooperative,coop,,,0.10147492625368731,"Tri-County Electric Coop, Inc (OK); Southwestern Public Service Co",North Plains Electric Coop Inc (coop),39.4,44.046,30.744,41.833,Top 21% for severe-weather risk (FEMA),2673,9626,70915,0.722,0.738,131500,5.3,0.285,5.54,10.2,76.16,97.76,51.48,95.73,97.57,95.31,97.22,7.75,88.06,13,0.7
78401,27.798,-97.399,48355,Nueces County,no,no,yes,AEP TEXAS CENTRAL,Wires company (TDU),base_tdsp,ERCOT,12.05,,,mostly renters; mostly apartments,39.3,60.384,22.618,27.937,Top 4% for long-term owners; Top 9% for all-electric heating,233,4344,40841,0.14,0.321,77500,3.7,0.886,8.18,18,69.327,84.07,97.38,43.29,43.82,67.91,85.62,80.44,66.83,24,12.4
79738,32.752,-101.475,48033,Borden County,no,no,yes,ONCOR ELECTRIC DELIVERY COMPANY,Wires company (TDU),base_tdsp,ERCOT,12.6,,"Big Country Electric Coop, Inc; Lyntegar Electric Coop, Inc",small population,39.3,43.733,21.463,51.165,Top 8% for outage hours per customer; Top 24% for long-term owners,84,353,76250,0.621,0.815,105000,5.1,0.362,21.19,14.6,49.071,88.75,41.03,22.51,64.92,88.81,54.53,15.95,55.75,17,
75240,32.93,-96.787,48113,Dallas County,no,no,yes,ONCOR ELECTRIC DELIVERY COMPANY,Wires company (TDU),base_tdsp,ERCOT,12.6,,,mostly renters; mostly apartments,39.2,44.447,42.613,28.901,Top 13% for home value,2052,25290,58320,0.211,0.224,395100,3.6,0.741,9.52,4.5,62.483,70.91,36.63,66.54,47.96,36.6,77.09,96.19,76.37,16,5.5
79377,32.93,-102.134,48115,Dawson County,no,no,yes,ONCOR ELECTRIC DELIVERY COMPANY,Wires company (TDU),base_tdsp,ERCOT,12.6,,Southwestern Public Service Co,small population,39.2,45.754,41.276,28.412,Top 9% for long-term owners,60,230,44000,0.689,0.82,144100,5.6,0.222,7.84,20.1,69.023,93.77,53.01,48.75,81.94,99.26,90.67,32.66,76.87,21,0.1
79380,33.736,-102.332,48219,Hockley County,no,no,no,Southwestern Public Service Co,Investor Owned,ioi_non_ercot,non-ERCOT,,0.13352364853480414,,small population; Southwestern Public Service Co (ioi_non_ercot),39.2,37.672,23.866,56.543,Top 2% for long-term owners,25,98,87917,0.688,0.805,55000,5.3,0.188,4.99,14.2,71.101,92.58,42.86,70.82,93.91,96.43,76.54,25.24,91.91,27,0.4
78885,29.809,-99.54,48019,Bandera County,no,no,no,"Bandera Electric Coop, Inc",Cooperative,coop,,,0.12401152270639165,,"small population; Bandera Electric Coop, Inc (coop)",39.1,36.834,32.711,48.496,Top 13% for all-electric heating; Top 18% for long-term owners,6,23,68125,0.769,0.795,,4.4,0.846,4.49,19.6,59.18,96.88,54.69,2.89,92.6,92.03,50.56,38.33,83.16,18,0.3
79065,35.541,-100.907,48179,Gray County,no,yes,no,"Greenbelt Electric Coop, Inc",Cooperative,coop,,,0.18001619547230926,North Plains Electric Coop Inc; Southwestern Electric Power Co; Southwestern Public Service Co,"Greenbelt Electric Coop, Inc (coop)",39.0,48.527,32.034,33.296,Top 19% for severe-weather risk (FEMA),5634,19378,58912,0.756,0.891,110000,5.4,0.28,6.8,13.4,77.28,95.94,47.09,94.27,97.01,94.27,94.09,22.63,91.6,12,0.4
79231,33.906,-101.07,48153,Floyd County,no,no,no,"Lighthouse Electric Coop, Inc",Cooperative,coop,,,0.14588973619878134,,"small population; Lighthouse Electric Coop, Inc (coop)",39.0,46.347,1.556,66.495,Top 3% for homeownership; Top 18% for severe-weather risk (FEMA),9,24,,1,1,,-666666666,0,6.68,8.4,77.527,95.76,50.05,84.03,98.16,99.09,85.16,29.63,96.57,,0.2
79540,33.169,-100.041,48433,Stonewall County,no,no,yes,AEP TEXAS NORTH,Wires company (TDU),base_tdsp,ERCOT,12.7,,"Big Country Electric Coop, Inc; South Plains Electric Coop Inc",small population,39.0,29.213,26.188,64.71,Top 3% for homeownership,20,52,,1,1,111000,4.8,0.714,6.02,4.2,57.024,81.67,45.09,59.85,61.13,95.41,50.01,20.81,66.87,5,
77504,29.648,-95.19,48201,Harris County,no,no,yes,CENTERPOINT ENERGY HOUSTON ELECTRIC LLC,Wires company (TDU),base_tdsp,ERCOT,13.0,,,mostly apartments,38.9,53.043,33.444,25.619,Top 19% for outage hours per customer,3777,25779,51478,0.42,0.381,227400,4.6,0.636,15.94,5.5,63.629,72.95,90.98,47.85,22.61,30.79,78.47,80.85,93.85,13,11.1
79261,34.447,-100.81,48191,Hall County,no,no,yes,AEP TEXAS NORTH,Wires company (TDU),base_tdsp,ERCOT,12.7,,"Lighthouse Electric Coop, Inc; Southwestern Electric Power Co",small population,38.9,61.08,19.595,28.572,Top 6% for severe-weather risk (FEMA); Top 24% for long-term owners,110,411,49450,0.697,0.869,129200,4.8,0.467,9.16,11.9,83.781,99.29,47.74,96.11,98.28,99.94,72.62,75.88,95.9,17,0
75243,32.913,-96.737,48113,Dallas County,no,no,yes,ONCOR ELECTRIC DELIVERY COMPANY,Wires company (TDU),base_tdsp,ERCOT,12.6,,City of Garland - (TX),mostly renters; mostly apartments,38.8,47.533,44.153,21.9,Top 14% for home value,6226,63481,53618,0.266,0.255,386100,4.1,0.753,9.52,4.5,64.609,71.94,37.02,68.5,51.25,39.88,81.06,97.09,77.46,13,5.5
75254,32.944,-96.8,48113,Dallas County,no,no,yes,ONCOR ELECTRIC DELIVERY COMPANY,Wires company (TDU),base_tdsp,ERCOT,12.6,,,mostly renters; mostly apartments,38.8,42.823,42.283,29.902,Top 16% for all-electric heating,1580,25050,67216,0.249,0.164,287300,3.9,0.829,9.52,4.5,58.241,58.41,34.97,60.48,42.66,31.22,71.83,95.31,71.22,12,5.5
79029,35.902,-102.026,48341,Moore County,no,yes,no,"Rita Blanca Electric Coop, Inc",Cooperative,coop,,,0.08282806980545157,Southwestern Public Service Co,"Rita Blanca Electric Coop, Inc (coop)",38.8,46.565,30.86,36.246,,3781,15411,64652,0.638,0.744,161900,5.2,0.358,6.72,23.1,71.009,98.2,0,82.87,99.5,95.79,99.39,22.64,96.87,13,4.1
79033,36.33,-100.984,48357,Ochiltree County,no,no,no,Southwestern Public Service Co,Investor Owned,ioi_non_ercot,non-ERCOT,,0.13352364853480414,,small population; Southwestern Public Service Co (ioi_non_ercot),38.8,44.491,1.556,68.516,Top 3% for homeownership; Top 18% for severe-weather risk (FEMA),7,20,,1,1,,-666666666,0,5.54,10.2,77.683,99.17,53.6,97.2,98.55,97.01,99.24,7.9,90.28,,0.7
79056,36.224,-100.212,48295,Lipscomb County,no,no,no,North Plains Electric Coop Inc,Cooperative,coop,,,0.10147492625368731,Southwestern Public Service Co,small population; North Plains Electric Coop Inc (coop),38.8,40.267,21.611,53.919,Top 3% for homeownership,35,107,,1,0.868,87500,5,0.562,5.17,7.6,70.843,94.81,43.42,95.21,93.84,93.54,88.96,6.09,74.84,11,0
79314,33.585,-103.015,48079,Cochran County,no,no,no,Bailey County Elec Coop Assn,Cooperative,coop,,,0.08773457914324174,"Lea County Electric Coop, Inc - (NM); Southwestern Public Service Co",small population; Bailey County Elec Coop Assn (coop),38.8,32.929,66.992,18.415,Top 3% for long-term owners,23,130,27375,0.474,0.893,,5.7,0.684,3.32,3.2,69.484,96.47,48.7,50.49,95.87,98.45,86.77,22.79,83.32,26,0
79544,33.302,-99.853,48207,Haskell County,no,no,yes,AEP TEXAS NORTH,Wires company (TDU),base_tdsp,ERCOT,12.7,,"Big Country Electric Coop, Inc",small population,38.8,50.726,22.759,38.8,Top 14% for long-term owners; Top 23% for homeownership,125,382,41750,0.853,0.937,82500,5.1,0.529,14.22,17.4,63.173,75.37,50.41,55.03,69.28,96.63,39.88,56.01,74.97,19,0
79560,32.665,-100.213,48151,Fisher County,no,no,yes,AEP TEXAS NORTH,Wires company (TDU),base_tdsp,ERCOT,12.7,,"Big Country Electric Coop, Inc",small population,38.8,25.353,17.441,78.119,Top 2% for long-term owners; Top 25% for homeownership,12,37,85625,0.846,1,,4.5,0.538,5.63,6.1,55.604,59.79,40.83,37.7,71.56,87.26,47.56,43.59,60.73,30,
77054,29.68,-95.405,48201,Harris County,no,no,yes,CENTERPOINT ENERGY HOUSTON ELECTRIC LLC,Wires company (TDU),base_tdsp,ERCOT,13.0,,,mostly renters; mostly apartments,38.7,52.089,34.429,25.079,Top 10% for all-electric heating; Top 19% for outage hours per customer,1163,28272,62106,0.118,0.107,200000,3.3,0.875,15.94,5.5,56.287,75.44,90.82,48.67,20.14,28.2,61.94,60.98,83.26,7,11.1
77082,29.724,-95.64,48201,Harris County,no,no,yes,CENTERPOINT ENERGY HOUSTON ELECTRIC LLC,Wires company (TDU),base_tdsp,ERCOT,13.0,,,mostly renters; mostly apartments,38.7,45.249,33.84,34.692,Top 19% for outage hours per customer,8317,59412,62455,0.364,0.442,243300,4.4,0.645,15.94,5.5,55.419,61.78,88.2,41.76,20.14,31.42,62.34,60.31,83.76,14,11.1
75972,31.484,-94.132,48405,San Augustine County,no,yes,no,Deep East Texas Elec Coop Inc,Cooperative,coop,,,0.13100998789221177,Southwestern Electric Power Co,Deep East Texas Elec Coop Inc (coop),38.6,49.333,33.192,29.601,Top 11% for severe-weather risk (FEMA); Top 14% for long-term owners,1347,5708,44196,0.712,0.614,96300,5.2,0.681,3.62,7.5,81.063,60.9,84.02,86.43,67.02,99.06,66.4,83.79,80.72,19,0.3
79852,29.396,-103.617,48043,Brewster County,no,no,no,"Rio Grande Electric Coop, Inc",Cooperative,coop,,,0.18509998844064268,,"mostly apartments; Rio Grande Electric Coop, Inc (coop)",38.6,67.193,21.603,17.593,Top 13% for outage hours per customer; Top 24% for major outage days,122,641,34712,0.497,0.499,111200,3.7,0.749,17.39,28.9,64.719,88.81,48.81,87.36,89.41,51.02,38.7,94.8,42.93,16,1.2
75884,,,48001,Anderson County,no,no,no,Trinity Valley Elec Coop Inc,Cooperative,coop,,,0.11259310885568671,,mostly renters; mostly apartments; Trinity Valley Elec Coop Inc (coop),38.5,82.484,1.872,16.388,Top 6% for severe-weather risk (FEMA); Top 16% for major outage days,0,2697,,,,,-666666666,,13.62,35.1,83.344,85.69,60.27,86.39,61.01,95.26,94.83,87.29,98.36,,1.2
75886,,,48001,Anderson County,no,no,no,Trinity Valley Elec Coop Inc,Cooperative,coop,,,0.11259310885568671,,mostly renters; mostly apartments; Trinity Valley Elec Coop Inc (coop),38.5,82.484,1.872,16.388,Top 6% for severe-weather risk (FEMA); Top 16% for major outage days,0,2456,,,,,-666666666,,13.62,35.1,83.344,85.69,60.27,86.39,61.01,95.26,94.83,87.29,98.36,,1.2
75932,31.056,-93.616,48351,Newton County,no,yes,no,Deep East Texas Elec Coop Inc,Cooperative,coop,,,0.13100998789221177,"Jasper-Newton Elec Coop, Inc; Entergy Texas Inc.",Deep East Texas Elec Coop Inc (coop),38.5,34.78,28.823,53.166,Top 17% for homeownership; Top 17% for all-electric heating,338,1291,61161,0.885,0.682,107400,4.7,0.823,2.38,5.4,66.516,47.6,88.17,88.79,58.32,74.54,36.09,52.38,67.32,13,
78754,30.355,-97.642,48453,Travis County,no,yes,no,Austin Energy,Municipal,municipal,,,0.125775626412917,,Austin Energy (municipal),38.5,30.338,42.667,45.168,Top 18% for home value; Top 23% for household income,6751,32690,90121,0.546,0.537,349400,4.9,0.584,7.98,4.8,55.243,61.58,50.74,38.78,36.78,52.45,41.47,76.65,89.83,8,9.1
75226,32.783,-96.776,48113,Dallas County,no,no,yes,ONCOR ELECTRIC DELIVERY COMPANY,Wires company (TDU),base_tdsp,ERCOT,12.6,,,mostly renters; mostly apartments,38.4,43.822,27.665,41.841,Top 1% for long-term owners; Top 13% for all-electric heating,69,5199,70546,0.035,0.074,,2.5,0.851,9.52,4.5,59.123,47.33,37.26,63.5,42.01,31.35,68.78,94.52,76.44,35,5.5
76504,31.138,-97.374,48027,Bell County,no,no,yes,ONCOR ELECTRIC DELIVERY COMPANY,Wires company (TDU),base_tdsp,ERCOT,12.6,,"Bartlett Electric Coop, Inc; Heart of Texas Electric Coop",mostly renters; mostly apartments,38.4,52.758,31.922,25.684,Top 19% for new-home growth,3160,26166,52803,0.314,0.492,174100,4.4,0.766,8.1,11.4,67.633,47.38,64,44.81,81.04,51.13,74.98,66.18,91.29,12,17.1
78353,26.881,-98.216,48047,Brooks County,no,no,yes,AEP TEXAS CENTRAL,Wires company (TDU),base_tdsp,ERCOT,12.05,,"Magic Valley Electric Coop Inc; Medina Electric Coop, Inc",small population,38.4,55.992,20.123,33.058,Top 3% for long-term owners; Top 25% for outage hours per customer,99,476,,0.541,0.712,,4.8,0.503,14.63,21.8,66.216,98.33,94.28,67.19,45.82,40.53,99.97,61.5,54.22,25,0
75231,32.873,-96.748,48113,Dallas County,no,no,yes,ONCOR ELECTRIC DELIVERY COMPANY,Wires company (TDU),base_tdsp,ERCOT,12.6,,,mostly renters; mostly apartments,38.3,42.241,48.325,23.049,Top 6% for home value; Top 18% for all-electric heating,2420,38370,58540,0.183,0.164,522400,3.9,0.817,9.52,4.5,57.864,57.99,33.99,59.12,43.25,31.42,72.84,95.29,69.14,12,5.5
77090,30.009,-95.44,48201,Harris County,no,no,yes,CENTERPOINT ENERGY HOUSTON ELECTRIC LLC,Wires company (TDU),base_tdsp,ERCOT,13.0,,,mostly renters; mostly apartments,38.3,52.423,37.561,20.366,Top 19% for outage hours per customer,4489,40110,50903,0.293,0.291,251600,4.1,0.748,15.94,5.5,60.286,63.5,88.99,45.7,20.84,30.48,71.48,73.03,91.48,11,11.1
78704,30.243,-97.765,48453,Travis County,no,no,no,Austin Energy,Municipal,municipal,,,0.125775626412917,,mostly renters; mostly apartments; Austin Energy (municipal),38.3,27.755,43.374,47.158,Top 1% for home value; Top 12% for household income,6433,50688,106897,0.33,0.385,916100,3.6,0.665,7.98,4.8,38.369,17.67,42.95,16.85,24.95,29.54,27.35,54.66,72.28,10,9.1
79364,33.452,-101.644,48303,Lubbock County,no,yes,no,LUBBOCK POWER & LIGHT SYSTEM,Wires company (TDU),competitive,ERCOT,13.6,,"Lyntegar Electric Coop, Inc; South Plains Electric Coop Inc; Southwestern Public Service Co",LUBBOCK POWER & LIGHT SYSTEM (competitive),38.2,29.031,37.795,50.798,Top 17% for new-home growth; Top 24% for long-term owners,2122,7129,56538,0.774,0.824,89300,5.6,0.38,1.53,6,70.203,93.86,37.94,75.44,87.87,98.63,75.91,27.07,88.56,17,18
76039,32.86,-97.086,48439,Tarrant County,no,no,yes,ONCOR ELECTRIC DELIVERY COMPANY,Wires company (TDU),base_tdsp,ERCOT,12.6,,,mostly renters; mostly apartments,38.1,25.325,44.174,48.922,Top 19% for home value,5349,39855,83140,0.349,0.478,341300,4.4,0.761,5.45,3.8,52.373,43.1,32.84,49.94,47.46,17.48,56.05,80.37,82.47,14,13.2
77467,29.201,-96.102,48481,Wharton County,no,no,yes,CENTERPOINT ENERGY HOUSTON ELECTRIC LLC,Wires company (TDU),base_tdsp,ERCOT,13.0,,,small population; mostly renters; mostly apartments,38.1,59.527,29.501,17.981,Top 1% for all-electric heating; Top 2% for major outage days,0,80,,0,0,,-666666666,1,9.53,74.1,59.967,75.31,95.83,41.29,37.74,45.76,89.3,56.72,53.13,,8.2
79505,33.577,-99.81,48275,Knox County,no,no,yes,AEP TEXAS NORTH,Wires company (TDU),base_tdsp,ERCOT,12.7,,,small population,38.0,51.915,33.152,24.411,,61,266,52708,0.604,0.806,62900,5.5,0.396,12.8,18.4,67.2,91.12,50.36,69.6,73.17,98.83,37.37,66.69,74.38,15,0
76873,31.515,-99.381,48083,Coleman County,no,no,no,,,none,,,,,small population; unknown utility (none),37.9,26.739,17.709,72.829,Top 3% for household income; Top 3% for homeownership,46,120,145469,1,1,,4.4,0.568,1.41,7.9,65.629,79.5,52.46,12.66,89.13,99.2,65.92,61.5,78.53,10,1.6
79014,35.908,-100.285,48211,Hemphill County,no,yes,no,North Plains Electric Coop Inc,Cooperative,coop,,,0.10147492625368731,Southwestern Electric Power Co; Southwestern Public Service Co,North Plains Electric Coop Inc (coop),37.9,37.823,39.286,36.604,Top 16% for severe-weather risk (FEMA),872,3201,62273,0.709,0.779,204300,5.3,0.356,4.62,2.8,78.773,97.25,49.2,97.34,97.68,97.87,95.57,19.5,94.25,15,0
75057,33.051,-96.975,48121,Denton County,no,no,yes,ONCOR ELECTRIC DELIVERY COMPANY,Wires company (TDU),base_tdsp,ERCOT,13.6,,"Denton County Elec Coop, Inc",mostly renters; mostly apartments,37.8,31.404,35.379,48.9,Top 13% for new-home growth,2465,17958,82803,0.357,0.416,238400,4.6,0.655,4.58,4.6,64.369,62.68,36.55,82.38,50.16,50.79,56.76,76.16,97.78,13,22.9
75067,33.014,-97.0,48121,Denton County,no,no,yes,ONCOR ELECTRIC DELIVERY COMPANY,Wires company (TDU),base_tdsp,ERCOT,13.6,,"Denton County Elec Coop, Inc",mostly renters; mostly apartments,37.8,27.046,44.129,45.688,Top 13% for new-home growth; Top 19% for home value,10242,66913,78752,0.398,0.436,343900,4.5,0.737,4.58,4.6,57.849,48.12,32.12,73.48,37.96,42.71,51.85,71.87,94.95,12,22.9
76311,33.969,-98.509,48485,Wichita County,no,no,yes,ONCOR ELECTRIC DELIVERY COMPANY,Wires company (TDU),base_tdsp,ERCOT,12.6,,,mostly renters,37.8,21.933,60.85,35.89,Top 24% for home size,7,6362,77404,0.003,0.595,,5.8,0.501,2.85,7.2,61.58,16.45,34.69,79.51,65.91,53.23,49.57,75.63,72.52,,3.8
78215,29.441,-98.481,48029,Bexar County,no,no,no,City of San Antonio - (TX),Municipal,municipal,,,0.12432968896776977,,mostly renters; mostly apartments; City of San Antonio - (TX) (municipal),37.8,21.431,48.234,49.259,Top 7% for all-electric heating; Top 8% for home value; Top 14% for long-term owners,31,3506,84437,0.023,0.032,476500,2.6,0.908,3.4,3.4,48.873,82.63,57.25,26.85,32.73,26.87,32.46,75.29,90.66,19,7.2
79347,34.173,-102.789,48017,Bailey County,no,yes,no,Bailey County Elec Coop Assn,Cooperative,coop,,,0.08773457914324174,"Lamb County Electric Coop, Inc; Southwestern Public Service Co",Bailey County Elec Coop Assn (coop),37.8,34.364,32.141,47.918,Top 11% for severe-weather risk (FEMA),2155,7176,66792,0.781,0.898,105700,5.4,0.331,1.41,3.9,80.999,98.23,55.98,59.13,98.71,99.26,96.81,63.27,93.83,16,1
76623,32.211,-96.753,48139,Ellis County,no,no,yes,ONCOR ELECTRIC DELIVERY COMPANY,Wires company (TDU),base_tdsp,ERCOT,12.6,,,small population,37.7,29.299,49.215,37.355,Top 4% for new-home growth; Top 20% for home size,34,186,,0.489,0.814,108300,5.9,0.511,7.79,23.2,38.246,10.43,46.5,12.34,34.06,22.19,58.98,44.18,49.47,12,35.9
78249,29.568,-98.614,48029,Bexar County,no,yes,no,City of San Antonio - (TX),Municipal,municipal,,,0.12432968896776977,,City of San Antonio - (TX) (municipal),37.7,16.366,59.086,44.594,Top 25% for home value,12443,63439,80565,0.51,0.62,305400,5.3,0.743,3.4,3.4,45.276,56.51,50.07,14.48,31.53,21.12,35.72,78.25,85.76,13,7.2
78744,30.178,-97.725,48453,Travis County,no,yes,no,Austin Energy,Municipal,municipal,,,0.125775626412917,"Bluebonnet Electric Coop, Inc",Austin Energy (municipal),37.7,29.793,40.893,45.117,Top 17% for home value,10001,50986,83002,0.51,0.554,357500,4.7,0.596,7.98,4.8,53.39,51.27,49.9,35.91,34.56,49.14,38.16,76.46,89.6,12,9.1
77060,29.936,-95.398,48201,Harris County,no,no,yes,CENTERPOINT ENERGY HOUSTON ELECTRIC LLC,Wires company (TDU),base_tdsp,ERCOT,13.0,,,mostly renters; mostly apartments,37.6,53.043,28.348,26.37,Top 11% for long-term owners; Top 19% for outage hours per customer; Top 23% for all-electric heating,4411,45340,40435,0.253,0.297,156100,4.1,0.787,15.94,5.5,59.851,71.3,88.41,44.29,20.86,30.45,71.31,72.64,91,20,11.1
78371,27.615,-98.946,48479,Webb County,no,no,yes,AEP TEXAS CENTRAL,Wires company (TDU),base_tdsp,ERCOT,12.05,,"Medina Electric Coop, Inc",small population,37.6,19.562,11.418,87.943,Top 3% for homeownership; Top 18% for long-term owners; Top 24% for new-home growth,35,101,,1,0.926,,4.4,0.382,5.06,13.1,50.914,25.87,73.04,63.13,30.33,41.25,55.35,55.66,37.64,18,13.9
78742,30.242,-97.659,48453,Travis County,no,yes,no,Austin Energy,Municipal,municipal,,,0.125775626412917,,Austin Energy (municipal),37.6,24.685,43.419,49.072,Top 3% for long-term owners,187,847,,0.575,0.611,,5.4,0.463,7.98,4.8,47.946,49.18,47.94,26.82,30,40.46,33.64,71.44,85.32,26,9.1
75962,31.62,-94.647,48347,Nacogdoches County,no,no,yes,ONCOR ELECTRIC DELIVERY COMPANY,Wires company (TDU),base_tdsp,ERCOT,12.6,,,mostly renters; mostly apartments,37.5,78.979,1.872,17.682,Top 3% for severe-weather risk (FEMA),0,3159,,,,,-666666666,,12.84,22.4,86.664,75.62,77.83,89.02,81.57,97.18,70.03,92.56,98.46,,1.3
77431,,,48039,Brazoria County,no,no,no,,,none,,,,,small population; unknown utility (none),37.5,43.35,18.776,48.436,Top 8% for homeownership; Top 10% for new-home growth,89,250,16391,0.954,0.928,,5,0.046,14.34,26.6,56.641,87.61,95.61,52.49,23.81,40.98,48.95,55.86,78.79,,26.6
79109,35.166,-101.886,48381,Randall County,no,yes,no,Southwestern Public Service Co,Investor Owned,ioi_non_ercot,non-ERCOT,,0.13352364853480414,,Southwestern Public Service Co (ioi_non_ercot),37.5,32.719,44.412,36.911,,9687,43578,70435,0.578,0.681,222900,5.4,0.324,5.9,16.2,63.031,54.76,0,47.05,98.37,88.06,77.3,39.21,91.23,14,0.9
75038,32.875,-96.997,48113,Dallas County,no,no,yes,ONCOR ELECTRIC DELIVERY COMPANY,Wires company (TDU),base_tdsp,ERCOT,12.6,,,mostly renters; mostly apartments,37.4,38.683,45.371,27.871,Top 12% for home value; Top 21% for all-electric heating,2469,32755,68990,0.196,0.202,408000,3.7,0.798,9.52,4.5,53.544,40.92,34.63,56.92,38.5,27.54,63.34,84.25,69.63,10,5.5
78236,29.391,-98.619,48029,Bexar County,no,no,no,City of San Antonio - (TX),Municipal,municipal,,,0.12432968896776977,,mostly renters; City of San Antonio - (TX) (municipal),37.4,19.202,67.03,32.022,Top 15% for all-electric heating,67,7635,69219,0.023,0.959,,5.5,0.835,3.4,3.4,46.306,51.89,50.35,16.69,32.85,21.86,37.81,77.57,87.01,,7.2
75061,32.826,-96.967,48113,Dallas County,no,no,yes,ONCOR ELECTRIC DELIVERY COMPANY,Wires company (TDU),base_tdsp,ERCOT,12.6,,,mostly apartments,37.3,41.114,35.765,33.724,,8832,56013,63798,0.41,0.459,257800,4.4,0.655,9.52,4.5,61.853,57.92,35.72,65.12,47.77,36.13,77.54,96.4,74.29,15,5.5
78233,29.556,-98.362,48029,Bexar County,no,yes,no,City of San Antonio - (TX),Municipal,municipal,,,0.12432968896776977,,City of San Antonio - (TX) (municipal),37.3,15.018,56.749,47.423,,11362,48911,76421,0.604,0.714,220800,5.5,0.667,3.4,3.4,47.894,59.71,52.03,14.74,32.52,24.12,38.81,82.3,90.74,14,7.2
79854,30.591,-104.66,48243,Jeff Davis County,no,no,yes,AEP TEXAS NORTH,Wires company (TDU),base_tdsp,ERCOT,12.7,,"Rio Grande Electric Coop, Inc",small population,37.3,40.398,17.84,52.482,Top 2% for long-term owners; Top 3% for homeownership,27,86,33672,1,0.845,84700,5.1,0.135,13.03,10.2,60.786,75.12,37.66,90.83,88.18,62.82,37.31,70.3,38.4,29,
78391,28.18,-97.708,48025,Bee County,no,no,yes,AEP TEXAS CENTRAL,Wires company (TDU),base_tdsp,ERCOT,12.05,,,small population; mostly renters,37.1,57.953,39.022,7.469,Top 23% for severe-weather risk (FEMA); Top 24% for major outage days,0,77,,0,1,,5.4,0.235,9.25,29.4,75.747,87.29,94.77,61.68,52.77,84.26,84.22,84.3,68.23,,1.6
78726,30.43,-97.842,48453,Travis County,no,no,no,Austin Energy,Municipal,municipal,,,0.125775626412917,"Bartlett Electric Coop, Inc; Pedernales Electric Coop, Inc",mostly renters; mostly apartments; Austin Energy (municipal),37.1,25.747,42.771,46.696,Top 2% for home value; Top 22% for household income,2226,14506,90885,0.399,0.449,698100,4.5,0.571,7.98,4.8,43.04,32.61,46.2,23.68,26.92,35.94,29.05,61.29,78.2,12,9.1
79416,33.6,-101.983,48303,Lubbock County,no,yes,no,LUBBOCK POWER & LIGHT SYSTEM,Wires company (TDU),competitive,ERCOT,13.6,,City of Lubbock - (TX); South Plains Electric Coop Inc; Southwestern Public Service Co,LUBBOCK POWER & LIGHT SYSTEM (competitive),37.0,29.527,47.702,36.118,Top 17% for new-home growth,6797,36442,63896,0.485,0.612,213700,5.3,0.637,1.53,6,66.41,69.17,31.57,70.39,86.33,94.13,74.89,23.35,84.21,12,18
79842,30.086,-103.118,48043,Brewster County,no,no,yes,AEP TEXAS NORTH,Wires company (TDU),base_tdsp,ERCOT,12.7,,"Rio Grande Electric Coop, Inc",small population,36.9,57.947,25.291,20.369,Top 13% for outage hours per customer; Top 24% for major outage days,68,285,45596,0.621,0.894,240000,4.4,0.32,17.39,28.9,64.719,88.81,48.81,87.36,89.41,51.02,38.7,94.8,42.93,13,1.2
78104,28.523,-97.762,48025,Bee County,no,no,yes,AEP TEXAS CENTRAL,Wires company (TDU),base_tdsp,ERCOT,12.05,,,small population; mostly renters,36.7,64.127,29.501,7.469,Top 1% for all-electric heating; Top 24% for major outage days,0,21,,0,0.833,,-666666666,1,9.25,29.4,67.866,69.32,93.93,49.86,46.05,75.35,70.67,74.75,64.45,,1.6
77803,30.681,-96.386,48041,Brazos County,no,yes,no,City of Bryan - (TX),Municipal,municipal,,,0.11384231601443516,Mid-South Electric Coop Assn; Entergy Texas Inc.,City of Bryan - (TX) (municipal),36.6,42.713,29.926,35.202,Top 23% for new-home growth,7687,31525,52274,0.634,0.715,153400,5.1,0.539,5.19,14.1,71.829,37.56,68.66,66.06,71.86,65.97,87.48,61.6,81.17,14,14.3
75235,32.833,-96.849,48113,Dallas County,no,no,yes,ONCOR ELECTRIC DELIVERY COMPANY,Wires company (TDU),base_tdsp,ERCOT,12.6,,,mostly renters; mostly apartments,36.5,38.576,39.195,31.008,,1850,19637,63393,0.245,0.262,294500,3.5,0.757,9.52,4.5,55.506,50.11,38.98,65.51,43.6,35.45,58.66,67.8,78.54,14,5.5
78745,30.207,-97.797,48453,Travis County,no,yes,no,Austin Energy,Municipal,municipal,,,0.125775626412917,,Austin Energy (municipal),36.5,25.695,39.689,47.551,Top 6% for home value,10901,61219,86109,0.463,0.604,504800,4.4,0.545,7.98,4.8,46.107,39.77,45.66,23.74,29.64,37.82,33.55,69.4,82.94,13,9.1
76203,,,48121,Denton County,no,no,no,City of Denton - (TX),Municipal,municipal,,,0.12811958227720907,"Denton County Elec Coop, Inc",mostly renters; mostly apartments; City of Denton - (TX) (municipal),36.4,24.667,1.872,86.712,Top 13% for new-home growth,0,1085,,,,,-666666666,,4.58,4.6,62.277,45.94,32.05,75.96,37.52,50.32,60.31,81.89,97.89,,22.9
78723,30.304,-97.686,48453,Travis County,no,yes,no,Austin Energy,Municipal,municipal,,,0.125775626412917,,Austin Energy (municipal),36.4,24.95,40.905,47.195,Top 5% for home value; Top 17% for household income,7127,38129,100329,0.486,0.546,562300,4.5,0.544,7.98,4.8,42.709,33.59,43.45,18.61,27.9,32.98,31.84,65.06,79.12,10,9.1
78724,30.293,-97.618,48453,Travis County,no,yes,no,Austin Energy,Municipal,municipal,,,0.125775626412917,,Austin Energy (municipal),36.4,24.991,45.012,42.977,Top 19% for home value,7249,31103,77926,0.606,0.629,344000,5.1,0.517,7.98,4.8,46.267,36.37,45.22,21.71,30.37,37.13,35.27,70.76,83.41,10,9.1
79413,33.547,-101.886,48303,Lubbock County,no,yes,no,LUBBOCK POWER & LIGHT SYSTEM,Wires company (TDU),competitive,ERCOT,13.6,,City of Lubbock - (TX); Southwestern Public Service Co,LUBBOCK POWER & LIGHT SYSTEM (competitive),36.4,18.434,54.502,42.17,Top 17% for new-home growth; Top 24% for home size,5036,23343,69400,0.561,0.845,208600,5.8,0.349,1.53,6,62.196,38.46,26.8,63.25,83.06,91.33,72.67,17.14,81.12,12,18
77031,29.652,-95.546,48201,Harris County,no,no,yes,CENTERPOINT ENERGY HOUSTON ELECTRIC LLC,Wires company (TDU),base_tdsp,ERCOT,13.0,,,mostly apartments,36.3,43.09,33.064,30.537,Top 14% for long-term owners; Top 19% for outage hours per customer,2837,15179,47162,0.486,0.491,232500,4.7,0.593,15.94,5.5,54.309,75.66,86.73,34.78,19.66,24.56,65.32,65.76,83.35,19,11.1
76544,31.144,-97.761,48099,Coryell County,no,no,yes,ONCOR ELECTRIC DELIVERY COMPANY,Wires company (TDU),base_tdsp,ERCOT,12.6,,"Bartlett Electric Coop, Inc; Heart of Texas Electric Coop",mostly renters,36.2,32.935,47.994,28.8,,21,28191,62846,0.002,0.854,,5.2,0.764,7.82,12.6,33.244,10.01,41.73,15.91,43.26,23.68,40.63,24.13,43.37,,10
76865,31.859,-100.165,48399,Runnels County,no,no,yes,AEP TEXAS NORTH,Wires company (TDU),base_tdsp,ERCOT,12.7,,,small population,36.1,41.554,24.821,40.037,Top 9% for long-term owners,46,206,57155,0.716,0.582,74600,5.2,0.5,7.89,10.5,66.016,72.76,47.39,22.55,81.61,98.47,85.77,48.9,77.42,21,1.8
77840,30.609,-96.326,48041,Brazos County,no,no,no,City of Bryan - (TX),Municipal,municipal,,,0.11384231601443516,City of College Station - (TX); Mid-South Electric Coop Assn; Entergy Texas Inc.,mostly renters; mostly apartments; City of Bryan - (TX) (municipal),36.1,50.096,39.086,14.469,Top 21% for all-electric heating; Top 23% for new-home growth,2173,54864,30377,0.103,0.25,244800,4.2,0.801,5.19,14.1,71.664,39.65,67.35,66.46,72.25,65.99,87.24,62.23,80.13,10,14.3
75561,33.517,-94.282,48037,Bowie County,no,yes,no,"Bowie-Cass Electric Coop, Inc",Cooperative,coop,,,0.12564696965847794,Southwest Arkansas E C C; Southwestern Electric Power Co,"Bowie-Cass Electric Coop, Inc (coop)",36.0,28.689,43.759,38.085,,1191,5014,60047,0.725,0.618,119500,5.5,0.612,4,10.5,61.37,51.37,39.49,93.2,60.05,46.13,41.88,70.71,78.13,14,2.1
75658,,,48401,Rusk County,no,no,no,Southwestern Electric Power Co,Investor Owned,ioi_non_ercot,non-ERCOT,,0.12025334637662972,,small population; mostly apartments; Southwestern Electric Power Co (ioi_non_ercot),36.0,73.751,1.556,20.236,Top 9% for outage hours per customer; Top 10% for major outage days; Top 19% for severe-weather risk (FEMA),0,31,,0.632,0,,-666666666,0,20.88,45.8,77.3,32.9,65.97,83.38,66.69,96.37,71.7,85.74,71.25,,0.3
79235,33.962,-101.246,48153,Floyd County,no,yes,no,"Lighthouse Electric Coop, Inc",Cooperative,coop,,,0.14588973619878134,South Plains Electric Coop Inc; Southwestern Public Service Co,"Lighthouse Electric Coop, Inc (coop)",36.0,46.602,31.301,26.558,Top 21% for severe-weather risk (FEMA),753,2924,52935,0.67,0.921,95800,5.4,0.35,6.68,8.4,76.189,93.9,48.92,84.11,95.95,98.85,82.51,28.37,94.61,14,0.2
79406,33.586,-101.878,48303,Lubbock County,no,no,no,LUBBOCK POWER & LIGHT SYSTEM,Wires company (TDU),competitive,ERCOT,13.6,,City of Lubbock - (TX),mostly renters; mostly apartments; LUBBOCK POWER & LIGHT SYSTEM (competitive),36.0,26.26,1.872,83.235,Top 17% for new-home growth,0,7995,,,0,,-666666666,,1.53,6,66.361,75.67,35.69,84.69,94.53,97.5,50.53,12.18,89.41,,18
79832,,,48043,Brewster County,no,no,yes,AEP TEXAS NORTH,Wires company (TDU),base_tdsp,ERCOT,12.7,,,small population; mostly renters; mostly apartments,36.0,76.243,1.872,16.388,Top 13% for outage hours per customer; Top 24% for major outage days,0,330,,,,,-666666666,,17.39,28.9,71.226,87.35,48.32,90.37,94.54,61.24,55.45,94.45,54.21,,1.2
75247,32.814,-96.884,48113,Dallas County,no,no,yes,ONCOR ELECTRIC DELIVERY COMPANY,Wires company (TDU),base_tdsp,ERCOT,12.6,,,mostly renters; mostly apartments,35.9,61.856,29.808,7.48,Top 7% for all-electric heating,0,627,20200,0,0.044,,3.1,0.907,9.52,4.5,74.13,96.98,50.07,90.26,59.66,57.04,67.94,94.48,99.46,,5.5
78591,26.583,-98.522,48427,Starr County,no,no,no,Magic Valley Electric Coop Inc,Cooperative,coop,,,0.1020138639955681,,small population; Magic Valley Electric Coop Inc (coop),35.9,34.026,39.238,35.177,Top 15% for homeownership,53,158,35750,0.895,0.888,,5.1,0.697,6.97,20.4,48.354,47.98,82.29,49.26,27.98,23.01,95.98,28.69,31.27,14,0
76888,31.61,-99.64,48083,Coleman County,no,no,no,,,none,,,,,small population; unknown utility (none),35.6,35.015,40.156,31.973,Top 11% for all-electric heating,34,150,60893,0.648,0.606,100000,5.2,0.873,1.41,7.9,65.629,79.5,52.46,12.66,89.13,99.2,65.92,61.5,78.53,13,1.6
78251,29.462,-98.677,48029,Bexar County,no,yes,no,City of San Antonio - (TX),Municipal,municipal,,,0.12432968896776977,,City of San Antonio - (TX) (municipal),35.5,17.756,50.678,43.819,,11612,59435,78958,0.508,0.571,268300,5.1,0.76,3.4,3.4,47.904,70.91,50.7,14.97,33.51,22.36,39.34,83.99,90.46,13,7.2
76102,32.759,-97.33,48439,Tarrant County,no,no,yes,ONCOR ELECTRIC DELIVERY COMPANY,Wires company (TDU),base_tdsp,ERCOT,12.6,,,mostly renters; mostly apartments,35.4,29.52,42.263,36.461,Top 12% for all-electric heating,512,11895,75859,0.206,0.112,296600,3.2,0.866,5.45,3.8,55.756,60.35,43.93,64.02,48.09,20.09,50.69,74.97,88.5,7,13.2
78702,30.263,-97.714,48453,Travis County,no,yes,no,Austin Energy,Municipal,municipal,,,0.125775626412917,,Austin Energy (municipal),35.3,24.417,38.114,46.839,Top 2% for home value; Top 15% for household income,4087,25985,102171,0.409,0.518,686800,3.9,0.516,7.98,4.8,43.701,35.55,44.71,22.38,28.75,35.86,32.24,63.5,78.47,10,9.1
78722,30.29,-97.715,48453,Travis County,no,yes,no,Austin Energy,Municipal,municipal,,,0.125775626412917,,Austin Energy (municipal),35.3,22.226,37.183,50.863,Top 2% for home value; Top 13% for household income,1361,6767,105046,0.523,0.625,678300,4.3,0.412,7.98,4.8,40.539,22.67,43.96,19.76,26.04,32.46,28.68,57.7,75.17,11,9.1
78751,30.311,-97.723,48453,Travis County,no,no,no,Austin Energy,Municipal,municipal,,,0.125775626412917,,mostly renters; mostly apartments; Austin Energy (municipal),35.3,27.501,41.586,39.475,Top 1% for home value,1493,16961,80915,0.229,0.391,852000,3.3,0.635,7.98,4.8,42.567,28.95,44.75,21.65,27.26,34.7,29.74,61.92,77.95,11,9.1
79928,31.631,-106.16,48141,El Paso County,no,yes,no,El Paso Electric Co,Investor Owned,ioi_non_ercot,non-ERCOT,,0.1346285636994845,,El Paso Electric Co (ioi_non_ercot),35.3,3.767,55.388,57.261,Top 20% for home size; Top 20% for homeownership,28477,86599,76643,0.866,0.855,207900,5.9,0.221,1.61,4.4,37.374,18.93,20.32,10.82,87.7,40.28,34.16,62.7,5.64,10,6.9
75573,33.348,-94.229,48037,Bowie County,no,no,no,"Bowie-Cass Electric Coop, Inc",Cooperative,coop,,,0.12564696965847794,,"small population; Bowie-Cass Electric Coop, Inc (coop)",35.2,24.822,43.553,40.574,Top 23% for household income,51,263,90349,0.508,0.566,159500,5.3,0.685,4,10.5,53.99,11.77,33.14,87.67,45.81,34.2,39.09,67.44,70.58,10,2.1
76541,31.113,-97.73,48027,Bell County,no,no,yes,ONCOR ELECTRIC DELIVERY COMPANY,Wires company (TDU),base_tdsp,ERCOT,12.6,,"Bartlett Electric Coop, Inc; Heart of Texas Electric Coop",mostly renters; mostly apartments,35.2,51.515,23.614,25.127,Top 19% for new-home growth; Top 22% for all-electric heating,1725,19011,37349,0.236,0.475,116300,3.6,0.794,8.1,11.4,66.059,48.76,55.03,43.46,81.55,46.63,76.57,69.71,89.46,16,17.1
78728,30.454,-97.692,48453,Travis County,no,no,yes,ONCOR ELECTRIC DELIVERY COMPANY,Wires company (TDU),base_tdsp,ERCOT,12.6,,"Austin Energy; Bartlett Electric Coop, Inc",mostly renters; mostly apartments,35.2,29.35,42.747,35.542,Top 10% for home value,2996,26777,75243,0.291,0.368,437000,4.1,0.687,7.98,4.8,44.271,22.4,45.05,24.85,36.3,35.1,37.23,57.99,73.38,10,9.1
78756,30.322,-97.74,48453,Travis County,no,yes,no,Austin Energy,Municipal,municipal,,,0.125775626412917,,Austin Energy (municipal),35.2,23.405,37.925,48.096,Top 1% for home value; Top 20% for household income,1521,9197,94701,0.43,0.512,832000,4.2,0.462,7.98,4.8,43.107,38.89,46.42,24.17,26.9,36.27,28.77,60.99,78.23,12,9.1
79312,34.019,-102.42,48279,Lamb County,no,yes,no,"Lamb County Electric Coop, Inc",Cooperative,coop,,,0.0951857551110134,Southwestern Public Service Co,"Lamb County Electric Coop, Inc (coop)",35.2,37.064,27.658,40.293,Top 22% for severe-weather risk (FEMA); Top 24% for long-term owners,305,1130,64722,0.703,0.934,49100,5.3,0.491,1.67,6.9,75.919,93.21,49.92,68.14,96.67,99.36,95.98,34.51,86.85,17,0.2
75928,30.671,-93.711,48351,Newton County,no,yes,no,"Jasper-Newton Elec Coop, Inc",Cooperative,coop,,,0.1295961422543701,Entergy Texas Inc.,"Jasper-Newton Elec Coop, Inc (coop)",35.1,31.977,28.621,45.623,Top 2% for long-term owners; Top 22% for homeownership,235,899,31037,0.86,0.68,66900,5.1,0.705,2.38,5.4,67.027,50.07,87.93,87.43,55.74,62.53,42.28,62.66,70.62,28,
76205,33.193,-97.129,48121,Denton County,no,no,yes,ONCOR ELECTRIC DELIVERY COMPANY,Wires company (TDU),base_tdsp,ERCOT,13.6,,"City of Denton - (TX); Denton County Elec Coop, Inc",mostly apartments,35.1,27.741,37.407,42.709,Top 13% for new-home growth; Top 20% for home value,3043,18978,68600,0.417,0.475,335600,4.6,0.551,4.58,4.6,63.716,59.8,35.83,79.63,47.91,49.74,57.74,78.12,97.04,14,22.9
77473,29.795,-96.108,48015,Austin County,no,no,yes,CENTERPOINT ENERGY HOUSTON ELECTRIC LLC,Wires company (TDU),base_tdsp,ERCOT,13.0,,,small population; mostly renters,35.1,57.962,9.604,30.084,Top 1% for major outage days; Top 11% for new-home growth; Top 24% for outage hours per customer,0,49,,0,0.538,,-666666666,0.538,14.74,84.2,62.62,55.21,72.7,58.92,21.19,81.9,67.69,56.74,79.2,,24.9
79102,35.196,-101.866,48375,Potter County,no,yes,no,Southwestern Public Service Co,Investor Owned,ioi_non_ercot,non-ERCOT,,0.13352364853480414,,Southwestern Public Service Co (ioi_non_ercot),35.1,43.061,26.61,32.847,Top 24% for long-term owners; Top 24% for new-home growth,1773,9393,51125,0.491,0.721,153100,5.1,0.39,6.68,20.4,68.22,75.49,0,73.85,99.35,93.27,82.07,32.41,96.59,17,13.6
79837,32.242,-105.248,48229,Hudspeth County,no,no,no,"Rio Grande Electric Coop, Inc",Cooperative,coop,,,0.18509998844064268,,"small population; mostly apartments; Rio Grande Electric Coop, Inc (coop)",35.0,51.075,21.944,26.525,Top 1% for outage hours per customer,20,113,,0.614,0.476,,5,0.386,31.36,12.9,57.779,78.43,32.96,83.4,91.3,93.69,41.16,52.22,9.72,12,
75559,33.504,-94.627,48037,Bowie County,no,yes,no,"Bowie-Cass Electric Coop, Inc",Cooperative,coop,,,0.12564696965847794,Lamar County Elec Coop Assn; Southwest Arkansas E C C; Southwestern Electric Power Co,"Bowie-Cass Electric Coop, Inc (coop)",34.9,32.771,36.013,36.739,,1469,5528,58313,0.691,0.762,147400,5.2,0.625,4,10.5,64.426,58.61,48.18,95.21,56.47,46.66,47.98,76.06,80.42,16,2.1
78222,29.355,-98.372,48029,Bexar County,no,yes,no,City of San Antonio - (TX),Municipal,municipal,,,0.12432968896776977,,City of San Antonio - (TX) (municipal),34.9,14.787,54.754,41.926,,7229,26476,66362,0.715,0.71,199500,5.5,0.675,3.4,3.4,46.586,57.12,51.93,12.53,31.37,23.19,37.72,80.65,88.71,12,7.2
76040,32.814,-97.091,48439,Tarrant County,no,no,yes,ONCOR ELECTRIC DELIVERY COMPANY,Wires company (TDU),base_tdsp,ERCOT,12.6,,,mostly apartments,34.8,23.887,40.29,43.892,,5324,31677,72661,0.437,0.475,297900,4.5,0.692,5.45,3.8,53.57,47.74,34.22,54.1,47.99,17.97,55.94,80.45,84.32,14,13.2
78536,26.649,-98.451,48427,Starr County,no,no,no,Magic Valley Electric Coop Inc,Cooperative,coop,,,0.1020138639955681,"Medina Electric Coop, Inc",small population; Magic Valley Electric Coop Inc (coop),34.8,37.076,38.193,28.357,Top 7% for long-term owners; Top 20% for all-electric heating,104,371,28393,0.735,0.811,,4.9,0.803,6.97,20.4,48.354,47.98,82.29,49.26,27.98,23.01,95.98,28.69,31.27,22,0
75287,32.999,-96.842,48085,Collin County,no,no,yes,ONCOR ELECTRIC DELIVERY COMPANY,Wires company (TDU),base_tdsp,ERCOT,12.6,,"Denton County Elec Coop, Inc; Grayson-Collin Elec Coop, Inc",mostly renters; mostly apartments,34.7,27.54,43.697,35.127,Top 7% for new-home growth; Top 12% for home value,4773,53959,63741,0.23,0.241,405600,3.8,0.748,5.38,5.6,53.001,56.25,30.64,54.78,36.75,35.59,51.13,64.04,98.08,12,29.1
79111,35.22,-101.708,48375,Potter County,no,no,no,Southwestern Public Service Co,Investor Owned,ioi_non_ercot,non-ERCOT,,0.13352364853480414,,mostly renters; Southwestern Public Service Co (ioi_non_ercot),34.5,32.453,33.542,38.264,Top 24% for new-home growth,0,1575,71103,0,0.876,,5.3,0.197,6.68,20.4,61.067,71.76,0,70.24,96.92,84.92,59.02,30.41,85.96,,13.6
79316,33.138,-102.326,48445,Terry County,no,yes,no,"Lyntegar Electric Coop, Inc",Cooperative,coop,,,0.08993721083939193,Southwestern Public Service Co,"Lyntegar Electric Coop, Inc (coop)",34.5,50.972,29.103,17.901,,2544,10055,43063,0.658,0.864,103900,5.3,0.385,7.18,25.5,72.917,97.33,50.6,58.3,91.4,97.56,98.97,33.26,80.33,12,0.4
79367,33.621,-102.191,48219,Hockley County,no,yes,no,South Plains Electric Coop Inc,Cooperative,coop,,,0.10228990957165597,,South Plains Electric Coop Inc (coop),34.5,42.531,24.281,33.956,Top 14% for long-term owners,119,519,46458,0.757,0.599,83200,5.1,0.571,4.99,14.2,71.101,92.58,42.86,70.82,93.91,96.43,76.54,25.24,91.91,19,0.4
79110,35.147,-101.87,48381,Randall County,no,yes,no,Southwestern Public Service Co,Investor Owned,ioi_non_ercot,non-ERCOT,,0.13352364853480414,,Southwestern Public Service Co (ioi_non_ercot),34.4,35.771,29.36,37.767,,4568,16994,66683,0.699,0.899,160100,5.2,0.241,5.9,16.2,65.863,59.14,0,45.6,98.86,89.92,83.25,49.36,94.05,13,0.9
79938,31.83,-105.971,48141,El Paso County,no,yes,no,"Rio Grande Electric Coop, Inc",Cooperative,coop,,,0.18509998844064268,El Paso Electric Co,"Rio Grande Electric Coop, Inc (coop)",34.4,5.392,53.955,53.677,Top 24% for home size,31150,99621,77272,0.813,0.865,214800,5.8,0.225,1.61,4.4,46.419,45.86,25.8,43.55,89.78,64.94,38.12,54.9,7.84,10,6.9
77032,29.986,-95.346,48201,Harris County,no,no,yes,CENTERPOINT ENERGY HOUSTON ELECTRIC LLC,Wires company (TDU),base_tdsp,ERCOT,13.0,,,mostly renters; mostly apartments,34.3,47.001,26.692,25.121,Top 19% for outage hours per customer,1636,12403,43725,0.343,0.391,128000,4.6,0.738,15.94,5.5,53.483,70.48,94.26,64.49,20.02,36.26,43.8,36.81,78.74,16,11.1
78753,30.382,-97.674,48453,Travis County,no,no,no,Austin Energy,Municipal,municipal,,,0.125775626412917,,mostly renters; mostly apartments; Austin Energy (municipal),34.3,30.234,38.659,35.402,Top 15% for home value,7312,56920,65170,0.334,0.364,371300,4.1,0.626,7.98,4.8,52.414,49.54,47.56,31.53,35.54,46.52,41.31,76.48,87.96,14,9.1
79356,33.285,-101.342,48169,Garza County,no,yes,no,"Big Country Electric Coop, Inc",Cooperative,coop,,,0.13721774330329378,"Lyntegar Electric Coop, Inc; South Plains Electric Coop Inc; Southwestern Public Service Co","Big Country Electric Coop, Inc (coop)",34.3,43.706,25.485,30.578,,1391,5083,46351,0.712,0.831,79900,5.2,0.511,6.67,12.6,69.806,90.85,39.13,74.65,86.08,98.09,67.65,34.47,88.57,15,3.2
76155,32.824,-97.049,48439,Tarrant County,no,no,yes,ONCOR ELECTRIC DELIVERY COMPANY,Wires company (TDU),base_tdsp,ERCOT,12.6,,,mostly renters; mostly apartments,34.2,33.01,30.283,39.649,Top 5% for all-electric heating,10,6533,73229,0.004,0.009,,3.1,0.928,5.45,3.8,58.99,67.55,40.79,72.23,51.51,22.78,54.24,78.82,92.56,,13.2
77061,29.647,-95.276,48201,Harris County,no,no,yes,CENTERPOINT ENERGY HOUSTON ELECTRIC LLC,Wires company (TDU),base_tdsp,ERCOT,13.0,,,mostly renters; mostly apartments,34.2,41.916,30.475,27.702,Top 18% for long-term owners; Top 19% for outage hours per customer,3499,24004,45115,0.379,0.404,224400,4.2,0.637,15.94,5.5,47.943,51.51,88.17,36.16,18.32,20.55,52.09,48.34,71.97,18,11.1
78148,29.544,-98.295,48029,Bexar County,no,yes,no,City of San Antonio - (TX),Municipal,municipal,,,0.12432968896776977,Guadalupe Valley Elec Coop Inc,City of San Antonio - (TX) (municipal),34.2,10.727,54.645,45.014,,4488,22187,74783,0.526,0.633,267000,5.4,0.588,3.4,3.4,39.029,45.19,48.65,11.07,27.48,19.4,32.34,59.36,74.9,15,7.2
79527,32.593,-101.059,48415,Scurry County,no,no,yes,ONCOR ELECTRIC DELIVERY COMPANY,Wires company (TDU),base_tdsp,ERCOT,12.6,,,small population,34.2,20.265,31.235,55.687,Top 12% for homeownership,74,219,63333,0.915,0.89,131300,5,0.698,2.49,10.9,49.84,62.45,37.02,37,69.34,82.25,40.42,23.75,59.1,15,2.2
79932,31.875,-106.608,48141,El Paso County,no,yes,no,El Paso Electric Co,Investor Owned,ioi_non_ercot,non-ERCOT,,0.1346285636994845,,El Paso Electric Co (ioi_non_ercot),34.2,4.349,59.096,49.205,Top 24% for home size,8418,30786,78277,0.711,0.767,267200,5.8,0.207,1.61,4.4,42.049,47.77,22.88,14.98,89.64,49.89,32.54,76.64,7.77,12,6.9
75966,30.828,-93.714,48351,Newton County,no,yes,no,Deep East Texas Elec Coop Inc,Cooperative,coop,,,0.13100998789221177,"Jasper-Newton Elec Coop, Inc; Entergy Texas Inc.",Deep East Texas Elec Coop Inc (coop),34.1,39.607,32.246,28.702,Top 10% for all-electric heating,1179,4994,40087,0.739,0.614,102900,4.9,0.877,2.38,5.4,69.36,51.38,89.43,88.61,60.95,66.18,43.57,63.53,73.25,14,
75977,31.065,-93.787,48351,Newton County,no,yes,no,"Jasper-Newton Elec Coop, Inc",Cooperative,coop,,,0.1295961422543701,Entergy Texas Inc.,"Jasper-Newton Elec Coop, Inc (coop)",34.1,38.294,30.411,32.322,Top 3% for all-electric heating; Top 12% for homeownership,162,547,25625,0.912,0.773,112000,4.5,0.978,2.38,5.4,67.631,49.86,88.68,89.15,59.8,74.38,37.68,54.72,69.01,9,
76706,31.476,-97.084,48309,McLennan County,no,no,yes,ONCOR ELECTRIC DELIVERY COMPANY,Wires company (TDU),base_tdsp,ERCOT,12.6,,Heart of Texas Electric Coop,mostly renters; mostly apartments,34.1,41.082,41.195,17.755,,6244,41627,41656,0.39,0.468,197000,5,0.771,7.15,15.2,59.543,42.92,63.22,37.26,34.22,38.37,78.92,74.49,90.32,12,8.6
79339,33.889,-102.337,48279,Lamb County,no,yes,no,"Lamb County Electric Coop, Inc",Cooperative,coop,,,0.0951857551110134,South Plains Electric Coop Inc; Southwestern Public Service Co,"Lamb County Electric Coop, Inc (coop)",34.1,33.653,26.618,42.162,Top 11% for long-term owners,1923,6685,60375,0.748,0.877,79000,5.3,0.374,1.67,6.9,73.75,88.28,45.64,69.17,95.25,98.1,89.87,31.55,86.67,20,0.2
75210,32.771,-96.746,48113,Dallas County,no,no,yes,ONCOR ELECTRIC DELIVERY COMPANY,Wires company (TDU),base_tdsp,ERCOT,12.6,,,mostly renters,34.0,49.703,24.265,22.915,Top 6% for long-term owners,1060,7722,33712,0.357,0.656,122700,4.8,0.628,9.52,4.5,69.069,78.46,37.83,73.62,57.79,45.58,87.17,98.16,83.33,23,5.5
78547,,,48427,Starr County,no,no,yes,AEP TEXAS CENTRAL,Wires company (TDU),base_tdsp,ERCOT,12.05,,,small population,34.0,40.505,34.609,24.829,Top 1% for all-electric heating,81,306,,0.691,1,,4.2,1,6.97,20.4,50.237,53.22,63.47,47.66,35.37,18.75,98.44,54.02,33.95,,0
78758,30.388,-97.707,48453,Travis County,no,no,no,Austin Energy,Municipal,municipal,,,0.125775626412917,,mostly renters; mostly apartments; Austin Energy (municipal),34.0,27.2,37.675,39.529,Top 9% for home value,4999,49617,74381,0.262,0.312,440200,3.6,0.588,7.98,4.8,47.464,39.61,47.2,28.17,30.39,41.38,33.54,68.14,83.43,13,9.1
79106,35.203,-101.895,48375,Potter County,no,yes,no,Southwestern Public Service Co,Investor Owned,ioi_non_ercot,non-ERCOT,,0.13352364853480414,,Southwestern Public Service Co (ioi_non_ercot),34.0,38.662,24.344,37.543,Top 24% for new-home growth,5191,26161,59493,0.516,0.705,174400,4.9,0.32,6.68,20.4,65.567,62.04,0,63.21,98.64,89.65,80.57,34.8,92.1,15,13.6
76852,31.358,-99.457,48307,McCulloch County,no,no,yes,ONCOR ELECTRIC DELIVERY COMPANY,Wires company (TDU),base_tdsp,ERCOT,12.6,,,small population,33.9,20.346,31.703,54.09,,77,278,70865,0.845,0.729,,5.1,0.559,4.43,13.9,48.011,64.18,46.97,3.9,75.96,68.14,42.33,40.17,58.61,15,0.4
78256,29.622,-98.626,48029,Bexar County,no,no,no,City of San Antonio - (TX),Municipal,municipal,,,0.12432968896776977,,mostly renters; mostly apartments; City of San Antonio - (TX) (municipal),33.8,21.192,49.199,35.347,Top 4% for home value; Top 22% for all-electric heating,1324,13453,74977,0.295,0.256,579300,4.3,0.796,3.4,3.4,54.103,90.1,54,21.85,39.74,29.14,46.85,90.33,96.81,11,7.2
78721,30.27,-97.684,48453,Travis County,no,yes,no,Austin Energy,Municipal,municipal,,,0.125775626412917,,Austin Energy (municipal),33.8,24.055,37.206,43.282,Top 6% for home value,2169,10997,84573,0.513,0.647,523000,4.4,0.437,7.98,4.8,47.067,53.5,45.66,23.75,30.02,38.22,34.24,72.5,85.08,10,9.1
76132,32.668,-97.416,48439,Tarrant County,no,no,yes,ONCOR ELECTRIC DELIVERY COMPANY,Wires company (TDU),base_tdsp,ERCOT,12.6,,,mostly renters; mostly apartments,33.7,23.704,44.067,36.612,Top 13% for home value,3417,26927,63924,0.33,0.344,396200,4.1,0.746,5.45,3.8,49.137,39.62,39.78,48.43,42.34,15.84,47.33,69.88,80.36,14,13.2
76543,31.149,-97.633,48027,Bell County,no,no,yes,ONCOR ELECTRIC DELIVERY COMPANY,Wires company (TDU),base_tdsp,ERCOT,12.6,,"Bartlett Electric Coop, Inc; Heart of Texas Electric Coop",mostly renters,33.7,37.178,32.799,30.006,Top 11% for all-electric heating; Top 19% for new-home growth,5234,34457,48564,0.395,0.526,154000,4.5,0.872,8.1,11.4,39.024,21.13,37.28,22.69,50.32,24.54,49.14,38.4,50.8,16,17.1
75246,32.792,-96.773,48113,Dallas County,no,no,yes,ONCOR ELECTRIC DELIVERY COMPANY,Wires company (TDU),base_tdsp,ERCOT,12.6,,,mostly renters; mostly apartments,33.6,38.588,42.635,18.04,Top 9% for home value,174,2286,53555,0.199,0.228,447800,3.6,0.714,9.52,4.5,57.21,45.36,35,59.29,40.69,29.26,69.92,95.14,71.17,11,5.5
78221,29.299,-98.483,48029,Bexar County,no,yes,no,City of San Antonio - (TX),Municipal,municipal,,,0.12432968896776977,,City of San Antonio - (TX) (municipal),33.5,16.706,43.283,46.099,Top 24% for long-term owners,11388,42178,63811,0.702,0.798,171200,5.3,0.625,3.4,3.4,54.964,77.29,55.85,22.32,40.03,31.19,49.49,89.99,95.88,17,7.2
78230,29.547,-98.557,48029,Bexar County,no,yes,no,City of San Antonio - (TX),Municipal,municipal,,,0.12432968896776977,,City of San Antonio - (TX) (municipal),33.5,14.093,52.662,40.069,Top 14% for home value,7799,41387,73529,0.49,0.516,386600,5.1,0.681,3.4,3.4,43.001,58.23,48.99,10.51,29.41,18.81,34.02,75.83,83.44,13,7.2
75215,32.751,-96.757,48113,Dallas County,no,no,yes,ONCOR ELECTRIC DELIVERY COMPANY,Wires company (TDU),base_tdsp,ERCOT,12.6,,,mostly renters,33.3,46.693,32.028,16.568,,2776,18895,45557,0.382,0.622,190100,4.7,0.667,9.52,4.5,65.966,71.73,36.57,68.31,53.9,40.53,84.7,97.69,80.06,12,5.5
76909,,,48451,Tom Green County,no,no,yes,AEP TEXAS NORTH,Wires company (TDU),base_tdsp,ERCOT,12.7,,,small population; mostly renters; mostly apartments,33.3,48.22,1.872,44.879,,0,405,,,,,-666666666,,7.25,18.8,67.281,55.64,43.89,28.22,96.91,71.87,69.25,85.73,75.1,,5.8
79031,34.27,-102.45,48279,Lamb County,no,yes,no,Bailey County Elec Coop Assn,Cooperative,coop,,,0.08773457914324174,Southwestern Public Service Co,Bailey County Elec Coop Assn (coop),33.3,32.072,33.119,35.169,Top 6% for long-term owners,344,1156,43750,0.774,0.843,96600,5.4,0.45,1.67,6.9,71.089,93.2,49.12,58.59,94.57,98.48,91.52,25.71,79.63,23,0.2
79064,34.196,-102.119,48279,Lamb County,no,yes,no,"Lamb County Electric Coop, Inc",Cooperative,coop,,,0.0951857551110134,South Plains Electric Coop Inc; Southwestern Public Service Co,"Lamb County Electric Coop, Inc (coop)",33.3,36.766,22.807,39.034,Top 11% for long-term owners; Top 16% for severe-weather risk (FEMA),574,2099,59698,0.712,0.896,89500,5.2,0.286,1.67,6.9,78.469,95.55,50.47,78.45,97.83,99.31,94.34,35.07,93.81,20,0.2
76832,30.986,-98.736,48411,San Saba County,no,yes,no,"Central Texas Elec Coop, Inc",Cooperative,coop,,,0.11027817039654494,"Hamilton County Elec Coop Assn; Pedernales Electric Coop, Inc","Central Texas Elec Coop, Inc (coop)",33.2,43.072,26.765,26.594,,164,544,45536,0.788,0.807,145300,4.6,0.698,7.48,13.1,62.926,81.23,56.54,10.16,90.27,84.18,73.17,52.87,73.29,12,0
75933,30.554,-93.813,48351,Newton County,no,no,no,"Jasper-Newton Elec Coop, Inc",Cooperative,coop,,,0.1295961422543701,Entergy Texas Inc.,"mostly apartments; Jasper-Newton Elec Coop, Inc (coop)",33.0,35.577,24.807,37.608,Top 10% for homeownership,248,1418,25996,0.937,0.455,,4.4,0.696,2.38,5.4,69.977,60.9,88.26,88.61,56.19,66.59,48.49,68.18,73.52,12,
78741,30.23,-97.714,48453,Travis County,no,no,no,Austin Energy,Municipal,municipal,,,0.125775626412917,,mostly renters; mostly apartments; Austin Energy (municipal),33.0,29.411,40.494,30.218,Top 11% for home value,2704,45951,66741,0.153,0.187,420100,3.4,0.677,7.98,4.8,46.099,33.91,44.21,21.68,30.16,36.74,34.94,71.18,83.78,11,9.1
77012,29.719,-95.274,48201,Harris County,no,no,yes,CENTERPOINT ENERGY HOUSTON ELECTRIC LLC,Wires company (TDU),base_tdsp,ERCOT,13.0,,,mostly renters,32.9,43.765,21.479,29.761,Top 4% for long-term owners; Top 19% for outage hours per customer,2373,16286,45025,0.379,0.592,162200,4.1,0.587,15.94,5.5,55.751,58.38,88.31,42.85,19.66,27.42,63.65,63.12,85.25,24,11.1
79223,,,48101,Cottle County,no,no,no,South Plains Electric Coop Inc,Cooperative,coop,,,0.10228990957165597,,small population; South Plains Electric Coop Inc (coop),32.9,29.972,4.339,65.237,Top 3% for homeownership,23,61,,1,1,,-666666666,0.364,6.86,3.4,64.487,95.43,46.57,89.48,79.64,98.91,28.98,35.73,72.1,,0
75569,33.442,-94.129,48037,Bowie County,no,yes,no,Southwestern Electric Power Co,Investor Owned,ioi_non_ercot,non-ERCOT,,0.12025334637662972,,Southwestern Electric Power Co (ioi_non_ercot),32.8,37.053,36.979,22.856,,834,3523,55884,0.616,0.669,170200,5.2,0.565,4,10.5,69.074,43.85,39.19,95.05,68.41,57.02,53.13,82.37,88.35,10,2.1
78535,26.253,-97.744,48061,Cameron County,no,no,yes,AEP TEXAS CENTRAL,Wires company (TDU),base_tdsp,ERCOT,12.05,,,small population,32.8,36.766,29.704,30.654,Top 4% for all-electric heating,120,425,39000,0.735,0.757,107300,4.5,0.961,4.36,6.1,62.273,70.05,93.87,65.62,41.17,39.54,94.81,62,38.9,12,12.6
79027,34.408,-102.42,48069,Castro County,no,yes,no,Bailey County Elec Coop Assn,Cooperative,coop,,,0.08773457914324174,"Deaf Smith Electric Coop, Inc; Southwestern Public Service Co",Bailey County Elec Coop Assn (coop),32.8,42.438,27.763,24.937,Top 10% for major outage days; Top 18% for long-term owners,1081,4858,50865,0.579,0.752,90900,5.3,0.375,7.95,47.2,61.956,90.57,0.4,42.98,97.91,96.46,84.65,22.13,89.16,18,0
79357,33.612,-101.405,48107,Crosby County,no,yes,no,"Lighthouse Electric Coop, Inc",Cooperative,coop,,,0.14588973619878134,South Plains Electric Coop Inc; Southwestern Public Service Co,"Lighthouse Electric Coop, Inc (coop)",32.8,36.298,26.479,34.307,,485,1810,57993,0.697,0.931,76400,5.3,0.379,5.53,10.8,67.767,77,39.65,84.08,70.33,98.03,70.29,24.45,87.54,16,0.5
79336,33.603,-102.399,48219,Hockley County,no,yes,no,"Lamb County Electric Coop, Inc",Cooperative,coop,,,0.0951857551110134,"Lyntegar Electric Coop, Inc; South Plains Electric Coop Inc; Southwestern Public Service Co","Lamb County Electric Coop, Inc (coop)",32.7,34.116,28.671,34.91,,4056,15132,61598,0.697,0.781,140000,5.2,0.373,4.99,14.2,67.284,81.02,40.53,64.43,91.7,93.71,71.65,22.18,86.79,14,0.4
79372,33.434,-102.488,48219,Hockley County,no,yes,no,"Lyntegar Electric Coop, Inc",Cooperative,coop,,,0.08993721083939193,,"Lyntegar Electric Coop, Inc (coop)",32.7,23.915,38.318,38.94,Top 24% for long-term owners,281,1359,58906,0.742,0.538,96700,5.5,0.528,4.99,14.2,54.717,39.7,32.35,43.82,85.87,84.64,54.4,11.26,70.68,17,0.4
78564,26.678,-99.103,48505,Zapata County,no,no,no,"Medina Electric Coop, Inc",Cooperative,coop,,,0.12096339104255678,,"small population; mostly renters; Medina Electric Coop, Inc (coop)",32.6,51.279,33.123,7.313,Top 1% for all-electric heating,13,89,,0.383,0.603,,3.8,1,12.87,17,53.87,79.5,82.43,6.44,54.83,40.04,99.29,55.74,38.32,,
79847,31.836,-105.053,48109,Culberson County,no,no,no,"Rio Grande Electric Coop, Inc",Cooperative,coop,,,0.18509998844064268,Southwestern Public Service Co,"small population; Rio Grande Electric Coop, Inc (coop)",32.6,52.635,18.538,20.014,Top 8% for outage hours per customer,41,201,50938,0.54,0.613,66100,5.1,0.368,21.97,15.5,61.774,87.5,37.41,90.32,94.07,94.03,46.41,47.36,22.82,8,8.4
78752,30.332,-97.704,48453,Travis County,no,no,no,Austin Energy,Municipal,municipal,,,0.125775626412917,,mostly renters; mostly apartments; Austin Energy (municipal),32.5,29.714,38.975,29.833,Top 11% for home value,1811,23317,67682,0.202,0.305,422000,3.6,0.628,7.98,4.8,50.996,44.06,48.89,34.37,32.48,47.49,34.82,71.38,87.54,10,9.1
76704,31.575,-97.127,48309,McLennan County,no,no,yes,ONCOR ELECTRIC DELIVERY COMPANY,Wires company (TDU),base_tdsp,ERCOT,12.6,,Heart of Texas Electric Coop,mostly renters,32.4,40.836,31.026,22.623,Top 18% for long-term owners,852,7018,30349,0.316,0.578,134900,4.9,0.736,7.15,15.2,60.477,54.53,60.23,39.39,33.87,39.66,80.83,77.51,91.85,18,8.6
79229,33.666,-100.677,48125,Dickens County,no,no,yes,AEP TEXAS NORTH,Wires company (TDU),base_tdsp,ERCOT,12.7,,South Plains Electric Coop Inc,small population,32.4,28.517,18.368,51.521,Top 11% for long-term owners; Top 14% for homeownership,84,243,47583,0.901,0.938,43200,5.1,0.397,3.39,5.6,67.851,95.98,42.61,75.01,71.74,98.42,79.65,34,73.53,20,
79353,33.784,-102.582,48219,Hockley County,no,no,no,"Lamb County Electric Coop, Inc",Cooperative,coop,,,0.0951857551110134,,"small population; mostly renters; Lamb County Electric Coop, Inc (coop)",32.4,37.415,19.303,38.907,,9,67,86188,0.355,1,18400,5.2,0,4.99,14.2,71.101,92.58,42.86,70.82,93.91,96.43,76.54,25.24,91.91,13,0.4
76006,32.785,-97.1,48439,Tarrant County,no,no,yes,ONCOR ELECTRIC DELIVERY COMPANY,Wires company (TDU),base_tdsp,ERCOT,12.6,,,mostly renters; mostly apartments,32.3,26.857,42.823,28.9,Top 14% for all-electric heating,1938,23446,59139,0.248,0.215,294200,3.8,0.844,5.45,3.8,50.926,53.91,32.86,47.37,45.58,16.5,54.08,79.27,80.82,12,13.2
79256,33.9,-100.746,48345,Motley County,no,no,yes,AEP TEXAS NORTH,Wires company (TDU),base_tdsp,ERCOT,12.7,,"Lighthouse Electric Coop, Inc; South Plains Electric Coop Inc",small population,32.3,45.784,9.633,36.86,Top 6% for long-term owners,84,290,39231,0.755,0.96,65800,4.4,0.431,11.22,4.6,67.516,81.94,39.51,85.52,85.86,94.51,67.78,32.31,67.12,23,
75203,32.747,-96.803,48113,Dallas County,no,no,yes,ONCOR ELECTRIC DELIVERY COMPANY,Wires company (TDU),base_tdsp,ERCOT,12.6,,,mostly renters; mostly apartments,32.2,42.163,24.885,26.329,Top 9% for long-term owners,2299,15775,46989,0.379,0.456,159900,4.4,0.651,9.52,4.5,62.814,60.66,35.54,63.16,50.11,36.31,81.24,97,76.34,21,5.5
77801,30.639,-96.362,48041,Brazos County,no,no,no,City of Bryan - (TX),Municipal,municipal,,,0.11384231601443516,City of College Station - (TX); Entergy Texas Inc.,mostly renters; mostly apartments; City of Bryan - (TX) (municipal),32.2,49.25,24.254,17.438,Top 23% for new-home growth; Top 23% for severe-weather risk (FEMA),1165,15461,39846,0.196,0.348,162300,4.1,0.655,5.19,14.1,75.523,41.06,70.44,70.21,75.68,69.91,90.47,66.87,85.08,11,14.3
76798,31.548,-97.119,48309,McLennan County,no,no,no,Heart of Texas Electric Coop,Cooperative,coop,,,0.12623769605981833,,mostly renters; mostly apartments; Heart of Texas Electric Coop (coop),32.1,36.642,1.872,56.334,,0,2883,,,,,-666666666,,7.15,15.2,60.786,58.07,63.65,36.28,39.28,44.33,76.89,72.78,92.29,,8.6
78007,28.515,-98.373,48311,McMullen County,no,no,no,Karnes Electric Coop Inc,Cooperative,coop,,,0.0990299895962391,San Patricio Electric Coop Inc,small population; Karnes Electric Coop Inc (coop),32.1,42.501,29.605,20.746,Top 6% for all-electric heating; Top 18% for long-term owners,37,196,38636,0.5,0.632,80000,4.8,0.917,9.65,5.2,52.744,33.52,80.41,61.81,24.12,44.9,82.13,28.07,47.77,18,
79072,34.17,-101.734,48189,Hale County,no,yes,no,"Lighthouse Electric Coop, Inc",Cooperative,coop,,,0.14588973619878134,South Plains Electric Coop Inc; Southwestern Public Service Co,"Lighthouse Electric Coop, Inc (coop)",32.1,40.028,30.628,22.933,Top 20% for severe-weather risk (FEMA),5507,25389,47255,0.564,0.759,114000,5.3,0.405,3.12,14.9,76.966,94.77,49.54,87.44,98.25,97.61,85.42,24.63,95.87,16,0.9
76011,32.752,-97.083,48439,Tarrant County,no,no,yes,ONCOR ELECTRIC DELIVERY COMPANY,Wires company (TDU),base_tdsp,ERCOT,12.6,,,mostly renters; mostly apartments,31.9,28.368,40.053,28.468,Top 12% for all-electric heating,1522,22752,54038,0.174,0.271,247300,3.8,0.86,5.45,3.8,53.606,52.85,43.22,62.35,46.66,19.88,46.64,68.92,87.57,14,13.2
78385,27.139,-97.901,48261,Kenedy County,no,no,no,Magic Valley Electric Coop Inc,Cooperative,coop,,,0.1020138639955681,Nueces Electric Cooperative,small population; Magic Valley Electric Coop Inc (coop),31.9,44.34,31.173,15.921,Top 19% for all-electric heating,25,109,39342,0.604,0.84,,4.4,0.812,13.47,9.6,46.907,99.05,93.45,54.39,22.51,18.24,99.99,11.22,28.55,12,
78209,29.489,-98.456,48029,Bexar County,no,no,no,City of San Antonio - (TX),Municipal,municipal,,,0.12432968896776977,,mostly apartments; City of San Antonio - (TX) (municipal),31.8,12.72,45.194,43.72,Top 7% for home value,8045,43400,86514,0.5,0.482,497000,4.7,0.627,3.4,3.4,43.753,60.09,51.64,13.81,28.79,20.88,32.34,74.1,84.71,11,7.2
76402,32.216,-98.217,48143,Erath County,no,no,yes,ONCOR ELECTRIC DELIVERY COMPANY,Wires company (TDU),base_tdsp,ERCOT,12.6,,,mostly renters; mostly apartments,31.6,56.292,1.872,28.302,,0,750,,,,,-666666666,,7.32,26.4,70.984,75.87,45.7,41.51,69.43,82.61,98.92,68.57,90.15,,2.2
76828,32.006,-99.292,48083,Coleman County,no,no,yes,AEP TEXAS NORTH,Wires company (TDU),base_tdsp,ERCOT,12.7,,Comanche County Elec Coop Assn,small population,31.6,14.42,39.022,47.031,Top 7% for homeownership,62,168,49141,0.969,1,,5.4,0.235,1.41,7.9,58.657,65.38,49.84,19.08,79.5,97.89,51.7,42.82,69.77,16,1.6
76201,33.221,-97.146,48121,Denton County,no,no,yes,ONCOR ELECTRIC DELIVERY COMPANY,Wires company (TDU),base_tdsp,ERCOT,12.6,,"City of Denton - (TX); Denton County Elec Coop, Inc",mostly renters; mostly apartments,31.4,32.228,34.492,27.301,Top 13% for new-home growth; Top 24% for long-term owners,2275,31143,39982,0.19,0.31,257700,3.9,0.668,4.58,4.6,64.669,65.39,36.22,79.54,48.91,51.6,59.31,79.56,97.54,17,22.9
79101,35.206,-101.84,48375,Potter County,no,no,no,Southwestern Public Service Co,Investor Owned,ioi_non_ercot,non-ERCOT,,0.13352364853480414,,mostly renters; mostly apartments; Southwestern Public Service Co (ioi_non_ercot),31.4,47.327,20.435,21.226,Top 24% for new-home growth,97,2526,47759,0.1,0.329,167600,3.8,0.547,6.68,20.4,69.539,84.6,0,81.18,99.58,95.08,81.57,31.4,97.96,12,13.6
79379,33.511,-102.646,48079,Cochran County,no,yes,no,"Lamb County Electric Coop, Inc",Cooperative,coop,,,0.0951857551110134,Southwestern Public Service Co,"Lamb County Electric Coop, Inc (coop)",31.3,26.748,23.653,45.01,,195,660,67813,0.772,0.79,80800,5.2,0.417,3.32,3.2,69.484,96.47,48.7,50.49,95.87,98.45,86.77,22.79,83.32,15,0
79410,33.57,-101.891,48303,Lubbock County,no,no,no,LUBBOCK POWER & LIGHT SYSTEM,Wires company (TDU),competitive,ERCOT,13.6,,City of Lubbock - (TX),mostly renters; LUBBOCK POWER & LIGHT SYSTEM (competitive),31.2,22.28,47.285,26.873,Top 17% for new-home growth,1259,10137,44537,0.323,0.844,246400,5.3,0.526,1.53,6,63.093,50.6,29.83,67.38,83.47,90.92,70.91,17.83,81.31,15,18
79104,35.203,-101.789,48375,Potter County,no,yes,no,Southwestern Public Service Co,Investor Owned,ioi_non_ercot,non-ERCOT,,0.13352364853480414,,Southwestern Public Service Co (ioi_non_ercot),31.1,45.68,14.567,28.289,Top 24% for new-home growth,1397,6561,39920,0.554,0.794,94400,4.9,0.269,6.68,20.4,71.529,79.15,0,73.34,99.55,94.82,88.41,46.89,97.69,15,13.6
79322,33.633,-101.179,48107,Crosby County,no,yes,no,"Lighthouse Electric Coop, Inc",Cooperative,coop,,,0.14588973619878134,South Plains Electric Coop Inc; Southwestern Public Service Co,"Lighthouse Electric Coop, Inc (coop)",31.1,39.437,33.132,18.007,,452,1983,48750,0.593,0.826,65500,5.5,0.386,5.53,10.8,70.139,82.89,40.15,80.61,77.68,98.79,75.08,28.91,89.75,12,0.5
76116,32.721,-97.447,48439,Tarrant County,no,no,yes,ONCOR ELECTRIC DELIVERY COMPANY,Wires company (TDU),base_tdsp,ERCOT,12.6,,,mostly renters; mostly apartments,31.0,25.612,39.856,29.285,Top 25% for home value,7037,49856,56187,0.367,0.422,305800,4.6,0.653,5.45,3.8,57.731,54.1,41.54,55.98,52.73,19.96,60.75,83.58,89.58,13,13.2
79518,33.341,-100.715,48263,Kent County,no,no,yes,AEP TEXAS NORTH,Wires company (TDU),base_tdsp,ERCOT,12.7,,South Plains Electric Coop Inc,small population,31.0,14.733,63.933,19.91,Top 16% for home size; Top 18% for long-term owners,20,104,34342,0.5,0.835,,6,0.411,5.66,3.2,45.453,55.68,36.75,38.67,54.79,85.32,43.3,7.9,51.44,18,
78224,29.298,-98.537,48029,Bexar County,no,yes,no,City of San Antonio - (TX),Municipal,municipal,,,0.12432968896776977,,City of San Antonio - (TX) (municipal),30.8,17.458,41.575,37.674,Top 24% for long-term owners,4933,22232,59891,0.577,0.617,162200,5.2,0.72,3.4,3.4,50.806,73.64,55.67,24.57,36.15,27.58,39.26,80.8,91.61,17,7.2
79934,31.951,-106.434,48141,El Paso County,no,yes,no,El Paso Electric Co,Investor Owned,ioi_non_ercot,non-ERCOT,,0.1346285636994845,,El Paso Electric Co (ioi_non_ercot),30.8,3.959,51.606,45.797,,7836,28861,77754,0.706,0.787,210800,5.7,0.263,1.61,4.4,36.389,16.24,19.32,9.41,81.69,40.31,28.3,65.88,9.81,10,6.9
78705,30.294,-97.739,48453,Travis County,no,no,no,Austin Energy,Municipal,municipal,,,0.125775626412917,,mostly renters; mostly apartments; Austin Energy (municipal),30.6,32.654,46.392,11.939,Top 3% for home value,1674,33238,32380,0.131,0.135,647600,3.3,0.772,7.98,4.8,47.606,33.28,47.22,28.3,31.32,41.33,33.87,68.47,82.73,10,9.1
79052,34.361,-101.744,48437,Swisher County,no,yes,no,"Lighthouse Electric Coop, Inc",Cooperative,coop,,,0.14588973619878134,Southwestern Public Service Co,"Lighthouse Electric Coop, Inc (coop)",30.6,28.466,38.044,25.965,,334,1101,34922,0.791,0.957,99800,5.6,0.349,3.31,4.1,70.979,88.69,54.96,67.8,95.74,99.28,71.78,19.05,88.24,13,0
79107,35.231,-101.802,48375,Potter County,no,yes,no,Southwestern Public Service Co,Investor Owned,ioi_non_ercot,non-ERCOT,,0.13352364853480414,,Southwestern Public Service Co (ioi_non_ercot),30.6,41.683,14.863,31.413,Top 18% for long-term owners; Top 24% for new-home growth,7896,36662,40671,0.56,0.77,92600,4.9,0.305,6.68,20.4,67.903,67.46,0,64.23,99.01,91.66,85.23,40.59,94.6,18,13.6
79936,31.777,-106.297,48141,El Paso County,no,yes,no,El Paso Electric Co,Investor Owned,ioi_non_ercot,non-ERCOT,,0.1346285636994845,,El Paso Electric Co (ioi_non_ercot),30.2,3.996,45.76,49.705,Top 14% for long-term owners,27926,102991,67198,0.705,0.812,179000,5.6,0.182,1.61,4.4,40.569,26.7,20.87,13.61,89.1,44.29,31.4,77.34,7.37,19,6.9
79412,33.546,-101.857,48303,Lubbock County,no,yes,no,LUBBOCK POWER & LIGHT SYSTEM,Wires company (TDU),competitive,ERCOT,13.6,,City of Lubbock - (TX); Southwestern Public Service Co,LUBBOCK POWER & LIGHT SYSTEM (competitive),30.0,24.548,33.164,34.103,Top 14% for long-term owners; Top 17% for new-home growth,2818,15018,48878,0.488,0.71,130700,5.3,0.461,1.53,6,65.761,46.88,26.8,66.96,85.74,92.12,78.27,24.3,86.14,19,18
78712,30.282,-97.731,48453,Travis County,no,no,no,Austin Energy,Municipal,municipal,,,0.125775626412917,,small population; mostly renters; mostly apartments; Austin Energy (municipal),29.9,29.254,1.872,58.652,,0,201,,,,,-666666666,,7.98,4.8,55.319,52.54,54.07,46.61,36.98,56.63,37.18,68.75,87.01,,9.1
79404,33.528,-101.794,48303,Lubbock County,no,yes,no,LUBBOCK POWER & LIGHT SYSTEM,Wires company (TDU),competitive,ERCOT,13.6,,City of Lubbock - (TX); South Plains Electric Coop Inc; Southwestern Public Service Co,LUBBOCK POWER & LIGHT SYSTEM (competitive),29.8,31.851,16.304,40.72,Top 17% for new-home growth,2263,8529,51630,0.69,0.824,85600,4.8,0.511,1.53,6,71.046,91.64,33.33,82.52,94.21,98.91,76.56,20.94,90.85,16,18
78216,29.537,-98.488,48029,Bexar County,no,no,no,City of San Antonio - (TX),Municipal,municipal,,,0.12432968896776977,,mostly renters; mostly apartments; City of San Antonio - (TX) (municipal),29.7,17.037,43.554,32.675,Top 21% for all-electric heating; Top 24% for home value; Top 24% for long-term owners,5575,41180,59110,0.352,0.374,310700,4.3,0.801,3.4,3.4,39.569,47.89,51.1,14.15,27.42,19.89,30.12,58.59,75.71,17,7.2
75501,33.372,-94.14,48037,Bowie County,no,yes,no,"Bowie-Cass Electric Coop, Inc",Cooperative,coop,,,0.12564696965847794,Southwest Arkansas E C C; Southwestern Electric Power Co,"Bowie-Cass Electric Coop, Inc (coop)",29.4,32.136,33.046,22.223,,7657,34866,45995,0.571,0.657,136100,5.2,0.57,4,10.5,65.193,36.13,37.15,92.83,60,49.68,51.85,80.74,84.1,14,2.1
78212,29.465,-98.494,48029,Bexar County,no,yes,no,City of San Antonio - (TX),Municipal,municipal,,,0.12432968896776977,,City of San Antonio - (TX) (municipal),29.4,15.007,41.772,36.058,Top 21% for home value,4917,27437,62801,0.466,0.533,330600,4.4,0.715,3.4,3.4,42.766,54.95,50.93,13.13,28.15,20.25,31.56,72.09,83.25,16,7.2
79401,33.589,-101.85,48303,Lubbock County,no,no,no,LUBBOCK POWER & LIGHT SYSTEM,Wires company (TDU),competitive,ERCOT,13.6,,City of Lubbock - (TX); Southwestern Public Service Co,mostly renters; mostly apartments; LUBBOCK POWER & LIGHT SYSTEM (competitive),29.4,36.467,22.027,27.508,Top 6% for long-term owners; Top 17% for new-home growth; Top 23% for all-electric heating,299,8741,26980,0.089,0.276,105600,3.5,0.787,1.53,6,68.193,64.8,30.8,78.65,90.66,96.42,73.77,18.92,88.13,23,18
78040,27.513,-99.502,48479,Webb County,no,no,yes,AEP TEXAS CENTRAL,Wires company (TDU),base_tdsp,ERCOT,12.05,,,mostly renters,29.3,29.835,28.445,29.281,Top 3% for long-term owners; Top 20% for all-electric heating; Top 24% for new-home growth,5191,35709,36092,0.378,0.698,118700,4.6,0.804,5.06,13.1,51.12,29.32,67.38,16.58,45.08,29.8,75.61,82.78,40.61,25,13.9
76129,32.709,-97.364,48439,Tarrant County,no,no,yes,ONCOR ELECTRIC DELIVERY COMPANY,Wires company (TDU),base_tdsp,ERCOT,12.6,,,mostly renters; mostly apartments,29.0,15.608,1.872,73.935,,0,1641,,,,,-666666666,,5.45,3.8,48.729,18.41,39.68,47.65,41.23,15.26,46.12,71.08,80.08,,13.2
78843,29.358,-100.777,48465,Val Verde County,no,no,yes,AEP TEXAS CENTRAL,Wires company (TDU),base_tdsp,ERCOT,12.05,,,small population; mostly renters; mostly apartments,29.0,38.628,1.872,43.315,,0,307,,,,,-666666666,,11.31,24.6,34.129,5.38,46.7,2.03,73.25,20.87,29.27,32.89,33.89,,5.6
76104,32.729,-97.318,48439,Tarrant County,no,no,yes,ONCOR ELECTRIC DELIVERY COMPANY,Wires company (TDU),base_tdsp,ERCOT,12.6,,,mostly renters,28.9,26.337,29.531,31.663,,2901,20443,61658,0.369,0.502,162700,4.4,0.751,5.45,3.8,54.899,44.06,40.65,52.87,49.04,18.28,55.81,79.79,87.85,12,13.2
78240,29.525,-98.607,48029,Bexar County,no,no,no,City of San Antonio - (TX),Municipal,municipal,,,0.12432968896776977,,mostly renters; mostly apartments; City of San Antonio - (TX) (municipal),28.9,16.737,39.715,34.142,,7663,57921,63351,0.344,0.385,257500,4.3,0.776,3.4,3.4,42.42,55.24,47.39,8.23,28.84,17.96,34.15,77.18,83.19,15,7.2
78257,29.66,-98.583,48029,Bexar County,no,no,no,City of San Antonio - (TX),Municipal,municipal,,,0.12432968896776977,,mostly renters; mostly apartments; City of San Antonio - (TX) (municipal),28.9,12.752,42.766,36.475,Top 3% for home value,1217,10992,81301,0.364,0.288,670400,3.4,0.673,3.4,3.4,25.841,37.47,30.24,10.18,22.99,12.96,28.55,36.64,39.33,7,7.2
79407,33.567,-102.079,48219,Hockley County,no,yes,no,LUBBOCK POWER & LIGHT SYSTEM,Wires company (TDU),competitive,ERCOT,13.6,,"City of Lubbock - (TX); Lamb County Electric Coop, Inc; South Plains Electric Coop Inc; Southwestern Public Service Co",LUBBOCK POWER & LIGHT SYSTEM (competitive),28.9,34.436,30.175,20.242,,4356,24000,61509,0.472,0.507,205200,4.5,0.632,4.99,14.2,63.249,74.58,35.95,60.59,85.94,91.35,68.95,18.93,81.03,10,0.4
76010,32.723,-97.08,48439,Tarrant County,no,no,yes,ONCOR ELECTRIC DELIVERY COMPANY,Wires company (TDU),base_tdsp,ERCOT,12.6,,,mostly renters,28.5,26.411,34.063,25.651,,6618,54978,45466,0.313,0.548,217800,4.4,0.723,5.45,3.8,56.366,45.77,38.98,50.36,52.36,19.13,61.42,83.64,88.67,15,13.2
76701,31.552,-97.138,48309,McLennan County,no,no,yes,ONCOR ELECTRIC DELIVERY COMPANY,Wires company (TDU),base_tdsp,ERCOT,12.6,,Heart of Texas Electric Coop,mostly renters; mostly apartments,28.3,41.659,27.364,11.29,Top 19% for all-electric heating,73,1871,30313,0.102,0.141,,3.6,0.81,7.15,15.2,59.056,45.99,65.83,33.26,42.35,46.85,70.71,64.32,90.07,10,8.6
78213,29.516,-98.523,48029,Bexar County,no,yes,no,City of San Antonio - (TX),Municipal,municipal,,,0.12432968896776977,,City of San Antonio - (TX) (municipal),28.3,17.382,40.009,31.028,Top 24% for all-electric heating,7606,40526,55884,0.488,0.58,216400,4.8,0.783,3.4,3.4,44.654,56.63,50.37,11.6,30.78,21.42,36.69,75.92,85.8,16,7.2
76490,32.945,-98.019,48367,Parker County,no,no,yes,ONCOR ELECTRIC DELIVERY COMPANY,Wires company (TDU),base_tdsp,ERCOT,12.6,,,small population,28.2,35.925,1.556,44.655,,11,41,,0.706,0.706,,-666666666,0,6.86,17.1,64.696,73.09,43.9,59.61,49.06,43.05,79.31,80.47,97.47,,8.4
79755,31.518,-101.918,48461,Upton County,no,no,yes,ONCOR ELECTRIC DELIVERY COMPANY,Wires company (TDU),base_tdsp,ERCOT,12.6,,,small population; mostly renters,28.1,44.819,26.946,6.829,Top 24% for outage hours per customer,8,67,,0.333,0.809,,4.7,0.667,14.97,22,38.901,70.92,38.74,2.45,67.18,65.27,35.2,18.24,45.23,,0.5
79013,36.039,-102.003,48341,Moore County,no,no,no,"Rita Blanca Electric Coop, Inc",Cooperative,coop,,,0.08282806980545157,Southwestern Public Service Co,"mostly renters; mostly apartments; Rita Blanca Electric Coop, Inc (coop)",28.0,45.849,11.391,20.693,,157,3048,45106,0.326,0.134,81500,4.7,0.339,6.72,23.1,70.556,86.82,0,79.24,99.49,95.72,98.76,23.12,97.56,16,4.1
79403,33.644,-101.775,48303,Lubbock County,no,yes,no,LUBBOCK POWER & LIGHT SYSTEM,Wires company (TDU),competitive,ERCOT,13.6,,City of Lubbock - (TX); South Plains Electric Coop Inc; Southwestern Public Service Co,LUBBOCK POWER & LIGHT SYSTEM (competitive),28.0,22.527,24.787,38.471,Top 6% for long-term owners; Top 17% for new-home growth,3731,16089,47907,0.603,0.727,84100,5.2,0.464,1.53,6,64.014,89.26,32.96,70.84,85.83,94.89,67.86,15.92,79.8,23,18
79415,33.701,-101.897,48303,Lubbock County,no,no,no,LUBBOCK POWER & LIGHT SYSTEM,Wires company (TDU),competitive,ERCOT,13.6,,City of Lubbock - (TX); South Plains Electric Coop Inc; Southwestern Public Service Co,mostly renters; mostly apartments; LUBBOCK POWER & LIGHT SYSTEM (competitive),28.0,33.205,21.053,27.969,Top 17% for new-home growth; Top 18% for long-term owners,2253,15794,36468,0.371,0.477,96400,4.6,0.674,1.53,6,68.2,92.46,36.21,73.24,88.29,96.27,75.45,21.73,86.21,18,18
78338,26.911,-97.774,48261,Kenedy County,no,no,no,,,none,,,,,small population; mostly renters; mostly apartments; unknown utility (none),27.8,46.934,29.501,0.449,Top 1% for all-electric heating,0,36,,0,0.3,,-666666666,1,13.47,9.6,46.907,99.05,93.45,54.39,22.51,18.24,99.99,11.22,28.55,,
79912,31.849,-106.534,48141,El Paso County,no,yes,no,El Paso Electric Co,Investor Owned,ioi_non_ercot,non-ERCOT,,0.1346285636994845,,El Paso Electric Co (ioi_non_ercot),27.8,5.884,41.539,43.287,,16066,78819,72943,0.53,0.6,264200,5.2,0.361,1.61,4.4,44.004,25.39,23.55,18.15,91.51,52.06,34.13,80.37,8.26,15,6.9
79908,31.846,-106.381,48141,El Paso County,no,no,no,El Paso Electric Co,Investor Owned,ioi_non_ercot,non-ERCOT,,0.1346285636994845,,mostly renters; El Paso Electric Co (ioi_non_ercot),27.7,10.057,55.331,23.433,,23,4148,59792,0.015,0.901,,5.5,0.62,1.61,4.4,38.657,7.87,17.46,7.68,88.39,41.84,30.35,77.93,6.95,,6.9
79088,34.581,-101.697,48437,Swisher County,no,yes,no,"Lighthouse Electric Coop, Inc",Cooperative,coop,,,0.14588973619878134,Southwestern Public Service Co,"Lighthouse Electric Coop, Inc (coop)",27.6,32.391,36.074,12.884,Top 23% for severe-weather risk (FEMA),1219,5302,35804,0.598,0.859,82800,5.6,0.301,3.31,4.1,75.556,95.75,53.18,68.99,97.3,98.23,81.86,35.31,94.02,12,0
78227,29.407,-98.63,48029,Bexar County,no,yes,no,City of San Antonio - (TX),Municipal,municipal,,,0.12432968896776977,,City of San Antonio - (TX) (municipal),27.3,13.154,39.205,34.213,Top 11% for long-term owners,9992,44035,51519,0.59,0.725,159700,5.2,0.669,3.4,3.4,38.979,40.99,43.58,7.39,28.31,16.83,34.83,65.8,76.11,20,7.2
78228,29.461,-98.571,48029,Bexar County,no,yes,no,City of San Antonio - (TX),Municipal,municipal,,,0.12432968896776977,,City of San Antonio - (TX) (municipal),27.2,11.922,39.065,35.598,Top 9% for long-term owners,12809,56165,52976,0.593,0.734,174900,5.2,0.597,3.4,3.4,44.263,63.91,46.38,7.89,30.61,19.05,37.76,81.47,86.68,21,7.2
78219,29.447,-98.387,48029,Bexar County,no,yes,no,City of San Antonio - (TX),Municipal,municipal,,,0.12432968896776977,,City of San Antonio - (TX) (municipal),27.1,16.038,39.813,29.168,,3715,17924,52094,0.539,0.619,162000,5.2,0.674,3.4,3.4,50.244,64.09,55.77,21.65,34.13,27.67,38.63,82.37,91.49,15,7.2
78223,29.312,-98.391,48029,Bexar County,no,yes,no,City of San Antonio - (TX),Municipal,municipal,,,0.12432968896776977,Guadalupe Valley Elec Coop Inc,City of San Antonio - (TX) (municipal),27.1,15.706,38.28,31.234,,13067,58983,52088,0.576,0.664,172600,5.1,0.678,3.4,3.4,48.746,60.7,53.09,16.46,34.9,28.25,38.75,80.68,89.09,16,7.2
79836,31.573,-106.199,48141,El Paso County,no,yes,no,El Paso Electric Co,Investor Owned,ioi_non_ercot,non-ERCOT,,0.1346285636994845,,El Paso Electric Co (ioi_non_ercot),27.0,4.762,32.666,51.016,Top 24% for long-term owners,1933,7711,59003,0.819,0.652,115500,5.4,0.279,1.61,4.4,41.991,31.9,24.96,15.29,89.57,46.16,33.75,76.85,7.36,17,6.9
79927,31.64,-106.269,48141,El Paso County,no,yes,no,El Paso Electric Co,Investor Owned,ioi_non_ercot,non-ERCOT,,0.1346285636994845,,El Paso Electric Co (ioi_non_ercot),26.9,4.259,37.77,46.202,Top 24% for long-term owners,13196,44444,53652,0.808,0.772,138400,5.5,0.229,1.61,4.4,40.877,20.23,22.05,13.68,89.2,44.53,32.3,77.69,6.69,17,6.9
78217,29.538,-98.415,48029,Bexar County,no,no,no,City of San Antonio - (TX),Municipal,municipal,,,0.12432968896776977,,mostly apartments; City of San Antonio - (TX) (municipal),26.5,15.596,37.25,30.343,,5854,34055,60988,0.447,0.479,242300,4.7,0.666,3.4,3.4,49.224,71.25,53.39,18.25,33.68,25.9,39.31,82.83,91.21,13,7.2
78238,29.472,-98.618,48029,Bexar County,no,yes,no,City of San Antonio - (TX),Municipal,municipal,,,0.12432968896776977,,City of San Antonio - (TX) (municipal),26.5,15.113,34.918,33.274,Top 18% for long-term owners,4485,26032,57769,0.448,0.52,209700,4.8,0.666,3.4,3.4,48.017,78.66,50.35,12.99,33.52,21.99,40.23,85.47,91.57,18,7.2
79853,31.434,-106.063,48141,El Paso County,no,yes,no,El Paso Electric Co,Investor Owned,ioi_non_ercot,non-ERCOT,,0.1346285636994845,,El Paso Electric Co (ioi_non_ercot),26.3,7.823,27.179,49.94,Top 9% for long-term owners; Top 12% for homeownership,666,2686,42234,0.916,0.645,83200,5.2,0.554,1.61,4.4,31.116,17.23,21.42,6.41,77.46,28.9,25.95,53.95,3.72,21,6.9
79414,33.548,-101.92,48303,Lubbock County,no,no,no,LUBBOCK POWER & LIGHT SYSTEM,Wires company (TDU),competitive,ERCOT,13.6,,City of Lubbock - (TX); Southwestern Public Service Co,mostly renters; LUBBOCK POWER & LIGHT SYSTEM (competitive),26.2,25.868,25.155,27.819,Top 17% for new-home growth,2341,17596,49057,0.346,0.504,157500,4.7,0.599,1.53,6,64.276,43.2,27.03,65.16,84.45,91.28,76.01,21.98,84.02,14,18
78201,29.468,-98.529,48029,Bexar County,no,yes,no,City of San Antonio - (TX),Municipal,municipal,,,0.12432968896776977,,City of San Antonio - (TX) (municipal),25.9,15.842,36.588,28.639,Top 11% for long-term owners,7847,41981,47121,0.486,0.645,197800,4.8,0.738,3.4,3.4,43.269,65.24,47.72,8.14,29.26,19.08,35.38,78.29,85.01,20,7.2
78205,29.424,-98.486,48029,Bexar County,no,no,no,City of San Antonio - (TX),Municipal,municipal,,,0.12432968896776977,,mostly renters; mostly apartments; City of San Antonio - (TX) (municipal),25.9,21.234,48.468,9.678,Top 4% for home value; Top 12% for all-electric heating,4,1538,38964,0.093,0.007,604600,2.8,0.856,3.4,3.4,51.014,85.47,61.37,35.24,34.97,31.14,30.32,71.84,92.22,3,7.2
78242,29.35,-98.607,48029,Bexar County,no,yes,no,City of San Antonio - (TX),Municipal,municipal,,,0.12432968896776977,,City of San Antonio - (TX) (municipal),25.9,14.794,35.248,31.421,Top 14% for long-term owners,7456,36168,50644,0.536,0.739,148200,5.1,0.693,3.4,3.4,44.704,39.11,44.15,6.31,31.46,19.49,40.08,84.03,87.41,19,7.2
78210,29.396,-98.464,48029,Bexar County,no,yes,no,City of San Antonio - (TX),Municipal,municipal,,,0.12432968896776977,,City of San Antonio - (TX) (municipal),25.8,11.146,33.734,37.372,Top 9% for long-term owners,8170,34940,55028,0.608,0.729,189400,5,0.594,3.4,3.4,40.907,38.09,47.34,7.31,26.99,18.17,32.18,72.96,81.4,21,7.2
79821,31.98,-106.599,48141,El Paso County,no,yes,no,El Paso Electric Co,Investor Owned,ioi_non_ercot,non-ERCOT,,0.1346285636994845,,El Paso Electric Co (ioi_non_ercot),25.8,4.145,35.424,45.053,,2012,7227,59232,0.785,0.724,153000,5.4,0.189,1.61,4.4,40.936,21.89,22.79,14.02,88.27,48.61,31.03,74.54,7.29,14,6.9
76857,31.931,-98.927,48049,Brown County,no,no,yes,AEP TEXAS NORTH,Wires company (TDU),base_tdsp,ERCOT,12.7,,Comanche County Elec Coop Assn,mostly apartments,25.7,26.613,18.268,31.81,,319,2024,51152,0.682,0.411,142600,4.5,0.491,5.2,19.2,56.354,61.09,48.51,6.42,79.64,82.96,71.03,40.39,65.53,12,11.3
78204,29.404,-98.505,48029,Bexar County,no,yes,no,City of San Antonio - (TX),Municipal,municipal,,,0.12432968896776977,,City of San Antonio - (TX) (municipal),25.7,14.947,28.286,37.316,Top 7% for long-term owners,2087,11983,60255,0.453,0.604,173100,4,0.72,3.4,3.4,41.817,72.84,50.33,11.32,27.52,19.37,30.96,70.84,82.38,22,7.2
79220,33.754,-100.795,48125,Dickens County,no,no,yes,AEP TEXAS NORTH,Wires company (TDU),base_tdsp,ERCOT,12.7,,South Plains Electric Coop Inc,small population,25.6,28.838,13.764,32.98,Top 9% for long-term owners,55,225,49792,0.642,0.925,116700,4.4,0.42,3.39,5.6,67.851,95.98,42.61,75.01,71.74,98.42,79.65,34,73.53,21,
79721,,,48227,Howard County,no,no,yes,ONCOR ELECTRIC DELIVERY COMPANY,Wires company (TDU),base_tdsp,ERCOT,12.6,,,small population; mostly renters; mostly apartments,25.0,38.985,1.872,29.569,,0,352,,,,,-666666666,,2.97,8.4,73.623,60.49,36.28,39.18,97.85,94.46,76.35,81.05,90.19,,2.7
76908,31.432,-100.402,48451,Tom Green County,no,no,yes,AEP TEXAS NORTH,Wires company (TDU),base_tdsp,ERCOT,12.7,,,mostly renters; mostly apartments,24.9,27.257,1.872,44.879,,0,1322,,,,,-666666666,,7.25,18.8,31.759,1.05,29.01,3.64,68.77,23.52,29.27,31.71,36.39,,5.8
78218,29.49,-98.397,48029,Bexar County,no,yes,no,City of San Antonio - (TX),Municipal,municipal,,,0.12432968896776977,,City of San Antonio - (TX) (municipal),24.9,14.47,36.207,27.65,,7309,39428,57285,0.482,0.557,190900,5,0.652,3.4,3.4,47.816,64.23,52.79,16.92,32.12,24.39,36.82,81.54,90.13,13,7.2
79924,31.902,-106.413,48141,El Paso County,no,yes,no,El Paso Electric Co,Investor Owned,ioi_non_ercot,non-ERCOT,,0.1346285636994845,,El Paso Electric Co (ioi_non_ercot),24.8,4.511,38.798,37.934,Top 11% for long-term owners,14278,60364,56976,0.615,0.715,148500,5.5,0.257,1.61,4.4,41.723,29.67,20.63,11.84,89.18,48.64,31.04,77.57,13.16,20,6.9
79346,33.648,-102.825,48079,Cochran County,no,yes,no,Bailey County Elec Coop Assn,Cooperative,coop,,,0.08773457914324174,"Lamb County Electric Coop, Inc; Lyntegar Electric Coop, Inc; Southwestern Public Service Co",Bailey County Elec Coop Assn (coop),24.7,26.974,25.421,20.826,,423,1767,40833,0.623,0.86,48100,5.3,0.37,3.32,3.2,70.366,96.64,49.34,51.2,96.07,98.54,87.48,25.86,84.07,16,0
79021,33.985,-102.028,48189,Hale County,no,no,no,South Plains Electric Coop Inc,Cooperative,coop,,,0.10228990957165597,,small population; mostly renters; South Plains Electric Coop Inc (coop),24.6,33.658,15.957,21.108,Top 24% for long-term owners,4,46,51094,0.235,0.833,,4.9,0.118,3.12,14.9,71.811,89.03,47.42,76.63,96.43,96.07,79.99,17.79,88.35,17,0.9
79016,34.983,-101.919,48381,Randall County,no,no,no,Southwestern Public Service Co,Investor Owned,ioi_non_ercot,non-ERCOT,,0.13352364853480414,,small population; mostly renters; mostly apartments; Southwestern Public Service Co (ioi_non_ercot),24.5,48.749,1.872,14.744,,0,310,,,,,-666666666,,5.9,16.2,71.016,82.33,0,58.58,99.66,96.31,87.76,56.07,98.73,,0.9
79411,33.57,-101.858,48303,Lubbock County,no,no,no,LUBBOCK POWER & LIGHT SYSTEM,Wires company (TDU),competitive,ERCOT,13.6,,City of Lubbock - (TX); Southwestern Public Service Co,mostly renters; LUBBOCK POWER & LIGHT SYSTEM (competitive),24.5,24.133,19.588,29.787,Top 17% for new-home growth; Top 24% for long-term owners,726,6865,47634,0.275,0.784,133900,4.6,0.535,1.53,6,64.36,45.56,27.14,67.22,85.26,91.88,75.15,19.65,84.22,17,18
79935,31.768,-106.33,48141,El Paso County,no,yes,no,El Paso Electric Co,Investor Owned,ioi_non_ercot,non-ERCOT,,0.1346285636994845,,El Paso Electric Co (ioi_non_ercot),24.5,4.888,37.834,37.473,Top 14% for long-term owners,3592,18720,61323,0.499,0.616,197500,5.3,0.275,1.61,4.4,42.513,40.14,23.53,17.72,90.25,47.47,32.69,77.71,8.22,19,6.9
78235,29.345,-98.443,48029,Bexar County,no,no,no,City of San Antonio - (TX),Municipal,municipal,,,0.12432968896776977,,mostly renters; mostly apartments; City of San Antonio - (TX) (municipal),24.0,18.281,28.589,27.117,Top 11% for all-electric heating,10,2304,62863,0.025,0.012,,3,0.873,3.4,3.4,37.714,26.86,50.63,9.85,24.53,16.76,26.13,60.68,75.42,,7.2
79906,31.811,-106.405,48141,El Paso County,no,no,no,El Paso Electric Co,Investor Owned,ioi_non_ercot,non-ERCOT,,0.1346285636994845,,mostly renters; El Paso Electric Co (ioi_non_ercot),23.8,6.979,50.248,19.784,,0,5917,56044,0,0.806,,5.5,0.523,1.61,4.4,28.749,7.28,19.32,7.03,71.5,27.37,23.64,48.58,3.8,,6.9
78202,29.428,-98.461,48029,Bexar County,no,yes,no,City of San Antonio - (TX),Municipal,municipal,,,0.12432968896776977,,City of San Antonio - (TX) (municipal),23.5,14.049,37.465,22.049,,2194,10224,47478,0.558,0.72,234700,4.8,0.662,3.4,3.4,45.276,44.78,50.71,11.41,29.91,21.33,35.5,79.76,88.31,12,7.2
78214,29.325,-98.47,48029,Bexar County,no,yes,no,City of San Antonio - (TX),Municipal,municipal,,,0.12432968896776977,,City of San Antonio - (TX) (municipal),23.3,13.516,28.751,30.856,Top 6% for long-term owners,4806,22118,44902,0.565,0.748,128800,5,0.643,3.4,3.4,45.68,54.15,51.6,13.14,31.24,23.06,37.1,77.05,86.57,23,7.2
78225,29.388,-98.526,48029,Bexar County,no,yes,no,City of San Antonio - (TX),Municipal,municipal,,,0.12432968896776977,,City of San Antonio - (TX) (municipal),23.2,10.068,29.841,34.211,Top 9% for long-term owners,3265,13104,46955,0.648,0.902,119600,5.2,0.525,3.4,3.4,44.797,54.07,46.21,6.78,30.54,19.6,38.4,83.54,88.51,21,7.2
78229,29.507,-98.567,48029,Bexar County,no,no,no,City of San Antonio - (TX),Municipal,municipal,,,0.12432968896776977,,mostly renters; mostly apartments; City of San Antonio - (TX) (municipal),23.1,18.681,36.604,15.4,Top 18% for all-electric heating,1646,35664,46574,0.138,0.12,228900,3.7,0.82,3.4,3.4,45.889,58.62,51.08,15.75,31.78,21.39,35.07,77.68,88.47,11,7.2
79925,31.797,-106.357,48141,El Paso County,no,yes,no,El Paso Electric Co,Investor Owned,ioi_non_ercot,non-ERCOT,,0.1346285636994845,,El Paso Electric Co (ioi_non_ercot),22.8,4.502,34.504,35.447,Top 11% for long-term owners,7798,38621,57623,0.525,0.589,192900,5.2,0.354,1.61,4.4,29.514,24.6,22.29,13.66,64.93,33.2,25.83,39.91,6.78,20,6.9
79835,31.932,-106.593,48141,El Paso County,no,yes,no,El Paso Electric Co,Investor Owned,ioi_non_ercot,non-ERCOT,,0.1346285636994845,,El Paso Electric Co (ioi_non_ercot),22.7,4.416,28.275,41.398,Top 9% for long-term owners,2530,11440,45924,0.772,0.575,109300,5.3,0.279,1.61,4.4,39.497,21.5,21.76,11.78,86.7,46.12,30.74,72.9,6.48,21,6.9
78237,29.421,-98.571,48029,Bexar County,no,yes,no,City of San Antonio - (TX),Municipal,municipal,,,0.12432968896776977,,City of San Antonio - (TX) (municipal),22.6,13.744,24.811,32.174,Top 3% for long-term owners,8812,37379,42772,0.613,0.799,115500,4.8,0.66,3.4,3.4,43.767,61.03,46.18,7.28,29.97,18.55,36.83,81.43,86.13,25,7.2
78211,29.343,-98.57,48029,Bexar County,no,yes,no,City of San Antonio - (TX),Municipal,municipal,,,0.12432968896776977,,City of San Antonio - (TX) (municipal),22.0,10.448,21.215,38.318,Top 4% for long-term owners,7227,30857,55436,0.609,0.864,118300,4.9,0.519,3.4,3.4,46.82,55.28,48.88,10.25,33.32,21.78,41.22,83.51,88.78,24,7.2
78220,29.418,-98.394,48029,Bexar County,no,yes,no,City of San Antonio - (TX),Municipal,municipal,,,0.12432968896776977,,City of San Antonio - (TX) (municipal),22.0,11.621,29.69,28.307,Top 9% for long-term owners,3936,19423,41710,0.527,0.747,143700,5.1,0.558,3.4,3.4,47.073,54.22,51.81,14.64,32.09,24.19,38.1,80.33,88.35,21,7.2
78203,29.415,-98.459,48029,Bexar County,no,yes,no,City of San Antonio - (TX),Municipal,municipal,,,0.12432968896776977,,City of San Antonio - (TX) (municipal),21.4,13.683,28.195,24.74,Top 11% for long-term owners,902,5200,35536,0.451,0.747,158000,4.7,0.676,3.4,3.4,41.773,30.55,48.1,10.09,27.62,19.11,32.32,73.12,82.05,20,7.2
79849,31.561,-106.25,48141,El Paso County,no,yes,no,El Paso Electric Co,Investor Owned,ioi_non_ercot,non-ERCOT,,0.1346285636994845,,El Paso Electric Co (ioi_non_ercot),21.4,4.425,27.962,37.496,Top 18% for long-term owners,3097,14409,44831,0.749,0.559,109800,5.3,0.231,1.61,4.4,41.804,31.15,23.99,13.16,89.6,45.71,34.35,79.37,6.45,18,6.9
79838,31.483,-106.168,48141,El Paso County,no,yes,no,El Paso Electric Co,Investor Owned,ioi_non_ercot,non-ERCOT,,0.1346285636994845,,El Paso Electric Co (ioi_non_ercot),21.1,4.401,26.884,37.7,Top 3% for long-term owners,1196,4969,43367,0.726,0.626,95800,5.3,0.27,1.61,4.4,39.921,36.24,25.23,12.46,88.27,42.6,31.97,72.89,6.03,26,6.9
78226,29.384,-98.57,48029,Bexar County,no,no,no,City of San Antonio - (TX),Municipal,municipal,,,0.12432968896776977,,mostly renters; mostly apartments; City of San Antonio - (TX) (municipal),20.5,14.837,24.013,24.478,Top 6% for long-term owners,952,6554,33398,0.378,0.427,107100,4.5,0.741,3.4,3.4,33.157,35.07,48.98,13.61,24.83,15.99,24.49,36.43,67.77,23,7.2
79754,31.803,-103.601,48301,Loving County,no,no,yes,ONCOR ELECTRIC DELIVERY COMPANY,Wires company (TDU),base_tdsp,ERCOT,12.6,,Southwestern Public Service Co,small population; mostly renters,20.5,29.314,18.927,10.297,,1,33,51250,0.111,0.758,,5,0.148,12.75,9.5,20.009,0.42,17.31,29.74,27.14,40.83,16.67,2.2,6.17,,
78829,28.889,-99.563,48507,Zavala County,no,yes,no,"Medina Electric Coop, Inc",Cooperative,coop,,,0.12096339104255678,,"Medina Electric Coop, Inc (coop)",20.2,19.054,22.82,19.251,Top 11% for all-electric heating,273,1028,28517,0.692,0.711,73400,4,0.873,0.95,0.4,55.414,78.25,67.27,34.72,40.25,40,73.89,83.66,48.11,13,0.4
78207,29.422,-98.526,48029,Bexar County,no,yes,no,City of San Antonio - (TX),Municipal,municipal,,,0.12432968896776977,,City of San Antonio - (TX) (municipal),18.9,14.135,19.27,25.046,Top 3% for long-term owners,8598,55474,32472,0.403,0.645,106700,4.4,0.643,3.4,3.4,47.717,80.13,49.17,12.02,33.34,23.11,41.04,84.68,90.66,25,7.2
76127,32.776,-97.435,48439,Tarrant County,no,no,yes,ONCOR ELECTRIC DELIVERY COMPANY,Wires company (TDU),base_tdsp,ERCOT,12.6,,,mostly renters; mostly apartments,18.1,25.34,1.556,24.944,,0,1729,,0,0.421,,-666666666,0,5.45,3.8,64.619,80.39,43.39,78.35,58.87,26.84,63.12,85.85,95.91,,13.2
78243,29.371,-98.593,48029,Bexar County,no,no,no,City of San Antonio - (TX),Municipal,municipal,,,0.12432968896776977,,small population; mostly renters; mostly apartments; City of San Antonio - (TX) (municipal),17.7,5.485,1.872,49.73,,0,232,,,,,-666666666,,3.4,3.4,31.801,33.8,52.52,16.19,23.78,16.12,20.22,25.6,68.18,,7.2
78208,29.44,-98.459,48029,Bexar County,no,no,no,City of San Antonio - (TX),Municipal,municipal,,,0.12432968896776977,,mostly renters; mostly apartments; City of San Antonio - (TX) (municipal),17.5,11.027,19.824,23.701,Top 3% for long-term owners,482,3861,26595,0.325,0.489,146600,4.1,0.596,3.4,3.4,39.376,28.66,48.32,7.6,25.48,17.02,28.97,69.48,78.76,25,7.2
79902,31.784,-106.499,48141,El Paso County,no,no,no,El Paso Electric Co,Investor Owned,ioi_non_ercot,non-ERCOT,,0.1346285636994845,,mostly apartments; El Paso Electric Co (ioi_non_ercot),16.9,4.912,25.631,23.993,,3074,19031,50873,0.42,0.465,238500,4.5,0.284,1.61,4.4,42.393,42.27,24.6,20.61,89.79,47.05,32.07,74.48,8.15,14,6.9
79907,31.707,-106.327,48141,El Paso County,no,yes,no,El Paso Electric Co,Investor Owned,ioi_non_ercot,non-ERCOT,,0.1346285636994845,,El Paso Electric Co (ioi_non_ercot),16.9,4.87,19.036,30.804,Top 2% for long-term owners,10574,46365,41617,0.593,0.672,117800,5,0.263,1.61,4.4,42.863,28.74,22.06,16.03,90.78,48.24,34.47,80.72,7.74,29,6.9
79915,31.746,-106.371,48141,El Paso County,no,yes,no,El Paso Electric Co,Investor Owned,ioi_non_ercot,non-ERCOT,,0.1346285636994845,,El Paso Electric Co (ioi_non_ercot),16.9,4.913,19.537,30.123,Top 2% for long-term owners,8083,34230,35432,0.614,0.687,123200,5,0.258,1.61,4.4,43.393,37.04,23.44,19.12,91.34,49.22,33.08,78.5,9.05,29,6.9
79903,31.786,-106.442,48141,El Paso County,no,yes,no,El Paso Electric Co,Investor Owned,ioi_non_ercot,non-ERCOT,,0.1346285636994845,,El Paso Electric Co (ioi_non_ercot),16.0,4.102,19.376,28.653,Top 4% for long-term owners,3237,14715,37155,0.572,0.828,128400,5,0.143,1.61,4.4,41.291,33.48,21.65,14.41,90.03,45.08,33.19,78.91,5.77,24,6.9
79916,31.814,-106.418,48141,El Paso County,no,no,no,El Paso Electric Co,Investor Owned,ioi_non_ercot,non-ERCOT,,0.1346285636994845,,mostly renters; mostly apartments; El Paso Electric Co (ioi_non_ercot),16.0,3.911,1.872,46.226,,0,3055,,,,,-666666666,,1.61,4.4,37.741,8.24,17.77,7.69,87.05,40.33,29.62,75.11,6.62,,6.9
79918,,,48141,El Paso County,no,no,no,El Paso Electric Co,Investor Owned,ioi_non_ercot,non-ERCOT,,0.1346285636994845,,small population; mostly renters; mostly apartments; El Paso Electric Co (ioi_non_ercot),16.0,4.029,1.872,46.226,,0,274,,,,,-666666666,,1.61,4.4,38.657,7.87,17.46,7.68,88.39,41.84,30.35,77.93,6.95,,6.9
79236,33.711,-100.384,48269,King County,no,no,no,South Plains Electric Coop Inc,Cooperative,coop,,,0.10228990957165597,,small population; South Plains Electric Coop Inc (coop),15.9,4.464,20.714,26.306,Top 1% for long-term owners,37,197,45789,0.49,0.689,,5,0.327,3.28,1,36.586,14.37,39.93,24.76,36.66,82.3,26.28,4.96,41.21,35,
79324,33.898,-102.682,48017,Bailey County,no,no,no,Bailey County Elec Coop Assn,Cooperative,coop,,,0.08773457914324174,"Lamb County Electric Coop, Inc",small population; mostly renters; Bailey County Elec Coop Assn (coop),15.9,34.605,1.556,5.438,Top 7% for severe-weather risk (FEMA),0,72,,0,1,,-666666666,0,1.41,3.9,83.19,99.09,58.69,61.61,98.96,99.83,97.86,70.45,94.93,,1
79920,31.825,-106.452,48141,El Paso County,no,no,no,El Paso Electric Co,Investor Owned,ioi_non_ercot,non-ERCOT,,0.1346285636994845,,small population; mostly renters; mostly apartments; El Paso Electric Co (ioi_non_ercot),15.8,3.461,1.872,46.226,,0,28,,,,,-666666666,,1.61,4.4,15.751,0.68,15.33,2.41,45,13.25,18.35,14.06,1.86,,6.9
79904,31.853,-106.448,48141,El Paso County,no,yes,no,El Paso Electric Co,Investor Owned,ioi_non_ercot,non-ERCOT,,0.1346285636994845,,El Paso Electric Co (ioi_non_ercot),15.4,4.158,19.613,26.192,Top 7% for long-term owners,5605,32976,41841,0.442,0.686,127100,5,0.23,1.61,4.4,40.463,28.3,20.71,12.12,88.84,46.06,31.33,77.28,6.9,22,6.9
79905,31.766,-106.426,48141,El Paso County,no,yes,no,El Paso Electric Co,Investor Owned,ioi_non_ercot,non-ERCOT,,0.1346285636994845,,El Paso Electric Co (ioi_non_ercot),13.6,4.336,14.23,25.166,Top 2% for long-term owners,4197,22594,25721,0.483,0.648,106800,4.8,0.245,1.61,4.4,40.84,32.44,23.65,17.99,88.02,44.35,30.63,73.63,7.61,28,6.9
79930,31.831,-106.485,48141,El Paso County,no,yes,no,El Paso Electric Co,Investor Owned,ioi_non_ercot,non-ERCOT,,0.1346285636994845,,El Paso Electric Co (ioi_non_ercot),13.6,3.839,14.221,25.961,Top 11% for long-term owners,4295,24123,42099,0.463,0.653,135000,4.5,0.258,1.61,4.4,33.967,15.35,18.58,7.95,81.39,32.94,27.22,65.88,3.81,20,6.9
79901,31.761,-106.479,48141,El Paso County,no,no,no,El Paso Electric Co,Investor Owned,ioi_non_ercot,non-ERCOT,,0.1346285636994845,,mostly renters; mostly apartments; El Paso Electric Co (ioi_non_ercot),10.4,5.052,7.321,20.747,Top 11% for long-term owners,266,8554,14872,0.081,0.182,91400,3.1,0.385,1.61,4.4,35.093,25.34,22.73,13.48,82.42,35.77,26.38,59.7,5.17,20,6.9
