zip,county_fips,county_name,population,median_hh_income,owner_rate,single_family_rate,median_home_value,avg_annual_outage_hours_per_customer,event_days_per_year,worst_peak_pct,owner_households,resilience_demand_score
77622,48245,Jefferson County,1818,100556,0.942,0.733,208000,24.2,55.6,100.0,658,89.4
77655,48245,Jefferson County,330,73750,1.0,0.878,147000,24.2,55.6,100.0,126,89.0
78838,48463,Uvalde County,125,106250,1.0,0.896,,15.98,39.5,100.0,48,88.3
75759,48073,Cherokee County,278,250001,0.974,0.882,,14.52,41.9,41.0,104,88.1
77624,48457,Tyler County,573,96058,0.903,0.796,167900,20.44,78.8,100.0,199,87.6
77316,48339,Montgomery County,34694,124055,0.891,0.89,431400,22.46,27.0,100.0,11889,87.4
77659,48199,Hardin County,5650,110590,0.874,0.816,241100,18.14,58.4,100.0,1899,87.3
77830,48185,Grimes County,3238,102557,0.885,0.792,350000,18.34,74.1,100.0,1102,87.2
77611,48361,Orange County,10112,92004,0.762,0.856,203900,31.21,52.0,100.0,2963,86.9
77538,48291,Liberty County,917,78482,0.945,0.822,145800,23.68,43.1,74.2,333,86.8
79783,48317,Martin County,113,128516,0.919,0.878,,14.68,45.5,96.5,39,86.5
75682,48401,Rusk County,678,71477,0.988,0.93,159900,20.88,45.8,50.0,257,86.4
77382,48339,Montgomery County,38986,162384,0.824,0.886,566500,22.46,27.0,100.0,12355,86.3
75480,48159,Franklin County,1661,73920,0.952,0.934,299600,21.42,40.9,100.0,608,86.2
75669,48365,Panola County,1034,88190,1.0,0.852,133600,16.04,36.4,74.5,397,85.8
76263,48097,Cooke County,35,178182,1.0,1.0,143200,13.49,26.1,93.3,13,85.8
76686,48293,Limestone County,341,75469,0.741,0.945,169100,31.36,57.0,100.0,97,85.8
77523,48071,Chambers County,30186,124188,0.813,0.831,372100,18.05,49.6,100.0,9438,85.8
75850,48289,Leon County,1239,130742,0.871,0.418,206400,27.83,62.2,100.0,415,85.7
77386,48339,Montgomery County,69980,132469,0.803,0.902,366600,22.46,27.0,100.0,21613,85.6
76687,48293,Limestone County,1830,73323,0.835,0.797,254500,31.36,57.0,100.0,587,85.4
75851,48225,Houston County,4336,85982,0.898,0.708,164400,23.09,47.2,81.7,1497,85.1
77381,48339,Montgomery County,36139,143565,0.786,0.874,473600,22.46,27.0,100.0,10925,85.0
75556,48067,Cass County,1184,93750,0.834,0.627,103600,25.34,55.9,72.3,379,84.9
76682,48145,Falls County,3661,84148,0.88,0.759,197400,23.19,42.1,100.0,1239,84.9
77856,48395,Robertson County,5515,94785,0.746,0.7,318400,29.45,59.1,100.0,1582,84.9
79562,48441,Taylor County,5070,109572,0.906,0.876,329800,13.66,58.4,100.0,1766,84.8
77519,48199,Hardin County,716,82412,0.979,0.646,154700,18.14,58.4,100.0,269,84.4
78944,48015,Austin County,720,126806,0.857,0.718,384100,14.74,84.2,100.0,237,84.4
77657,48199,Hardin County,22258,95718,0.837,0.752,256100,18.14,58.4,100.0,7165,84.3
77872,48313,Madison County,2026,87188,0.801,0.753,190300,26.33,42.4,100.0,624,84.3
77613,48245,Jefferson County,692,72667,0.827,0.859,190100,24.2,55.6,100.0,220,84.1
77356,48339,Montgomery County,32583,106804,0.815,0.834,409500,22.46,27.0,100.0,10213,83.8
79508,48441,Taylor County,1078,105000,0.927,0.787,210000,13.66,58.4,100.0,384,83.8
77619,48245,Jefferson County,16976,73710,0.779,0.885,163600,24.2,55.6,100.0,5086,83.6
77623,48167,Galveston County,585,88375,0.913,0.906,,20.41,26.1,100.0,205,83.5
75936,48457,Tyler County,717,70938,0.893,0.825,168900,20.44,78.8,100.0,246,83.4
77354,48339,Montgomery County,44900,112504,0.799,0.806,397300,22.46,27.0,100.0,13798,83.3
75848,48161,Freestone County,64,83750,1.0,0.435,85000,23.18,45.5,93.6,24,83.2
76664,48293,Limestone County,3231,74618,0.746,0.784,168900,31.36,57.0,100.0,927,83.2
78950,48015,Austin County,2300,91354,0.854,0.803,247700,14.74,84.2,100.0,755,83.1
77334,48471,Walker County,197,,1.0,1.0,,24.42,67.6,100.0,75,83.0
77364,48407,San Jacinto County,2178,62750,0.916,0.762,233200,23.44,84.2,100.0,767,83.0
75410,48499,Wood County,4556,73934,0.865,0.739,222900,21.45,65.8,100.0,1515,82.9
77629,48245,Jefferson County,435,62692,0.849,0.921,176300,24.2,55.6,100.0,142,82.9
77663,48199,Hardin County,584,64366,0.876,1.0,221300,18.14,58.4,100.0,196,82.9
77385,48339,Montgomery County,28156,117118,0.753,0.833,327100,22.46,27.0,100.0,8154,82.8
75564,48067,Cass County,35,,1.0,1.0,,25.34,55.9,72.3,13,82.7
75852,48313,Madison County,3323,72847,0.885,0.695,214300,26.33,42.4,100.0,1131,82.7
77651,48245,Jefferson County,13664,81637,0.703,0.842,253200,24.2,55.6,100.0,3694,82.7
77514,48071,Chambers County,5480,85139,0.836,0.801,215200,18.05,49.6,100.0,1762,82.6
77627,48245,Jefferson County,22357,78001,0.736,0.828,208700,24.2,55.6,100.0,6328,82.6
75117,48467,Van Zandt County,5109,90954,0.797,0.837,250000,16.14,52.4,100.0,1566,82.5
76678,48293,Limestone County,102,61944,0.85,0.767,215600,31.36,57.0,100.0,33,82.3
75457,48159,Franklin County,6175,83916,0.8,0.778,249800,21.42,40.9,100.0,1900,82.2
77362,48339,Montgomery County,8017,86852,0.909,0.706,366100,22.46,27.0,100.0,2802,82.2
77632,48361,Orange County,22976,74418,0.793,0.696,189300,31.21,52.0,100.0,7007,82.2
75683,48459,Upshur County,3413,65240,0.912,0.708,113300,23.77,56.0,100.0,1197,82.1
77355,48339,Montgomery County,32847,102066,0.827,0.736,341300,22.46,27.0,100.0,10447,82.1
77371,48407,San Jacinto County,7800,83594,0.799,0.573,195000,23.44,84.2,100.0,2397,82.1
77510,48167,Galveston County,14155,102651,0.863,0.792,333100,20.41,26.1,100.0,4698,82.0
77363,48185,Grimes County,3468,75278,0.893,0.677,318200,18.34,74.1,100.0,1191,81.9
77583,48039,Brazoria County,52747,119287,0.902,0.882,338100,14.34,26.6,100.0,18299,81.9
77616,48457,Tyler County,860,71833,0.849,0.784,,20.44,78.8,100.0,280,81.9
77318,48339,Montgomery County,20792,92415,0.807,0.804,316900,22.46,27.0,100.0,6453,81.8
77873,48339,Montgomery County,1383,80938,0.887,0.791,285000,22.46,27.0,100.0,471,81.8
77546,48167,Galveston County,54789,123756,0.76,0.856,380700,20.41,26.1,100.0,16015,81.7
75560,48067,Cass County,962,83667,0.819,0.526,,25.34,55.9,72.3,303,81.6
76629,48395,Robertson County,2053,72262,0.731,0.767,211000,29.45,59.1,100.0,577,81.6
77331,48407,San Jacinto County,7556,62321,0.869,0.755,246200,23.44,84.2,100.0,2525,81.6
76519,48331,Milam County,782,90682,0.837,0.967,209800,15.2,29.8,73.0,251,81.5
77617,48167,Galveston County,44,75703,1.0,0.781,,20.41,26.1,100.0,16,81.5
78056,48325,Medina County,2526,119946,0.946,0.84,553500,12.2,39.2,100.0,919,81.5
78066,48325,Medina County,259,87604,1.0,0.928,326900,12.2,39.2,100.0,99,81.5
79743,48371,Pecos County,231,71833,0.796,0.916,120000,21.39,41.8,100.0,70,81.5
78383,48297,Live Oak County,4081,102135,0.844,0.764,237200,15.46,36.9,100.0,1324,81.4
75693,48183,Gregg County,5935,102146,0.652,0.676,222400,24.54,49.0,75.2,1488,81.3
75859,48161,Freestone County,2337,75139,0.803,0.754,231300,23.18,45.5,93.6,721,81.3
77561,48291,Liberty County,36,,1.0,1.0,,23.68,43.1,74.2,13,81.2
77582,48291,Liberty County,135,,1.0,1.0,,23.68,43.1,74.2,51,81.2
77662,48361,Orange County,25041,72243,0.804,0.642,146200,31.21,52.0,100.0,7743,81.2
77560,48071,Chambers County,1238,75938,0.967,0.594,261700,18.05,49.6,100.0,460,81.1
77535,48291,Liberty County,39504,84497,0.838,0.539,225200,23.68,43.1,74.2,12732,81.0
76680,48145,Falls County,130,,1.0,1.0,,23.19,42.1,100.0,50,80.9
75960,48373,Polk County,1304,64300,1.0,0.712,113000,16.87,58.4,100.0,501,80.8
75755,48459,Upshur County,5244,73402,0.79,0.683,109500,23.77,56.0,100.0,1593,80.7
77573,48167,Galveston County,98109,122722,0.758,0.797,367500,20.41,26.1,100.0,28602,80.7
77871,48289,Leon County,3058,67877,0.798,0.681,234300,27.83,62.2,100.0,938,80.6
79785,48389,Reeves County,22,43438,1.0,1.0,53800,21.18,39.8,100.0,8,80.6
76632,48145,Falls County,1350,76193,0.805,0.681,156700,23.19,42.1,100.0,417,80.4
77423,48473,Waller County,18767,84490,0.794,0.733,314800,15.72,84.2,100.0,5731,80.4
77865,48289,Leon County,1510,67114,0.856,0.577,187100,27.83,62.2,100.0,497,80.3
77578,48039,Brazoria County,30210,134016,0.831,0.858,377900,14.34,26.6,100.0,9655,80.2
79782,48317,Martin County,3867,102986,0.825,0.701,171000,14.68,45.5,96.5,1227,80.2
77369,48291,Liberty County,738,45909,1.0,0.824,79200,23.68,43.1,74.2,283,80.1
77713,48245,Jefferson County,15541,91330,0.665,0.635,226500,24.2,55.6,100.0,3974,80.1
75451,48063,Camp County,1156,58667,0.964,0.851,203500,20.85,36.8,100.0,428,80.0
75757,48073,Cherokee County,14328,91165,0.836,0.792,275500,14.52,41.9,41.0,4607,80.0
77861,48185,Grimes County,3065,67275,0.859,0.751,232500,18.34,74.1,100.0,1012,80.0
77876,48185,Grimes County,34,,1.0,0.97,,18.34,74.1,100.0,13,80.0
75662,48183,Gregg County,25034,70096,0.781,0.714,173900,24.54,49.0,75.2,7519,79.9
75926,48455,Trinity County,1389,65833,0.787,0.614,130400,31.36,67.9,100.0,420,79.9
77419,48321,Matagorda County,609,51641,0.977,1.0,140900,18.96,33.8,100.0,228,79.9
77517,48167,Galveston County,5529,88567,0.844,0.779,314100,20.41,26.1,100.0,1794,79.9
75640,48203,Harrison County,6142,80967,0.903,0.803,272600,15.49,31.2,57.2,2133,79.8
75833,48289,Leon County,3550,69338,0.781,0.634,179500,27.83,62.2,100.0,1066,79.8
75858,48225,Houston County,57,,1.0,0.916,,23.09,47.2,81.7,21,79.8
77365,48339,Montgomery County,46418,95702,0.771,0.712,288700,22.46,27.0,100.0,13764,79.8
78675,48171,Gillespie County,102,78472,1.0,0.919,451500,17.75,15.5,54.8,39,79.8
75603,48183,Gregg County,6061,65212,0.785,0.776,185800,24.54,49.0,75.2,1829,79.7
77864,48313,Madison County,7640,73247,0.724,0.756,168400,26.33,42.4,100.0,2127,79.7
77984,48285,Lavaca County,4800,92656,0.91,0.842,213100,13.0,34.8,100.0,1680,79.7
75551,48067,Cass County,10341,64248,0.776,0.766,160000,25.34,55.9,72.3,3086,79.6
77302,48339,Montgomery County,21546,84673,0.829,0.691,266200,22.46,27.0,100.0,6869,79.6
76653,48293,Limestone County,1067,48500,0.864,0.792,150200,31.36,57.0,100.0,354,79.5
75765,48499,Wood County,8734,60317,0.839,0.793,204600,21.45,65.8,100.0,2818,79.4
79780,48389,Reeves County,52,,1.0,1.0,,21.18,39.8,100.0,20,79.4
77418,48015,Austin County,10171,90611,0.731,0.758,344400,14.74,84.2,100.0,2859,79.3
77867,48395,Robertson County,206,35781,0.985,0.702,9999,29.45,59.1,100.0,78,79.2
75934,48373,Polk County,105,,1.0,1.0,,16.87,58.4,100.0,40,79.1
76953,48081,Coke County,33,102656,1.0,0.714,,13.19,26.8,100.0,12,79.1
77326,48373,Polk County,275,,1.0,1.0,,16.87,58.4,100.0,105,79.1
77534,48039,Brazoria County,3403,105741,0.831,0.867,245700,14.34,26.6,100.0,1087,79.1
77650,48167,Galveston County,2322,61745,0.96,0.932,351600,20.41,26.1,100.0,857,79.1
78357,48131,Duval County,2624,68000,0.758,0.839,137500,21.18,52.4,100.0,764,79.1
77328,48407,San Jacinto County,17208,62428,0.795,0.703,190100,23.44,84.2,100.0,5261,79.0
77707,48245,Jefferson County,18323,69756,0.682,0.816,174000,24.2,55.6,100.0,4806,79.0
79503,48253,Jones County,202,98697,0.89,0.906,114000,13.34,26.9,90.4,69,79.0
79602,48441,Taylor County,27425,89551,0.757,0.857,248100,13.66,58.4,100.0,7984,79.0
76524,48145,Falls County,3668,69286,0.829,0.665,219700,23.19,42.1,100.0,1169,78.9
77990,48391,Refugio County,590,75417,0.91,0.864,54200,14.89,29.8,62.4,206,78.9
79541,48441,Taylor County,1550,71032,0.844,0.947,271400,13.66,58.4,100.0,503,78.9
75654,48401,Rusk County,12164,69848,0.814,0.747,173400,20.88,45.8,50.0,3808,78.8
75691,48401,Rusk County,4130,89353,0.776,0.546,170500,20.88,45.8,50.0,1232,78.8
79517,48033,Borden County,210,74583,0.902,0.99,54000,21.19,14.6,100.0,72,78.8
75558,48449,Titus County,2126,93125,0.965,0.595,105800,14.24,32.4,58.0,789,78.7
75630,48067,Cass County,2452,49677,0.868,0.808,156300,25.34,55.9,72.3,818,78.7
75849,48225,Houston County,62,48750,0.897,0.88,103600,23.09,47.2,81.7,21,78.7
76453,48363,Palo Pinto County,1440,99293,0.941,0.832,350000,11.27,37.9,57.1,521,78.7
75647,48183,Gregg County,13299,65809,0.755,0.741,167700,24.54,49.0,75.2,3861,78.6
75789,48073,Cherokee County,9095,83131,0.847,0.766,202000,14.52,41.9,41.0,2962,78.6
76250,48097,Cooke County,881,90625,0.84,1.0,286700,13.49,26.1,93.3,284,78.6
77831,48185,Grimes County,3676,58229,0.909,0.744,195200,18.34,74.1,100.0,1285,78.6
76656,48145,Falls County,2391,70703,0.792,0.673,128200,23.19,42.1,100.0,728,78.5
77059,48201,Harris County,18767,161944,0.942,0.959,416700,15.94,5.5,90.9,6799,78.4
75783,48499,Wood County,8263,59407,0.851,0.718,200100,21.45,65.8,100.0,2704,78.3
76642,48293,Limestone County,6363,62243,0.706,0.733,189000,31.36,57.0,100.0,1727,78.3
77533,48291,Liberty County,1016,65557,0.723,0.824,118500,23.68,43.1,74.2,282,78.1
75645,48459,Upshur County,10400,57438,0.851,0.695,166900,23.77,56.0,100.0,3404,78.0
76635,48293,Limestone County,1392,62031,0.714,0.706,153300,31.36,57.0,100.0,382,78.0
78590,48489,Willacy County,428,82292,1.0,0.789,57400,14.15,22.2,68.6,164,78.0
75650,48203,Harrison County,10703,97596,0.788,0.722,197200,15.49,31.2,57.2,3243,77.9
77440,48321,Matagorda County,45,,1.0,1.0,,18.96,33.8,100.0,17,77.9
77465,48321,Matagorda County,7681,64666,0.854,0.839,177200,18.96,33.8,100.0,2522,77.9
75497,48499,Wood County,3669,56205,0.823,0.791,212800,21.45,65.8,100.0,1161,77.8
75845,48455,Trinity County,2473,48333,0.882,0.623,104600,31.36,67.9,100.0,838,77.8
75846,48289,Leon County,2741,64250,0.799,0.552,204100,27.83,62.2,100.0,842,77.7
76435,48133,Eastland County,726,76667,0.828,0.77,148000,16.01,33.5,84.7,231,77.7
75784,48401,Rusk County,531,64545,0.98,0.48,113500,20.88,45.8,50.0,200,77.6
78659,48021,Bastrop County,2660,89808,0.945,0.82,349700,10.44,43.8,100.0,966,77.6
78943,48089,Colorado County,886,98531,0.656,1.0,206600,12.24,84.2,100.0,223,77.6
76472,48363,Palo Pinto County,1725,103482,0.918,0.759,259700,11.27,37.9,57.1,609,77.5
77630,48361,Orange County,28983,64373,0.678,0.745,174800,31.21,52.0,100.0,7557,77.5
75103,48467,Van Zandt County,16824,71013,0.797,0.753,241500,16.14,52.4,100.0,5157,77.4
77564,48291,Liberty County,1806,56275,0.875,0.707,154100,23.68,43.1,74.2,607,77.4
79705,48317,Martin County,46653,105310,0.712,0.691,351700,14.68,45.5,96.5,12775,77.4
79735,48371,Pecos County,13357,78935,0.708,0.682,174500,21.39,41.8,100.0,3637,77.4
75790,48467,Van Zandt County,3915,65039,0.803,0.842,173900,16.14,52.4,100.0,1209,77.3
78618,48171,Gillespie County,346,81528,0.913,0.855,349300,17.75,15.5,54.8,121,77.3
75169,48467,Van Zandt County,16029,74350,0.815,0.655,194500,16.14,52.4,100.0,5024,77.2
75494,48499,Wood County,11470,59539,0.782,0.758,199100,21.45,65.8,100.0,3449,77.2
75754,48467,Van Zandt County,7841,69815,0.817,0.732,268300,16.14,52.4,100.0,2463,77.2
77372,48339,Montgomery County,14367,79085,0.813,0.628,230700,22.46,27.0,100.0,4492,77.2
77401,48201,Harris County,17213,243750,0.879,0.967,1036800,15.94,5.5,90.9,5819,77.2
77539,48167,Galveston County,49375,89111,0.757,0.737,264800,20.41,26.1,100.0,14375,77.2
78009,48325,Medina County,9151,103125,0.86,0.76,368700,12.2,39.2,100.0,3026,77.2
75844,48225,Houston County,4770,60376,0.793,0.747,160100,23.09,47.2,81.7,1454,77.1
75555,48067,Cass County,1630,58750,0.842,0.589,112100,25.34,55.9,72.3,527,77.0
77581,48039,Brazoria County,51332,111139,0.771,0.807,338000,14.34,26.6,100.0,15221,77.0
76484,48363,Palo Pinto County,879,95476,0.954,0.707,164200,11.27,37.9,57.1,322,76.9
75631,48365,Panola County,2483,83750,0.796,0.64,146800,16.04,36.4,74.5,760,76.8
75652,48401,Rusk County,15290,69250,0.716,0.786,182000,20.88,45.8,50.0,4210,76.8
77430,48039,Brazoria County,1664,85364,0.852,0.826,309600,14.34,26.6,100.0,545,76.8
77456,48321,Matagorda County,1394,65284,1.0,0.503,128600,18.96,33.8,100.0,536,76.8
79063,48069,Castro County,665,110938,0.965,0.882,248900,7.95,47.2,81.4,246,76.8
75642,48365,Panola County,86,,1.0,1.0,,16.04,36.4,74.5,33,76.7
77358,48471,Walker County,5087,60424,0.705,0.737,238300,24.42,67.6,100.0,1379,76.7
77474,48015,Austin County,15146,75272,0.791,0.663,287600,14.74,84.2,100.0,4607,76.7
78075,48297,Live Oak County,252,52000,1.0,0.859,150700,15.46,36.9,100.0,96,76.7
75127,48467,Van Zandt County,1576,60366,0.875,0.763,216800,16.14,52.4,100.0,530,76.6
75938,48457,Tyler County,2846,55379,0.866,0.706,97300,20.44,78.8,100.0,947,76.6
77327,48291,Liberty County,42685,62219,0.856,0.568,163200,23.68,43.1,74.2,14053,76.6
77665,48071,Chambers County,7511,78590,0.729,0.651,169900,18.05,49.6,100.0,2105,76.6
79510,48059,Callahan County,8369,78686,0.815,0.817,161000,14.52,32.8,100.0,2623,76.6
79525,48253,Jones County,3121,89875,0.956,0.692,153300,13.34,26.9,90.4,1147,76.6
75860,48161,Freestone County,6624,59950,0.803,0.705,128400,23.18,45.5,93.6,2045,76.5
76252,48097,Cooke County,2947,94444,0.772,0.949,310100,13.49,26.1,93.3,875,76.5
76858,48095,Concho County,212,71875,0.953,0.943,88800,14.15,20.6,100.0,77,76.5
77584,48039,Brazoria County,91065,121872,0.737,0.79,365300,14.34,26.6,100.0,25813,76.5
78561,48489,Willacy County,1457,102528,0.829,0.809,55500,14.15,22.2,68.6,464,76.5
75566,48067,Cass County,886,39219,0.829,0.818,115400,25.34,55.9,72.3,282,76.4
77442,48089,Colorado County,1123,70859,0.866,0.867,237100,12.24,84.2,100.0,374,76.3
78393,48391,Refugio County,2063,77014,0.823,0.8,155100,14.89,29.8,62.4,653,76.2
78650,48021,Bastrop County,2409,85170,0.958,0.749,300300,10.44,43.8,100.0,887,76.2
75571,48343,Morris County,2653,56151,0.851,0.848,146900,20.62,34.8,64.1,868,76.1
75667,48401,Rusk County,1413,61065,0.819,0.71,105400,20.88,45.8,50.0,445,76.1
76523,48331,Milam County,354,80066,0.927,0.569,161800,15.2,29.8,73.0,126,76.1
77835,48477,Washington County,2569,109917,0.908,0.866,394700,9.51,33.4,84.8,897,76.1
75563,48067,Cass County,4033,52565,0.738,0.8,121900,25.34,55.9,72.3,1144,76.0
77837,48395,Robertson County,1030,57917,0.717,0.686,119600,29.45,59.1,100.0,284,76.0
75638,48343,Morris County,5212,66579,0.75,0.805,111000,20.62,34.8,64.1,1503,75.9
77351,48373,Polk County,37143,66834,0.785,0.702,199700,16.87,58.4,100.0,11214,75.9
78886,48325,Medina County,286,123532,1.0,0.358,163000,12.2,39.2,100.0,110,75.8
75684,48401,Rusk County,8040,57273,0.845,0.723,156100,20.88,45.8,50.0,2613,75.7
77482,48321,Matagorda County,2050,58103,0.873,0.788,205900,18.96,33.8,100.0,688,75.7
77664,48457,Tyler County,2474,48904,0.877,0.725,160000,20.44,78.8,100.0,834,75.7
78376,48131,Duval County,105,40714,0.909,0.773,,21.18,52.4,100.0,36,75.7
75773,48499,Wood County,14230,58138,0.732,0.764,245600,21.45,65.8,100.0,4006,75.6
77359,48407,San Jacinto County,683,55625,0.73,0.719,,23.44,84.2,100.0,191,75.6
77483,48321,Matagorda County,257,31761,1.0,0.833,,18.96,33.8,100.0,98,75.6
77484,48473,Waller County,14348,81250,0.736,0.547,284900,15.72,84.2,100.0,4061,75.6
77554,48167,Galveston County,10414,86490,0.688,0.77,466800,20.41,26.1,100.0,2755,75.6
78663,48031,Blanco County,503,168125,0.83,0.931,356800,12.14,18.9,100.0,160,75.6
77836,48051,Burleson County,12670,75625,0.839,0.681,215100,13.89,48.8,100.0,4088,75.5
76452,48093,Comanche County,142,141528,0.707,0.663,1263400,14.54,28.4,100.0,38,75.4
77563,48167,Galveston County,9955,75806,0.731,0.819,220700,20.41,26.1,100.0,2798,75.4
77568,48167,Galveston County,23083,74694,0.72,0.856,230400,20.41,26.1,100.0,6392,75.4
77656,48199,Hardin County,17525,62303,0.791,0.679,114000,18.14,58.4,100.0,5331,75.4
77855,48289,Leon County,165,,1.0,0.46,,27.83,62.2,100.0,63,75.4
77415,48321,Matagorda County,63,71310,0.58,1.0,,18.96,33.8,100.0,14,75.3
77660,48457,Tyler County,1151,61500,0.832,0.559,181900,20.44,78.8,100.0,368,75.3
77857,48331,Milam County,1078,63000,0.893,0.844,355800,15.2,29.8,73.0,370,75.2
75659,48203,Harrison County,37,,1.0,1.0,,15.49,31.2,57.2,14,75.1
76389,48009,Archer County,1739,98750,0.898,0.887,229200,11.26,23.9,100.0,600,75.1
77625,48199,Hardin County,9049,70517,0.784,0.528,145300,18.14,58.4,100.0,2728,75.1
77706,48245,Jefferson County,30393,73185,0.583,0.662,244800,24.2,55.6,100.0,6815,75.1
77987,48285,Lavaca County,253,83750,0.733,0.915,314100,13.0,34.8,100.0,71,75.1
76041,48139,Ellis County,755,131250,1.0,0.967,173200,7.79,23.2,31.2,290,75.0
77345,48201,Harris County,27917,150742,0.86,0.874,393600,15.94,5.5,90.9,9234,75.0
79530,48441,Taylor County,392,71979,0.786,0.765,88300,13.66,58.4,100.0,118,75.0
79566,48441,Taylor County,230,77000,0.66,0.893,136100,13.66,58.4,100.0,58,75.0
75855,48289,Leon County,2635,45962,0.784,0.69,186000,27.83,62.2,100.0,794,74.9
76445,48133,Eastland County,222,72857,0.735,0.806,,16.01,33.5,84.7,62,74.9
75644,48459,Upshur County,12774,57633,0.707,0.721,163000,23.77,56.0,100.0,3473,74.8
75681,48401,Rusk County,2248,48079,0.83,0.829,178500,20.88,45.8,50.0,717,74.8
77868,48185,Grimes County,18416,67890,0.702,0.66,214800,18.34,74.1,100.0,4972,74.8
75862,48455,Trinity County,9968,52017,0.77,0.545,124200,31.36,67.9,100.0,2952,74.7
77306,48339,Montgomery County,18086,76257,0.819,0.486,174100,22.46,27.0,100.0,5697,74.7
77378,48339,Montgomery County,17629,71143,0.745,0.697,199800,22.46,27.0,100.0,5051,74.7
75605,48183,Gregg County,35417,73190,0.584,0.634,252300,24.54,49.0,75.2,7955,74.6
79381,48305,Lynn County,1463,97625,0.877,0.905,228300,10.9,24.6,100.0,493,74.6
77447,48201,Harris County,25231,116925,0.86,0.902,326400,15.94,5.5,90.9,8345,74.5
78349,48131,Duval County,438,38235,0.857,0.791,153600,21.18,52.4,100.0,144,74.5
79772,48389,Reeves County,11987,63347,0.741,0.715,120400,21.18,39.8,100.0,3416,74.5
75601,48183,Gregg County,15780,65700,0.609,0.702,210500,24.54,49.0,75.2,3696,74.4
78039,48325,Medina County,1862,96250,0.868,0.609,131400,12.2,39.2,100.0,621,74.4
78830,48127,Dimmit County,597,51354,0.752,0.789,66700,31.36,31.0,77.0,172,74.4
75672,48203,Harrison County,16509,70610,0.806,0.759,172400,15.49,31.2,57.2,5117,74.3
77515,48039,Brazoria County,34088,88787,0.746,0.796,226200,14.34,26.6,100.0,9780,74.2
75686,48063,Camp County,14195,59991,0.77,0.752,170700,20.85,36.8,100.0,4203,74.1
79730,48371,Pecos County,123,,1.0,0.618,,21.39,41.8,100.0,47,74.1
77486,48039,Brazoria County,7195,74857,0.778,0.9,240200,14.34,26.6,100.0,2152,74.0
75979,48457,Tyler County,11273,51594,0.757,0.769,161400,20.44,78.8,100.0,3282,73.9
76685,48145,Falls County,28,,1.0,0.533,,23.19,42.1,100.0,10,73.9
77303,48339,Montgomery County,28854,75348,0.742,0.576,240700,22.46,27.0,100.0,8234,73.9
77357,48339,Montgomery County,37592,76050,0.739,0.571,246200,22.46,27.0,100.0,10684,73.9
77412,48089,Colorado County,6,,1.0,1.0,,12.24,84.2,100.0,2,73.9
77433,48201,Harris County,116550,143934,0.815,0.882,409400,15.94,5.5,90.9,36533,73.9
77460,48089,Colorado County,76,,1.0,1.0,,12.24,84.2,100.0,29,73.9
77575,48291,Liberty County,16613,57056,0.739,0.69,186300,23.68,43.1,74.2,4721,73.9
77640,48245,Jefferson County,17167,50973,0.672,0.83,109600,24.2,55.6,100.0,4437,73.9
78340,48391,Refugio County,455,54000,0.933,0.879,162900,14.89,29.8,62.4,163,73.9
76272,48097,Cooke County,5335,81174,0.883,0.715,362100,13.49,26.1,93.3,1811,73.8
76370,48009,Archer County,429,86750,0.857,0.96,78600,11.26,23.9,100.0,141,73.8
76667,48293,Limestone County,10494,52541,0.669,0.679,154700,31.36,57.0,100.0,2700,73.8
77422,48039,Brazoria County,14547,76829,0.848,0.735,208000,14.34,26.6,100.0,4744,73.8
77859,48395,Robertson County,7532,52639,0.697,0.658,160000,29.45,59.1,100.0,2019,73.8
79036,48065,Carson County,5007,90170,0.923,0.748,132300,13.39,17.9,100.0,1777,73.8
75568,48067,Cass County,2677,48417,0.725,0.731,123600,25.34,55.9,72.3,746,73.7
75604,48183,Gregg County,31924,67942,0.597,0.645,200600,24.54,49.0,75.2,7330,73.7
76238,48097,Cooke County,657,96667,0.769,0.754,271900,13.49,26.1,93.3,194,73.7
76436,48093,Comanche County,115,51397,1.0,0.847,,14.54,28.4,100.0,44,73.6
77377,48201,Harris County,41680,129327,0.843,0.831,378200,15.94,5.5,90.9,13513,73.5
78621,48021,Bastrop County,30411,98534,0.811,0.715,320800,10.44,43.8,100.0,9485,73.5
78851,48443,Terrell County,44,,1.0,1.0,,27.87,11.4,100.0,16,73.5
79713,48317,Martin County,840,64886,0.773,0.783,149200,14.68,45.5,96.5,249,73.5
75656,48067,Cass County,4507,41727,0.732,0.764,144500,25.34,55.9,72.3,1268,73.4
77346,48201,Harris County,79538,122241,0.817,0.878,317800,15.94,5.5,90.9,24993,73.3
78933,48089,Colorado County,1395,68444,0.828,0.778,272600,12.24,84.2,100.0,444,73.3
75437,48223,Hopkins County,1023,87574,0.92,0.766,231600,9.96,29.9,74.8,361,73.2
75657,48315,Marion County,7503,49466,0.761,0.592,113200,29.92,50.9,100.0,2196,73.2
75853,48001,Anderson County,999,71500,0.848,0.69,231500,13.62,35.1,46.0,325,73.2
78962,48089,Colorado County,5236,71278,0.757,0.827,235600,12.24,84.2,100.0,1524,73.2
79778,48461,Upton County,1175,70808,0.809,0.876,123500,14.97,22.0,87.8,365,73.2
75763,48001,Anderson County,6259,69756,0.878,0.669,163200,13.62,35.1,46.0,2113,73.1
75840,48161,Freestone County,6994,58224,0.681,0.722,206200,23.18,45.5,93.6,1831,73.1
77335,48373,Polk County,2468,53300,0.745,0.826,171600,16.87,58.4,100.0,707,73.1
75140,48467,Van Zandt County,8469,55338,0.816,0.719,169200,16.14,52.4,100.0,2657,73.0
75633,48365,Panola County,13271,66102,0.761,0.718,161100,16.04,36.4,74.5,3884,73.0
75762,48423,Smith County,15704,90057,0.854,0.876,299500,12.99,17.2,55.7,5158,72.9
76570,48145,Falls County,2339,40000,0.72,0.881,86100,23.19,42.1,100.0,647,72.9
77493,48201,Harris County,71484,118464,0.796,0.896,358100,15.94,5.5,90.9,21885,72.9
75487,48159,Franklin County,1437,31912,0.861,0.742,151100,21.42,40.9,100.0,475,72.8
76437,48133,Eastland County,5882,60923,0.768,0.822,117500,16.01,33.5,84.7,1737,72.8
75847,48225,Houston County,1328,42188,0.779,0.74,121700,23.09,47.2,81.7,397,72.7
76567,48331,Milam County,9032,69983,0.757,0.787,218700,15.2,29.8,73.0,2629,72.7
77429,48201,Harris County,96334,119191,0.812,0.851,369000,15.94,5.5,90.9,30085,72.7
78832,48271,Kinney County,3157,70000,0.839,0.74,82000,26.66,11.1,99.5,1018,72.7
76930,48235,Irion County,81,58472,1.0,0.854,,16.21,14.6,100.0,31,72.6
77350,48373,Polk County,347,,0.946,0.654,94600,16.87,58.4,100.0,126,72.6
77420,48481,Wharton County,2236,67697,0.861,0.922,226400,9.53,74.1,100.0,740,72.6
77577,48039,Brazoria County,1562,70938,0.89,0.688,253000,14.34,26.6,100.0,534,72.6
79007,48233,Hutchinson County,13889,63929,0.806,0.865,112900,14.88,27.6,98.3,4305,72.6
75785,48073,Cherokee County,10705,65000,0.775,0.756,165000,14.52,41.9,41.0,3190,72.5
75831,48289,Leon County,4881,51935,0.713,0.573,117500,27.83,62.2,100.0,1338,72.5
76388,48207,Haskell County,248,64236,0.906,0.99,74500,14.22,17.4,100.0,86,72.5
78662,48021,Bastrop County,3015,94005,0.845,0.609,248600,10.44,43.8,100.0,979,72.5
79097,48065,Carson County,1347,88182,0.757,0.957,144600,13.39,17.9,100.0,392,72.5
75572,48067,Cass County,3130,45625,0.724,0.679,134200,25.34,55.9,72.3,871,72.4
77702,48245,Jefferson County,3121,62125,0.637,0.583,137000,24.2,55.6,100.0,764,72.4
79062,48233,Hutchinson County,435,63317,0.765,0.932,76500,14.88,27.6,98.3,127,72.4
78059,48325,Medina County,7061,74940,0.894,0.647,184100,12.2,39.2,100.0,2427,72.3
79718,48389,Reeves County,629,58750,0.662,0.784,52800,21.18,39.8,100.0,160,72.2
75643,48365,Panola County,2300,59342,0.826,0.677,142000,16.04,36.4,74.5,730,72.1
77374,48199,Hardin County,244,,1.0,0.479,,18.14,58.4,100.0,93,72.1
77435,48481,Wharton County,4812,68778,0.862,0.873,356000,9.53,74.1,100.0,1595,72.1
78612,48021,Bastrop County,19799,95496,0.852,0.567,309200,10.44,43.8,100.0,6487,72.1
79536,48441,Taylor County,5047,71131,0.74,0.662,136400,13.66,58.4,100.0,1436,72.1
75764,48073,Cherokee County,202,77614,0.638,0.744,166700,14.52,41.9,41.0,49,72.0
76556,48331,Milam County,1692,52328,0.939,0.751,153800,15.2,29.8,73.0,611,72.0
76941,48235,Irion County,1158,78359,0.806,0.792,191700,16.21,14.6,100.0,358,72.0
76862,48095,Concho County,158,80208,0.946,0.528,,14.15,20.6,100.0,57,71.9
77434,48089,Colorado County,3970,71705,0.751,0.749,129300,12.24,84.2,100.0,1146,71.9
77585,48199,Hardin County,1112,,0.836,0.738,211100,18.14,58.4,100.0,357,71.9
75692,48203,Harrison County,5563,63904,0.886,0.579,152300,15.49,31.2,57.2,1895,71.8
75969,48005,Angelina County,4479,84063,0.807,0.486,180800,13.68,34.4,57.6,1390,71.8
76649,48035,Bosque County,813,81771,0.817,0.827,185300,10.54,31.6,94.8,255,71.7
77880,48477,Washington County,2517,90856,0.878,0.727,270800,9.51,33.4,84.8,849,71.7
77320,48471,Walker County,38152,55663,0.659,0.571,203100,24.42,67.6,100.0,9670,71.6
77360,48373,Polk County,6223,60402,0.767,0.554,163700,16.87,58.4,100.0,1835,71.6
78953,48021,Bastrop County,1089,83438,0.83,0.675,325400,10.44,43.8,100.0,347,71.6
76444,48093,Comanche County,4081,68147,0.767,0.797,115800,14.54,28.4,100.0,1203,71.5
78027,48259,Kendall County,318,111119,1.0,1.0,289800,6.64,22.8,49.3,122,71.5
78358,48007,Aransas County,478,86250,0.863,0.594,,11.76,32.6,100.0,158,71.5
78384,48131,Duval County,5747,47603,0.673,0.823,78100,21.18,52.4,100.0,1487,71.5
78850,48325,Medina County,779,69531,0.867,0.737,247400,12.2,39.2,100.0,259,71.5
77532,48201,Harris County,33780,92201,0.861,0.821,268000,15.94,5.5,90.9,11186,71.4
77982,48057,Calhoun County,620,95593,1.0,0.675,415300,10.22,18.0,63.3,238,71.4
78619,48209,Hays County,6693,183393,0.956,0.976,810600,5.59,29.0,75.3,2460,71.4
76689,48035,Bosque County,4564,77863,0.875,0.749,217400,10.54,31.6,94.8,1535,71.2
77455,48481,Wharton County,1629,77625,0.784,0.793,190600,9.53,74.1,100.0,491,71.2
77480,48039,Brazoria County,7626,73022,0.787,0.73,209900,14.34,26.6,100.0,2308,71.2
77878,48051,Burleson County,1113,60417,0.68,0.933,207000,13.89,48.8,100.0,291,71.2
78569,48489,Willacy County,4342,58950,0.912,0.867,117000,14.15,22.2,68.6,1523,71.1
78004,48259,Kendall County,547,165353,0.926,1.0,680900,6.64,22.8,49.3,194,71.0
79504,48059,Callahan County,2969,64545,0.758,0.776,119600,14.52,32.8,100.0,865,71.0
75770,48213,Henderson County,2523,83542,0.924,0.758,239200,8.89,31.8,49.5,896,70.9
75835,48225,Houston County,12439,53611,0.653,0.693,172200,23.09,47.2,81.7,3124,70.9
77304,48339,Montgomery County,44225,80425,0.572,0.595,355300,22.46,27.0,100.0,9729,70.9
79848,48443,Terrell County,791,51696,0.882,0.85,114700,27.87,11.4,100.0,268,70.9
75433,48223,Hopkins County,3359,86042,0.829,0.775,207600,9.96,29.9,74.8,1071,70.8
75839,48001,Anderson County,6796,67404,0.81,0.672,165800,13.62,35.1,46.0,2117,70.8
77384,48339,Montgomery County,26781,91667,0.516,0.564,422200,22.46,27.0,100.0,5314,70.8
77536,48201,Harris County,33174,102045,0.8,0.826,264600,15.94,5.5,90.9,10207,70.8
77705,48245,Jefferson County,38259,54633,0.586,0.706,135900,24.2,55.6,100.0,8622,70.8
76433,48143,Erath County,2178,117702,0.883,0.913,395000,7.32,26.4,36.4,739,70.7
76621,48217,Hill County,1104,81932,0.881,0.935,241300,8.54,28.0,55.9,374,70.7
77389,48201,Harris County,45701,140683,0.752,0.779,417500,15.94,5.5,90.9,13218,70.7
77566,48039,Brazoria County,30246,92586,0.646,0.697,262500,14.34,26.6,100.0,7514,70.7
77993,48175,Goliad County,370,,0.895,1.0,208800,16.64,21.9,100.0,127,70.7
79068,48065,Carson County,2784,86264,0.772,0.831,165300,13.39,17.9,100.0,826,70.7
75167,48139,Ellis County,13904,117714,0.908,0.865,411200,7.79,23.2,31.2,4855,70.6
76455,48093,Comanche County,784,56346,0.83,0.852,146700,14.54,28.4,100.0,250,70.6
77457,48321,Matagorda County,353,,0.836,0.791,325700,18.96,33.8,100.0,113,70.6
78015,48259,Kendall County,24867,162487,0.938,0.952,492400,6.64,22.8,49.3,8971,70.6
75639,48365,Panola County,2536,49344,0.897,0.617,158300,16.04,36.4,74.5,874,70.5
76693,48161,Freestone County,2153,55645,0.645,0.652,176100,23.18,45.5,93.6,534,70.5
76932,48383,Reagan County,3232,57813,0.7,0.739,171500,22.13,27.8,89.8,870,70.5
77094,48201,Harris County,10395,139932,0.743,0.782,477500,15.94,5.5,90.9,2970,70.5
77475,48089,Colorado County,431,63308,0.793,0.731,218100,12.24,84.2,100.0,131,70.5
77964,48285,Lavaca County,8204,68056,0.801,0.737,238300,13.0,34.8,100.0,2527,70.5
75481,48223,Hopkins County,487,73250,0.899,0.8,227800,9.96,29.9,74.8,168,70.4
76471,48133,Eastland County,1484,54773,0.735,0.838,141700,16.01,33.5,84.7,419,70.4
77978,48057,Calhoun County,304,142500,0.669,1.0,251600,10.22,18.0,63.3,78,70.4
76442,48093,Comanche County,7372,59853,0.797,0.817,150300,14.54,28.4,100.0,2259,70.3
76661,48145,Falls County,7602,41056,0.67,0.785,66700,23.19,42.1,100.0,1958,70.3
77448,48481,Wharton County,171,,1.0,1.0,,9.53,74.1,100.0,65,70.3
77453,48481,Wharton County,91,,1.0,1.0,,9.53,74.1,100.0,35,70.3
77485,48015,Austin County,4378,51742,0.778,0.676,224700,14.74,84.2,100.0,1310,70.3
78624,48171,Gillespie County,23741,75237,0.737,0.764,463300,17.75,15.5,54.8,6729,70.3
75771,48423,Smith County,21238,93462,0.783,0.781,301600,12.99,17.2,55.7,6395,70.2
76518,48331,Milam County,1031,59333,0.784,0.77,225000,15.2,29.8,73.0,310,70.2
77879,48051,Burleson County,4611,65490,0.813,0.551,153900,13.89,48.8,100.0,1441,70.2
79080,48233,Hutchinson County,541,55313,0.804,0.874,41700,14.88,27.6,98.3,167,70.2
79378,48445,Terry County,289,122232,0.831,0.991,,7.18,25.5,60.8,92,70.2
76449,48363,Palo Pinto County,2113,72813,0.802,0.769,398700,11.27,37.9,57.1,651,70.1
78602,48021,Bastrop County,38190,89968,0.708,0.716,332600,10.44,43.8,100.0,10399,70.1
78870,48463,Uvalde County,1070,54167,0.78,0.707,128600,15.98,39.5,100.0,321,70.1
76935,48413,Schleicher County,1696,76250,0.989,0.859,328800,12.47,10.9,100.0,645,70.0
77431,48039,Brazoria County,250,16391,0.954,0.928,,14.34,26.6,100.0,91,70.0
78635,48031,Blanco County,92,106458,0.63,1.0,,12.14,18.9,100.0,22,70.0
75562,48067,Cass County,23,,1.0,0.15,,25.34,55.9,72.3,8,69.9
76520,48331,Milam County,8426,64800,0.719,0.746,162100,15.2,29.8,73.0,2330,69.9
79830,48043,Brewster County,7853,66546,0.674,0.709,229400,17.39,28.9,100.0,2035,69.8
77062,48201,Harris County,25523,103889,0.756,0.81,302900,15.94,5.5,90.9,7421,69.7
77376,48199,Hardin County,570,,0.97,0.37,,18.14,58.4,100.0,212,69.7
77701,48245,Jefferson County,12381,49181,0.539,0.793,84000,24.2,55.6,100.0,2566,69.7
79039,48065,Carson County,744,70357,0.821,0.911,105000,13.39,17.9,100.0,234,69.7
75420,48223,Hopkins County,1041,72521,0.915,0.737,134000,9.96,29.9,74.8,366,69.6
76077,48425,Somervell County,1001,118705,0.96,0.827,480000,7.54,19.1,60.2,369,69.6
76448,48133,Eastland County,5100,57122,0.706,0.798,183000,16.01,33.5,84.7,1384,69.6
76652,48035,Bosque County,1044,73545,0.896,0.671,207700,10.54,31.6,94.8,359,69.6
77005,48201,Harris County,28874,229267,0.719,0.727,1395100,15.94,5.5,90.9,7984,69.6
77379,48201,Harris County,85190,107486,0.741,0.806,353500,15.94,5.5,90.9,24279,69.6
77963,48175,Goliad County,5191,56804,0.849,0.749,185900,16.64,21.9,100.0,1695,69.6
78606,48031,Blanco County,7272,94817,0.771,0.811,437600,12.14,18.9,100.0,2156,69.6
79078,48233,Hutchinson County,184,,0.982,0.77,,14.88,27.6,98.3,69,69.6
79738,48033,Borden County,353,76250,0.621,0.815,105000,21.19,14.6,100.0,84,69.6
76008,48367,Parker County,25165,168314,0.918,0.971,493200,6.86,17.1,42.6,8885,69.4
76951,48431,Sterling County,1468,64954,0.777,0.807,147000,17.74,16.6,100.0,438,69.4
77445,48473,Waller County,16142,65909,0.643,0.53,270400,15.72,84.2,100.0,3992,69.4
77565,48167,Galveston County,6943,95268,0.498,0.605,419000,20.41,26.1,100.0,1329,69.4
78671,48171,Gillespie County,413,61200,0.803,0.845,,17.75,15.5,54.8,127,69.4
77983,48057,Calhoun County,2529,97850,0.854,0.77,292000,10.22,18.0,63.3,830,69.3
78880,48137,Edwards County,1194,39211,0.874,0.738,,18.11,27.5,100.0,401,69.3
78935,48089,Colorado County,734,,1.0,0.696,216700,12.24,84.2,100.0,282,69.3
79520,48253,Jones County,2319,65331,0.738,0.91,74700,13.34,26.9,90.4,658,69.3
76637,48035,Bosque County,440,79375,0.744,0.809,223800,10.54,31.6,94.8,125,69.2
77708,48245,Jefferson County,12065,56586,0.552,0.626,158500,24.2,55.6,100.0,2561,69.2
78382,48007,Aransas County,20568,75135,0.763,0.749,270900,11.76,32.6,100.0,6035,69.2
78934,48089,Colorado County,6731,58302,0.77,0.786,234500,12.24,84.2,100.0,1993,69.2
79512,48335,Mitchell County,7834,60353,0.786,0.814,88800,13.18,33.5,64.7,2368,69.2
76474,48093,Comanche County,494,,0.919,0.852,283300,14.54,28.4,100.0,174,69.1
75447,48147,Fannin County,1028,110391,0.991,0.833,234300,7.15,19.0,49.2,391,69.0
75791,48423,Smith County,15786,92107,0.742,0.783,267000,12.99,17.2,55.7,4505,69.0
76577,48331,Milam County,3128,64107,0.732,0.683,218400,15.2,29.8,73.0,880,69.0
76065,48139,Ellis County,47438,127756,0.817,0.869,425100,7.79,23.2,31.2,14906,68.8
76634,48035,Bosque County,7537,74694,0.748,0.847,211500,10.54,31.6,94.8,2168,68.8
79061,48483,Wheeler County,288,99861,0.899,0.912,95800,10.13,10.0,100.0,99,68.8
79098,48117,Deaf Smith County,576,70250,0.926,0.921,170600,7.96,32.0,71.4,205,68.8
75925,48073,Cherokee County,3657,60811,0.696,0.718,105200,14.52,41.9,41.0,978,68.7
75182,48113,Dallas County,8336,170348,0.915,0.949,565300,9.52,4.5,40.8,2933,68.6
76070,48425,Somervell County,1164,140420,0.922,0.778,,7.54,19.1,60.2,412,68.6
77018,48201,Harris County,31031,127017,0.675,0.791,584600,15.94,5.5,90.9,8056,68.6
79083,48233,Hutchinson County,1669,48611,0.82,0.844,105400,14.88,27.6,98.3,526,68.6
76638,48309,McLennan County,3671,129917,0.952,0.908,440900,7.15,15.2,42.1,1344,68.5
76936,48413,Schleicher County,2369,86411,0.842,0.88,125300,12.47,10.9,100.0,767,68.5
77044,48201,Harris County,58347,95000,0.759,0.777,294200,15.94,5.5,90.9,17032,68.5
76253,48097,Cooke County,232,69952,0.923,0.462,176300,13.49,26.1,93.3,82,68.4
77586,48201,Harris County,23807,114057,0.743,0.697,345700,15.94,5.5,90.9,6803,68.4
78947,48287,Lee County,5044,84649,0.752,0.723,319600,11.37,26.8,100.0,1458,68.4
79548,48207,Haskell County,104,,0.978,1.0,99000,14.22,17.4,100.0,39,68.4
76837,48095,Concho County,1926,66528,0.74,0.851,85100,14.15,20.6,100.0,548,68.3
77426,48477,Washington County,2007,80446,0.695,0.922,592300,9.51,33.4,84.8,536,68.3
78022,48297,Live Oak County,4682,55895,0.71,0.718,171100,15.46,36.9,100.0,1278,68.3
76073,48497,Wise County,7648,101563,0.891,0.686,336000,7.28,33.2,39.1,2620,68.2
77066,48201,Harris County,39311,87138,0.735,0.862,225700,15.94,5.5,90.9,11112,68.2
77373,48201,Harris County,69739,88617,0.728,0.862,231400,15.94,5.5,90.9,19526,68.2
78946,48287,Lee County,1117,65221,0.959,0.663,315800,11.37,26.8,100.0,412,68.2
76631,48217,Hill County,455,97083,0.748,0.852,114200,8.54,28.0,55.9,130,68.1
77437,48481,Wharton County,18238,72200,0.697,0.819,184700,9.53,74.1,100.0,4889,68.1
77470,48089,Colorado County,414,43149,0.947,0.629,122800,12.24,84.2,100.0,150,68.1
78737,48209,Hays County,27023,168920,0.877,0.89,765000,5.59,29.0,75.3,9115,68.1
78801,48463,Uvalde County,21607,54161,0.699,0.712,152700,15.98,39.5,100.0,5808,68.1
78834,48127,Dimmit County,6971,39477,0.672,0.621,87700,31.36,31.0,77.0,1801,68.1
75707,48423,Smith County,17532,84954,0.746,0.776,274900,12.99,17.2,55.7,5030,68.0
75803,48001,Anderson County,21770,61794,0.754,0.677,200600,13.62,35.1,46.0,6313,68.0
77541,48039,Brazoria County,16996,66507,0.692,0.793,169600,14.34,26.6,100.0,4523,68.0
78341,48131,Duval County,1550,45259,0.549,0.823,76100,21.18,52.4,100.0,327,68.0
79605,48441,Taylor County,28467,62929,0.602,0.764,163600,13.66,58.4,100.0,6591,68.0
75147,48467,Van Zandt County,9177,56940,0.631,0.667,255800,16.14,52.4,100.0,2227,67.9
77336,48201,Harris County,14342,96404,0.782,0.694,276500,15.94,5.5,90.9,4313,67.9
77511,48039,Brazoria County,51892,74939,0.713,0.602,235700,14.34,26.6,100.0,14230,67.9
79606,48441,Taylor County,29182,79196,0.53,0.604,272600,13.66,58.4,100.0,5948,67.9
75058,48181,Grayson County,3625,125694,0.809,0.908,532600,7.16,22.5,36.9,1127,67.8
75471,48223,Hopkins County,1483,77934,0.702,0.885,122000,9.96,29.9,74.8,400,67.8
76469,48059,Callahan County,9,,1.0,0.571,,14.52,32.8,100.0,3,67.8
78827,48127,Dimmit County,663,23167,0.622,0.73,87600,31.36,31.0,77.0,158,67.8
75937,48347,Nacogdoches County,1313,80441,0.808,0.587,89500,12.84,22.4,40.9,408,67.7
76270,48337,Montague County,1826,73553,0.974,0.703,235200,8.73,27.2,78.1,684,67.7
77375,48201,Harris County,72311,102488,0.698,0.783,332300,15.94,5.5,90.9,19412,67.7
78390,48409,San Patricio County,6013,78367,0.75,0.792,135700,9.9,30.0,59.9,1734,67.7
75124,48213,Henderson County,5981,79083,0.858,0.702,240800,8.89,31.8,49.5,1973,67.6
75939,48373,Polk County,4725,46014,0.689,0.648,177600,16.87,58.4,100.0,1252,67.6
75941,48005,Angelina County,8461,59593,0.726,0.737,109900,13.68,34.4,57.6,2362,67.6
75976,48073,Cherokee County,912,62857,0.674,0.638,66400,14.52,41.9,41.0,236,67.6
75980,48005,Angelina County,2539,45439,0.908,0.653,94500,13.68,34.4,57.6,886,67.6
78620,48209,Hays County,22860,153477,0.859,0.898,676500,5.59,29.0,75.3,7552,67.6
79257,48045,Briscoe County,845,43362,0.89,0.94,91300,18.14,11.5,100.0,289,67.6
79501,48253,Jones County,3630,55430,0.817,0.859,89200,13.34,26.9,90.4,1140,67.6
76363,48275,Knox County,137,52778,0.906,1.0,,12.8,18.4,100.0,47,67.5
77466,48473,Waller County,220,46750,0.759,0.538,262500,15.72,84.2,100.0,64,67.5
78352,48409,San Patricio County,54,,1.0,1.0,,9.9,30.0,59.9,20,67.5
77450,48201,Harris County,71906,106402,0.688,0.752,361400,15.94,5.5,90.9,19027,67.4
78016,48325,Medina County,11670,60736,0.816,0.701,221500,12.2,39.2,100.0,3662,67.4
78881,48463,Uvalde County,1283,35104,0.777,0.721,69800,15.98,39.5,100.0,383,67.4
76240,48097,Cooke County,29419,71502,0.674,0.768,227100,13.49,26.1,93.3,7626,67.3
76443,48059,Callahan County,1999,49915,0.786,0.745,104700,14.52,32.8,100.0,604,67.3
78739,48453,Travis County,20659,238559,0.928,0.992,808600,7.98,4.8,42.7,7373,67.3
79561,48353,Nolan County,665,93250,0.859,0.789,120800,7.91,25.2,66.1,219,67.3
75436,48387,Red River County,2454,90043,0.779,0.728,201400,10.06,22.1,51.2,735,67.2
78370,48409,San Patricio County,5353,69570,0.807,0.81,176700,9.9,30.0,59.9,1661,67.2
79532,48335,Mitchell County,1029,49643,0.799,0.844,69800,13.18,33.5,64.7,316,67.2
75651,48203,Harrison County,1871,43514,0.744,0.815,162800,15.49,31.2,57.2,535,67.1
76676,48217,Hill County,344,70625,0.897,0.839,164300,8.54,28.0,55.9,118,67.1
76856,48319,Mason County,3532,74677,0.808,0.828,292400,13.49,12.5,100.0,1097,67.1
76866,48095,Concho County,1111,56429,0.843,0.789,163100,14.15,20.6,100.0,360,67.1
77301,48339,Montgomery County,37769,66475,0.55,0.604,218600,22.46,27.0,100.0,7989,67.1
79373,48305,Lynn County,3087,74728,0.719,0.905,137100,10.9,24.6,100.0,853,67.1
79603,48441,Taylor County,23548,53513,0.627,0.84,120900,13.66,58.4,100.0,5678,67.1
75668,48343,Morris County,2094,41495,0.613,0.821,81700,20.62,34.8,64.1,493,67.0
76245,48181,Grayson County,1814,92212,0.946,0.781,219600,7.16,22.5,36.9,660,67.0
76937,48451,Tom Green County,280,110871,0.802,1.0,1104200,7.25,18.8,49.1,86,67.0
77388,48201,Harris County,53425,102323,0.672,0.783,288300,15.94,5.5,90.9,13808,67.0
78657,48299,Llano County,7591,91452,0.813,0.807,483200,8.87,21.4,100.0,2373,67.0
75154,48139,Ellis County,52516,100388,0.822,0.844,345500,7.79,23.2,31.2,16603,66.9
75943,48347,Nacogdoches County,1144,61302,0.885,0.719,219100,12.84,22.4,40.9,389,66.9
77969,48239,Jackson County,84,64792,1.0,1.0,,9.66,12.8,74.7,32,66.9
77975,48285,Lavaca County,1780,59786,0.737,0.758,184900,13.0,34.8,100.0,504,66.9
78957,48021,Bastrop County,10543,69149,0.726,0.754,259900,10.44,43.8,100.0,2943,66.9
75453,48231,Hunt County,3430,111406,0.917,0.778,275700,6.64,26.0,33.8,1209,66.8
75495,48181,Grayson County,11120,111563,0.838,0.84,397900,7.16,22.5,36.9,3584,66.8
76310,48009,Archer County,19029,82183,0.724,0.765,224600,11.26,23.9,100.0,5298,66.8
76431,48497,Wise County,4494,86875,0.857,0.751,194700,7.28,33.2,39.1,1481,66.8
78879,48385,Real County,184,101484,0.789,0.903,1046900,8.44,18.2,100.0,55,66.8
75782,48213,Henderson County,120,60000,0.921,0.87,129700,8.89,31.8,49.5,42,66.7
75949,48005,Angelina County,9138,63047,0.704,0.644,100400,13.68,34.4,57.6,2474,66.7
76234,48497,Wise County,21418,93727,0.789,0.799,344700,7.28,33.2,39.1,6499,66.7
76566,48099,Coryell County,370,115417,0.921,0.878,339100,7.82,12.6,57.2,131,66.7
77095,48201,Harris County,69767,91594,0.706,0.77,315500,15.94,5.5,90.9,18944,66.7
77414,48321,Matagorda County,24334,59128,0.584,0.647,172000,18.96,33.8,100.0,5465,66.7
75469,48119,Delta County,372,83375,0.919,0.916,247200,7.99,15.8,60.4,131,66.6
77047,48201,Harris County,34987,78538,0.724,0.875,234300,15.94,5.5,90.9,9742,66.6
77449,48201,Harris County,130028,87808,0.683,0.835,255900,15.94,5.5,90.9,34157,66.6
77591,48167,Galveston County,18294,68593,0.554,0.654,222600,20.41,26.1,100.0,3898,66.6
75708,48423,Smith County,9732,85441,0.776,0.619,157400,12.99,17.2,55.7,2904,66.5
75760,48347,Nacogdoches County,2396,63182,0.875,0.67,124600,12.84,22.4,40.9,806,66.5
75766,48073,Cherokee County,25850,51394,0.707,0.723,156000,14.52,41.9,41.0,7029,66.5
76055,48217,Hill County,3577,80025,0.822,0.777,197300,8.54,28.0,55.9,1130,66.5
76950,48435,Sutton County,3352,78844,0.762,0.772,157000,12.32,17.9,100.0,982,66.5
78942,48287,Lee County,10136,73429,0.753,0.75,255700,11.37,26.8,100.0,2935,66.5
75689,48401,Rusk County,98,51167,0.688,0.463,,20.88,45.8,50.0,25,66.4
75752,48213,Henderson County,7536,70223,0.885,0.727,232900,8.89,31.8,49.5,2565,66.4
76071,48497,Wise County,5159,101989,0.799,0.722,334200,7.28,33.2,39.1,1585,66.4
78145,48025,Bee County,64,46563,1.0,0.935,,9.25,29.4,100.0,24,66.4
79124,48375,Potter County,12019,112541,0.901,0.844,362300,6.68,20.4,50.1,4165,66.4
75152,48139,Ellis County,5321,94935,0.873,0.743,250000,7.79,23.2,31.2,1786,66.3
75661,48203,Harrison County,2360,41929,0.792,0.695,158500,15.49,31.2,57.2,718,66.3
75779,48001,Anderson County,62,,1.0,0.5,,13.62,35.1,46.0,23,66.2
77505,48201,Harris County,23174,98125,0.691,0.722,294800,15.94,5.5,90.9,6158,66.2
78024,48265,Kerr County,1401,105381,0.853,0.889,500000,7.81,15.9,61.2,459,66.2
79855,48109,Culberson County,2177,58910,0.706,0.699,79300,21.97,15.5,100.0,591,66.2
79255,48045,Briscoe County,399,54375,0.829,0.804,66700,18.14,11.5,100.0,127,66.1
79739,48173,Glasscock County,780,79352,0.588,0.815,258000,12.84,24.9,100.0,176,66.1
76078,48497,Wise County,10828,99866,0.836,0.649,309600,7.28,33.2,39.1,3481,66.0
76466,48133,Eastland County,564,,0.734,0.768,,16.01,33.5,84.7,159,66.0
76633,48309,McLennan County,6268,106755,0.9,0.898,404300,7.15,15.2,42.1,2169,66.0
77642,48245,Jefferson County,38358,42950,0.53,0.624,104700,24.2,55.6,100.0,7819,66.0
78071,48297,Live Oak County,3576,60500,0.598,0.656,158500,15.46,36.9,100.0,822,66.0
78733,48453,Travis County,9029,206368,0.908,0.937,1008600,7.98,4.8,42.7,3153,66.0
79842,48043,Brewster County,285,45596,0.621,0.894,240000,17.39,28.9,100.0,68,66.0
78932,48477,Washington County,576,62917,0.858,0.773,323600,9.51,33.4,84.8,190,65.9
75135,48231,Hunt County,11326,111235,0.872,0.789,324200,6.64,26.0,33.8,3798,65.8
75756,48213,Henderson County,4414,81619,0.76,0.714,267700,8.89,31.8,49.5,1290,65.8
75901,48005,Angelina County,28234,62966,0.635,0.699,177700,13.68,34.4,57.6,6895,65.8
76371,48275,Knox County,1675,61335,0.804,0.893,84700,12.8,18.4,100.0,517,65.8
77590,48167,Galveston County,31642,65801,0.524,0.695,188900,20.41,26.1,100.0,6377,65.8
78931,48015,Austin County,185,,0.814,0.493,,14.74,84.2,100.0,57,65.8
76379,48009,Archer County,672,70313,0.76,0.816,148300,11.26,23.9,100.0,196,65.7
76933,48081,Coke County,1435,55104,0.737,0.888,157500,13.19,26.8,100.0,406,65.7
77571,48201,Harris County,38543,81850,0.721,0.783,237500,15.94,5.5,90.9,10688,65.7
78861,48325,Medina County,14008,64917,0.747,0.626,223200,12.2,39.2,100.0,4024,65.7
79781,48443,Terrell County,74,,1.0,0.484,,27.87,11.4,100.0,28,65.7
75490,48147,Fannin County,3196,92500,0.895,0.859,361500,7.15,19.0,49.2,1100,65.5
77454,48481,Wharton County,178,,1.0,0.677,,9.53,74.1,100.0,68,65.5
78058,48265,Kerr County,985,93581,0.973,0.712,245400,7.81,15.9,61.2,368,65.5
78598,48489,Willacy County,245,,0.881,0.841,,14.15,22.2,68.6,83,65.5
76636,48217,Hill County,1748,69018,0.905,0.743,204800,8.54,28.0,55.9,608,65.4
77089,48201,Harris County,57741,88140,0.673,0.768,250900,15.94,5.5,90.9,14946,65.4
75455,48449,Titus County,26903,56163,0.677,0.724,186900,14.24,32.4,58.0,7005,65.3
76454,48133,Eastland County,1320,36354,0.685,0.768,84800,16.01,33.5,84.7,347,65.3
76486,48237,Jack County,1123,69808,0.733,0.72,408600,11.39,28.2,76.0,316,65.3
77041,48201,Harris County,33349,77083,0.718,0.815,285200,15.94,5.5,90.9,9209,65.3
77950,48007,Aransas County,178,35417,0.87,0.87,95000,11.76,32.6,100.0,59,65.3
79544,48207,Haskell County,382,41750,0.853,0.937,82500,14.22,17.4,100.0,125,65.3
76458,48237,Jack County,6240,64297,0.735,0.798,259000,11.39,28.2,76.0,1764,65.1
76239,48337,Montague County,1341,76250,0.77,0.812,228200,8.73,27.2,78.1,397,65.0
77008,48201,Harris County,41645,143229,0.591,0.668,642600,15.94,5.5,90.9,9466,65.0
77853,48287,Lee County,884,60069,0.925,0.608,128700,11.37,26.8,100.0,314,65.0
78377,48391,Refugio County,3421,49974,0.677,0.772,97000,14.89,29.8,62.4,890,65.0
76426,48497,Wise County,11632,92130,0.75,0.76,268900,7.28,33.2,39.1,3355,64.9
76571,48027,Bell County,9000,111863,0.883,0.79,466100,8.1,11.4,36.3,3056,64.9
76671,48035,Bosque County,2093,53715,0.845,0.805,190300,10.54,31.6,94.8,680,64.9
78014,48283,La Salle County,5002,66250,0.725,0.698,100000,13.62,20.5,100.0,1394,64.9
78652,48453,Travis County,5287,133368,0.871,0.965,528100,7.98,4.8,42.7,1771,64.9
75181,48113,Dallas County,29788,111052,0.838,0.919,312400,9.52,4.5,40.8,9600,64.8
77703,48245,Jefferson County,11004,31803,0.441,0.746,87600,24.2,55.6,100.0,1866,64.8
79053,48369,Parmer County,74,116750,0.56,1.0,,6.81,35.8,79.0,15,64.8
79535,48353,Nolan County,129,68036,0.943,0.812,120000,7.91,25.2,66.1,46,64.8
75163,48213,Henderson County,2443,60462,0.848,0.841,198200,8.89,31.8,49.5,796,64.7
76251,48337,Montague County,708,62375,0.889,0.839,262500,8.73,27.2,78.1,242,64.7
79563,48441,Taylor County,964,49276,0.827,0.41,64600,13.66,58.4,100.0,306,64.7
78669,48453,Travis County,12592,128000,0.921,0.874,671000,7.98,4.8,42.7,4460,64.6
79851,48229,Hudspeth County,1198,55500,0.676,0.622,62600,31.36,12.9,93.5,311,64.6
75780,48073,Cherokee County,373,,0.865,0.489,,14.52,41.9,41.0,124,64.5
76225,48497,Wise County,3487,84336,0.801,0.723,305800,7.28,33.2,39.1,1074,64.5
78374,48409,San Patricio County,20408,83504,0.627,0.721,233800,9.9,30.0,59.9,4921,64.5
75048,48113,Dallas County,30993,131087,0.831,0.847,407200,9.52,4.5,40.8,9905,64.4
75415,48119,Delta County,289,93050,0.945,0.634,162500,7.99,15.8,60.4,105,64.4
75641,48401,Rusk County,83,,0.558,0.708,165900,20.88,45.8,50.0,17,64.4
76357,48077,Clay County,525,74318,0.95,0.851,143800,7.52,19.0,51.8,191,64.4
77340,48471,Walker County,37517,48538,0.476,0.504,244000,24.42,67.6,100.0,6868,64.4
78067,48505,Zapata County,629,,0.907,1.0,83300,12.87,17.0,78.5,219,64.4
75602,48203,Harrison County,20671,52330,0.627,0.721,139700,15.49,31.2,57.2,4984,64.3
76265,48337,Montague County,1566,76036,0.767,0.78,216500,8.73,27.2,78.1,461,64.3
77597,48071,Chambers County,623,,0.704,0.522,,18.05,49.6,100.0,168,64.3
78057,48163,Frio County,881,66134,0.782,0.677,137500,10.14,30.6,82.5,264,64.2
78610,48209,Hays County,48319,119698,0.788,0.844,408000,5.59,29.0,75.3,14644,64.2
79539,48207,Haskell County,220,46250,0.794,0.923,,14.22,17.4,100.0,67,64.2
77380,48339,Montgomery County,31369,88562,0.364,0.395,375500,22.46,27.0,100.0,4391,64.1
79734,48243,Jeff Davis County,1779,65227,0.873,0.797,241300,13.03,10.2,100.0,597,64.1
75021,48181,Grayson County,9173,83067,0.832,0.865,190500,7.16,22.5,36.9,2935,64.0
77024,48201,Harris County,38288,136149,0.633,0.535,1127500,15.94,5.5,90.9,9321,64.0
78636,48031,Blanco County,4134,72663,0.7,0.809,532600,12.14,18.9,100.0,1113,64.0
76044,48251,Johnson County,9196,122715,0.882,0.871,414800,5.73,17.9,31.1,3119,63.9
76085,48367,Parker County,12357,104531,0.867,0.816,381900,6.86,17.1,42.6,4120,63.9
76854,48267,Kimble County,345,120531,0.543,0.915,576400,8.79,20.9,100.0,72,63.9
77518,48167,Galveston County,9541,51458,0.618,0.675,201500,20.41,26.1,100.0,2267,63.9
79521,48207,Haskell County,3487,64294,0.69,0.777,117400,14.22,17.4,100.0,925,63.9
76087,48367,Parker County,36822,114306,0.843,0.806,383200,6.86,17.1,42.6,11938,63.8
76481,48503,Young County,96,82244,1.0,1.0,,5.64,14.9,51.6,36,63.8
75478,48223,Hopkins County,927,57917,0.904,0.631,170800,9.96,29.9,74.8,322,63.7
76066,48367,Parker County,5865,112733,0.898,0.712,358200,6.86,17.1,42.6,2025,63.7
78611,48053,Burnet County,14560,80938,0.803,0.805,319300,6.87,29.9,100.0,4496,63.7
79547,48207,Haskell County,957,41023,0.794,0.931,86800,14.22,17.4,100.0,292,63.7
75801,48001,Anderson County,17531,56787,0.62,0.705,173200,13.62,35.1,46.0,4180,63.5
76655,48309,McLennan County,10603,99917,0.851,0.862,313100,7.15,15.2,42.1,3470,63.5
77068,48201,Harris County,13189,86028,0.684,0.645,328600,15.94,5.5,90.9,3469,63.5
77979,48057,Calhoun County,16488,77039,0.753,0.746,156200,10.22,18.0,63.3,4775,63.5
79752,48461,Upton County,1933,39423,0.757,0.783,94900,14.97,22.0,87.8,562,63.5
75126,48257,Kaufman County,84799,103673,0.805,0.915,361100,5.94,20.5,58.2,26255,63.4
76470,48133,Eastland County,3218,39434,0.646,0.692,81100,16.01,33.5,84.7,799,63.4
78605,48053,Burnet County,7573,83542,0.861,0.658,324000,6.87,29.9,100.0,2507,63.4
78645,48453,Travis County,15256,113008,0.908,0.857,434600,7.98,4.8,42.7,5327,63.4
76627,48217,Hill County,1736,70375,0.908,0.574,126900,8.54,28.0,55.9,606,63.3
79565,48335,Mitchell County,202,,0.82,0.694,103800,13.18,33.5,64.7,63,63.3
75492,48147,Fannin County,250,125917,0.761,0.777,174300,7.15,19.0,49.2,73,63.2
76088,48367,Parker County,15290,104038,0.85,0.797,408700,6.86,17.1,42.6,4998,63.2
76475,48363,Palo Pinto County,997,58333,0.703,0.739,201100,11.27,37.9,57.1,269,63.2
77833,48477,Washington County,29498,73388,0.66,0.737,280500,9.51,33.4,84.8,7487,63.2
78623,48091,Comal County,1645,116923,1.0,0.986,449600,4.3,12.9,55.3,632,63.2
79035,48369,Parmer County,5391,72202,0.788,0.885,158600,6.81,35.8,79.0,1633,63.2
76622,48217,Hill County,1447,74167,0.787,0.694,195700,8.54,28.0,55.9,437,63.1
76657,48309,McLennan County,12760,97634,0.819,0.895,373300,7.15,15.2,42.1,4019,63.1
78006,48259,Kendall County,44560,116156,0.767,0.809,543900,6.64,22.8,49.3,13145,63.1
78871,48465,Val Verde County,32,,1.0,0.722,,11.31,24.6,98.4,12,63.1
79234,48345,Motley County,85,83409,0.75,1.0,187500,11.22,4.6,100.0,24,63.1
76267,48497,Wise County,113,,1.0,1.0,,7.28,33.2,39.1,43,63.0
76628,48217,Hill County,50,97083,1.0,0.091,55000,8.54,28.0,55.9,19,63.0
75482,48223,Hopkins County,26483,69970,0.665,0.751,231000,9.96,29.9,74.8,6773,62.9
76525,48193,Hamilton County,1289,80208,0.778,0.845,169800,9.62,13.6,86.1,385,62.9
77064,48201,Harris County,49591,81658,0.643,0.724,253100,15.94,5.5,90.9,12264,62.9
75792,48423,Smith County,3898,54293,0.85,0.757,169000,12.99,17.2,55.7,1274,62.8
75944,48347,Nacogdoches County,771,39338,0.949,0.643,85000,12.84,22.4,40.9,281,62.8
76660,48217,Hill County,572,49375,0.899,0.921,174300,8.54,28.0,55.9,197,62.8
78116,48255,Karnes County,226,88700,1.0,0.65,331800,6.25,19.6,49.4,86,62.8
75904,48005,Angelina County,34462,60205,0.575,0.648,185000,13.68,34.4,57.6,7621,62.7
76230,48337,Montague County,10536,66641,0.788,0.803,220600,8.73,27.2,78.1,3193,62.7
78631,48267,Kimble County,3465,78560,0.842,0.621,351600,8.79,20.9,100.0,1122,62.7
79545,48353,Nolan County,1798,58482,0.866,0.978,109900,7.91,25.2,66.1,598,62.7
79839,48229,Hudspeth County,1416,47950,0.699,0.56,55000,31.36,12.9,93.5,380,62.6
75158,48257,Kaufman County,6025,100263,0.898,0.73,293600,5.94,20.5,58.2,2080,62.5
78580,48489,Willacy County,12964,53841,0.693,0.752,71700,14.15,22.2,68.6,3455,62.5
75089,48113,Dallas County,35619,118318,0.759,0.863,382400,9.52,4.5,40.8,10398,62.4
75114,48257,Kaufman County,9333,88013,0.873,0.846,293000,5.94,20.5,58.2,3133,62.4
76067,48363,Palo Pinto County,21080,62190,0.645,0.7,172200,11.27,37.9,57.1,5229,62.4
79240,48129,Donley County,30,,1.0,1.0,,12.73,8.6,100.0,11,62.4
77488,48481,Wharton County,14548,60327,0.676,0.681,163200,9.53,74.1,100.0,3782,62.3
78362,48409,San Patricio County,10816,71058,0.66,0.701,191200,9.9,30.0,59.9,2745,62.3
78840,48465,Val Verde County,47256,66084,0.689,0.756,164600,11.31,24.6,98.4,12522,62.3
78948,48287,Lee County,567,58889,0.857,0.565,316100,11.37,26.8,100.0,186,62.3
75414,48181,Grayson County,3719,86993,0.796,0.758,246700,7.16,22.5,36.9,1138,62.2
76366,48009,Archer County,2074,56034,0.802,0.771,156700,11.26,23.9,100.0,639,62.2
77962,48239,Jackson County,3491,82940,0.728,0.861,240100,9.66,12.8,74.7,977,62.2
78632,48177,Gonzales County,1245,62500,0.899,0.812,187400,6.85,34.2,59.2,430,62.2
75148,48213,Henderson County,5842,68569,0.769,0.66,203000,8.89,31.8,49.5,1727,62.1
75705,48423,Smith County,1704,81346,0.525,0.792,197200,12.99,17.2,55.7,344,62.1
78163,48091,Comal County,19141,140594,0.949,0.949,435600,4.3,12.9,55.3,6986,62.1
78633,48491,Williamson County,29309,100936,0.917,0.958,464600,6.41,9.9,44.9,10337,62.1
75670,48203,Harrison County,18670,42386,0.591,0.737,112300,15.49,31.2,57.2,4243,62.0
76023,48497,Wise County,7534,77277,0.818,0.616,319700,7.28,33.2,39.1,2370,62.0
76457,48193,Hamilton County,4244,72238,0.808,0.851,264100,9.62,13.6,86.1,1318,62.0
77531,48039,Brazoria County,16406,73240,0.523,0.551,260800,14.34,26.6,100.0,3300,62.0
78658,48177,Gonzales County,94,,1.0,1.0,434600,6.85,34.2,59.2,36,62.0
79749,48317,Martin County,477,34286,0.545,0.792,182100,14.68,45.5,96.5,99,62.0
79854,48243,Jeff Davis County,86,33672,1.0,0.845,84700,13.03,10.2,100.0,33,62.0
76650,48217,Hill County,55,61458,0.737,0.92,106300,8.54,28.0,55.9,15,61.9
77073,48201,Harris County,46084,78592,0.649,0.686,220500,15.94,5.5,90.9,11503,61.9
78021,48283,La Salle County,165,,1.0,0.473,,13.62,20.5,100.0,63,61.9
78266,48091,Comal County,7338,146792,0.943,0.932,586600,4.3,12.9,55.3,2661,61.9
79529,48275,Knox County,1131,50694,0.759,0.901,63400,12.8,18.4,100.0,330,61.9
75709,48423,Smith County,6015,75625,0.696,0.564,240600,12.99,17.2,55.7,1610,61.8
76538,48193,Hamilton County,882,63750,0.847,0.921,122500,9.62,13.6,86.1,287,61.8
77396,48201,Harris County,61735,78169,0.669,0.651,240600,15.94,5.5,90.9,15884,61.8
78676,48209,Hays County,15822,87344,0.787,0.86,511600,5.59,29.0,75.3,4789,61.8
76427,48237,Jack County,1001,75191,0.563,0.67,153600,11.39,28.2,76.0,216,61.7
76848,48327,Menard County,60,,1.0,0.821,,11.61,14.9,100.0,23,61.7
78672,48299,Llano County,570,52813,0.896,0.908,212500,8.87,21.4,100.0,196,61.7
75861,48001,Anderson County,1381,54224,0.676,0.523,214000,13.62,35.1,46.0,359,61.6
76887,48307,McCulloch County,87,155192,1.0,0.77,224200,4.43,13.9,39.3,33,61.6
77009,48201,Harris County,35769,83148,0.576,0.733,420200,15.94,5.5,90.9,7924,61.6
78369,48479,Webb County,211,120417,0.975,0.81,120800,5.06,13.1,25.3,79,61.6
79237,48129,Donley County,503,59688,0.87,0.854,62500,12.73,8.6,100.0,168,61.6
78734,48453,Travis County,22145,130784,0.835,0.807,677300,7.98,4.8,42.7,7111,61.5
77085,48201,Harris County,16513,68470,0.684,0.766,191800,15.94,5.5,90.9,4344,61.4
76034,48439,Tarrant County,26103,217914,0.967,0.984,782300,5.45,3.8,35.3,9708,61.3
76365,48077,Clay County,4842,78484,0.807,0.819,162300,7.52,19.0,51.8,1502,61.3
79537,48353,Nolan County,54,97917,0.739,0.565,,7.91,25.2,66.1,15,61.3
75156,48213,Henderson County,16333,60867,0.815,0.656,218200,8.89,31.8,49.5,5119,61.2
75076,48181,Grayson County,7989,76919,0.818,0.769,267500,7.16,22.5,36.9,2513,61.1
78725,48453,Travis County,10746,105795,0.767,0.973,330600,7.98,4.8,42.7,3170,61.1
75094,48085,Collin County,24200,171476,0.928,0.965,539200,5.38,5.6,34.5,8637,61.0
75125,48139,Ellis County,7873,79545,0.833,0.609,231800,7.79,23.2,31.2,2522,61.0
75157,48257,Kaufman County,227,100250,0.901,0.622,263000,5.94,20.5,58.2,78,61.0
75417,48387,Red River County,2162,56842,0.766,0.844,133200,10.06,22.1,51.2,636,61.0
77084,48201,Harris County,110217,80575,0.6,0.681,248300,15.94,5.5,90.9,25434,61.0
79553,48253,Jones County,3089,47839,0.617,0.861,69500,13.34,26.9,90.4,733,61.0
75249,48113,Dallas County,16447,85500,0.748,0.973,286000,9.52,4.5,40.8,4731,60.9
75550,48387,Red River County,561,61875,0.699,0.845,,10.06,22.1,51.2,150,60.9
76630,48309,McLennan County,1589,83950,0.861,0.791,263700,7.15,15.2,42.1,526,60.9
78643,48299,Llano County,7088,68365,0.747,0.822,362600,8.87,21.4,100.0,2036,60.9
76430,48417,Shackelford County,2395,77102,0.785,0.848,202400,9.34,10.8,100.0,723,60.8
76861,48451,Tom Green County,2177,85714,0.746,0.839,218200,7.25,18.8,49.1,624,60.8
78372,48249,Jim Wells County,5383,52237,0.781,0.653,161900,11.49,28.0,88.7,1616,60.8
79059,48393,Roberts County,726,66875,0.845,0.91,142500,12.18,3.6,100.0,235,60.8
76665,48035,Bosque County,2771,62857,0.58,0.789,160700,10.54,31.6,94.8,618,60.7
76673,48217,Hill County,1196,63750,0.829,0.649,115300,8.54,28.0,55.9,381,60.7
76691,48309,McLennan County,6661,85694,0.797,0.867,304500,7.15,15.2,42.1,2041,60.7
77961,48239,Jackson County,58,,1.0,1.0,,9.66,12.8,74.7,22,60.7
78013,48259,Kendall County,4809,82492,0.879,0.682,416300,6.64,22.8,49.3,1625,60.7
78641,48453,Travis County,99865,135024,0.772,0.852,480400,7.98,4.8,42.7,29652,60.7
75088,48113,Dallas County,28075,105313,0.738,0.824,358400,9.52,4.5,40.8,7968,60.6
75225,48113,Dallas County,22237,200234,0.759,0.664,1671900,9.52,4.5,40.8,6491,60.6
75491,48181,Grayson County,5471,79386,0.818,0.701,247300,7.16,22.5,36.9,1721,60.6
76082,48367,Parker County,24880,92485,0.852,0.692,306000,6.86,17.1,42.6,8152,60.6
78347,48355,Nueces County,186,,1.0,1.0,,8.18,18.0,33.1,71,60.6
75009,48085,Collin County,34260,168250,0.92,0.948,515400,5.38,5.6,34.5,12122,60.5
75489,48181,Grayson County,803,88676,0.688,0.806,233200,7.16,22.5,36.9,212,60.5
75750,48423,Smith County,3132,50948,0.792,0.76,172300,12.99,17.2,55.7,954,60.5
76092,48439,Tarrant County,31520,250001,0.946,0.962,1007500,5.45,3.8,35.3,11468,60.5
78146,48025,Bee County,752,68250,0.709,0.662,169900,9.25,29.4,100.0,205,60.5
75104,48113,Dallas County,49228,102875,0.72,0.858,304200,9.52,4.5,40.8,13632,60.4
76049,48221,Hood County,31506,104967,0.877,0.858,363300,4.44,18.4,43.6,10627,60.4
76271,48181,Grayson County,1859,78125,0.719,0.869,329300,7.16,22.5,36.9,514,60.4
77551,48167,Galveston County,21696,58344,0.482,0.55,290600,20.41,26.1,100.0,4022,60.4
77808,48041,Brazos County,15797,113343,0.905,0.829,375000,5.19,14.1,60.4,5498,60.4
78010,48265,Kerr County,3635,86830,0.798,0.728,318600,7.81,15.9,61.2,1115,60.4
75166,48085,Collin County,6989,132101,0.909,0.99,396600,5.38,5.6,34.5,2443,60.3
75554,48387,Red River County,1883,46750,0.853,0.804,166900,10.06,22.1,51.2,617,60.3
75701,48423,Smith County,36344,66401,0.6,0.786,213700,12.99,17.2,55.7,8387,60.3
76351,48009,Archer County,1256,46484,0.75,0.87,138900,11.26,23.9,100.0,362,60.3
77852,48051,Burleson County,16,,1.0,0.0,,13.89,48.8,100.0,6,60.3
78837,48465,Val Verde County,128,49737,0.871,0.604,209200,11.31,24.6,98.4,42,60.3
77339,48201,Harris County,44538,84102,0.559,0.654,297500,15.94,5.5,90.9,9575,60.2
77367,48471,Walker County,446,,0.483,0.339,,24.42,67.6,100.0,82,60.2
78107,48175,Goliad County,254,,0.753,0.534,45400,16.64,21.9,100.0,73,60.2
76849,48267,Kimble County,3584,62977,0.787,0.803,188900,8.79,20.9,100.0,1084,60.1
78653,48453,Travis County,41291,93900,0.839,0.856,358000,7.98,4.8,42.7,13324,60.1
79019,48011,Armstrong County,1671,74750,0.824,0.91,172500,8.92,7.5,100.0,529,60.1
75165,48139,Ellis County,53513,86391,0.66,0.75,341600,7.79,23.2,31.2,13584,60.0
76084,48251,Johnson County,14097,102115,0.878,0.702,264700,5.73,17.9,31.1,4760,60.0
76226,48121,Denton County,43587,180982,0.936,0.978,606100,4.58,4.6,37.6,15691,60.0
76261,48337,Montague County,221,61250,0.83,0.646,109400,8.73,27.2,78.1,70,60.0
76557,48027,Bell County,5644,86056,0.81,0.75,232400,8.1,11.4,36.3,1758,60.0
77562,48201,Harris County,8914,57364,0.805,0.679,217700,15.94,5.5,90.9,2759,60.0
78050,48013,Atascosa County,529,74205,0.87,0.85,,5.74,22.9,37.8,177,60.0
78125,48025,Bee County,32,34583,1.0,0.593,350000,9.25,29.4,100.0,12,60.0
79225,48197,Hardeman County,756,83333,0.817,0.803,101600,8.62,8.9,100.0,237,60.0
75189,48397,Rockwall County,48739,117125,0.885,0.886,356600,4.53,13.8,41.5,16590,59.9
76064,48139,Ellis County,2513,73125,0.69,0.875,343300,7.79,23.2,31.2,666,59.9
77049,48201,Harris County,40418,62971,0.679,0.76,217600,15.94,5.5,90.9,10555,59.9
75706,48423,Smith County,9560,61687,0.777,0.542,135400,12.99,17.2,55.7,2856,59.8
75838,48161,Freestone County,209,27813,0.515,0.384,,23.18,45.5,93.6,41,59.8
79351,48115,Dawson County,1044,66853,0.753,0.92,98900,7.84,20.1,70.2,302,59.8
75078,48085,Collin County,53011,196564,0.896,0.926,732300,5.38,5.6,34.5,18268,59.7
77971,48239,Jackson County,744,60337,1.0,0.604,223200,9.66,12.8,74.7,286,59.7
78738,48453,Travis County,31019,183048,0.753,0.779,916300,7.98,4.8,42.7,8983,59.7
76424,48429,Stephens County,8629,56082,0.778,0.677,103900,9.86,26.9,100.0,2582,59.6
76692,48217,Hill County,9853,55149,0.819,0.757,169100,8.54,28.0,55.9,3103,59.6
77007,48201,Harris County,47808,144911,0.462,0.517,549100,15.94,5.5,90.9,8495,59.6
77083,48201,Harris County,73230,64418,0.642,0.779,239300,15.94,5.5,90.9,18082,59.6
78343,48355,Nueces County,4345,65467,0.83,0.791,112200,8.18,18.0,33.1,1387,59.6
78642,48491,Williamson County,26434,132958,0.829,0.825,506600,6.41,9.9,44.9,8428,59.6
75493,48449,Titus County,629,50893,0.642,0.485,105300,14.24,32.4,58.0,155,59.5
75703,48423,Smith County,46039,79194,0.571,0.571,336300,12.99,17.2,55.7,10110,59.5
75751,48213,Henderson County,18644,70620,0.656,0.636,209400,8.89,31.8,49.5,4704,59.5
77441,48157,Fort Bend County,41324,184390,0.92,0.942,582000,5.55,3.2,34.0,14622,59.5
75119,48139,Ellis County,31866,77053,0.689,0.772,278800,7.79,23.2,31.2,8444,59.4
75134,48113,Dallas County,19045,69778,0.843,0.947,235700,9.52,4.5,40.8,6174,59.4
75448,48119,Delta County,1127,85827,0.774,0.649,172800,7.99,15.8,60.4,335,59.4
76228,48077,Clay County,1263,69250,0.823,0.816,171200,7.52,19.0,51.8,399,59.4
76264,48181,Grayson County,997,77955,0.815,0.643,309500,7.16,22.5,36.9,312,59.4
76462,48221,Hood County,5167,99160,0.89,0.808,360800,4.44,18.4,43.6,1768,59.4
76530,48491,Williamson County,2598,106250,0.888,0.79,288300,6.41,9.9,44.9,887,59.4
76690,48035,Bosque County,1214,42448,0.749,0.732,170200,10.54,31.6,94.8,349,59.4
76943,48105,Crockett County,2651,81664,0.787,0.816,,9.0,7.6,100.0,802,59.4
78330,48355,Nueces County,351,50536,0.899,0.931,101000,8.18,18.0,33.1,121,59.4
75438,48147,Fannin County,1262,101125,0.694,0.732,238000,7.15,19.0,49.2,336,59.3
75758,48213,Henderson County,9945,57859,0.797,0.629,201200,8.89,31.8,49.5,3048,59.3
76028,48251,Johnson County,81549,101138,0.773,0.838,327100,5.73,17.9,31.1,24245,59.3
76859,48327,Menard County,1641,47443,0.863,0.773,110900,11.61,14.9,100.0,544,59.3
79259,48191,Hall County,27,,1.0,1.0,,9.16,11.9,100.0,10,59.3
76035,48367,Parker County,2656,118333,0.698,0.728,438600,6.86,17.1,42.6,713,59.2
77069,48201,Harris County,20608,80257,0.59,0.585,324100,15.94,5.5,90.9,4676,59.2
78005,48163,Frio County,1573,70559,0.563,0.632,263000,10.14,30.6,82.5,340,59.2
78588,48427,Starr County,289,94821,0.657,0.795,52800,6.97,20.4,34.6,73,59.2
79506,48353,Nolan County,538,63942,0.799,0.75,113800,7.91,25.2,66.1,165,59.2
75412,48387,Red River County,488,64605,0.641,0.774,109200,10.06,22.1,51.2,120,59.1
76255,48337,Montague County,6053,55841,0.775,0.783,164400,8.73,27.2,78.1,1804,59.1
76491,48447,Throckmorton County,743,77917,0.728,0.818,103100,10.49,6.0,100.0,208,59.1
75229,48113,Dallas County,33656,121469,0.694,0.732,631700,9.52,4.5,40.8,8983,59.0
75422,48231,Hunt County,3229,75690,0.814,0.722,229400,6.64,26.0,33.8,1010,59.0
75946,48347,Nacogdoches County,4170,58177,0.68,0.604,151800,12.84,22.4,40.9,1090,59.0
76487,48367,Parker County,4133,77361,0.894,0.681,272000,6.86,17.1,42.6,1421,59.0
78355,48047,Brooks County,6772,48828,0.539,0.808,82400,14.63,21.8,100.0,1403,59.0
77547,48201,Harris County,9217,50991,0.708,0.868,111500,15.94,5.5,90.9,2509,58.9
79325,48369,Parmer County,2277,71771,0.666,0.802,163400,6.81,35.8,79.0,583,58.9
75454,48085,Collin County,22990,138827,0.886,0.914,456100,5.38,5.6,34.5,7834,58.8
75488,48147,Fannin County,1244,54700,0.978,0.839,206300,7.15,19.0,49.2,467,58.8
76364,48487,Wilbarger County,268,117928,0.761,0.813,84600,5.75,14.6,82.5,78,58.8
76377,48077,Clay County,464,65667,0.827,0.83,98000,7.52,19.0,51.8,147,58.8
76429,48429,Stephens County,330,,0.872,0.713,424400,9.86,26.9,100.0,110,58.8
76534,48027,Bell County,2675,80536,0.816,0.729,210100,8.1,11.4,36.3,839,58.8
76578,48491,Williamson County,1762,105063,0.865,0.796,341300,6.41,9.9,44.9,586,58.8
79345,48445,Terry County,916,73438,0.7,0.813,95000,7.18,25.5,60.8,246,58.8
76020,48367,Parker County,34602,87298,0.777,0.736,299300,6.86,17.1,42.6,10340,58.7
76511,48027,Bell County,2702,69286,0.841,0.858,222900,8.1,11.4,36.3,873,58.7
76905,48451,Tom Green County,14456,84712,0.714,0.768,163900,7.25,18.8,49.1,3969,58.7
78132,48091,Comal County,40953,135315,0.875,0.851,620300,4.3,12.9,55.3,13782,58.7
78634,48491,Williamson County,46413,114426,0.786,0.88,375200,6.41,9.9,44.9,14031,58.7
79847,48109,Culberson County,201,50938,0.54,0.613,66100,21.97,15.5,100.0,41,58.7
75704,48423,Smith County,8913,55855,0.785,0.565,154600,12.99,17.2,55.7,2691,58.6
75778,48213,Henderson County,3152,57589,0.763,0.645,154900,8.89,31.8,49.5,924,58.6
75856,48225,Houston County,65,,0.256,0.741,,23.09,47.2,81.7,6,58.6
76624,48309,McLennan County,2660,79625,0.897,0.629,188300,7.15,15.2,42.1,917,58.6
76940,48451,Tom Green County,71,,1.0,1.0,,7.25,18.8,49.1,27,58.6
76957,48451,Tom Green County,49,,1.0,1.0,,7.25,18.8,49.1,18,58.6
78336,48409,San Patricio County,12424,58420,0.704,0.618,214200,9.9,30.0,59.9,3364,58.6
75432,48119,Delta County,3049,65030,0.799,0.861,151700,7.99,15.8,60.4,936,58.5
78332,48249,Jim Wells County,27042,49887,0.652,0.746,107500,11.49,28.0,88.7,6781,58.5
78373,48355,Nueces County,3348,91106,0.721,0.545,599400,8.18,18.0,33.1,928,58.5
78414,48355,Nueces County,54263,98771,0.621,0.668,292600,8.18,18.0,33.1,12960,58.5
79096,48483,Wheeler County,2095,67165,0.759,0.835,160600,10.13,10.0,100.0,611,58.5
75087,48397,Rockwall County,44326,129484,0.812,0.873,435400,4.53,13.8,41.5,13843,58.4
75473,48277,Lamar County,3674,103793,0.886,0.867,234200,3.79,16.1,22.4,1251,58.4
75475,48147,Fannin County,203,,1.0,1.0,,7.15,19.0,49.2,78,58.4
76712,48309,McLennan County,29118,97903,0.705,0.776,340600,7.15,15.2,42.1,7895,58.4
78162,48025,Bee County,331,,0.794,0.851,138300,9.25,29.4,100.0,101,58.4
78732,48453,Travis County,21087,192500,0.729,0.728,853900,7.98,4.8,42.7,5912,58.4
79533,48417,Shackelford County,475,59375,0.821,0.943,58300,9.34,10.8,100.0,149,58.4
75161,48257,Kaufman County,8011,85981,0.861,0.612,264500,5.94,20.5,58.2,2652,58.3
76554,48027,Bell County,2344,75500,0.784,0.811,177300,8.1,11.4,36.3,706,58.3
76651,48139,Ellis County,3984,67500,0.704,0.842,224500,7.79,23.2,31.2,1078,58.3
77521,48201,Harris County,69038,73629,0.582,0.631,231400,15.94,5.5,90.9,15453,58.3
75486,48277,Lamar County,2774,92460,0.968,0.785,208400,3.79,16.1,22.4,1032,58.2
76648,48217,Hill County,2777,54669,0.802,0.696,132000,8.54,28.0,55.9,856,58.2
77530,48201,Harris County,31527,62195,0.698,0.633,180800,15.94,5.5,90.9,8463,58.2
79233,48191,Hall County,90,,1.0,0.926,64400,9.16,11.9,100.0,34,58.2
76841,48413,Schleicher County,262,108563,0.333,0.887,,12.47,10.9,100.0,33,58.1
78070,48091,Comal County,20200,115175,0.892,0.829,516600,4.3,12.9,55.3,6930,58.1
78368,48409,San Patricio County,9464,46486,0.765,0.66,95300,9.9,30.0,59.9,2784,58.1
78640,48209,Hays County,77531,90075,0.71,0.722,330400,5.59,29.0,75.3,21171,58.1
79057,48179,Gray County,1010,70865,0.858,0.935,91300,6.8,13.4,100.0,333,58.1
79244,48345,Motley County,776,71875,0.732,0.856,88400,11.22,4.6,100.0,218,58.1
75479,48147,Fannin County,2284,74803,0.778,0.755,209500,7.15,19.0,49.2,683,58.0
76537,48491,Williamson County,16272,98199,0.795,0.908,290900,6.41,9.9,44.9,4975,58.0
76645,48217,Hill County,11494,63737,0.659,0.752,199100,8.54,28.0,55.9,2913,58.0
76875,48399,Runnels County,404,61875,0.855,1.0,162700,7.89,10.5,100.0,132,58.0
77045,48201,Harris County,33563,59688,0.611,0.818,181200,15.94,5.5,90.9,7887,58.0
78545,48427,Starr County,392,24550,1.0,0.939,,6.97,20.4,34.6,150,58.0
75973,48419,Shelby County,2453,67023,0.865,0.568,130800,8.07,19.4,28.8,816,57.9
76305,48077,Clay County,4941,78071,0.747,0.699,184700,7.52,19.0,51.8,1419,57.9
78102,48025,Bee County,27455,58939,0.697,0.684,111000,9.25,29.4,100.0,7360,57.9
78410,48355,Nueces County,29040,79308,0.681,0.703,235200,8.18,18.0,33.1,7606,57.9
79040,48195,Hansford County,1979,84583,0.797,0.915,156400,6.86,9.2,100.0,606,57.9
79788,48475,Ward County,699,57109,0.929,0.847,84700,6.62,23.1,42.7,249,57.9
75032,48397,Rockwall County,39865,135742,0.797,0.844,491300,4.53,13.8,41.5,12220,57.8
75964,48347,Nacogdoches County,20470,56762,0.64,0.615,130900,12.84,22.4,40.9,5038,57.8
76873,48083,Coleman County,120,145469,1.0,1.0,,1.41,7.9,21.1,46,57.8
79045,48117,Deaf Smith County,18189,60543,0.667,0.791,116500,7.96,32.0,71.4,4666,57.8
75072,48085,Collin County,55087,165682,0.826,0.918,502700,5.38,5.6,34.5,17500,57.7
75452,48147,Fannin County,5024,69479,0.791,0.807,295900,7.15,19.0,49.2,1528,57.7
76233,48181,Grayson County,3711,67516,0.747,0.822,250000,7.16,22.5,36.9,1066,57.7
76934,48451,Tom Green County,1471,52125,0.952,0.84,269600,7.25,18.8,49.1,538,57.7
78379,48273,Kleberg County,1659,100944,0.802,0.708,133200,5.99,14.9,52.9,511,57.7
78609,48299,Llano County,1983,64418,0.732,0.694,319700,8.87,21.4,100.0,558,57.7
75036,48121,Denton County,33496,151645,0.877,0.934,564500,4.58,4.6,37.6,11298,57.6
75054,48439,Tarrant County,18388,163229,0.884,0.889,470000,5.45,3.8,35.3,6251,57.6
75137,48113,Dallas County,19729,82253,0.711,0.851,275600,9.52,4.5,40.8,5395,57.6
76463,48143,Erath County,577,58750,0.858,0.699,163200,7.32,26.4,36.4,190,57.6
76955,48451,Tom Green County,80,,1.0,0.935,,7.25,18.8,49.1,30,57.6
77075,48201,Harris County,40626,69191,0.604,0.636,235600,15.94,5.5,90.9,9437,57.6
77502,48201,Harris County,36371,62500,0.634,0.693,177400,15.94,5.5,90.9,8868,57.6
78063,48019,Bandera County,10778,83914,0.923,0.704,304700,4.49,19.6,100.0,3826,57.6
75019,48113,Dallas County,44917,141923,0.633,0.701,559500,9.52,4.5,40.8,10935,57.5
76459,48237,Jack County,77,33438,1.0,0.231,56500,11.39,28.2,76.0,29,57.5
77079,48201,Harris County,37276,101995,0.483,0.47,679900,15.94,5.5,90.9,6924,57.5
78681,48491,Williamson County,56691,137819,0.739,0.83,497300,6.41,9.9,44.9,16113,57.5
76043,48425,Somervell County,6858,78306,0.746,0.653,250500,7.54,19.1,60.2,1967,57.4
76273,48181,Grayson County,11229,82021,0.689,0.671,242300,7.16,22.5,36.9,2975,57.4
77043,48201,Harris County,29048,79359,0.528,0.577,411100,15.94,5.5,90.9,5898,57.4
78654,48053,Burnet County,20650,74130,0.667,0.712,358400,6.87,29.9,100.0,5297,57.4
79837,48229,Hudspeth County,113,,0.614,0.476,,31.36,12.9,93.5,26,57.4
75218,48113,Dallas County,22544,107366,0.643,0.757,521000,9.52,4.5,40.8,5575,57.3
78628,48491,Williamson County,50822,125635,0.755,0.806,496600,6.41,9.9,44.9,14757,57.3
75476,48147,Fannin County,1111,57697,0.926,0.775,249300,7.15,19.0,49.2,395,57.2
78342,48249,Jim Wells County,399,40739,0.621,0.803,,11.49,28.0,88.7,95,57.2
78959,48177,Gonzales County,1157,60472,0.762,0.745,,6.85,34.2,59.2,339,57.2
79043,48069,Castro County,1462,57956,0.584,0.824,60200,7.95,47.2,81.4,328,57.2
75159,48113,Dallas County,23456,72897,0.81,0.786,234300,9.52,4.5,40.8,7307,57.1
76050,48251,Johnson County,7282,85194,0.796,0.767,273600,5.73,17.9,31.1,2229,57.1
76464,48417,Shackelford County,477,64038,0.787,0.824,48500,9.34,10.8,100.0,144,57.1
76945,48081,Coke County,1689,36731,0.675,0.606,67000,13.19,26.8,100.0,438,57.1
77994,48123,DeWitt County,424,87589,0.836,0.926,,3.97,16.9,19.7,136,57.1
79094,48011,Armstrong County,7,,1.0,1.0,,8.92,7.5,100.0,2,57.1
79505,48275,Knox County,266,52708,0.604,0.806,62900,12.8,18.4,100.0,61,57.1
79789,48495,Winkler County,1420,106250,0.91,0.731,124600,3.94,14.6,68.6,497,57.1
75496,48231,Hunt County,2893,64808,0.781,0.833,200900,6.64,26.0,33.8,869,57.0
76052,48439,Tarrant County,34249,143555,0.844,0.933,441800,5.45,3.8,35.3,11117,57.0
77406,48157,Fort Bend County,69918,141869,0.856,0.909,406300,5.55,3.2,34.0,23019,57.0
78594,48489,Willacy County,1206,23307,0.622,0.705,38300,14.15,22.2,68.6,288,57.0
76513,48027,Bell County,45928,80661,0.719,0.749,289600,8.1,11.4,36.3,12700,56.8
75441,48119,Delta County,82,,0.893,1.0,,7.99,15.8,60.4,28,56.7
76432,48049,Brown County,1459,69688,0.915,0.803,216700,5.2,19.2,27.8,513,56.7
76579,48027,Bell County,5448,85480,0.659,0.787,229700,8.1,11.4,36.3,1380,56.7
76643,48309,McLennan County,16432,83511,0.683,0.815,273300,7.15,15.2,42.1,4316,56.7
78052,48013,Atascosa County,6389,71429,0.875,0.662,200400,5.74,22.9,37.8,2150,56.7
78144,48255,Karnes County,47,,1.0,1.0,,6.25,19.6,49.4,18,56.7
75402,48231,Hunt County,20098,77877,0.669,0.773,273300,6.64,26.0,33.8,5171,56.6
75459,48181,Grayson County,6554,71228,0.724,0.713,258300,7.16,22.5,36.9,1825,56.6
76654,48309,McLennan County,175,69583,0.841,0.753,161200,7.15,15.2,42.1,56,56.6
79560,48151,Fisher County,37,85625,0.846,1.0,,5.63,6.1,67.3,12,56.6
76446,48143,Erath County,8131,57583,0.842,0.688,185500,7.32,26.4,36.4,2633,56.5
77029,48201,Harris County,16154,48279,0.656,0.833,135100,15.94,5.5,90.9,4075,56.5
77459,48157,Fort Bend County,84221,129151,0.852,0.903,386900,5.55,3.2,34.0,27598,56.5
78359,48409,San Patricio County,2154,45458,0.638,0.781,117700,9.9,30.0,59.9,528,56.5
78375,48249,Jim Wells County,2754,47941,0.598,0.733,91900,11.49,28.0,88.7,633,56.5
79239,48191,Hall County,121,36250,0.87,1.0,,9.16,11.9,100.0,40,56.5
75173,48085,Collin County,10664,101988,0.945,0.778,355900,5.38,5.6,34.5,3875,56.4
75477,48277,Lamar County,846,90469,0.838,0.898,216300,3.79,16.1,22.4,272,56.4
76569,48027,Bell County,2761,65491,0.824,0.793,125500,8.1,11.4,36.3,875,56.4
76885,48299,Llano County,142,,1.0,0.568,787200,8.87,21.4,100.0,54,56.4
77479,48157,Fort Bend County,92221,156735,0.827,0.898,478300,5.55,3.2,34.0,29333,56.3
78061,48163,Frio County,10500,60247,0.56,0.63,103400,10.14,30.6,82.5,2261,56.3
78607,48299,Llano County,118,58594,0.68,0.808,243800,8.87,21.4,100.0,30,56.3
75209,48113,Dallas County,14211,134707,0.643,0.604,864200,9.52,4.5,40.8,3514,56.2
78877,48323,Maverick County,648,43998,0.728,1.0,313600,8.48,19.8,70.5,181,56.2
75418,48147,Fannin County,15155,68918,0.752,0.782,223700,7.15,19.0,49.2,4383,56.1
76372,48447,Throckmorton County,1053,69167,0.755,0.72,106600,10.49,6.0,100.0,305,56.1
77863,48051,Burleson County,482,,0.369,0.774,,13.89,48.8,100.0,68,56.1
78017,48163,Frio County,5551,59808,0.645,0.484,103100,10.14,30.6,82.5,1377,56.1
78389,48025,Bee County,1754,37195,0.842,0.587,86200,9.25,29.4,100.0,568,56.1
78746,48453,Travis County,28256,188414,0.658,0.694,1494300,7.98,4.8,42.7,7150,56.1
75115,48113,Dallas County,56211,82782,0.696,0.771,319400,9.52,4.5,40.8,15047,56.0
75450,48119,Delta County,404,,0.865,1.0,214000,7.99,15.8,60.4,134,56.0
76248,48439,Tarrant County,40936,171804,0.819,0.886,576600,5.45,3.8,35.3,12894,56.0
77037,48201,Harris County,19004,58750,0.642,0.655,158000,15.94,5.5,90.9,4692,56.0
79034,48295,Lipscomb County,418,89250,0.86,0.944,123100,5.17,7.6,100.0,138,56.0
77088,48201,Harris County,57047,54411,0.619,0.76,200000,15.94,5.5,90.9,13581,55.9
79852,48043,Brewster County,641,34712,0.497,0.499,111200,17.39,28.9,100.0,122,55.9
76054,48439,Tarrant County,11744,109881,0.864,0.898,377800,5.45,3.8,35.3,3902,55.8
76842,48319,Mason County,297,,0.757,0.744,,13.49,12.5,100.0,86,55.8
79366,48303,Lubbock County,1041,113950,0.984,0.992,341000,1.53,6.0,11.4,393,55.8
75002,48085,Collin County,75057,137037,0.784,0.881,447800,5.38,5.6,34.5,22632,55.7
76182,48439,Tarrant County,30242,120558,0.819,0.925,403000,5.45,3.8,35.3,9526,55.7
76476,48221,Hood County,4144,81364,0.825,0.819,249600,4.44,18.4,43.6,1314,55.7
77016,48201,Harris County,29841,47677,0.612,0.861,125000,15.94,5.5,90.9,7024,55.7
75022,48121,Denton County,26090,177357,0.847,0.837,657400,4.58,4.6,37.6,8499,55.6
75052,48113,Dallas County,97278,89301,0.646,0.75,307100,9.52,4.5,40.8,24169,55.6
75658,48401,Rusk County,31,,0.632,0.0,,20.88,45.8,50.0,7,55.6
78353,48047,Brooks County,476,,0.541,0.712,,14.63,21.8,100.0,99,55.6
79119,48381,Randall County,24907,114432,0.674,0.707,366000,5.9,16.2,59.3,6456,55.6
75098,48085,Collin County,69325,122089,0.799,0.869,401500,5.38,5.6,34.5,21304,55.5
75142,48257,Kaufman County,22822,80028,0.758,0.667,237900,5.94,20.5,58.2,6653,55.5
76005,48439,Tarrant County,7102,168806,0.801,0.885,523400,5.45,3.8,35.3,2187,55.5
76016,48439,Tarrant County,31280,108885,0.836,0.926,334500,5.45,3.8,35.3,10057,55.5
76670,48139,Ellis County,1963,60104,0.742,0.726,216900,7.79,23.2,31.2,560,55.5
76958,48451,Tom Green County,213,,1.0,0.792,,7.25,18.8,49.1,81,55.5
78639,48299,Llano County,8719,57742,0.74,0.674,245500,8.87,21.4,100.0,2481,55.5
78836,48127,Dimmit County,155,,0.258,0.516,,31.36,31.0,77.0,15,55.5
79601,48253,Jones County,28050,53631,0.492,0.62,190200,13.34,26.9,90.4,5307,55.5
75409,48085,Collin County,27131,104814,0.809,0.916,353600,5.38,5.6,34.5,8441,55.4
76901,48451,Tom Green County,31831,69450,0.71,0.781,180900,7.25,18.8,49.1,8692,55.4
77503,48201,Harris County,23866,66797,0.532,0.647,182500,15.94,5.5,90.9,4883,55.4
77550,48167,Galveston County,23489,45047,0.4,0.551,325900,20.41,26.1,100.0,3613,55.4
78660,48453,Travis County,124834,113205,0.661,0.736,411900,7.98,4.8,42.7,31736,55.4
79042,48381,Randall County,1218,70590,0.812,0.857,148500,5.9,16.2,59.3,380,55.4
79118,48381,Randall County,28107,87810,0.763,0.699,234500,5.9,16.2,59.3,8248,55.4
79226,48129,Donley County,2855,58031,0.703,0.75,102700,12.73,8.6,100.0,771,55.4
76531,48193,Hamilton County,4703,49100,0.762,0.889,126300,9.62,13.6,86.1,1378,55.3
78380,48355,Nueces County,23149,54769,0.763,0.818,165600,8.18,18.0,33.1,6793,55.3
78548,48427,Starr County,1341,37308,0.854,0.977,54400,6.97,20.4,34.6,440,55.3
79230,48075,Childress County,31,,0.875,1.0,,9.31,9.8,100.0,10,55.3
75035,48085,Collin County,89682,166590,0.767,0.851,608900,5.38,5.6,34.5,26456,55.2
76821,48399,Runnels County,4670,63380,0.787,0.895,112900,7.89,10.5,100.0,1413,55.2
77070,48201,Harris County,58229,77397,0.475,0.545,288800,15.94,5.5,90.9,10637,55.2
79009,48369,Parmer County,1795,65333,0.623,0.742,116300,6.81,35.8,79.0,430,55.2
79607,48441,Taylor County,3315,62637,0.01,0.904,,13.66,58.4,100.0,12,55.2
79719,48475,Ward County,198,,0.946,0.899,180800,6.62,23.1,42.7,72,55.2
76502,48027,Bell County,52669,82088,0.641,0.752,272500,8.1,11.4,36.3,12984,55.1
76247,48121,Denton County,21726,124383,0.836,0.87,397900,4.58,4.6,37.6,6985,55.0
77096,48201,Harris County,35032,82852,0.449,0.508,432600,15.94,5.5,90.9,6049,55.0
78069,48013,Atascosa County,7038,75625,0.858,0.512,114300,5.74,22.9,37.8,2322,55.0
78750,48453,Travis County,29277,121563,0.649,0.706,601800,7.98,4.8,42.7,7307,55.0
75028,48121,Denton County,49094,149436,0.803,0.882,488700,4.58,4.6,37.6,15162,54.9
75214,48113,Dallas County,34274,132313,0.598,0.596,777100,9.52,4.5,40.8,7883,54.9
78025,48265,Kerr County,4999,70964,0.766,0.632,248200,7.81,15.9,61.2,1472,54.9
78045,48479,Webb County,67333,90608,0.789,0.829,243900,5.06,13.1,25.3,20432,54.9
78591,48427,Starr County,158,35750,0.895,0.888,,6.97,20.4,34.6,54,54.9
79742,48475,Ward County,620,68681,0.864,0.54,,6.62,23.1,42.7,206,54.9
79756,48475,Ward County,9485,67468,0.766,0.72,160600,6.62,23.1,42.7,2794,54.9
76061,48251,Johnson County,22,,1.0,1.0,,5.73,17.9,31.1,8,54.8
77048,48201,Harris County,21151,56747,0.586,0.706,210300,15.94,5.5,90.9,4767,54.8
78344,48479,Webb County,295,73250,0.866,0.904,137700,5.06,13.1,25.3,98,54.8
79002,48179,Gray County,15,,1.0,1.0,,6.8,13.4,100.0,5,54.8
79011,48483,Wheeler County,176,54375,0.731,0.869,226600,10.13,10.0,100.0,49,54.8
79745,48495,Winkler County,6034,80585,0.848,0.89,154100,3.94,14.6,68.6,1968,54.8
76002,48439,Tarrant County,35265,100667,0.805,0.974,339100,5.45,3.8,35.3,10918,54.7
76640,48309,McLennan County,3089,66641,0.832,0.692,166900,7.15,15.2,42.1,988,54.7
79054,48179,Gray County,660,62500,0.882,0.813,45000,6.8,13.4,100.0,223,54.7
79358,48219,Hockley County,1622,90333,0.782,0.805,217600,4.99,14.2,67.4,487,54.7
75068,48121,Denton County,72710,126635,0.802,0.89,410900,4.58,4.6,37.6,22428,54.6
76528,48099,Coryell County,18935,70558,0.705,0.829,226900,7.82,12.6,57.2,5134,54.6
78615,48491,Williamson County,1637,80938,0.829,0.77,441200,6.41,9.9,44.9,521,54.6
79079,48483,Wheeler County,2222,51250,0.752,0.878,92500,10.13,10.0,100.0,642,54.6
79331,48115,Dawson County,11711,54000,0.703,0.898,101800,7.84,20.1,70.2,3166,54.6
75071,48085,Collin County,72964,132447,0.743,0.873,481400,5.38,5.6,34.5,20850,54.5
75421,48277,Lamar County,850,75197,0.899,0.847,158600,3.79,16.1,22.4,293,54.5
76126,48439,Tarrant County,27689,113905,0.82,0.868,383700,5.45,3.8,35.3,8732,54.5
77038,48201,Harris County,32637,57232,0.576,0.695,194200,15.94,5.5,90.9,7230,54.5
78023,48029,Bexar County,28462,134007,0.891,0.931,412900,3.4,3.4,32.2,9753,54.5
78387,48409,San Patricio County,9640,53048,0.579,0.643,166300,9.9,30.0,59.9,2146,54.5
75449,48147,Fannin County,868,56250,0.748,0.903,130400,7.15,19.0,49.2,249,54.4
76249,48121,Denton County,10637,120169,0.816,0.874,356000,4.58,4.6,37.6,3338,54.4
77003,48201,Harris County,10164,83980,0.41,0.516,384400,15.94,5.5,90.9,1602,54.4
79081,48195,Hansford County,2974,68542,0.82,0.887,147700,6.86,9.2,100.0,937,54.4
75474,48231,Hunt County,17671,64103,0.822,0.599,191400,6.64,26.0,33.8,5586,54.3
75423,48231,Hunt County,3104,59375,0.809,0.708,252900,6.64,26.0,33.8,965,54.2
76179,48439,Tarrant County,80090,107428,0.791,0.918,330300,5.45,3.8,35.3,24365,54.2
76904,48451,Tom Green County,36954,81833,0.596,0.698,285400,7.25,18.8,49.1,8470,54.2
77957,48239,Jackson County,9069,62926,0.666,0.74,168800,9.66,12.8,74.7,2323,54.2
78361,48247,Jim Hogg County,4727,42211,0.564,0.795,129400,12.52,19.2,85.8,1025,54.2
78661,48055,Caldwell County,835,82896,0.914,0.693,209700,3.89,15.5,35.4,293,54.2
78954,48149,Fayette County,1173,103750,0.919,0.91,427300,2.49,8.5,45.3,414,54.2
79027,48069,Castro County,4858,50865,0.579,0.752,90900,7.95,47.2,81.4,1081,54.2
79342,48165,Gaines County,249,73750,0.872,0.907,120000,3.36,17.9,45.0,83,54.2
75424,48085,Collin County,3790,89157,0.88,0.812,312300,5.38,5.6,34.5,1282,54.1
76708,48309,McLennan County,27790,68856,0.699,0.837,219900,7.15,15.2,42.1,7471,54.1
77019,48201,Harris County,23708,116423,0.376,0.356,816500,15.94,5.5,90.9,3428,54.1
79511,48227,Howard County,1811,117578,0.891,0.874,264400,2.97,8.4,18.4,620,54.1
75431,48223,Hopkins County,2069,43242,0.659,0.592,306900,9.96,29.9,74.8,524,54.0
75565,48067,Cass County,248,19539,0.179,0.452,,25.34,55.9,72.3,17,54.0
76148,48439,Tarrant County,23367,89840,0.814,0.984,242200,5.45,3.8,35.3,7315,54.0
78730,48453,Travis County,9142,158673,0.659,0.571,1014700,7.98,4.8,42.7,2317,54.0
75020,48181,Grayson County,24835,71605,0.587,0.757,204300,7.16,22.5,36.9,5606,53.9
75040,48113,Dallas County,64606,74519,0.668,0.786,266300,9.52,4.5,40.8,16598,53.9
75439,48147,Fannin County,1087,64500,0.684,0.818,155400,7.15,19.0,49.2,285,53.9
77033,48201,Harris County,29154,38071,0.59,0.856,128900,15.94,5.5,90.9,6615,53.9
77086,48201,Harris County,28653,58200,0.548,0.686,208800,15.94,5.5,90.9,6039,53.9
78076,48505,Zapata County,13123,39239,0.714,0.58,100000,12.87,17.0,78.5,3603,53.9
78161,48493,Wilson County,579,79904,1.0,0.836,204100,2.35,13.4,21.1,222,53.9
78608,48053,Burnet County,428,,0.882,0.689,555800,6.87,29.9,100.0,145,53.9
75702,48423,Smith County,27927,51564,0.529,0.739,115200,12.99,17.2,55.7,5682,53.8
75788,48347,Nacogdoches County,48,,1.0,0.0,,12.84,22.4,40.9,18,53.8
76373,48487,Wilbarger County,181,60417,0.929,0.788,,5.75,14.6,82.5,64,53.8
76574,48491,Williamson County,20242,78568,0.766,0.854,297500,6.41,9.9,44.9,5963,53.8
79032,48189,Hale County,133,76250,0.921,0.875,,3.12,14.9,70.1,47,53.8
75077,48121,Denton County,42950,127211,0.777,0.87,464000,4.58,4.6,37.6,12835,53.7
76450,48503,Young County,12999,75258,0.768,0.802,192900,5.64,14.9,51.6,3839,53.7
76820,48319,Mason County,104,,0.676,0.735,,13.49,12.5,100.0,27,53.7
78055,48019,Bandera County,1753,85345,0.8,0.636,266500,4.49,19.6,100.0,539,53.7
75205,48113,Dallas County,26572,181631,0.552,0.546,1706700,9.52,4.5,40.8,5641,53.6
78260,48029,Bexar County,38023,154590,0.869,0.888,498100,3.4,3.4,32.2,12708,53.6
77055,48201,Harris County,45435,74369,0.46,0.506,624200,15.94,5.5,90.9,8038,53.5
76542,48027,Bell County,53892,74055,0.653,0.729,244000,8.1,11.4,36.3,13535,53.4
76882,48399,Runnels County,313,61750,0.804,0.781,120200,7.89,10.5,100.0,96,53.4
78963,48149,Fayette County,605,97917,1.0,0.757,235600,2.49,8.5,45.3,232,53.4
75044,48113,Dallas County,47529,92178,0.589,0.674,344300,9.52,4.5,40.8,10767,53.3
75149,48113,Dallas County,58262,70774,0.668,0.81,227200,9.52,4.5,40.8,14968,53.3
75468,48277,Lamar County,1085,105875,0.663,0.884,252200,3.79,16.1,22.4,276,53.3
75965,48347,Nacogdoches County,18243,55291,0.514,0.552,244500,12.84,22.4,40.9,3606,53.3
76548,48027,Bell County,33729,80520,0.614,0.698,287800,8.1,11.4,36.3,7965,53.3
79251,48087,Collingsworth County,31,,1.0,1.0,133900,7.65,4.9,100.0,11,53.3
75442,48085,Collin County,10805,95250,0.816,0.814,364000,5.38,5.6,34.5,3391,53.2
76123,48439,Tarrant County,42957,102768,0.767,0.916,310500,5.45,3.8,35.3,12672,53.2
76802,48049,Brown County,5415,70714,0.789,0.757,207400,5.2,19.2,27.8,1643,53.2
76884,48083,Coleman County,121,91827,0.945,0.971,43200,1.41,7.9,21.1,43,53.2
77040,48201,Harris County,50977,65028,0.505,0.569,244700,15.94,5.5,90.9,9901,53.2
77065,48201,Harris County,38926,74605,0.438,0.521,278700,15.94,5.5,90.9,6557,53.2
78133,48091,Comal County,21959,83853,0.848,0.778,349100,4.3,12.9,55.3,7162,53.2
78255,48029,Bexar County,17379,157428,0.848,0.892,531400,3.4,3.4,32.2,5668,53.2
78614,48177,Gonzales County,262,,0.816,0.723,,6.85,34.2,59.2,82,53.2
78747,48453,Travis County,22180,92748,0.668,0.688,430300,7.98,4.8,42.7,5698,53.2
75426,48387,Red River County,4351,35938,0.625,0.779,93300,10.06,22.1,51.2,1045,53.1
76227,48121,Denton County,62127,111402,0.774,0.888,400800,4.58,4.6,37.6,18494,53.1
76258,48121,Denton County,8444,103532,0.817,0.852,366600,4.58,4.6,37.6,2653,53.1
76559,48027,Bell County,7197,76286,0.655,0.665,263500,8.1,11.4,36.3,1813,53.1
77587,48201,Harris County,16033,53497,0.554,0.702,189300,15.94,5.5,90.9,3416,53.1
79121,48381,Randall County,6437,74659,0.72,0.786,288300,5.9,16.2,59.3,1782,53.1
75102,48349,Navarro County,1583,88929,0.944,0.674,123500,3.88,10.2,24.2,574,53.0
77020,48201,Harris County,23686,50119,0.538,0.767,163300,15.94,5.5,90.9,4901,53.0
78026,48013,Atascosa County,7031,78501,0.726,0.559,172800,5.74,22.9,37.8,1963,53.0
78418,48273,Kleberg County,29790,92445,0.682,0.645,302500,5.99,14.9,52.9,7814,53.0
78613,48491,Williamson County,89956,125487,0.639,0.715,496200,6.41,9.9,44.9,22108,53.0
77338,48201,Harris County,48031,64755,0.475,0.606,233300,15.94,5.5,90.9,8774,52.9
77428,48321,Matagorda County,151,,0.0,1.0,,18.96,33.8,100.0,0,52.9
78164,48123,DeWitt County,2927,67578,0.872,0.873,171300,3.97,16.9,19.7,981,52.9
79245,48191,Hall County,2230,48403,0.721,0.913,78900,9.16,11.9,100.0,618,52.9
77006,48201,Harris County,24892,106533,0.346,0.347,614800,15.94,5.5,90.9,3312,52.8
78736,48453,Travis County,9651,93805,0.66,0.67,573100,7.98,4.8,42.7,2449,52.8
79256,48345,Motley County,290,39231,0.755,0.96,65800,11.22,4.6,100.0,84,52.8
77469,48157,Fort Bend County,69826,102125,0.794,0.841,327200,5.55,3.2,34.0,21323,52.7
78140,48177,Gonzales County,3474,50250,0.735,0.67,85200,6.85,34.2,59.2,982,52.7
78385,48261,Kenedy County,109,39342,0.604,0.84,,13.47,9.6,100.0,25,52.7
79227,48155,Foard County,1065,62188,0.755,0.836,69700,9.48,3.4,100.0,309,52.7
75440,48379,Rains County,7846,65232,0.842,0.764,286800,5.94,14.1,100.0,2540,52.6
76031,48251,Johnson County,18920,69155,0.782,0.73,200200,5.73,17.9,31.1,5690,52.6
76527,48491,Williamson County,4918,81574,0.816,0.652,345400,6.41,9.9,44.9,1543,52.6
77098,48201,Harris County,17210,116650,0.341,0.309,787300,15.94,5.5,90.9,2257,52.6
77478,48157,Fort Bend County,23182,118495,0.757,0.824,404600,5.55,3.2,34.0,6749,52.6
78121,48493,Wilson County,16120,120048,0.869,0.697,402600,2.35,13.4,21.1,5387,52.6
78749,48453,Travis County,34562,111079,0.586,0.687,585200,7.98,4.8,42.7,7789,52.6
79526,48415,Scurry County,986,83843,0.919,0.88,143800,2.49,10.9,25.5,348,52.6
79755,48461,Upton County,67,,0.333,0.809,,14.97,22.0,87.8,8,52.6
75160,48257,Kaufman County,28206,71801,0.685,0.714,255700,5.94,20.5,58.2,7431,52.5
76483,48447,Throckmorton County,822,53214,0.691,0.873,79400,10.49,6.0,100.0,218,52.5
78665,48491,Williamson County,66171,122680,0.614,0.73,474100,6.41,9.9,44.9,15626,52.5
78884,48019,Bandera County,1171,84271,0.681,0.763,286900,4.49,19.6,100.0,306,52.5
79103,48375,Potter County,11306,57981,0.697,0.883,132300,6.68,20.4,50.1,3030,52.5
79922,48141,El Paso County,6800,106003,0.929,0.947,350200,1.61,4.4,11.0,2429,52.5
75143,48257,Kaufman County,14709,67897,0.82,0.556,182900,5.94,20.5,58.2,4638,52.4
76001,48439,Tarrant County,38913,105311,0.757,0.868,352700,5.45,3.8,35.3,11329,52.4
77025,48201,Harris County,29715,81008,0.406,0.429,586600,15.94,5.5,90.9,4640,52.4
77028,48201,Harris County,19109,38357,0.569,0.791,121100,15.94,5.5,90.9,4181,52.4
77046,48201,Harris County,1793,131932,0.489,0.011,286500,15.94,5.5,90.9,337,52.4
77078,48201,Harris County,14247,39093,0.562,0.799,162100,15.94,5.5,90.9,3079,52.4
77093,48201,Harris County,46407,46766,0.562,0.731,142800,15.94,5.5,90.9,10031,52.4
78852,48323,Maverick County,57434,49954,0.705,0.718,157900,8.48,19.8,70.5,15573,52.4
79252,48197,Hardeman County,2784,62228,0.728,0.783,84600,8.62,8.9,100.0,779,52.4
75164,48085,Collin County,885,65825,0.893,1.0,242500,5.38,5.6,34.5,303,52.3
75462,48277,Lamar County,12372,81563,0.758,0.852,250200,3.79,16.1,22.4,3606,52.3
78152,48029,Bexar County,4521,123981,0.834,0.9,325200,3.4,3.4,32.2,1450,52.3
79015,48381,Randall County,23765,83445,0.67,0.7,280400,5.9,16.2,59.3,6124,52.3
79231,48153,Floyd County,24,,1.0,1.0,,6.68,8.4,96.9,9,52.3
79258,48153,Floyd County,14,,1.0,1.0,,6.68,8.4,96.9,5,52.3
75109,48349,Navarro County,5344,88074,0.896,0.716,258400,3.88,10.2,24.2,1841,52.2
75230,48113,Dallas County,27763,110956,0.574,0.516,931500,9.52,4.5,40.8,6129,52.2
75407,48085,Collin County,34171,100037,0.762,0.811,329000,5.38,5.6,34.5,10014,52.2
76009,48251,Johnson County,22803,79755,0.776,0.544,245400,5.73,17.9,31.1,6805,52.2
76266,48121,Denton County,18155,99425,0.814,0.827,338300,4.58,4.6,37.6,5683,52.2
78028,48265,Kerr County,41206,66991,0.671,0.681,323200,7.81,15.9,61.2,10634,52.2
78417,48355,Nueces County,4703,53750,0.652,0.81,155200,8.18,18.0,33.1,1179,52.2
79110,48381,Randall County,16994,66683,0.699,0.899,160100,5.9,16.2,59.3,4568,52.2
76561,48099,Coryell County,996,60357,0.818,0.653,165700,7.82,12.6,57.2,313,52.1
77520,48201,Harris County,36355,54278,0.522,0.676,150700,15.94,5.5,90.9,7298,52.1
77545,48157,Fort Bend County,26236,94474,0.793,0.846,261500,5.55,3.2,34.0,8001,52.1
78108,48187,Guadalupe County,49784,113004,0.839,0.928,337600,1.51,9.1,7.6,16064,52.1
78940,48149,Fayette County,2188,89157,0.946,0.818,292200,2.49,8.5,45.3,796,52.1
79108,48375,Potter County,11216,66676,0.752,0.595,163200,6.68,20.4,50.1,3244,52.1
75446,48147,Fannin County,3814,52460,0.785,0.744,238800,7.15,19.0,49.2,1151,52.0
76093,48251,Johnson County,4198,57200,0.849,0.801,148300,5.73,17.9,31.1,1370,52.0
76131,48439,Tarrant County,56322,108694,0.733,0.864,343100,5.45,3.8,35.3,15878,52.0
76210,48121,Denton County,47610,113980,0.758,0.833,376000,4.58,4.6,37.6,13880,52.0
76845,48083,Coleman County,168,76042,1.0,0.972,243800,1.41,7.9,21.1,64,52.0
77011,48201,Harris County,14940,50133,0.522,0.725,209300,15.94,5.5,90.9,2999,52.0
78413,48355,Nueces County,34289,72815,0.572,0.591,244200,8.18,18.0,33.1,7543,52.0
79029,48341,Moore County,15411,64652,0.638,0.744,161900,6.72,23.1,100.0,3781,52.0
79201,48075,Childress County,6779,58438,0.716,0.759,124600,9.31,9.8,100.0,1866,52.0
79241,48153,Floyd County,2204,61803,0.819,0.925,85700,6.68,8.4,96.9,694,52.0
79380,48219,Hockley County,98,87917,0.688,0.805,55000,4.99,14.2,67.4,25,52.0
79556,48353,Nolan County,12532,49393,0.66,0.756,94900,7.91,25.2,66.1,3181,52.0
76036,48439,Tarrant County,36044,97973,0.763,0.87,319300,5.45,3.8,35.3,10577,51.9
77039,48201,Harris County,27862,47119,0.597,0.638,165600,15.94,5.5,90.9,6397,51.9
77494,48157,Fort Bend County,140157,148720,0.709,0.807,476200,5.55,3.2,34.0,38219,51.9
78101,48029,Bexar County,7267,111280,0.917,0.778,335500,3.4,3.4,32.2,2563,51.9
78254,48029,Bexar County,77893,115526,0.823,0.922,320800,3.4,3.4,32.2,24656,51.9
78748,48453,Travis County,55631,115213,0.567,0.655,465100,7.98,4.8,42.7,12131,51.9
79261,48191,Hall County,411,49450,0.697,0.869,129200,9.16,11.9,100.0,110,51.9
75043,48113,Dallas County,63152,76778,0.622,0.684,269400,9.52,4.5,40.8,15107,51.8
75232,48113,Dallas County,32972,61847,0.698,0.818,220100,9.52,4.5,40.8,8851,51.8
75935,48419,Shelby County,12621,49239,0.733,0.694,111500,8.07,19.4,28.8,3558,51.8
76060,48439,Tarrant County,9444,119156,0.728,0.82,378600,5.45,3.8,35.3,2644,51.8
77461,48157,Fort Bend County,12365,93446,0.797,0.832,275300,5.55,3.2,34.0,3790,51.8
78404,48355,Nueces County,12635,61280,0.568,0.788,189000,8.18,18.0,33.1,2760,51.8
79519,48083,Coleman County,99,163380,0.849,0.841,220500,1.41,7.9,21.1,32,51.8
75060,48113,Dallas County,47591,71575,0.649,0.718,249800,9.52,4.5,40.8,11879,51.7
76522,48099,Coryell County,42118,72206,0.621,0.744,185800,7.82,12.6,57.2,10059,51.7
78757,48453,Travis County,23856,103860,0.599,0.638,655900,7.98,4.8,42.7,5496,51.7
79834,48043,Brewster County,331,49617,0.016,0.896,,17.39,28.9,100.0,2,51.7
75244,48113,Dallas County,13389,120286,0.513,0.544,617800,9.52,4.5,40.8,2641,51.6
79065,48179,Gray County,19378,58912,0.756,0.891,110000,6.8,13.4,100.0,5634,51.6
76018,48439,Tarrant County,26834,88288,0.764,0.913,265100,5.45,3.8,35.3,7885,51.5
78885,48019,Bandera County,23,68125,0.769,0.795,,4.49,19.6,100.0,6,51.5
75416,48277,Lamar County,2873,75735,0.799,0.799,202500,3.79,16.1,22.4,882,51.4
75574,48037,Bowie County,1227,75824,0.953,0.661,115900,4.0,10.5,14.5,449,51.4
77080,48201,Harris County,47638,62134,0.492,0.528,345000,15.94,5.5,90.9,9014,51.4
78261,48029,Bexar County,26657,147727,0.798,0.866,430200,3.4,3.4,32.2,8181,51.4
75080,48113,Dallas County,52569,92903,0.546,0.604,447100,9.52,4.5,40.8,11039,51.3
77015,48201,Harris County,58415,57753,0.532,0.548,172800,15.94,5.5,90.9,11952,51.3
77087,48201,Harris County,34347,52847,0.523,0.639,177900,15.94,5.5,90.9,6909,51.3
78122,48177,Gonzales County,338,,1.0,0.29,,6.85,34.2,59.2,130,51.3
76262,48121,Denton County,43620,151250,0.733,0.748,577100,4.58,4.6,37.6,12297,51.2
79377,48115,Dawson County,230,44000,0.689,0.82,144100,7.84,20.1,70.2,60,51.2
79383,48305,Lynn County,38,,0.375,1.0,,10.9,24.6,100.0,5,51.2
75033,48121,Denton County,52795,174762,0.696,0.79,652100,4.58,4.6,37.6,14132,51.1
77022,48201,Harris County,25805,52739,0.504,0.66,219200,15.94,5.5,90.9,5002,51.1
78008,48013,Atascosa County,234,55440,0.65,0.966,227900,5.74,22.9,37.8,58,51.1
78547,48427,Starr County,306,,0.691,1.0,,6.97,20.4,34.6,81,51.1
79316,48445,Terry County,10055,43063,0.658,0.864,103900,7.18,25.5,60.8,2544,51.1
77905,48469,Victoria County,16599,88585,0.85,0.757,227500,3.27,11.5,19.6,5426,51.0
79311,48189,Hale County,3536,81985,0.76,0.889,176800,3.12,14.9,70.1,1033,51.0
75025,48085,Collin County,53202,143260,0.662,0.755,486100,5.38,5.6,34.5,13546,50.9
75092,48181,Grayson County,28342,68036,0.581,0.635,279500,7.16,22.5,36.9,6333,50.9
78003,48019,Bandera County,9967,69457,0.826,0.639,242700,4.49,19.6,100.0,3166,50.9
78118,48255,Karnes County,4676,60711,0.748,0.696,103700,6.25,19.6,49.4,1345,50.9
78629,48177,Gonzales County,12740,59521,0.584,0.648,206700,6.85,34.2,59.2,2861,50.9
79223,48101,Cottle County,61,,1.0,1.0,,6.86,3.4,100.0,23,50.9
75223,48113,Dallas County,11994,73318,0.552,0.793,265100,9.52,4.5,40.8,2546,50.8
76063,48439,Tarrant County,82625,118946,0.716,0.775,411800,5.45,3.8,35.3,22753,50.8
76460,48503,Young County,469,76964,0.763,0.595,,5.64,14.9,51.6,137,50.8
77034,48201,Harris County,36456,58217,0.51,0.542,197200,15.94,5.5,90.9,7150,50.8
78617,48453,Travis County,30756,71640,0.799,0.567,281700,7.98,4.8,42.7,9451,50.8
78626,48491,Williamson County,48072,100431,0.618,0.709,387700,6.41,9.9,44.9,11426,50.8
75081,48113,Dallas County,36544,93165,0.506,0.629,371500,9.52,4.5,40.8,7112,50.7
77071,48201,Harris County,27056,54139,0.511,0.602,245100,15.94,5.5,90.9,5317,50.7
78407,48355,Nueces County,1674,47688,0.63,0.837,98800,8.18,18.0,33.1,405,50.7
78411,48355,Nueces County,23682,57742,0.596,0.744,184700,8.18,18.0,33.1,5428,50.7
78416,48355,Nueces County,12480,43198,0.632,0.874,94600,8.18,18.0,33.1,3033,50.7
79033,48357,Ochiltree County,20,,1.0,1.0,,5.54,10.2,100.0,7,50.7
75180,48113,Dallas County,26455,67019,0.66,0.712,223900,9.52,4.5,40.8,6715,50.6
75954,48419,Shelby County,3607,56600,0.739,0.491,91700,8.07,19.4,28.8,1025,50.6
75101,48139,Ellis County,963,61000,0.569,0.66,133000,7.79,23.2,31.2,210,50.5
76033,48251,Johnson County,29538,76292,0.626,0.721,253800,5.73,17.9,31.1,7111,50.5
76118,48439,Tarrant County,17991,94530,0.731,0.848,326400,5.45,3.8,35.3,5058,50.5
76549,48027,Bell County,56038,70871,0.553,0.757,226000,8.1,11.4,36.3,11918,50.5
78064,48013,Atascosa County,16365,66887,0.689,0.644,220700,5.74,22.9,37.8,4336,50.5
75434,48277,Lamar County,6,,1.0,1.0,,3.79,16.1,22.4,2,50.4
76501,48027,Bell County,17752,62532,0.639,0.756,172500,8.1,11.4,36.3,4362,50.4
76539,48281,Lampasas County,9415,100625,0.931,0.749,286200,1.91,6.0,27.9,3371,50.4
78339,48355,Nueces County,465,94444,0.377,0.555,,8.18,18.0,33.1,67,50.4
75961,48347,Nacogdoches County,15183,41495,0.499,0.541,141200,12.84,22.4,40.9,2913,50.3
78409,48355,Nueces County,2937,60089,0.609,0.641,172600,8.18,18.0,33.1,687,50.3
78415,48355,Nueces County,43080,54990,0.602,0.752,152000,8.18,18.0,33.1,9974,50.3
78703,48453,Travis County,23483,153036,0.535,0.536,1495800,7.98,4.8,42.7,4832,50.3
79843,48377,Presidio County,2633,45263,0.769,0.694,289300,8.37,14.6,100.0,778,50.3
76401,48143,Erath County,31375,61210,0.559,0.656,270000,7.32,26.4,36.4,6745,50.2
76641,48349,Navarro County,2487,81094,0.851,0.731,166300,3.88,10.2,24.2,814,50.2
76852,48307,McCulloch County,278,70865,0.845,0.729,,4.43,13.9,39.3,90,50.2
77004,48201,Harris County,35997,71199,0.382,0.467,412800,15.94,5.5,90.9,5288,50.2
78252,48029,Bexar County,21790,85518,0.86,0.927,250600,3.4,3.4,32.2,7207,50.2
75041,48113,Dallas County,32943,70308,0.588,0.741,232100,9.52,4.5,40.8,7450,50.1
76380,48023,Baylor County,3509,45880,0.657,0.793,103100,9.78,11.2,82.9,886,50.1
77498,48157,Fort Bend County,52806,100950,0.706,0.823,302600,5.55,3.2,34.0,14338,50.1
78123,48187,Guadalupe County,2127,97553,0.893,0.786,238500,1.51,9.1,7.6,730,50.1
78371,48479,Webb County,101,,1.0,0.926,,5.06,13.1,25.3,38,50.1
78873,48385,Real County,1472,,0.809,0.597,100900,8.44,18.2,100.0,458,50.1
77017,48201,Harris County,29640,51079,0.51,0.607,158300,15.94,5.5,90.9,5814,50.0
77407,48157,Fort Bend County,88319,98913,0.725,0.796,372000,5.55,3.2,34.0,24627,50.0
77845,48041,Brazos County,76764,88851,0.628,0.74,365100,5.19,14.1,60.4,18541,50.0
78159,48177,Gonzales County,623,35083,0.689,0.693,132600,6.85,34.2,59.2,165,50.0
76244,48439,Tarrant County,76728,122217,0.68,0.769,391200,5.45,3.8,35.3,20067,49.9
78117,48255,Karnes County,661,,0.904,0.713,323800,6.25,19.6,49.4,229,49.9
78582,48427,Starr County,44741,42626,0.723,0.797,102800,6.97,20.4,34.6,12441,49.9
79360,48165,Gaines County,17342,79467,0.793,0.667,219200,3.36,17.9,45.0,5289,49.9
79845,48377,Presidio County,3226,42818,0.774,0.678,96800,8.37,14.6,100.0,960,49.9
77481,48157,Fort Bend County,78,57857,1.0,0.882,,5.55,3.2,34.0,30,49.8
75248,48113,Dallas County,38459,100414,0.536,0.475,576100,9.52,4.5,40.8,7928,49.7
76259,48121,Denton County,6596,101845,0.738,0.77,354100,4.58,4.6,37.6,1872,49.7
76832,48411,San Saba County,544,45536,0.788,0.807,145300,7.48,13.1,50.8,164,49.7
77050,48201,Harris County,6566,37009,0.495,0.74,112600,15.94,5.5,90.9,1250,49.7
77076,48201,Harris County,31222,42522,0.534,0.634,177300,15.94,5.5,90.9,6412,49.7
78065,48013,Atascosa County,11695,57200,0.786,0.614,167300,5.74,22.9,37.8,3535,49.7
78722,48453,Travis County,6767,105046,0.523,0.625,678300,7.98,4.8,42.7,1361,49.7
75208,48113,Dallas County,29367,81950,0.542,0.605,438400,9.52,4.5,40.8,6121,49.6
76890,48049,Brown County,803,62411,0.806,0.636,158000,5.2,19.2,27.8,248,49.6
77489,48157,Fort Bend County,39292,74689,0.771,0.94,225000,5.55,3.2,34.0,11651,49.6
75090,48181,Grayson County,26594,55543,0.572,0.789,188000,7.16,22.5,36.9,5850,49.5
76871,48411,San Saba County,728,52500,0.75,0.764,166700,7.48,13.1,50.8,210,49.5
76872,48307,McCulloch County,754,58750,0.903,0.81,255000,4.43,13.9,39.3,261,49.5
77027,48201,Harris County,20317,103812,0.302,0.22,859500,15.94,5.5,90.9,2359,49.5
78536,48427,Starr County,371,28393,0.735,0.811,,6.97,20.4,34.6,104,49.5
79758,48135,Ector County,2016,102560,0.934,0.704,390700,2.62,4.1,18.2,724,49.5
75065,48121,Denton County,13657,102597,0.738,0.745,334400,4.58,4.6,37.6,3876,49.4
77056,48201,Harris County,22877,93499,0.335,0.223,860900,15.94,5.5,90.9,2947,49.4
79540,48433,Stonewall County,52,,1.0,1.0,111000,6.02,4.2,100.0,20,49.4
77014,48201,Harris County,36119,55589,0.502,0.496,228600,15.94,5.5,90.9,6973,49.3
79376,48501,Yoakum County,10,,1.0,1.0,,3.53,14.6,50.1,3,49.3
77023,48201,Harris County,24281,51430,0.481,0.594,302300,15.94,5.5,90.9,4491,49.2
79323,48165,Gaines County,7485,87321,0.627,0.81,193300,3.36,17.9,45.0,1805,49.2
79528,48263,Kent County,578,73476,0.827,0.806,103900,5.66,3.2,100.0,183,49.2
75023,48085,Collin County,49229,109660,0.641,0.756,416500,5.38,5.6,34.5,12136,49.1
76058,48251,Johnson County,22276,71328,0.745,0.513,275900,5.73,17.9,31.1,6382,49.1
76367,48485,Wichita County,14367,76310,0.885,0.891,143500,2.85,7.2,16.0,4890,49.1
79313,48219,Hockley County,1527,62788,0.756,0.869,74300,4.99,14.2,67.4,444,49.1
75241,48113,Dallas County,33840,53998,0.675,0.821,192000,9.52,4.5,40.8,8785,49.0
75146,48113,Dallas County,25097,68071,0.568,0.733,263900,9.52,4.5,40.8,5482,48.9
76666,48217,Hill County,261,,0.57,0.683,93000,8.54,28.0,55.9,57,48.9
77077,48201,Harris County,60098,72871,0.374,0.366,379700,15.94,5.5,90.9,8644,48.9
77991,48239,Jackson County,440,,0.787,0.564,107600,9.66,12.8,74.7,133,48.9
78114,48493,Wilson County,24283,88087,0.834,0.68,292600,2.35,13.4,21.1,7789,48.9
78731,48453,Travis County,27507,105494,0.531,0.555,903200,7.98,4.8,42.7,5617,48.9
79010,48375,Potter County,616,,0.739,0.845,,6.68,20.4,50.1,175,48.9
75013,48085,Collin County,49796,146891,0.636,0.656,590700,5.38,5.6,34.5,12180,48.8
75116,48113,Dallas County,19954,67390,0.607,0.669,237500,9.52,4.5,40.8,4658,48.8
75234,48113,Dallas County,32961,86733,0.514,0.547,351600,9.52,4.5,40.8,6516,48.8
76877,48411,San Saba County,4111,53500,0.68,0.822,165400,7.48,13.1,50.8,1075,48.8
79005,48295,Lipscomb County,1536,70223,0.825,0.78,155900,5.17,7.6,100.0,487,48.8
79095,48087,Collingsworth County,2405,58889,0.738,0.839,103600,7.65,4.9,100.0,682,48.8
79247,48487,Wilbarger County,36,,1.0,0.667,,5.75,14.6,82.5,13,48.8
79567,48399,Runnels County,2995,50781,0.684,0.873,71700,7.89,10.5,100.0,787,48.8
75006,48113,Dallas County,47807,84815,0.515,0.553,328500,9.52,4.5,40.8,9469,48.7
77026,48201,Harris County,21981,39211,0.437,0.759,175000,15.94,5.5,90.9,3694,48.7
75007,48121,Denton County,54646,111521,0.674,0.753,381100,4.58,4.6,37.6,14165,48.6
75974,48419,Shelby County,2592,47292,0.697,0.563,91300,8.07,19.4,28.8,694,48.6
79534,48151,Fisher County,360,70833,0.783,0.783,360000,5.63,6.1,67.3,108,48.6
75975,48419,Shelby County,3671,44297,0.7,0.583,96900,8.07,19.4,28.8,988,48.5
78072,48311,McMullen County,403,37198,0.809,0.685,82200,9.65,5.2,100.0,125,48.5
75472,48379,Rains County,3951,61694,0.77,0.673,164600,5.94,14.1,100.0,1170,48.4
76626,48349,Navarro County,1036,102500,0.618,0.822,205600,3.88,10.2,24.2,246,48.4
77446,48473,Waller County,5780,20766,0.17,0.348,250900,15.72,84.2,100.0,377,48.4
78724,48453,Travis County,31103,77926,0.606,0.629,344000,7.98,4.8,42.7,7249,48.4
79092,48359,Oldham County,1361,83068,0.796,0.869,176700,3.55,5.0,100.0,416,48.4
78644,48055,Caldwell County,22348,74709,0.749,0.685,279800,3.89,15.5,35.4,6437,48.3
79543,48151,Fisher County,1091,64978,0.821,0.804,71500,5.63,6.1,67.3,344,48.3
78253,48029,Bexar County,69282,106373,0.77,0.796,360000,3.4,3.4,32.2,20518,48.2
78717,48491,Williamson County,37262,145325,0.513,0.575,652200,6.41,9.9,44.9,7352,48.2
75042,48113,Dallas County,38112,64266,0.585,0.715,240200,9.52,4.5,40.8,8575,48.1
76870,48333,Mills County,65,66875,1.0,0.946,165600,1.76,4.4,17.0,25,48.1
76827,48049,Brown County,731,,0.894,0.753,185500,5.2,19.2,27.8,251,48.0
77072,48201,Harris County,57108,51070,0.452,0.569,187800,15.94,5.5,90.9,9928,48.0
79343,48107,Crosby County,1233,58906,0.812,0.827,119800,5.53,10.8,100.0,385,48.0
79741,48135,Ector County,177,112969,0.773,0.828,141700,2.62,4.1,18.2,52,48.0
77067,48201,Harris County,30491,52032,0.468,0.517,186200,15.94,5.5,90.9,5488,47.9
78248,48029,Bexar County,14488,130552,0.729,0.771,479500,3.4,3.4,32.2,4062,47.9
79527,48415,Scurry County,219,63333,0.915,0.89,131300,2.49,10.9,25.5,77,47.9
75401,48231,Hunt County,22669,59908,0.552,0.697,168000,6.64,26.0,33.8,4812,47.8
76048,48221,Hood County,27000,70346,0.736,0.613,246000,4.44,18.4,43.6,7643,47.8
77968,48469,Victoria County,2605,76083,0.848,0.694,252300,3.27,11.5,19.6,849,47.8
78247,48029,Bexar County,51933,91013,0.771,0.861,275500,3.4,3.4,32.2,15400,47.8
78833,48385,Real County,1219,34036,0.667,0.661,109500,8.44,18.2,100.0,312,47.8
75217,48113,Dallas County,85028,55723,0.628,0.781,189200,9.52,4.5,40.8,20537,47.7
76681,48349,Navarro County,674,72530,0.813,0.756,106300,3.88,10.2,24.2,210,47.7
76268,48181,Grayson County,243,,0.872,0.396,160500,7.16,22.5,36.9,81,47.6
78721,48453,Travis County,10997,84573,0.513,0.647,523000,7.98,4.8,42.7,2169,47.6
79070,48357,Ochiltree County,9626,70915,0.722,0.738,131500,5.54,10.2,100.0,2673,47.6
77030,48201,Harris County,13380,77336,0.341,0.255,631400,15.94,5.5,90.9,1754,47.5
78754,48453,Travis County,32690,90121,0.546,0.537,349400,7.98,4.8,42.7,6864,47.5
76823,48049,Brown County,2785,55156,0.774,0.688,139600,5.2,19.2,27.8,829,47.4
77035,48201,Harris County,36019,58686,0.405,0.476,283800,15.94,5.5,90.9,5610,47.4
79024,48295,Lipscomb County,349,71250,0.713,0.85,110100,5.17,7.6,100.0,95,47.4
75238,48113,Dallas County,33199,82019,0.504,0.511,568700,9.52,4.5,40.8,6435,47.3
78735,48453,Travis County,20996,139191,0.465,0.464,867500,7.98,4.8,42.7,3755,47.3
78109,48029,Bexar County,63067,91320,0.749,0.856,252500,3.4,3.4,32.2,18168,47.2
79046,48295,Lipscomb County,514,57386,0.877,0.824,110000,5.17,7.6,100.0,173,47.2
79911,48141,El Paso County,10192,122713,0.771,0.791,342300,1.61,4.4,11.0,3022,47.2
76108,48439,Tarrant County,45537,80412,0.706,0.802,253700,5.45,3.8,35.3,12365,47.1
78011,48013,Atascosa County,1757,29664,0.915,0.477,118300,5.74,22.9,37.8,618,47.1
78723,48453,Travis County,38129,100329,0.486,0.546,562300,7.98,4.8,42.7,7127,47.1
79355,48501,Yoakum County,1660,76967,0.68,0.77,143300,3.53,14.6,50.1,434,47.1
77031,48201,Harris County,15179,47162,0.486,0.491,232500,15.94,5.5,90.9,2837,47.0
77082,48201,Harris County,59412,62455,0.364,0.442,243300,15.94,5.5,90.9,8317,47.0
77976,48469,Victoria County,16,,1.0,1.0,,3.27,11.5,19.6,6,47.0
78044,48479,Webb County,220,,1.0,0.724,220600,5.06,13.1,25.3,84,47.0
78664,48491,Williamson County,62060,87417,0.537,0.677,358200,6.41,9.9,44.9,12817,47.0
78677,48177,Gonzales County,44,,1.0,0.0,,6.85,34.2,59.2,16,47.0
79041,48189,Hale County,2861,61832,0.815,0.855,101000,3.12,14.9,70.1,896,47.0
77092,48201,Harris County,36938,58728,0.406,0.44,242900,15.94,5.5,90.9,5768,46.9
78592,48061,Cameron County,677,,1.0,0.986,76700,4.36,6.1,16.7,260,46.9
78883,48019,Bandera County,208,40491,0.745,0.943,414300,4.49,19.6,100.0,59,46.9
79056,48295,Lipscomb County,107,,1.0,0.868,87500,5.17,7.6,100.0,41,46.9
79109,48381,Randall County,43578,70435,0.578,0.681,222900,5.9,16.2,59.3,9687,46.9
75227,48113,Dallas County,58319,64008,0.563,0.672,217000,9.52,4.5,40.8,12628,46.8
76017,48439,Tarrant County,47074,90083,0.658,0.755,311600,5.45,3.8,35.3,11913,46.8
76865,48399,Runnels County,206,57155,0.716,0.582,74600,7.89,10.5,100.0,56,46.8
76903,48451,Tom Green County,29947,49498,0.602,0.735,125700,7.25,18.8,49.1,6933,46.8
75253,48113,Dallas County,24395,60874,0.689,0.514,165000,9.52,4.5,40.8,6464,46.7
76012,48439,Tarrant County,27991,88141,0.67,0.751,334600,5.45,3.8,35.3,7213,46.7
78154,48029,Bexar County,41907,100572,0.724,0.808,318700,3.4,3.4,32.2,11669,46.7
79777,48475,Ward County,116,,0.76,0.642,257100,6.62,23.1,42.7,33,46.7
75093,48085,Collin County,47954,124563,0.591,0.615,670500,5.38,5.6,34.5,10900,46.6
76705,48309,McLennan County,31616,58236,0.628,0.649,190600,7.15,15.2,42.1,7636,46.6
76836,48307,McCulloch County,25,,1.0,0.741,,4.43,13.9,39.3,9,46.5
77417,48157,Fort Bend County,3920,75405,0.749,0.755,184300,5.55,3.2,34.0,1129,46.5
79363,48303,Lubbock County,5717,96128,0.801,0.771,210100,1.53,6.0,11.4,1761,46.5
78405,48355,Nueces County,14602,38294,0.51,0.828,80300,8.18,18.0,33.1,2864,46.4
79353,48219,Hockley County,67,86188,0.355,1.0,18400,4.99,14.2,67.4,9,46.4
77021,48201,Harris County,26153,45574,0.418,0.58,227900,15.94,5.5,90.9,4204,46.3
77051,48201,Harris County,19795,37415,0.418,0.634,185500,15.94,5.5,90.9,3182,46.3
77506,48201,Harris County,35114,49586,0.409,0.545,146800,15.94,5.5,90.9,5523,46.3
79248,48101,Cottle County,1273,49028,0.818,0.861,55000,6.86,3.4,100.0,400,46.3
79357,48107,Crosby County,1810,57993,0.697,0.931,76400,5.53,10.8,100.0,485,46.3
75063,48113,Dallas County,45849,117133,0.377,0.423,559900,9.52,4.5,40.8,6648,46.2
78402,48355,Nueces County,554,55565,0.74,0.239,193000,8.18,18.0,33.1,157,46.2
78941,48149,Fayette County,3619,76477,0.805,0.806,194200,2.49,8.5,45.3,1120,46.2
75056,48121,Denton County,69628,119682,0.594,0.691,458200,4.58,4.6,37.6,15907,46.1
77473,48015,Austin County,49,,0.0,0.538,,14.74,84.2,100.0,0,46.1
78565,48215,Hidalgo County,20,,1.0,1.0,,4.65,3.1,26.6,7,46.1
79706,48329,Midland County,34281,108059,0.796,0.623,316400,3.24,4.4,28.4,10495,46.1
75959,48403,Sabine County,1025,68236,0.908,0.637,161500,3.11,11.6,100.0,357,46.0
77954,48123,DeWitt County,11424,66195,0.708,0.709,187200,3.97,16.9,19.7,3110,46.0
78727,48453,Travis County,29958,110379,0.422,0.523,540400,7.98,4.8,42.7,4862,46.0
78759,48453,Travis County,43182,102400,0.471,0.479,674000,7.98,4.8,42.7,7822,46.0
79546,48151,Fisher County,1597,58984,0.747,0.888,65000,5.63,6.1,67.3,458,46.0
78584,48427,Starr County,18464,27056,0.604,0.79,81400,6.97,20.4,34.6,4289,45.9
78656,48055,Caldwell County,2847,81346,0.692,0.525,238100,3.89,15.5,35.4,757,45.9
78719,48453,Travis County,1796,56202,0.826,0.487,456200,7.98,4.8,42.7,570,45.9
78745,48453,Travis County,61219,86109,0.463,0.604,504800,7.98,4.8,42.7,10901,45.9
79336,48219,Hockley County,15132,61598,0.697,0.781,140000,4.99,14.2,67.4,4056,45.9
75212,48113,Dallas County,28259,59750,0.564,0.683,241700,9.52,4.5,40.8,6130,45.8
75570,48037,Bowie County,11391,67622,0.757,0.762,162600,4.0,10.5,14.5,3316,45.8
79018,48205,Hartley County,367,76667,0.706,0.735,106300,4.5,7.4,100.0,99,45.8
79106,48375,Potter County,26161,59493,0.516,0.705,174400,6.68,20.4,50.1,5191,45.8
79235,48153,Floyd County,2924,52935,0.67,0.921,95800,6.68,8.4,96.9,753,45.8
79356,48169,Garza County,5083,46351,0.712,0.831,79900,6.67,12.6,100.0,1391,45.8
75075,48085,Collin County,38135,98365,0.611,0.639,428000,5.38,5.6,34.5,8961,45.7
76853,48281,Lampasas County,1618,71500,0.851,0.873,245500,1.91,6.0,27.9,529,45.7
78744,48453,Travis County,50986,83002,0.51,0.554,357500,7.98,4.8,42.7,10001,45.7
79003,48211,Hemphill County,177,73125,0.673,0.969,83900,4.62,2.8,100.0,45,45.7
79928,48141,El Paso County,86599,76643,0.866,0.855,207900,1.61,4.4,11.0,28844,45.7
76086,48367,Parker County,23328,60578,0.525,0.691,258100,6.86,17.1,42.6,4710,45.6
76623,48139,Ellis County,186,,0.489,0.814,108300,7.79,23.2,31.2,34,45.6
78113,48493,Wilson County,3026,78505,0.739,0.733,300000,2.35,13.4,21.1,860,45.6
76384,48487,Wilbarger County,12069,53564,0.668,0.801,89700,5.75,14.6,82.5,3100,45.5
78012,48013,Atascosa County,328,43571,0.741,0.594,107300,5.74,22.9,37.8,93,45.5
78250,48029,Bexar County,57323,80659,0.731,0.891,235000,3.4,3.4,32.2,16116,45.5
78504,48215,Hidalgo County,63094,81905,0.699,0.774,218900,4.65,3.1,26.6,16962,45.5
79714,48003,Andrews County,18610,72242,0.785,0.709,195700,3.72,9.5,46.1,5618,45.5
79744,48105,Crockett County,1283,42039,0.661,0.711,101100,9.0,7.6,100.0,326,45.5
77012,48201,Harris County,16286,45025,0.379,0.592,162200,15.94,5.5,90.9,2373,45.4
77661,48071,Chambers County,102,,0.0,0.431,,18.05,49.6,100.0,0,45.4
78595,48215,Hidalgo County,6118,58846,0.861,0.887,89200,4.65,3.1,26.6,2025,45.4
76140,48439,Tarrant County,33321,75955,0.684,0.776,234700,5.45,3.8,35.3,8765,45.3
76490,48367,Parker County,41,,0.706,0.706,,6.86,17.1,42.6,11,45.3
77436,48481,Wharton County,28,,,1.0,,9.53,74.1,100.0,0,45.3
78564,48505,Zapata County,89,,0.383,0.603,,12.87,17.0,78.5,13,45.3
79243,48125,Dickens County,26,61250,0.8,1.0,112500,3.39,5.6,100.0,8,45.3
77476,48157,Fort Bend County,423,,0.947,0.936,512200,5.55,3.2,34.0,154,45.2
78046,48479,Webb County,72951,55826,0.794,0.706,150600,5.06,13.1,25.3,22278,45.2
78141,48123,DeWitt County,868,43553,0.884,0.71,75700,3.97,16.9,19.7,295,45.1
78622,48055,Caldwell County,331,,0.897,0.809,160900,3.89,15.5,35.4,114,45.1
79382,48303,Lubbock County,10512,84457,0.77,0.823,257100,1.53,6.0,11.4,3113,45.1
79502,48433,Stonewall County,1135,52333,0.838,0.796,44100,6.02,4.2,100.0,365,45.1
78702,48453,Travis County,25985,102171,0.409,0.518,686800,7.98,4.8,42.7,4087,45.0
75150,48113,Dallas County,62738,65440,0.514,0.588,238100,9.52,4.5,40.8,12402,44.8
76207,48121,Denton County,19862,85330,0.637,0.733,390900,4.58,4.6,37.6,4866,44.8
77053,48157,Fort Bend County,30198,66510,0.672,0.925,172900,5.55,3.2,34.0,7805,44.8
78756,48453,Travis County,9197,94701,0.43,0.512,832000,7.98,4.8,42.7,1521,44.8
75153,48349,Navarro County,647,93708,0.651,0.57,,3.88,10.2,24.2,161,44.7
77058,48201,Harris County,17850,68722,0.312,0.265,254900,15.94,5.5,90.9,2142,44.7
78119,48255,Karnes County,7270,62738,0.51,0.644,147000,6.25,19.6,49.4,1426,44.7
79001,48359,Oldham County,168,83125,0.716,0.755,122500,3.55,5.0,100.0,46,44.7
79938,48141,El Paso County,99621,77272,0.813,0.865,214800,1.61,4.4,11.0,31150,44.7
75929,48405,San Augustine County,1498,69554,0.862,0.633,166900,3.62,7.5,100.0,496,44.6
76707,48309,McLennan County,15879,40443,0.589,0.81,126200,7.15,15.2,42.1,3597,44.6
77013,48201,Harris County,18259,47060,0.419,0.45,174400,15.94,5.5,90.9,2942,44.6
77904,48469,Victoria County,30061,83130,0.684,0.672,244700,3.27,11.5,19.6,7908,44.6
78412,48355,Nueces County,38631,61215,0.449,0.507,197500,8.18,18.0,33.1,6671,44.6
78670,48187,Guadalupe County,130,78625,0.723,0.872,244100,1.51,9.1,7.6,36,44.6
76828,48083,Coleman County,168,49141,0.969,1.0,,1.41,7.9,21.1,62,44.5
77504,48201,Harris County,25779,51478,0.42,0.381,227400,15.94,5.5,90.9,4164,44.5
78231,48029,Bexar County,9744,109183,0.662,0.718,401800,3.4,3.4,32.2,2480,44.5
78245,48029,Bexar County,96015,90029,0.687,0.792,260300,3.4,3.4,32.2,25370,44.5
75567,48037,Bowie County,3660,69350,0.753,0.646,150000,4.0,10.5,14.5,1059,44.4
78945,48149,Fayette County,10394,75446,0.763,0.771,340300,2.49,8.5,45.3,3050,44.3
79846,48377,Presidio County,71,,1.0,0.0,,8.37,14.6,100.0,27,44.3
75062,48113,Dallas County,52116,72704,0.454,0.526,273600,9.52,4.5,40.8,9100,44.2
77099,48201,Harris County,50064,49396,0.374,0.467,198900,15.94,5.5,90.9,7201,44.2
78552,48061,Cameron County,42332,69811,0.753,0.719,169300,4.36,6.1,16.7,12259,44.2
79104,48375,Potter County,6561,39920,0.554,0.794,94400,6.68,20.4,50.1,1397,44.2
75070,48085,Collin County,64078,112352,0.527,0.595,465800,5.38,5.6,34.5,12988,44.1
79107,48375,Potter County,36662,40671,0.56,0.77,92600,6.68,20.4,50.1,7896,44.1
78263,48029,Bexar County,4253,80156,0.758,0.751,331900,3.4,3.4,32.2,1239,44.0
78557,48215,Hidalgo County,14498,59441,0.802,0.875,163600,4.65,3.1,26.6,4472,43.9
76133,48439,Tarrant County,53958,75523,0.621,0.787,238900,5.45,3.8,35.3,12887,43.8
77057,48201,Harris County,46569,66971,0.318,0.224,309400,15.94,5.5,90.9,5695,43.8
79424,48303,Lubbock County,53478,97231,0.69,0.769,296300,1.53,6.0,11.4,14192,43.8
75051,48113,Dallas County,40884,58245,0.508,0.671,227400,9.52,4.5,40.8,7988,43.7
76208,48121,Denton County,30025,88967,0.667,0.571,369100,4.58,4.6,37.6,7702,43.7
76679,48349,Navarro County,1433,75878,0.785,0.472,161300,3.88,10.2,24.2,432,43.7
78259,48029,Bexar County,29826,114156,0.647,0.672,380800,3.4,3.4,32.2,7422,43.7
78526,48061,Cameron County,60012,70565,0.692,0.773,185000,4.36,6.1,16.7,15972,43.7
75930,48405,San Augustine County,2330,74240,0.87,0.471,110300,3.62,7.5,100.0,779,43.6
76137,48439,Tarrant County,60352,90718,0.586,0.66,310900,5.45,3.8,35.3,13602,43.6
76374,48503,Young County,4073,43939,0.663,0.817,121000,5.64,14.9,51.6,1038,43.6
78616,48055,Caldwell County,10683,64715,0.795,0.467,211500,3.89,15.5,35.4,3266,43.6
75155,48349,Navarro County,2951,67336,0.892,0.434,111800,3.88,10.2,24.2,1012,43.5
76801,48049,Brown County,25146,54231,0.631,0.68,150400,5.2,19.2,27.8,6102,43.5
78019,48479,Webb County,1836,50992,0.858,0.566,81900,5.06,13.1,25.3,605,43.5
76550,48281,Lampasas County,13675,78578,0.746,0.784,241600,1.91,6.0,27.9,3923,43.4
77974,48123,DeWitt County,695,54250,0.711,0.749,164300,3.97,16.9,19.7,190,43.4
78244,48029,Bexar County,38092,71128,0.735,0.881,216300,3.4,3.4,32.2,10768,43.4
79022,48111,Dallam County,10826,72286,0.67,0.809,172000,3.82,7.1,100.0,2789,43.4
79086,48421,Sherman County,3219,70648,0.835,0.828,137700,1.84,4.4,100.0,1033,43.4
79229,48125,Dickens County,243,47583,0.901,0.938,43200,3.39,5.6,100.0,84,43.4
75211,48113,Dallas County,73534,56807,0.526,0.64,219300,9.52,4.5,40.8,14876,43.3
75413,48147,Fannin County,118,48750,0.52,0.661,195000,7.15,19.0,49.2,23,43.3
75470,48277,Lamar County,213,105625,0.652,0.234,227300,3.79,16.1,22.4,53,43.3
79102,48375,Potter County,9393,51125,0.491,0.721,153100,6.68,20.4,50.1,1773,43.3
79731,48103,Crane County,4196,63096,0.827,0.626,129400,4.0,7.9,40.1,1334,43.3
79369,48279,Lamb County,43,,1.0,1.0,86700,1.67,6.9,41.6,16,43.2
75224,48113,Dallas County,35105,51919,0.572,0.626,239600,9.52,4.5,40.8,7723,43.1
79044,48205,Hartley County,583,66071,0.724,0.711,185400,4.5,7.4,100.0,162,43.1
75948,48403,Sabine County,5238,62028,0.859,0.627,187000,3.11,11.6,100.0,1730,43.0
77995,48123,DeWitt County,10365,54298,0.693,0.752,188600,3.97,16.9,19.7,2762,43.0
79765,48329,Midland County,25904,104965,0.646,0.683,302300,3.24,4.4,28.4,6436,43.0
75050,48113,Dallas County,44889,73274,0.427,0.475,240700,9.52,4.5,40.8,7372,42.9
75144,48349,Navarro County,3581,62949,0.73,0.739,168800,3.88,10.2,24.2,1005,42.9
75228,48113,Dallas County,67714,62667,0.492,0.552,282700,9.52,4.5,40.8,12813,42.9
75428,48231,Hunt County,11531,51424,0.519,0.571,162500,6.64,26.0,33.8,2301,42.9
75503,48037,Bowie County,26372,72159,0.62,0.712,229800,4.0,10.5,14.5,6288,42.9
78124,48187,Guadalupe County,6157,74192,0.835,0.645,282700,1.51,9.1,7.6,1977,42.9
78239,48029,Bexar County,28609,70098,0.738,0.871,229200,3.4,3.4,32.2,8120,42.9
79423,48303,Lubbock County,46998,84933,0.712,0.772,234400,1.53,6.0,11.4,12870,42.9
76110,48439,Tarrant County,33441,69790,0.624,0.819,258000,5.45,3.8,35.3,8025,42.8
75172,48113,Dallas County,5806,59457,0.567,0.479,165500,9.52,4.5,40.8,1266,42.7
75216,48113,Dallas County,55894,41386,0.558,0.743,159800,9.52,4.5,40.8,11995,42.7
76711,48309,McLennan County,9676,53185,0.519,0.661,153000,7.15,15.2,42.1,1931,42.7
78726,48453,Travis County,14506,90885,0.399,0.449,698100,7.98,4.8,42.7,2226,42.7
77061,48201,Harris County,24004,45115,0.379,0.404,224400,15.94,5.5,90.9,3499,42.6
79372,48219,Hockley County,1359,58906,0.742,0.538,96700,4.99,14.2,67.4,387,42.6
75074,48085,Collin County,53831,88697,0.535,0.616,371000,5.38,5.6,34.5,11076,42.5
76051,48439,Tarrant County,50618,111160,0.524,0.561,489400,5.45,3.8,35.3,10201,42.4
78147,48493,Wilson County,1532,72404,0.637,0.785,225000,2.35,13.4,21.1,375,42.4
78558,48215,Hidalgo County,722,57969,0.735,0.915,53500,4.65,3.1,26.6,204,42.4
78566,48061,Cameron County,25110,60187,0.75,0.78,154300,4.36,6.1,16.7,7243,42.4
79051,48111,Dallam County,9,,1.0,0.724,,3.82,7.1,100.0,3,42.2
79093,48357,Ochiltree County,110,,1.0,0.433,,5.54,10.2,100.0,42,42.2
77807,48041,Brazos County,13227,74375,0.555,0.52,278600,5.19,14.1,60.4,2823,42.1
75233,48113,Dallas County,14867,49870,0.557,0.606,286500,9.52,4.5,40.8,3184,42.0
76134,48439,Tarrant County,29949,70945,0.598,0.786,239000,5.45,3.8,35.3,6888,42.0
76135,48439,Tarrant County,19445,74621,0.609,0.708,275100,5.45,3.8,35.3,4554,42.0
78363,48273,Kleberg County,28920,60574,0.507,0.652,163300,5.99,14.9,52.9,5639,42.0
78549,48215,Hidalgo County,609,19222,0.895,0.896,75400,4.65,3.1,26.6,209,42.0
78938,48149,Fayette County,270,61250,0.805,0.794,201400,2.49,8.5,45.3,83,42.0
79250,48189,Hale County,980,54917,0.66,0.911,78600,3.12,14.9,70.1,248,42.0
76360,48485,Wichita County,2699,69143,0.682,0.881,69400,2.85,7.2,16.0,707,41.9
78648,48055,Caldwell County,7863,57621,0.696,0.664,217500,3.89,15.5,35.4,2104,41.9
78949,48149,Fayette County,760,64167,0.802,0.745,285000,2.49,8.5,45.3,234,41.9
79549,48415,Scurry County,15233,59147,0.755,0.841,112000,2.49,10.9,25.5,4423,41.9
75931,48241,Jasper County,2323,79514,0.812,0.649,233800,0.97,5.4,19.3,725,41.8
77091,48201,Harris County,28728,35432,0.354,0.455,247500,15.94,5.5,90.9,3911,41.8
78160,48493,Wilson County,4885,64800,0.827,0.556,243300,2.35,13.4,21.1,1553,41.8
78406,48355,Nueces County,2301,54740,0.444,0.443,,8.18,18.0,33.1,392,41.7
78408,48355,Nueces County,10111,41045,0.45,0.599,88400,8.18,18.0,33.1,1749,41.7
75010,48121,Denton County,33326,107317,0.517,0.555,484800,4.58,4.6,37.6,6626,41.5
75559,48037,Bowie County,5528,58313,0.691,0.762,147400,4.0,10.5,14.5,1469,41.5
76109,48439,Tarrant County,26006,100507,0.525,0.562,630800,5.45,3.8,35.3,5251,41.5
78567,48061,Cameron County,323,,0.822,0.922,56700,4.36,6.1,16.7,102,41.5
78704,48453,Travis County,50688,106897,0.33,0.385,916100,7.98,4.8,42.7,6433,41.5
78956,48149,Fayette County,5243,67903,0.718,0.79,248600,2.49,8.5,45.3,1447,41.5
79329,48303,Lubbock County,3322,67059,0.78,0.827,220200,1.53,6.0,11.4,996,41.5
76710,48309,McLennan County,23329,58186,0.473,0.568,250300,7.15,15.2,42.1,4244,41.4
77032,48201,Harris County,12403,43725,0.343,0.391,128000,15.94,5.5,90.9,1636,41.4
79087,48111,Dallam County,813,69135,0.709,0.674,102600,3.82,7.1,100.0,221,41.4
79379,48079,Cochran County,660,67813,0.772,0.79,80800,3.32,3.2,85.0,195,41.4
75573,48037,Bowie County,263,90349,0.508,0.566,159500,4.0,10.5,14.5,51,41.3
78130,48187,Guadalupe County,104009,83064,0.659,0.712,323200,1.51,9.1,7.6,26362,41.3
75105,48349,Navarro County,216,,0.75,0.974,,3.88,10.2,24.2,62,41.2
77074,48201,Harris County,38660,47810,0.334,0.355,213000,15.94,5.5,90.9,4966,41.2
78589,48215,Hidalgo County,40231,54285,0.793,0.8,120400,4.65,3.1,26.6,12270,41.2
76354,48485,Wichita County,11990,68721,0.704,0.799,159900,2.85,7.2,16.0,3246,41.1
77803,48041,Brazos County,31525,52274,0.634,0.715,153400,5.19,14.1,60.4,7687,41.1
79720,48227,Howard County,29936,68785,0.692,0.777,152500,2.97,8.4,18.4,7967,41.1
75069,48085,Collin County,40032,85327,0.524,0.573,432600,5.38,5.6,34.5,8067,41.0
77802,48041,Brazos County,25762,70666,0.509,0.58,254500,5.19,14.1,60.4,5043,41.0
78002,48029,Bexar County,7035,66744,0.788,0.717,210700,3.4,3.4,32.2,2132,41.0
78701,48453,Travis County,11824,162168,0.453,0.045,722400,7.98,4.8,42.7,2060,41.0
79367,48219,Hockley County,519,46458,0.757,0.599,83200,4.99,14.2,67.4,151,41.0
79014,48211,Hemphill County,3201,62273,0.709,0.779,204300,4.62,2.8,100.0,872,40.9
79312,48279,Lamb County,1130,64722,0.703,0.934,49100,1.67,6.9,41.6,305,40.9
79347,48017,Bailey County,7176,66792,0.781,0.898,105700,1.41,3.9,24.6,2155,40.9
79934,48141,El Paso County,28861,77754,0.706,0.787,210800,1.61,4.4,11.0,7836,40.9
75561,48037,Bowie County,5014,60047,0.725,0.618,119500,4.0,10.5,14.5,1398,40.8
75932,48351,Newton County,1291,61161,0.885,0.682,107400,2.38,5.4,24.2,439,40.8
78073,48029,Bexar County,10088,69635,0.862,0.531,158100,3.4,3.4,32.2,3344,40.8
78351,48355,Nueces County,483,38925,0.35,0.718,105400,8.18,18.0,33.1,65,40.8
79082,48279,Lamb County,382,67440,0.667,0.938,,1.67,6.9,41.6,97,40.8
79932,48141,El Paso County,30786,78277,0.711,0.767,267200,1.61,4.4,11.0,8418,40.8
76844,48333,Mills County,3284,68032,0.778,0.804,223800,1.76,4.4,17.0,982,40.7
77010,48201,Harris County,718,189315,0.0,0.0,,15.94,5.5,90.9,0,40.7
78391,48025,Bee County,77,,0.0,1.0,,9.25,29.4,100.0,0,40.7
78576,48215,Hidalgo County,15484,49137,0.846,0.741,131400,4.65,3.1,26.6,5038,40.5
78583,48061,Cameron County,5236,51453,0.79,0.734,161900,4.36,6.1,16.7,1590,40.5
79370,48125,Dickens County,1363,48750,0.826,0.853,63100,3.39,5.6,100.0,433,40.5
79703,48329,Midland County,20419,77285,0.621,0.792,224000,3.24,4.4,28.4,4876,40.5
75219,48113,Dallas County,23934,102364,0.336,0.172,388600,9.52,4.5,40.8,3093,40.4
76825,48307,McCulloch County,6454,53665,0.625,0.751,148800,4.43,13.9,39.3,1551,40.4
77464,48157,Fort Bend County,407,64375,0.63,0.737,250000,5.55,3.2,34.0,98,40.4
78258,48029,Bexar County,52448,117835,0.549,0.598,480500,3.4,3.4,32.2,11074,40.4
79766,48135,Ector County,11041,74407,0.829,0.551,140800,2.62,4.1,18.2,3520,40.4
75082,48085,Collin County,29618,110534,0.453,0.479,492900,5.38,5.6,34.5,5160,40.3
75968,48403,Sabine County,1818,53355,0.822,0.667,89100,3.11,11.6,100.0,574,40.3
76021,48439,Tarrant County,35354,87097,0.517,0.587,374400,5.45,3.8,35.3,7030,40.3
78574,48215,Hidalgo County,62456,52393,0.8,0.762,129900,4.65,3.1,26.6,19217,40.3
79707,48329,Midland County,40010,99886,0.6,0.605,389400,3.24,4.4,28.4,9233,40.2
77042,48201,Harris County,38721,59097,0.263,0.215,411800,15.94,5.5,90.9,3916,40.1
77598,48201,Harris County,26110,60977,0.231,0.232,240700,15.94,5.5,90.9,2319,40.1
78729,48491,Williamson County,30460,86438,0.385,0.477,476200,6.41,9.9,44.9,4510,40.1
76857,48049,Brown County,2024,51152,0.682,0.411,142600,5.2,19.2,27.8,530,40.0
78007,48311,McMullen County,196,38636,0.5,0.632,80000,9.65,5.2,100.0,37,40.0
78655,48055,Caldwell County,3730,55952,0.653,0.632,269900,3.89,15.5,35.4,936,40.0
79322,48107,Crosby County,1983,48750,0.593,0.826,65500,5.53,10.8,100.0,452,40.0
79339,48279,Lamb County,6685,60375,0.748,0.877,79000,1.67,6.9,41.6,1923,40.0
75435,48277,Lamar County,1045,50000,0.75,0.569,135800,3.79,16.1,22.4,301,39.9
78155,48187,Guadalupe County,55600,71039,0.725,0.677,266700,1.51,9.1,7.6,15503,39.9
78638,48187,Guadalupe County,2135,69250,0.793,0.602,317400,1.51,9.1,7.6,651,39.9
76103,48439,Tarrant County,15975,60172,0.615,0.807,205000,5.45,3.8,35.3,3778,39.8
77090,48201,Harris County,40110,50903,0.293,0.291,251600,15.94,5.5,90.9,4520,39.8
77471,48157,Fort Bend County,45325,73186,0.583,0.628,237700,5.55,3.2,34.0,10163,39.8
79066,48179,Gray County,19,,1.0,0.0,,6.8,13.4,100.0,7,39.8
75061,48113,Dallas County,56013,63798,0.41,0.459,257800,9.52,4.5,40.8,8832,39.7
78562,48215,Hidalgo County,3211,31522,0.815,0.855,102400,4.65,3.1,26.6,1006,39.6
76177,48439,Tarrant County,25012,104189,0.464,0.493,376000,5.45,3.8,35.3,4463,39.4
77063,48201,Harris County,42690,59113,0.24,0.208,290300,15.94,5.5,90.9,3940,39.4
77612,48241,Jasper County,9101,64415,0.897,0.599,118000,0.97,5.4,19.3,3139,39.4
78575,48061,Cameron County,4575,71765,0.56,0.679,249500,4.36,6.1,16.7,985,39.4
79754,48301,Loving County,33,51250,0.111,0.758,,12.75,9.5,100.0,1,39.4
77002,48201,Harris County,21015,86394,0.082,0.029,305000,15.94,5.5,90.9,662,39.3
78221,48029,Bexar County,42178,63811,0.702,0.798,171200,3.4,3.4,32.2,11388,39.3
79538,48083,Coleman County,185,,0.94,0.828,,1.41,7.9,21.1,66,39.2
75206,48113,Dallas County,38909,91023,0.27,0.263,615400,9.52,4.5,40.8,4040,39.1
76111,48439,Tarrant County,20989,60194,0.567,0.842,216400,5.45,3.8,35.3,4577,39.1
76120,48439,Tarrant County,21102,80922,0.528,0.561,306700,5.45,3.8,35.3,4285,39.1
79064,48279,Lamb County,2099,59698,0.712,0.896,89500,1.67,6.9,41.6,574,39.1
78222,48029,Bexar County,26476,66362,0.715,0.71,199500,3.4,3.4,32.2,7280,39.0
78593,48061,Cameron County,5455,48649,0.705,0.818,85100,4.36,6.1,16.7,1479,39.0
79371,48017,Bailey County,1396,64917,0.786,0.791,101600,1.41,3.9,24.6,422,39.0
75141,48113,Dallas County,5703,48159,0.497,0.529,248900,9.52,4.5,40.8,1090,38.9
76864,48333,Mills County,798,55598,0.826,0.831,172100,1.76,4.4,17.0,253,38.9
78233,48029,Bexar County,48911,76421,0.604,0.714,220800,3.4,3.4,32.2,11362,38.9
78542,48215,Hidalgo County,89401,55243,0.757,0.687,150200,4.65,3.1,26.6,26029,38.8
78041,48479,Webb County,46550,61544,0.537,0.59,221300,5.06,13.1,25.3,9614,38.7
79111,48375,Potter County,1575,71103,0.0,0.876,,6.68,20.4,50.1,0,38.7
79733,48227,Howard County,371,92950,0.356,0.852,,2.97,8.4,18.4,50,38.6
79936,48141,El Paso County,102991,67198,0.705,0.812,179000,1.61,4.4,11.0,27926,38.6
75956,48241,Jasper County,6982,62196,0.844,0.666,156300,0.97,5.4,19.3,2266,38.5
77444,48157,Fort Bend County,911,,0.88,0.601,167400,5.55,3.2,34.0,308,38.5
78043,48479,Webb County,45760,54396,0.565,0.662,170600,5.06,13.1,25.3,9943,38.5
79359,48165,Gaines County,3294,53048,0.647,0.61,89000,3.36,17.9,45.0,819,38.5
76164,48439,Tarrant County,13457,52882,0.601,0.863,162700,5.45,3.8,35.3,3110,38.3
78586,48061,Cameron County,50964,45575,0.742,0.744,87200,4.36,6.1,16.7,14544,38.3
75024,48085,Collin County,45652,117088,0.376,0.437,598600,5.38,5.6,34.5,6601,38.2
77970,48239,Jackson County,217,,0.444,0.428,137500,9.66,12.8,74.7,37,38.2
78104,48025,Bee County,21,,0.0,0.833,,9.25,29.4,100.0,0,38.2
78674,48491,Williamson County,108,,1.0,0.068,47500,6.41,9.9,44.9,41,38.2
79052,48437,Swisher County,1101,34922,0.791,0.957,99800,3.31,4.1,39.3,334,38.2
79364,48303,Lubbock County,7129,56538,0.774,0.824,89300,1.53,6.0,11.4,2122,38.2
75202,48113,Dallas County,2892,133155,0.242,0.059,359500,9.52,4.5,40.8,269,38.0
76013,48439,Tarrant County,35715,70471,0.533,0.642,310400,5.45,3.8,35.3,7321,38.0
76180,48439,Tarrant County,38371,81503,0.489,0.549,328000,5.45,3.8,35.3,7216,38.0
79084,48421,Sherman County,1595,54808,0.747,0.905,134800,1.84,4.4,100.0,458,38.0
75034,48085,Collin County,53818,111122,0.386,0.425,729700,5.38,5.6,34.5,7989,37.9
75252,48085,Collin County,28618,85000,0.461,0.471,580600,5.38,5.6,34.5,5074,37.9
78151,48255,Karnes County,1378,26597,0.495,0.579,100900,6.25,19.6,49.4,262,37.8
78232,48029,Bexar County,36636,85273,0.559,0.605,362000,3.4,3.4,32.2,7876,37.8
78599,48215,Hidalgo County,35454,58349,0.688,0.675,125400,4.65,3.1,26.6,9381,37.8
78742,48453,Travis County,847,,0.575,0.611,,7.98,4.8,42.7,187,37.8
75110,48349,Navarro County,31552,57370,0.609,0.708,174100,3.88,10.2,24.2,7390,37.7
75977,48351,Newton County,547,25625,0.912,0.773,112000,2.38,5.4,24.2,191,37.7
76015,48439,Tarrant County,18135,73709,0.48,0.651,256900,5.45,3.8,35.3,3348,37.7
75569,48037,Bowie County,3523,55884,0.616,0.669,170200,4.0,10.5,14.5,834,37.6
75220,48113,Dallas County,40239,69843,0.319,0.354,500200,9.52,4.5,40.8,4937,37.5
77951,48469,Victoria County,1930,49531,0.73,0.668,133300,3.27,11.5,19.6,541,37.5
78535,48061,Cameron County,425,39000,0.735,0.757,107300,4.36,6.1,16.7,120,37.5
78543,48215,Hidalgo County,8400,44527,0.745,0.755,87800,4.65,3.1,26.6,2406,37.4
77060,48201,Harris County,45340,40435,0.253,0.297,156100,15.94,5.5,90.9,4411,37.3
78666,48209,Hays County,88583,54737,0.381,0.432,306700,5.59,29.0,75.3,12980,37.3
75411,48277,Lamar County,1090,,0.54,0.888,,3.79,16.1,22.4,226,37.2
76543,48027,Bell County,34457,48564,0.395,0.526,154000,8.1,11.4,36.3,5234,37.2
77977,48469,Victoria County,539,,1.0,0.344,45900,3.27,11.5,19.6,207,37.2
79220,48125,Dickens County,225,49792,0.642,0.925,116700,3.39,5.6,100.0,55,37.2
76209,48121,Denton County,27982,75069,0.462,0.645,274300,4.58,4.6,37.6,4972,37.1
79821,48141,El Paso County,7227,59232,0.785,0.724,153000,1.61,4.4,11.0,2181,37.1
75215,48113,Dallas County,18895,45557,0.382,0.622,190100,9.52,4.5,40.8,2776,37.0
78516,48215,Hidalgo County,34370,53229,0.755,0.601,121200,4.65,3.1,26.6,9980,37.0
78572,48215,Hidalgo County,78024,54298,0.71,0.66,147300,4.65,3.1,26.6,21306,37.0
79927,48141,El Paso County,44444,53652,0.808,0.772,138400,1.61,4.4,11.0,13811,36.9
79413,48303,Lubbock County,23343,69400,0.561,0.845,208600,1.53,6.0,11.4,5036,36.8
79836,48141,El Paso County,7711,59003,0.819,0.652,115500,1.61,4.4,11.0,2428,36.8
76834,48083,Coleman County,4981,46120,0.771,0.84,89900,1.41,7.9,21.1,1477,36.7
76639,48349,Navarro County,2153,48514,0.652,0.694,154400,3.88,10.2,24.2,539,36.5
78264,48029,Bexar County,11841,54409,0.827,0.58,163300,3.4,3.4,32.2,3766,36.5
77615,48241,Jasper County,252,48393,0.845,0.765,84700,0.97,5.4,19.3,81,36.4
79031,48279,Lamb County,1156,43750,0.774,0.843,96600,1.67,6.9,41.6,344,36.4
78538,48215,Hidalgo County,11982,40399,0.729,0.741,92100,4.65,3.1,26.6,3359,36.3
78559,48061,Cameron County,12169,49383,0.715,0.61,103800,4.36,6.1,16.7,3346,36.3
78570,48215,Hidalgo County,34348,41965,0.742,0.707,86500,4.65,3.1,26.6,9802,36.3
78578,48061,Cameron County,10016,51880,0.746,0.527,196200,4.36,6.1,16.7,2873,36.3
76022,48439,Tarrant County,13760,72560,0.475,0.577,277100,5.45,3.8,35.3,2513,36.2
76114,48439,Tarrant County,27357,62073,0.534,0.666,222600,5.45,3.8,35.3,5618,36.2
77988,48469,Victoria County,281,,0.568,1.0,,3.27,11.5,19.6,61,36.2
78573,48215,Hidalgo County,44809,55000,0.66,0.678,163600,4.65,3.1,26.6,11374,36.2
79407,48219,Hockley County,24000,61509,0.472,0.507,205200,4.99,14.2,67.4,4356,36.2
77507,48201,Harris County,567,77371,0.0,0.061,,15.94,5.5,90.9,0,36.1
75039,48113,Dallas County,24164,104853,0.156,0.16,597800,9.52,4.5,40.8,1449,36.0
76107,48439,Tarrant County,30994,79990,0.441,0.514,431200,5.45,3.8,35.3,5257,36.0
78539,48215,Hidalgo County,37168,66967,0.549,0.629,214500,4.65,3.1,26.6,7848,36.0
78728,48453,Travis County,26777,75243,0.291,0.368,437000,7.98,4.8,42.7,2996,36.0
79748,48227,Howard County,232,,0.64,1.0,390900,2.97,8.4,18.4,57,36.0
76308,48485,Wichita County,21896,74772,0.523,0.646,213500,2.85,7.2,16.0,4404,35.9
78249,48029,Bexar County,63439,80565,0.51,0.62,305400,3.4,3.4,32.2,12443,35.9
78751,48453,Travis County,16961,80915,0.229,0.391,852000,7.98,4.8,42.7,1493,35.9
75210,48113,Dallas County,7722,33712,0.357,0.656,122700,9.52,4.5,40.8,1060,35.8
77555,48167,Galveston County,2,,,,,20.41,26.1,100.0,0,35.8
79699,48441,Taylor County,113,,,0.0,,13.66,58.4,100.0,0,35.8
75204,48113,Dallas County,34666,92253,0.186,0.167,479500,9.52,4.5,40.8,2479,35.7
77054,48201,Harris County,28272,62106,0.118,0.107,200000,15.94,5.5,90.9,1283,35.7
78563,48215,Hidalgo County,92,,0.88,0.506,,4.65,3.1,26.6,31,35.7
79832,48043,Brewster County,330,,,,,17.39,28.9,100.0,0,35.7
76504,48027,Bell County,26166,52803,0.314,0.492,174100,8.1,11.4,36.3,3160,35.6
78211,48029,Bexar County,30857,55436,0.609,0.864,118300,3.4,3.4,32.2,7227,35.6
79072,48189,Hale County,25389,47255,0.564,0.759,114000,3.12,14.9,70.1,5507,35.6
79853,48141,El Paso County,2686,42234,0.916,0.645,83200,1.61,4.4,11.0,946,35.6
78112,48029,Bexar County,9769,54988,0.911,0.361,131400,3.4,3.4,32.2,3422,35.5
78419,48355,Nueces County,693,66182,0.0,0.559,,8.18,18.0,33.1,0,35.5
75460,48277,Lamar County,23426,46473,0.503,0.724,142600,3.79,16.1,22.4,4532,35.4
76544,48099,Coryell County,28191,62846,0.002,0.854,,7.82,12.6,57.2,21,35.4
78579,48215,Hidalgo County,2039,19172,0.683,0.808,,4.65,3.1,26.6,535,35.4
78148,48029,Bexar County,22187,74783,0.526,0.633,267000,3.4,3.4,32.2,4488,35.3
78225,48029,Bexar County,13104,46955,0.648,0.902,119600,3.4,3.4,32.2,3265,35.3
78596,48215,Hidalgo County,39518,58411,0.64,0.59,104000,4.65,3.1,26.6,9727,35.3
75928,48351,Newton County,899,31037,0.86,0.68,66900,2.38,5.4,24.2,297,35.2
76059,48251,Johnson County,5586,51401,0.434,0.468,237900,5.73,17.9,31.1,932,35.2
77451,48157,Fort Bend County,515,31125,0.634,0.777,128800,5.55,3.2,34.0,125,35.2
79330,48169,Garza County,56,60179,0.24,0.695,,6.67,12.6,100.0,5,35.2
78520,48061,Cameron County,64740,50116,0.602,0.711,146000,4.36,6.1,16.7,14989,35.1
79762,48135,Ector County,39927,75272,0.559,0.626,232900,2.62,4.1,18.2,8584,35.1
76053,48439,Tarrant County,32323,64141,0.502,0.605,270900,5.45,3.8,35.3,6240,35.0
78503,48215,Hidalgo County,22621,53322,0.611,0.708,150900,4.65,3.1,26.6,5315,35.0
79404,48303,Lubbock County,8529,51630,0.69,0.824,85600,1.53,6.0,11.4,2263,35.0
77036,48201,Harris County,71770,45716,0.177,0.216,235300,15.94,5.5,90.9,4885,34.9
78251,48029,Bexar County,59435,78958,0.508,0.571,268300,3.4,3.4,32.2,11612,34.9
75903,48005,Angelina County,64,30000,0.0,0.058,,13.68,34.4,57.6,0,34.8
75203,48113,Dallas County,15775,46989,0.379,0.456,159900,9.52,4.5,40.8,2299,34.7
78209,48029,Bexar County,43400,86514,0.5,0.482,497000,3.4,3.4,32.2,8346,34.7
76706,48309,McLennan County,41627,41656,0.39,0.468,197000,7.15,15.2,42.1,6244,34.6
75972,48405,San Augustine County,5708,44196,0.712,0.614,96300,3.62,7.5,100.0,1563,34.5
78537,48215,Hidalgo County,51426,40668,0.742,0.589,81900,4.65,3.1,26.6,14676,34.4
78753,48453,Travis County,56920,65170,0.334,0.364,371300,7.98,4.8,42.7,7312,34.4
76302,48485,Wichita County,11932,59590,0.597,0.689,165800,2.85,7.2,16.0,2739,34.3
75501,48037,Bowie County,34866,45995,0.571,0.657,136100,4.0,10.5,14.5,7657,34.2
76106,48439,Tarrant County,35946,55431,0.484,0.748,172400,5.45,3.8,35.3,6691,34.2
78758,48453,Travis County,49617,74381,0.262,0.312,440200,7.98,4.8,42.7,4999,34.2
76105,48439,Tarrant County,22228,45770,0.493,0.855,153600,5.45,3.8,35.3,4214,34.1
78597,48061,Cameron County,2935,68421,0.706,0.15,527200,4.36,6.1,16.7,796,34.1
79701,48329,Midland County,27131,57346,0.67,0.651,214700,3.24,4.4,28.4,6991,34.1
79761,48135,Ector County,30164,68228,0.583,0.633,166000,2.62,4.1,18.2,6763,33.9
76039,48439,Tarrant County,39855,83140,0.349,0.478,341300,5.45,3.8,35.3,5349,33.8
75884,48001,Anderson County,2697,,,,,13.62,35.1,46.0,0,33.7
75886,48001,Anderson County,2456,,,,,13.62,35.1,46.0,0,33.7
76040,48439,Tarrant County,31677,72661,0.437,0.475,297900,5.45,3.8,35.3,5324,33.7
76704,48309,McLennan County,7018,30349,0.316,0.578,134900,7.15,15.2,42.1,852,33.7
77901,48469,Victoria County,39854,57923,0.535,0.615,143200,3.27,11.5,19.6,8200,33.7
75933,48351,Newton County,1418,25996,0.937,0.455,,2.38,5.4,24.2,511,33.6
76119,48439,Tarrant County,52974,51267,0.547,0.665,160400,5.45,3.8,35.3,11144,33.6
76888,48083,Coleman County,150,60893,0.648,0.606,100000,1.41,7.9,21.1,37,33.6
77614,48351,Newton County,330,,1.0,0.356,134300,2.38,5.4,24.2,126,33.6
78521,48061,Cameron County,87380,44509,0.603,0.673,99700,4.36,6.1,16.7,20265,33.6
78560,48215,Hidalgo County,4635,55721,0.532,0.696,111600,4.65,3.1,26.6,948,33.5
79764,48135,Ector County,27013,65170,0.674,0.505,143500,2.62,4.1,18.2,7002,33.5
78210,48029,Bexar County,34940,55028,0.608,0.729,189400,3.4,3.4,32.2,8170,33.4
76309,48485,Wichita County,13395,54159,0.573,0.765,143400,2.85,7.2,16.0,2952,33.3
79518,48263,Kent County,104,34342,0.5,0.835,,5.66,3.2,100.0,20,33.3
75067,48121,Denton County,66913,78752,0.398,0.436,343900,4.58,4.6,37.6,10242,33.2
78577,48215,Hidalgo County,80540,52770,0.59,0.613,122100,4.65,3.1,26.6,18276,32.9
79350,48303,Lubbock County,296,,0.978,0.377,46100,1.53,6.0,11.4,111,32.9
75201,48113,Dallas County,18345,103761,0.106,0.027,688100,9.52,4.5,40.8,747,32.7
79346,48079,Cochran County,1767,40833,0.623,0.86,48100,3.32,3.2,85.0,423,32.7
75057,48121,Denton County,17958,82803,0.357,0.416,238400,4.58,4.6,37.6,2465,32.6
75235,48113,Dallas County,19637,63393,0.245,0.262,294500,9.52,4.5,40.8,1850,32.6
78228,48029,Bexar County,56165,52976,0.593,0.734,174900,3.4,3.4,32.2,12809,32.6
79912,48141,El Paso County,78819,72943,0.53,0.6,264200,1.61,4.4,11.0,16066,32.6
76117,48439,Tarrant County,32950,51670,0.5,0.661,211700,5.45,3.8,35.3,6336,32.5
78230,48029,Bexar County,41387,73529,0.49,0.516,386600,3.4,3.4,32.2,7799,32.4
78224,48029,Bexar County,22232,59891,0.577,0.617,162200,3.4,3.4,32.2,4933,32.3
78237,48029,Bexar County,37379,42772,0.613,0.799,115500,3.4,3.4,32.2,8812,32.3
75254,48113,Dallas County,25050,67216,0.249,0.164,287300,9.52,4.5,40.8,2399,32.2
77477,48157,Fort Bend County,33752,75744,0.367,0.43,257300,5.55,3.2,34.0,4764,32.2
76115,48439,Tarrant County,19655,52411,0.468,0.679,150600,5.45,3.8,35.3,3537,32.1
78227,48029,Bexar County,44035,51519,0.59,0.725,159700,3.4,3.4,32.2,9992,32.1
76112,48439,Tarrant County,44514,57724,0.487,0.556,225900,5.45,3.8,35.3,8337,32.0
79088,48437,Swisher County,5302,35804,0.598,0.859,82800,3.31,4.1,39.3,1219,32.0
79924,48141,El Paso County,60364,56976,0.615,0.715,148500,1.61,4.4,11.0,14278,32.0
75038,48113,Dallas County,32755,68990,0.196,0.202,408000,9.52,4.5,40.8,2469,31.8
79763,48135,Ector County,35174,56877,0.704,0.505,132500,2.62,4.1,18.2,9524,31.8
75966,48351,Newton County,4994,40087,0.739,0.614,102900,2.38,5.4,24.2,1419,31.7
76014,48439,Tarrant County,32818,60333,0.402,0.618,234600,5.45,3.8,35.3,5074,31.7
76205,48121,Denton County,18978,68600,0.417,0.475,335600,4.58,4.6,37.6,3043,31.7
76306,48485,Wichita County,13963,46957,0.586,0.737,111600,2.85,7.2,16.0,3147,31.7
75001,48113,Dallas County,16872,73514,0.163,0.155,468800,9.52,4.5,40.8,1057,31.6
75951,48241,Jasper County,15144,53147,0.701,0.612,128100,0.97,5.4,19.3,4083,31.6
78040,48479,Webb County,35709,36092,0.378,0.698,118700,5.06,13.1,25.3,5191,31.6
75236,48113,Dallas County,18963,49715,0.293,0.344,255800,9.52,4.5,40.8,2136,31.4
79835,48141,El Paso County,11440,45924,0.772,0.575,109300,1.61,4.4,11.0,3396,31.4
76878,48083,Coleman County,1585,46111,0.641,0.692,78300,1.41,7.9,21.1,390,31.2
79326,48279,Lamb County,51,,1.0,0.2,,1.67,6.9,41.6,19,31.2
76541,48027,Bell County,19011,37349,0.236,0.475,116300,8.1,11.4,36.3,1725,31.1
78223,48029,Bexar County,58983,52088,0.576,0.664,172600,3.4,3.4,32.2,13067,31.0
78752,48453,Travis County,23317,67682,0.202,0.305,422000,7.98,4.8,42.7,1811,30.8
78242,48029,Bexar County,36168,50644,0.536,0.739,148200,3.4,3.4,32.2,7456,30.7
78550,48061,Cameron County,53335,49007,0.505,0.595,131100,4.36,6.1,16.7,10359,30.7
79838,48141,El Paso County,4969,43367,0.726,0.626,95800,1.61,4.4,11.0,1387,30.7
78214,48029,Bexar County,22118,44902,0.565,0.748,128800,3.4,3.4,32.2,4806,30.6
79403,48303,Lubbock County,16089,47907,0.603,0.727,84100,1.53,6.0,11.4,3731,30.6
78541,48215,Hidalgo County,51710,52863,0.53,0.551,156700,4.65,3.1,26.6,10540,30.5
78202,48029,Bexar County,10224,47478,0.558,0.72,234700,3.4,3.4,32.2,2194,30.4
79849,48141,El Paso County,14409,44831,0.749,0.559,109800,1.61,4.4,11.0,4150,30.4
77467,48481,Wharton County,80,,0.0,0.0,,9.53,74.1,100.0,0,30.3
79013,48341,Moore County,3048,45106,0.326,0.134,81500,6.72,23.1,100.0,382,30.3
75243,48113,Dallas County,63481,53618,0.266,0.255,386100,9.52,4.5,40.8,6494,30.2
75251,48113,Dallas County,3525,90396,0.014,0.103,,9.52,4.5,40.8,18,30.2
78234,48029,Bexar County,7149,100662,0.0,0.911,,3.4,3.4,32.2,0,30.1
77081,48201,Harris County,50129,43251,0.066,0.094,274000,15.94,5.5,90.9,1272,30.0
79416,48303,Lubbock County,36442,63896,0.485,0.612,213700,1.53,6.0,11.4,6797,30.0
76301,48485,Wichita County,15479,41947,0.553,0.714,74800,2.85,7.2,16.0,3292,29.9
78872,48507,Zavala County,1287,39659,0.739,0.698,78500,0.95,0.4,3.8,365,29.9
78401,48355,Nueces County,4344,40841,0.14,0.321,77500,8.18,18.0,33.1,233,29.8
75240,48113,Dallas County,25290,58320,0.211,0.224,395100,9.52,4.5,40.8,2052,29.6
76104,48439,Tarrant County,20443,61658,0.369,0.502,162700,5.45,3.8,35.3,2901,29.5
78219,48029,Bexar County,17924,52094,0.539,0.619,162000,3.4,3.4,32.2,3715,29.4
79021,48189,Hale County,46,51094,0.235,0.833,,3.12,14.9,70.1,4,29.3
79903,48141,El Paso County,14715,37155,0.572,0.828,128400,1.61,4.4,11.0,3237,29.3
78204,48029,Bexar County,11983,60255,0.453,0.604,173100,3.4,3.4,32.2,2087,29.2
78212,48029,Bexar County,27437,62801,0.466,0.533,330600,3.4,3.4,32.2,4917,29.2
78220,48029,Bexar County,19423,41710,0.527,0.747,143700,3.4,3.4,32.2,3936,29.2
78501,48215,Hidalgo County,58935,48071,0.493,0.588,161000,4.65,3.1,26.6,11174,29.1
79935,48141,El Paso County,18720,61323,0.499,0.616,197500,1.61,4.4,11.0,3592,29.0
75962,48347,Nacogdoches County,3159,,,,,12.84,22.4,40.9,0,28.8
78338,48261,Kenedy County,36,,0.0,0.3,,13.47,9.6,100.0,0,28.8
79314,48079,Cochran County,130,27375,0.474,0.893,,3.32,3.2,85.0,23,28.8
78213,48029,Bexar County,40526,55884,0.488,0.58,216400,3.4,3.4,32.2,7606,28.4
78829,48507,Zavala County,1028,28517,0.692,0.711,73400,0.95,0.4,3.8,273,28.3
75207,48113,Dallas County,8287,84212,0.008,0.043,,9.52,4.5,40.8,25,28.2
78218,48029,Bexar County,39428,57285,0.482,0.557,190900,3.4,3.4,32.2,7309,28.2
75231,48113,Dallas County,38370,58540,0.183,0.164,522400,9.52,4.5,40.8,2700,28.1
75246,48113,Dallas County,2286,53555,0.199,0.228,447800,9.52,4.5,40.8,174,28.1
79915,48141,El Paso County,34230,35432,0.614,0.687,123200,1.61,4.4,11.0,8083,28.1
79925,48141,El Paso County,38621,57623,0.525,0.589,192900,1.61,4.4,11.0,7798,28.0
79907,48141,El Paso County,46365,41617,0.593,0.672,117800,1.61,4.4,11.0,10574,27.8
78741,48453,Travis County,45951,66741,0.153,0.187,420100,7.98,4.8,42.7,2704,27.6
78839,48507,Zavala County,7091,37365,0.682,0.651,103700,0.95,0.4,3.8,1860,27.6
79412,48303,Lubbock County,15018,48878,0.488,0.71,130700,1.53,6.0,11.4,2818,27.6
78201,48029,Bexar County,41981,47121,0.486,0.645,197800,3.4,3.4,32.2,7847,27.4
78217,48029,Bexar County,34055,60988,0.447,0.479,242300,3.4,3.4,32.2,5854,27.4
78257,48029,Bexar County,10992,81301,0.364,0.288,670400,3.4,3.4,32.2,1538,27.4
78843,48465,Val Verde County,307,,,,,11.31,24.6,98.4,0,27.3
78238,48029,Bexar County,26032,57769,0.448,0.52,209700,3.4,3.4,32.2,4485,27.0
75711,48423,Smith County,156,,,,,12.99,17.2,55.7,0,26.9
79101,48375,Potter County,2526,47759,0.1,0.329,167600,6.68,20.4,50.1,97,26.9
79236,48269,King County,197,45789,0.49,0.689,,3.28,1.0,100.0,37,26.9
76132,48439,Tarrant County,26927,63924,0.33,0.344,396200,5.45,3.8,35.3,3417,26.8
78203,48029,Bexar County,5200,35536,0.451,0.747,158000,3.4,3.4,32.2,902,26.8
76116,48439,Tarrant County,49856,56187,0.367,0.422,305800,5.45,3.8,35.3,7037,26.6
75226,48113,Dallas County,5199,70546,0.035,0.074,,9.52,4.5,40.8,69,26.3
78236,48029,Bexar County,7635,69219,0.023,0.959,,3.4,3.4,32.2,67,26.1
77204,48201,Harris County,4579,,,,,15.94,5.5,90.9,0,25.7
76010,48439,Tarrant County,54978,45466,0.313,0.548,217800,5.45,3.8,35.3,6618,24.9
79410,48303,Lubbock County,10137,44537,0.323,0.844,246400,1.53,6.0,11.4,1259,24.8
79930,48141,El Paso County,24123,42099,0.463,0.653,135000,1.61,4.4,11.0,4295,24.4
79904,48141,El Paso County,32976,41841,0.442,0.686,127100,1.61,4.4,11.0,5605,24.3
78240,48029,Bexar County,57921,63351,0.344,0.385,257500,3.4,3.4,32.2,7663,24.1
78256,48029,Bexar County,13453,74977,0.295,0.256,579300,3.4,3.4,32.2,1526,24.0
78207,48029,Bexar County,55474,32472,0.403,0.645,106700,3.4,3.4,32.2,8598,23.9
79905,48141,El Paso County,22594,25721,0.483,0.648,106800,1.61,4.4,11.0,4197,23.9
75287,48085,Collin County,53959,63741,0.23,0.241,405600,5.38,5.6,34.5,4773,23.7
76102,48439,Tarrant County,11895,75859,0.206,0.112,296600,5.45,3.8,35.3,942,23.4
79411,48303,Lubbock County,6865,47634,0.275,0.784,133900,1.53,6.0,11.4,726,23.2
75237,48113,Dallas County,18260,44318,0.113,0.152,247500,9.52,4.5,40.8,793,23.1
76311,48485,Wichita County,6362,77404,0.003,0.595,,2.85,7.2,16.0,7,22.8
78216,48029,Bexar County,41180,59110,0.352,0.374,310700,3.4,3.4,32.2,5575,22.8
77801,48041,Brazos County,15461,39846,0.196,0.348,162300,5.19,14.1,60.4,1165,22.7
76701,48309,McLennan County,1871,30313,0.102,0.141,,7.15,15.2,42.1,73,21.8
79902,48141,El Paso County,19031,50873,0.42,0.465,238500,1.61,4.4,11.0,3074,21.8
76006,48439,Tarrant County,23446,59139,0.248,0.215,294200,5.45,3.8,35.3,2236,21.4
76402,48143,Erath County,750,,,,,7.32,26.4,36.4,0,21.2
79414,48303,Lubbock County,17596,49057,0.346,0.504,157500,1.53,6.0,11.4,2341,21.0
79908,48141,El Paso County,4148,59792,0.015,0.901,,1.61,4.4,11.0,23,20.6
78226,48029,Bexar County,6554,33398,0.378,0.427,107100,3.4,3.4,32.2,952,20.1
78705,48453,Travis County,33238,32380,0.131,0.135,647600,7.98,4.8,42.7,1674,19.9
79415,48303,Lubbock County,15794,36468,0.371,0.477,96400,1.53,6.0,11.4,2253,19.7
78208,48029,Bexar County,3861,26595,0.325,0.489,146600,3.4,3.4,32.2,482,19.5
76011,48439,Tarrant County,22752,54038,0.174,0.271,247300,5.45,3.8,35.3,1522,19.0
76908,48451,Tom Green County,1322,,,,,7.25,18.8,49.1,0,18.6
76909,48451,Tom Green County,405,,,,,7.25,18.8,49.1,0,18.6
77840,48041,Brazos County,54864,30377,0.103,0.25,244800,5.19,14.1,60.4,2173,18.4
79906,48141,El Paso County,5917,56044,0.0,0.806,,1.61,4.4,11.0,0,17.8
75247,48113,Dallas County,627,20200,0.0,0.044,,9.52,4.5,40.8,0,17.4
76201,48121,Denton County,31143,39982,0.19,0.31,257700,4.58,4.6,37.6,2275,17.2
76596,48099,Coryell County,1060,,,,,7.82,12.6,57.2,0,16.9
76597,48099,Coryell County,3005,,,,,7.82,12.6,57.2,0,16.9
76598,48099,Coryell County,491,,,,,7.82,12.6,57.2,0,16.9
76599,48099,Coryell County,1980,,,,,7.82,12.6,57.2,0,16.9
76798,48309,McLennan County,2883,,,,,7.15,15.2,42.1,0,16.9
79324,48017,Bailey County,72,,0.0,1.0,,1.41,3.9,24.6,0,16.2
76155,48439,Tarrant County,6533,73229,0.004,0.009,,5.45,3.8,35.3,10,16.0
78215,48029,Bexar County,3506,84437,0.023,0.032,476500,3.4,3.4,32.2,31,15.6
79016,48381,Randall County,310,,,,,5.9,16.2,59.3,0,14.6
78712,48453,Travis County,201,,,,,7.98,4.8,42.7,0,14.3
76127,48439,Tarrant County,1729,,0.0,0.421,,5.45,3.8,35.3,0,13.8
77843,48041,Brazos County,8259,,,,,5.19,14.1,60.4,0,11.8
78229,48029,Bexar County,35664,46574,0.138,0.12,228900,3.4,3.4,32.2,1892,10.8
78235,48029,Bexar County,2304,62863,0.025,0.012,,3.4,3.4,32.2,22,10.4
79401,48303,Lubbock County,8741,26980,0.089,0.276,105600,1.53,6.0,11.4,299,9.3
76129,48439,Tarrant County,1641,,,,,5.45,3.8,35.3,0,7.4
76203,48121,Denton County,1085,,,,,4.58,4.6,37.6,0,7.0
78205,48029,Bexar County,1538,38964,0.093,0.007,604600,3.4,3.4,32.2,55,7.0
79901,48141,El Paso County,8554,14872,0.081,0.182,91400,1.61,4.4,11.0,266,6.8
79721,48227,Howard County,352,,,,,2.97,8.4,18.4,0,5.0
78243,48029,Bexar County,232,,,,,3.4,3.4,32.2,0,3.9
79406,48303,Lubbock County,7995,,,0.0,,1.53,6.0,11.4,0,2.8
79916,48141,El Paso County,3055,,,,,1.61,4.4,11.0,0,2.0
79918,48141,El Paso County,274,,,,,1.61,4.4,11.0,0,2.0
79920,48141,El Paso County,28,,,,,1.61,4.4,11.0,0,2.0
