zip,county_fips,hazard_source,risk_score,social_vulnerability,community_resilience,hurricane_score,ice_storm_score,cold_wave_score,heat_wave_score,strong_wind_score,winter_weather_score,tornado_score,hail_score,lightning_score,inland_flood_score,coastal_flood_score,wildfire_score,electric_heat_share,median_rooms,median_year_built,owner_median_year_moved_in,new_sf_homes_per_1k_households_county
75001,48113,tract,54.98,23.04,8.93,39.07,68.0,70.47,94.67,35.3,44.99,80.86,97.51,24.02,34.37,,18.34,0.788,3.3,1998,2015,5.5
75002,48085,tract,84.24,26.49,45.23,36.3,59.01,60.32,70.61,38.33,50.43,99.83,98.56,18.17,60.4,,68.66,0.374,7.4,2000,2011,29.1
75006,48113,tract,74.85,33.15,8.93,41.53,76.08,71.26,93.84,43.09,51.46,86.62,98.05,29.9,60.5,,41.3,0.614,4.9,1982,2008,5.5
75007,48121,tract,57.61,28.66,27.58,33.64,76.64,56.15,76.34,45.5,41.61,96.22,94.63,25.47,46.96,,20.39,0.535,6.2,1987,2008,22.9
75009,48085,tract,92.94,12.33,44.11,42.65,70.19,73.15,82.9,51.87,62.36,99.9,99.43,27.15,76.64,,88.8,0.336,7.5,2012,2016,29.1
75010,48121,tract,56.14,18.01,29.14,33.35,77.03,54.97,75.55,47.28,41.53,96.6,94.23,26.56,44.99,,54.75,0.567,5.2,2005,2014,22.9
75013,48085,tract,89.67,15.38,45.23,37.91,65.46,65.18,75.87,43.47,55.27,99.91,99.1,22.56,74.19,,50.03,0.474,6.6,2008,2014,29.1
75019,48113,tract,74.52,35.67,9.33,40.45,70.84,78.76,95.87,45.14,53.92,80.69,96.76,33.83,76.6,,55.81,0.478,6.3,1995,2012,5.5
75020,48181,tract,63.7,60.71,34.86,43.58,93.92,79.16,87.96,61.5,61.74,89.97,91.35,51.85,64.57,,88.27,0.548,5.5,1971,2011,23.5
75021,48181,tract,47.66,60.35,34.86,43.88,87.74,74.18,83.37,51.82,45.76,84.69,81.94,43.97,47.28,,88.33,0.53,5.5,1979,2011,23.5
75022,48121,tract,62.71,19.71,28.97,36.52,79.95,54.75,74.73,45.66,48.91,96.19,97.21,27.69,57.21,,79.65,0.335,8.2,2000,2012,22.9
75023,48085,tract,73.36,22.22,45.23,32.49,47.82,54.42,63.93,32.74,44.6,99.63,97.2,12.4,40.95,,15.24,0.518,6.5,1985,2008,29.1
75024,48085,tract,63.24,17.99,43.22,34.32,55.38,45.94,52.53,28.75,41.14,97.36,97.46,15.84,40.76,,35.29,0.59,4.4,2002,2010,29.1
75025,48085,tract,76.11,23.86,45.23,33.4,51.32,56.93,66.64,35.17,46.9,99.69,97.71,13.97,43.67,,27.06,0.451,7.1,1996,2009,29.1
75028,48121,tract,52.5,13.81,29.06,33.8,75.26,49.67,69.75,41.58,43.34,94.5,94.93,23.65,48.13,,60.21,0.3,7.2,1996,2011,22.9
75032,48397,tract,51.24,20.15,79.09,34.65,50.82,67.31,81.88,77.26,41.86,90.95,91.9,34.5,47.3,,82.71,0.535,7.0,2004,2014,44.8
75033,48121,tract,82.35,13.08,36.41,38.24,76.75,64.88,80.18,51.48,54.13,99.32,98.3,29.83,66.07,,63.93,0.418,7.6,2008,2014,22.9
75034,48085,tract,73.0,17.74,38.22,36.56,71.0,56.7,71.34,41.78,48.15,99.13,97.97,24.44,40.99,,50.66,0.638,4.3,2010,2014,29.1
75035,48085,tract,85.67,17.64,45.23,38.28,64.47,66.87,76.01,46.41,57.29,99.74,98.65,24.19,65.5,,63.49,0.368,7.4,2008,2014,29.1
75036,48121,tract,65.37,27.55,29.14,35.41,82.48,61.0,81.55,53.71,46.73,98.69,96.42,31.61,46.72,,78.41,0.369,7.0,2012,2015,22.9
75038,48113,tract,40.92,36.27,8.93,34.63,56.92,63.34,84.25,27.54,38.5,69.63,95.23,17.56,27.12,,34.88,0.798,3.7,1987,2014,5.5
75039,48113,tract,54.28,17.56,8.93,34.66,60.13,73.38,95.61,31.04,42.98,70.16,95.73,21.61,49.19,,39.07,0.792,3.1,2010,2015,5.5
75040,48113,tract,64.77,49.88,8.93,34.9,66.16,83.18,97.34,39.05,51.48,73.37,95.67,30.0,51.01,,39.24,0.588,5.3,1980,2008,5.5
75041,48113,tract,77.06,63.99,8.93,39.7,75.72,82.08,97.18,45.83,55.73,84.07,97.68,34.21,61.91,,31.07,0.444,5.1,1965,2009,5.5
75042,48113,tract,63.4,55.68,8.93,37.09,67.75,79.38,96.8,40.57,51.25,76.65,94.97,30.05,51.9,,23.77,0.454,5.1,1968,2006,5.5
75043,48113,tract,60.98,51.6,8.93,34.88,65.37,82.43,97.3,37.92,50.38,73.0,95.79,28.87,42.06,,45.73,0.613,5.5,1980,2010,5.5
75044,48113,tract,69.76,46.1,9.08,36.23,67.92,82.72,97.27,40.2,52.15,76.67,96.57,30.72,64.31,,45.84,0.615,5.3,1986,2009,5.5
75048,48113,tract,70.82,34.61,15.96,36.21,66.05,79.33,94.48,39.2,51.18,78.87,96.87,26.58,61.35,,72.54,0.384,6.9,2006,2013,5.5
75050,48113,tract,64.69,55.98,12.49,38.47,67.24,70.08,89.21,33.69,48.25,81.52,96.91,27.38,53.94,,45.06,0.673,4.4,1981,2007,5.5
75051,48113,tract,62.63,63.78,11.12,36.36,63.84,77.0,93.62,34.65,49.75,79.06,95.55,27.77,50.51,,32.67,0.734,5.0,1981,2008,5.5
75052,48113,tract,51.39,38.63,15.77,35.56,55.05,69.24,90.57,25.57,46.76,77.21,95.19,24.07,42.73,,47.85,0.662,5.8,1997,2008,5.5
75054,48439,tract,41.17,11.61,19.89,34.91,48.91,59.55,85.91,18.92,43.6,77.17,93.91,21.27,38.95,,58.62,0.34,7.6,2011,2015,13.2
75056,48121,tract,42.71,20.77,29.14,32.27,72.92,48.95,68.73,41.12,38.4,94.35,93.41,22.2,27.51,,61.08,0.648,5.5,2006,2013,22.9
75057,48121,tract,62.68,57.14,29.14,36.55,82.38,56.76,76.16,50.79,50.16,97.78,96.68,30.2,42.33,,70.63,0.655,4.6,1995,2011,22.9
75058,48181,tract,70.4,19.59,34.86,50.07,92.48,82.2,89.62,67.77,57.29,91.24,91.59,52.66,76.05,,91.06,0.523,7.0,2007,2014,23.5
75060,48113,tract,52.0,52.64,8.93,33.63,60.37,77.19,96.39,33.71,45.87,68.91,93.37,24.26,34.77,,45.15,0.534,5.2,1974,2009,5.5
75061,48113,tract,57.92,64.72,8.93,35.72,65.12,77.54,96.4,36.13,47.77,74.29,95.87,26.08,37.46,,34.32,0.655,4.4,1978,2009,5.5
75062,48113,tract,45.42,43.41,8.93,34.82,60.09,71.22,94.89,31.28,42.71,70.75,95.11,21.53,25.63,,27.31,0.538,4.8,1974,2008,5.5
75063,48113,tract,33.7,43.48,8.93,35.53,52.36,45.84,51.72,25.63,34.03,68.93,95.03,14.26,27.11,,47.76,0.636,4.2,1995,2013,5.5
75065,48121,tract,64.68,24.71,29.14,35.2,81.52,60.06,79.79,52.66,46.06,97.76,96.33,30.5,50.45,,72.75,0.469,6.2,2003,2012,22.9
75067,48121,tract,48.12,30.57,28.36,32.12,73.48,51.85,71.87,42.71,37.96,94.95,92.88,22.74,33.66,,41.45,0.737,4.5,1994,2012,22.9
75068,48121,tract,54.52,14.15,29.14,33.43,76.14,55.6,75.25,47.48,40.18,95.83,94.15,26.34,40.15,,75.59,0.539,6.6,2010,2015,22.9
75069,48085,tract,81.46,43.53,45.23,37.03,60.62,60.81,69.35,39.56,51.68,94.79,97.4,20.51,52.94,,71.78,0.562,5.3,2000,2012,29.1
75070,48085,tract,81.39,19.54,45.23,34.63,55.76,62.39,72.93,40.12,51.37,99.82,98.07,16.14,42.01,,53.62,0.517,5.7,2010,2015,29.1
75071,48085,tract,88.41,14.3,45.23,39.22,61.27,66.97,76.89,44.36,56.0,99.89,98.92,20.91,66.91,,83.34,0.427,7.1,2011,2015,29.1
75072,48085,tract,79.47,22.73,45.23,34.78,55.58,58.32,68.26,36.67,48.66,99.74,98.23,16.55,49.32,,33.01,0.282,7.7,2004,2013,29.1
75074,48085,tract,81.9,44.53,45.23,35.81,57.74,59.99,69.78,38.69,50.87,99.69,97.95,19.1,52.09,,47.59,0.559,5.4,1994,2010,29.1
75075,48085,tract,77.64,40.83,45.23,35.31,56.2,57.04,65.78,36.48,48.55,99.42,97.67,18.53,60.43,,23.9,0.45,6.4,1982,2008,29.1
75076,48181,tract,60.0,66.83,34.86,43.01,93.52,73.6,82.58,56.43,60.6,84.93,90.89,46.47,67.3,,90.79,0.7,5.5,1988,2012,23.5
75077,48121,tract,60.44,19.83,29.14,34.44,79.19,54.46,75.18,46.51,44.71,96.91,96.16,26.36,53.79,,61.24,0.402,7.2,1994,2011,22.9
75078,48085,tract,90.18,12.5,40.42,40.87,74.11,69.53,81.63,51.97,58.77,99.84,99.26,30.88,73.05,,86.12,0.345,10,2015,2017,29.1
75080,48113,tract,59.27,31.09,19.5,33.99,56.16,66.94,83.42,30.99,43.06,79.15,95.77,20.17,49.16,,25.35,0.505,5.5,1973,2010,5.5
75081,48113,tract,63.07,50.51,8.93,38.09,68.98,77.08,95.56,38.79,49.61,79.72,97.5,28.6,49.5,,18.73,0.534,5.6,1979,2009,5.5
75082,48085,tract,60.9,29.89,39.63,32.87,48.14,49.78,60.13,27.36,39.68,94.23,97.03,12.57,35.26,,33.71,0.567,5.1,2002,2008,29.1
75087,48397,tract,42.14,25.44,76.96,32.7,46.13,65.8,80.12,71.75,38.42,89.19,89.28,31.42,29.25,,72.53,0.363,7.3,2005,2015,44.8
75088,48113,tract,55.83,30.35,17.85,35.32,62.45,76.87,95.72,39.39,44.97,75.84,95.98,26.23,39.61,,39.76,0.441,6.4,1994,2011,5.5
75089,48113,tract,54.67,18.09,11.51,34.13,60.53,77.79,96.05,34.54,45.17,70.95,94.93,24.53,42.59,,62.06,0.395,7.0,2001,2010,5.5
75090,48181,tract,63.97,58.08,34.86,48.55,92.68,81.46,89.44,66.7,58.69,91.52,90.72,54.71,62.04,,87.58,0.634,5.5,1974,2008,23.5
75092,48181,tract,64.39,47.29,34.86,46.45,92.66,78.9,87.53,62.96,57.24,88.84,90.81,50.09,69.37,,90.04,0.579,5.2,1990,2012,23.5
75093,48085,tract,76.97,18.75,43.65,36.34,62.0,54.2,64.32,34.95,47.06,99.32,98.49,19.97,54.48,,33.87,0.486,6.5,1994,2010,29.1
75094,48085,tract,79.31,22.66,45.23,34.86,55.23,58.4,68.08,36.86,48.66,99.65,98.15,15.9,52.76,,46.73,0.233,8.0,2005,2010,29.1
75098,48085,tract,81.85,22.83,42.47,35.18,57.64,66.0,77.5,41.82,51.66,97.14,97.77,18.15,48.84,,72.75,0.505,6.7,2006,2014,29.1
75101,48139,tract,10.43,29.34,66.02,46.5,12.34,58.98,44.18,22.19,34.06,49.47,77.22,45.24,16.9,,85.89,0.627,5.4,1990,2006,35.9
75102,48349,tract,78.7,69.54,23.26,56.43,86.96,91.46,87.69,94.85,62.17,98.02,88.49,92.88,66.8,,91.78,0.867,5.5,1991,2012,28.8
75103,48467,tract,51.41,53.91,23.29,57.06,84.75,83.96,80.47,92.02,66.05,80.48,86.14,85.11,44.6,,85.57,0.81,5.7,1990,2011,2.2
75104,48113,tract,55.25,49.72,12.49,36.12,60.13,76.73,95.03,34.11,47.04,75.66,95.44,28.53,42.41,,74.44,0.748,6.3,1996,2009,5.5
75105,48349,tract,80.24,67.67,23.26,55.88,88.3,92.55,89.18,95.53,60.49,98.83,86.94,94.53,66.91,,92.9,0.798,6.4,1981,2013,28.8
75109,48349,tract,91.0,64.21,23.26,61.91,93.97,94.83,91.75,97.41,77.01,99.6,93.71,96.61,86.6,,93.03,0.824,5.7,2000,2014,28.8
75110,48349,tract,79.36,70.12,23.26,55.38,87.33,92.17,88.64,95.09,61.48,98.29,87.24,93.73,67.79,,90.06,0.583,5.2,1976,2009,28.8
75114,48257,tract,75.23,60.56,51.42,48.11,40.95,87.85,93.99,69.48,71.48,86.04,94.59,57.45,79.92,,90.51,0.586,6.1,2011,2017,22.9
75115,48113,tract,66.23,44.35,8.93,36.44,63.58,79.58,96.64,36.06,49.29,76.92,96.12,27.69,59.21,,67.72,0.554,6.7,1993,2010,5.5
75116,48113,tract,46.88,56.33,8.93,33.29,56.97,77.77,96.45,31.78,45.98,69.95,94.12,24.75,24.38,,26.56,0.59,5.4,1974,2006,5.5
75117,48467,tract,54.16,32.5,23.29,58.25,88.57,85.43,82.5,93.72,70.92,83.31,88.36,87.18,44.18,,85.71,0.729,5.3,1989,2015,2.2
75119,48139,tract,44.06,42.15,63.62,47.69,35.47,76.0,68.6,44.91,55.07,70.18,89.59,70.9,50.01,,90.66,0.695,5.5,1993,2011,35.9
75124,48213,tract,46.91,55.47,28.02,53.08,76.18,90.39,68.88,82.06,56.27,79.79,78.87,73.88,28.29,,83.26,0.838,6.0,1999,2011,9.2
75125,48139,tract,49.94,67.56,49.74,43.92,52.39,82.06,79.76,44.68,54.38,75.74,92.07,67.46,51.04,,88.31,0.78,5.5,1993,2007,35.9
75126,48257,tract,48.97,29.67,52.15,40.88,31.0,77.65,87.42,56.19,58.98,74.74,90.69,43.24,52.83,,84.17,0.566,6.4,2012,2017,22.9
75127,48467,tract,77.61,48.67,23.29,64.41,88.73,89.73,85.37,95.48,72.26,85.69,88.55,90.16,43.22,,87.05,0.806,5.1,1975,2001,2.2
75132,48397,tract,25.38,19.37,79.09,29.78,37.21,62.89,79.19,69.67,30.22,86.63,85.36,27.12,10.85,,72.56,,-666666666,,,44.8
75134,48113,tract,77.37,73.41,8.93,43.29,76.48,85.42,97.8,49.91,60.28,87.46,96.92,38.97,63.06,,74.2,0.697,6.2,1995,2005,5.5
75135,48231,tract,78.52,42.37,31.13,41.84,97.64,89.62,89.93,88.53,67.82,98.74,93.92,52.6,64.41,,88.09,0.701,5.8,2003,2014,22.8
75137,48113,tract,64.11,58.76,8.93,34.81,59.52,78.06,96.53,32.88,46.54,73.45,94.74,24.22,64.45,,48.07,0.618,6.2,1981,2006,5.5
75140,48467,tract,69.27,46.99,24.07,62.37,87.71,87.96,84.08,94.17,70.71,83.33,87.61,88.69,40.5,,85.86,0.598,5.5,1986,2011,2.2
75141,48113,tract,93.21,86.52,8.93,47.37,86.36,93.06,99.25,60.37,70.33,97.89,99.62,49.52,80.31,,88.97,0.658,5.1,1998,2012,5.5
75142,48257,tract,52.4,52.64,51.42,44.9,27.33,77.81,88.29,55.78,59.64,73.62,90.59,41.34,60.91,,88.85,0.759,5.6,1988,2012,22.9
75143,48257,tract,65.95,68.03,41.46,49.8,52.73,88.14,84.25,72.2,63.57,84.0,88.6,62.03,61.81,,88.19,0.826,5.2,1987,2012,22.9
75144,48349,tract,79.92,64.03,23.26,58.97,90.87,89.09,83.85,93.62,66.32,98.3,89.92,90.17,75.87,,90.85,0.586,5.6,1987,2013,28.8
75146,48113,tract,79.85,58.87,9.27,44.53,74.55,86.82,97.96,48.6,60.15,85.88,97.6,39.3,76.89,,81.92,0.649,5.8,1990,2008,5.5
75147,48467,tract,59.86,59.32,34.81,52.52,62.1,84.68,85.34,80.76,65.66,82.03,89.37,70.88,60.12,,86.52,0.816,5.6,1996,2011,2.2
75148,48213,tract,45.47,70.72,29.77,52.08,71.6,93.73,59.42,75.62,52.96,76.74,75.98,64.8,32.17,,80.78,0.734,5.3,1986,2011,9.2
75149,48113,tract,61.77,48.66,8.93,35.92,65.58,82.32,97.27,37.81,50.68,76.52,95.73,29.1,39.77,,52.25,0.537,5.5,1980,2008,5.5
75150,48113,tract,57.72,52.71,8.93,34.8,64.08,80.22,96.85,36.16,48.51,72.23,95.8,27.07,38.07,,24.78,0.658,5.0,1982,2009,5.5
75152,48139,tract,36.33,58.1,66.02,42.58,36.64,77.36,71.57,37.95,48.73,66.99,89.29,72.89,42.0,,89.0,0.807,5.8,1991,2014,35.9
75153,48349,tract,80.08,66.25,23.26,57.07,89.29,91.18,87.07,94.77,62.73,98.62,88.09,92.81,70.37,,92.09,0.911,5.5,1992,2012,28.8
75154,48139,tract,51.76,56.8,58.91,38.83,47.85,83.01,80.48,41.99,52.25,73.49,91.47,74.91,56.14,,86.98,0.721,6.3,2001,2012,35.9
75155,48349,tract,80.24,67.67,23.26,55.88,88.3,92.55,89.18,95.53,60.49,98.83,86.94,94.53,66.91,,92.9,0.834,5.5,1998,2013,28.8
75156,48213,tract,60.92,73.05,29.79,50.93,74.84,96.74,70.93,80.99,57.44,86.17,80.09,75.94,43.14,,72.18,0.907,5.3,1989,2013,9.2
75157,48257,tract,84.33,72.33,51.42,50.49,45.22,90.62,95.29,75.3,77.25,91.18,96.53,62.68,88.91,,91.48,0.789,5.3,1986,2007,22.9
75158,48257,tract,70.85,53.91,51.42,48.54,37.0,85.13,92.76,68.55,71.91,85.35,94.97,52.72,76.14,,91.15,0.817,5.9,2001,2013,22.9
75159,48113,tract,80.01,76.11,24.69,44.97,61.99,90.19,97.33,57.07,66.56,86.59,96.79,47.22,69.96,,85.98,0.732,5.8,1991,2011,5.5
75160,48257,tract,59.12,55.4,47.96,42.97,43.95,80.1,88.35,63.84,63.13,81.29,92.35,43.22,63.9,,88.61,0.692,5.6,1991,2012,22.9
75161,48257,tract,60.15,53.48,51.42,46.82,33.09,80.62,90.34,62.53,66.09,79.55,93.45,44.88,67.92,,88.32,0.733,5.6,1995,2011,22.9
75163,48213,tract,59.09,83.96,29.77,52.72,75.37,95.68,65.9,80.23,57.98,82.44,80.67,70.92,48.21,,81.36,0.778,5.6,1985,2011,9.2
75164,48085,tract,89.46,9.21,45.23,39.04,60.56,67.89,78.43,43.71,55.53,99.95,98.57,18.48,59.88,,83.72,0.751,5.8,2005,2012,29.1
75165,48139,tract,49.06,47.8,66.02,43.12,40.43,80.65,75.83,41.18,52.01,70.66,90.56,77.68,59.52,,86.46,0.71,5.7,2002,2014,35.9
75166,48085,tract,89.2,9.21,45.23,38.32,59.2,66.38,77.04,42.29,54.21,99.94,98.46,17.65,66.58,,85.23,0.651,6.3,2008,2018,29.1
75167,48139,tract,67.16,60.99,66.02,45.77,46.57,84.92,81.18,49.14,60.24,77.86,93.52,83.66,78.06,,92.51,0.901,6.4,2006,2014,35.9
75169,48467,tract,57.68,32.53,26.03,55.57,81.02,85.93,84.31,90.26,67.46,84.02,88.93,83.15,52.67,,84.63,0.81,5.2,1992,2013,2.2
75172,48113,tract,97.44,89.65,8.93,52.49,89.46,93.67,99.3,64.7,73.27,99.26,99.8,53.08,96.55,,90.73,0.822,5.1,2010,2015,5.5
75173,48085,tract,89.96,22.75,45.23,39.44,60.41,69.02,79.47,44.86,56.41,99.95,98.53,18.29,57.7,,85.78,0.833,6.2,2010,2016,29.1
75180,48113,tract,66.81,71.36,8.93,35.01,67.18,88.13,98.31,42.46,56.91,77.7,95.23,35.44,33.71,,49.26,0.726,5.1,1989,2010,5.5
75181,48113,tract,66.64,52.39,8.93,36.44,63.44,82.18,97.34,38.94,52.49,76.67,95.3,31.61,60.78,,67.39,0.46,7.1,1998,2009,5.5
75182,48113,tract,64.01,9.69,8.93,37.45,65.65,75.09,96.09,33.26,44.86,76.92,97.59,23.32,60.65,,83.98,0.307,8.2,2006,2012,5.5
75189,48397,tract,54.59,15.86,54.16,34.73,62.37,70.1,78.78,67.65,45.78,91.19,89.38,30.28,42.48,,84.49,0.703,6.4,2012,2016,44.8
75201,48113,tract,53.25,29.65,8.93,37.64,66.09,72.23,95.35,33.72,44.53,78.1,97.25,23.4,31.27,,4.51,0.871,2.8,2004,2015,5.5
75202,48113,tract,61.64,35.97,8.93,40.62,71.95,68.25,92.79,36.61,46.05,86.0,98.72,25.14,39.62,,16.91,0.842,3.0,1978,2017,5.5
75203,48113,tract,60.66,76.64,8.93,35.54,63.16,81.24,97.0,36.31,50.11,76.34,95.83,28.76,42.26,,40.46,0.651,4.4,1967,2003,5.5
75204,48113,tract,37.61,35.3,8.93,32.39,53.33,69.29,94.74,26.99,39.07,64.26,93.21,18.5,24.72,,4.37,0.816,3.4,2004,2015,5.5
75205,48113,tract,59.03,18.81,8.93,37.12,64.05,69.55,94.51,31.49,42.21,76.8,97.2,21.26,53.78,,27.81,0.541,6.2,1992,2013,5.5
75206,48113,tract,28.38,13.97,8.93,31.4,49.08,65.29,93.39,24.15,36.16,60.86,92.47,15.94,14.01,,17.35,0.718,4.0,1991,2016,5.5
75207,48113,tract,80.11,33.2,8.93,44.64,79.98,71.75,95.25,49.87,55.62,89.58,96.46,34.27,74.79,,46.26,0.892,2.6,2011,,5.5
75208,48113,tract,51.31,42.05,8.93,33.6,56.33,74.88,95.93,29.95,43.52,69.61,94.29,22.4,41.88,,25.04,0.5,4.9,1960,2009,5.5
75209,48113,tract,55.44,25.24,8.93,35.78,61.46,69.66,94.14,31.18,42.31,73.38,96.33,21.56,46.13,,36.11,0.551,5.4,1977,2013,5.5
75210,48113,tract,78.46,88.75,8.93,37.83,73.62,87.17,98.16,45.58,57.79,83.33,97.18,36.23,61.65,,31.04,0.628,4.8,1973,2001,5.5
75211,48113,tract,69.83,76.8,8.93,38.44,71.15,86.23,97.96,43.75,56.66,83.82,96.28,35.18,40.04,,44.69,0.527,4.9,1963,2004,5.5
75212,48113,tract,75.28,72.92,8.93,37.87,71.04,83.8,97.53,42.57,53.82,80.16,96.71,32.33,72.0,,40.46,0.683,4.8,2000,2008,5.5
75214,48113,tract,57.47,19.46,8.93,35.54,62.52,75.36,95.86,33.33,45.05,73.16,96.1,23.93,52.24,,36.98,0.467,5.6,1967,2012,5.5
75215,48113,tract,71.73,82.4,8.93,36.57,68.31,84.7,97.69,40.53,53.9,80.06,95.93,32.27,51.72,,36.84,0.667,4.7,1965,2012,5.5
75216,48113,tract,65.45,82.78,8.93,35.45,66.36,86.26,97.94,40.12,54.41,77.81,95.58,32.79,34.36,,45.36,0.571,5.1,1961,2006,5.5
75217,48113,tract,62.71,80.86,8.93,33.53,63.49,86.6,98.03,39.62,54.44,73.53,93.75,32.93,32.43,,57.9,0.525,5.5,1968,2005,5.5
75218,48113,tract,66.88,32.74,8.93,35.08,62.19,75.98,96.13,32.55,44.64,71.88,96.25,23.28,68.93,,36.3,0.393,5.5,1960,2011,5.5
75219,48113,tract,36.12,37.62,8.93,32.16,51.74,67.65,93.93,27.04,38.73,63.39,92.38,18.5,23.75,,10.65,0.793,3.5,2002,2015,5.5
75220,48113,tract,76.87,31.04,8.93,41.71,75.49,76.05,95.88,44.61,52.83,85.33,97.8,31.65,71.96,,43.46,0.682,3.8,1978,2007,5.5
75223,48113,tract,54.07,56.94,8.93,34.11,61.26,78.45,96.28,36.72,48.62,70.86,93.47,27.8,37.21,,39.38,0.388,5.3,1955,2001,5.5
75224,48113,tract,61.21,62.24,8.93,33.33,62.19,85.14,97.8,38.09,52.81,72.85,93.57,31.3,36.83,,32.61,0.486,5.0,1958,2000,5.5
75225,48113,tract,58.48,25.16,8.93,37.65,65.56,70.39,94.9,32.29,43.05,78.07,97.65,21.99,51.75,,32.8,0.469,8.0,1989,2013,5.5
75226,48113,tract,47.33,49.53,8.93,37.26,63.5,68.78,94.52,31.35,42.01,76.44,97.09,21.25,28.12,,11.78,0.851,2.5,1994,1989,5.5
75227,48113,tract,61.06,61.45,8.93,34.4,65.02,84.87,97.73,39.73,53.17,74.14,94.37,31.78,33.34,,33.31,0.536,5.3,1976,2007,5.5
75228,48113,tract,52.52,49.32,8.93,32.94,60.07,79.49,96.72,34.9,47.55,67.77,93.51,26.39,33.34,,24.66,0.542,4.9,1969,2008,5.5
75229,48113,tract,59.95,23.82,8.93,38.24,65.72,69.94,94.25,35.75,45.23,77.35,96.9,24.65,56.32,,32.97,0.425,6.3,1967,2011,5.5
75230,48113,tract,53.71,26.99,8.93,35.99,59.78,64.81,92.93,28.91,39.52,72.96,96.34,19.18,51.13,,29.02,0.593,5.9,1979,2012,5.5
75231,48113,tract,57.99,59.26,8.93,33.99,59.12,72.84,95.29,31.42,43.25,69.14,94.52,22.34,55.03,,18.82,0.817,3.9,1982,2012,5.5
75232,48113,tract,66.16,81.79,8.93,37.46,67.54,83.03,97.38,40.51,53.28,79.3,95.46,31.72,45.42,,44.57,0.475,5.8,1967,2000,5.5
75233,48113,tract,74.75,88.13,8.93,36.96,68.82,86.48,97.96,41.02,54.97,81.22,97.18,33.25,62.8,,28.52,0.536,5.4,1969,2006,5.5
75234,48113,tract,66.87,32.22,8.93,39.17,69.52,69.11,93.77,37.81,47.05,79.5,97.02,25.7,57.76,,36.77,0.523,4.8,1978,2010,5.5
75235,48113,tract,50.11,70.77,8.93,38.98,65.51,58.66,67.8,35.45,43.6,78.54,97.05,23.39,34.72,,22.84,0.757,3.5,2002,2010,5.5
75236,48113,tract,83.63,88.97,8.93,43.34,80.83,89.67,98.63,52.84,64.06,93.89,99.16,43.01,59.22,,69.89,0.864,4.2,1996,2010,5.5
75237,48113,tract,69.37,85.06,8.93,39.45,71.41,83.35,97.42,41.07,53.64,85.33,97.86,31.95,41.83,,56.84,0.873,3.8,1985,2005,5.5
75238,48113,tract,62.55,43.76,8.93,37.01,65.47,75.48,96.05,36.73,47.36,74.58,96.19,26.15,56.71,,29.57,0.517,5.3,1974,2012,5.5
75240,48113,tract,70.91,47.78,8.93,36.63,66.54,77.09,96.19,36.6,47.96,76.37,96.93,26.76,66.48,,14.02,0.741,3.6,1987,2008,5.5
75241,48113,tract,71.34,87.05,8.93,38.84,71.06,86.05,97.92,44.6,57.19,82.8,96.37,35.76,48.24,,71.26,0.636,5.7,1974,2006,5.5
75243,48113,tract,71.94,65.26,8.93,37.02,68.5,81.06,97.09,39.88,51.25,77.46,96.71,29.84,67.98,,21.13,0.753,4.1,1982,2011,5.5
75244,48113,tract,75.57,57.77,8.93,42.05,76.13,78.62,96.62,44.79,53.27,86.37,98.39,31.88,66.91,,23.04,0.589,5.5,1981,2012,5.5
75246,48113,tract,45.36,50.26,8.93,35.0,59.29,69.92,95.14,29.26,40.69,71.17,95.34,19.75,30.2,,14.11,0.714,3.6,1955,2013,5.5
75247,48113,tract,96.98,17.39,8.93,50.07,90.26,67.94,94.48,57.04,59.66,99.46,99.87,38.09,97.79,,58.17,0.907,3.1,1975,,5.5
75248,48113,tract,68.34,32.65,9.16,35.92,64.81,75.98,95.91,34.11,45.77,75.34,96.83,24.34,68.83,,24.21,0.596,5.5,1980,2010,5.5
75249,48113,tract,45.42,43.25,8.93,30.67,54.83,78.95,96.73,30.66,45.44,66.95,92.36,23.07,21.39,,47.07,0.831,6.1,1988,2011,5.5
75251,48113,tract,90.27,23.38,8.93,41.49,76.51,79.51,96.8,41.93,51.49,89.34,98.98,29.81,94.64,,28.66,0.717,3.2,2001,,5.5
75252,48085,tract,71.73,47.42,42.38,33.08,49.85,53.15,62.36,31.14,43.11,97.6,97.22,13.62,55.02,,34.37,0.622,5.0,1989,2012,29.1
75253,48113,tract,70.78,75.72,8.93,35.36,67.72,89.38,98.52,43.16,57.87,77.6,95.19,36.25,39.13,,80.05,0.845,5.0,1999,2014,5.5
75254,48113,tract,58.41,40.2,8.93,34.97,60.48,71.83,95.31,31.22,42.66,71.22,95.23,21.73,52.79,,20.07,0.829,3.9,1984,2012,5.5
75261,48439,tract,42.67,72.94,25.75,40.68,69.8,18.8,1.99,16.46,31.23,80.29,99.26,16.78,24.67,,78.1,,-666666666,,,13.2
75270,48113,tract,40.31,27.76,8.93,38.02,61.94,45.91,83.87,24.03,32.84,77.63,98.19,13.34,26.53,,22.38,,-666666666,,,5.5
75287,48085,tract,56.25,34.72,38.45,30.64,54.78,51.13,64.04,35.59,36.75,98.08,93.94,15.8,28.55,,11.47,0.748,3.8,1991,2012,29.1
75390,48113,tract,97.33,95.62,8.93,50.26,91.07,78.95,96.65,61.23,64.35,99.57,99.88,43.17,97.4,,26.54,,-666666666,,,5.5
75401,48231,tract,76.68,59.43,31.13,42.55,97.51,88.93,89.43,87.48,66.24,98.72,93.61,49.86,59.97,,87.4,0.589,5.0,1976,2010,22.8
75402,48231,tract,79.71,66.29,31.13,42.47,98.17,88.22,88.27,87.85,73.52,98.25,95.24,53.59,71.56,,86.04,0.597,5.5,1990,2012,22.8
75407,48085,tract,69.18,27.6,45.23,34.84,45.12,56.86,65.66,33.89,46.05,99.65,95.69,11.98,28.33,,82.92,0.702,6.2,2012,2017,29.1
75409,48085,tract,86.32,18.74,45.23,41.15,56.28,66.69,75.63,42.39,54.53,99.88,98.35,17.92,63.0,,87.11,0.696,6.7,2011,2017,29.1
75410,48499,tract,41.4,57.79,23.21,53.08,97.0,71.63,73.02,86.36,59.79,65.64,85.47,59.6,24.73,,84.0,0.804,5.4,1996,2013,2.1
75411,48277,tract,95.94,86.94,34.99,57.06,99.83,97.8,94.16,91.21,93.61,99.85,98.58,82.9,83.36,,96.45,0.659,6.5,1986,2015,2.1
75412,48387,tract,82.09,51.15,30.55,50.39,99.99,64.0,70.63,74.08,52.05,89.16,80.73,63.54,9.43,,85.92,0.209,5.7,1982,2006,2.6
75413,48147,tract,88.27,30.59,27.92,50.78,97.7,81.03,95.39,91.77,61.12,98.02,95.37,73.0,47.95,,86.96,0.6,5.0,1978,2011,5.7
75414,48181,tract,53.72,59.1,34.86,48.37,90.6,76.91,86.26,57.38,50.49,87.72,86.45,46.43,54.17,,90.62,0.566,5.5,1989,2014,23.5
75415,48119,tract,85.29,52.78,48.19,58.71,99.6,76.08,80.02,89.01,66.36,97.97,93.53,48.86,55.64,,88.4,0.524,6.0,1994,2008,3.4
75416,48277,tract,74.6,57.55,34.94,51.83,98.5,91.68,85.19,78.54,77.89,97.77,93.25,59.97,48.02,,92.98,0.574,5.8,1990,2007,2.1
75417,48387,tract,96.35,93.79,30.55,54.32,99.99,75.93,83.07,88.27,65.22,97.21,88.69,79.07,25.1,,85.83,0.609,5.5,1981,2010,2.6
75418,48147,tract,83.79,57.46,27.92,50.69,97.85,79.69,94.56,90.84,62.69,96.86,95.25,71.09,48.02,,87.43,0.584,5.6,1980,2012,5.7
75420,48223,tract,88.2,57.84,27.62,57.07,98.52,97.11,87.03,97.27,73.6,99.21,94.95,58.25,77.96,,87.32,0.531,4.6,1987,2011,4.2
75421,48277,tract,92.51,68.32,34.99,56.83,99.49,95.35,90.4,88.45,89.53,99.5,97.67,73.76,78.54,,95.35,0.477,6.2,1977,2011,2.1
75422,48231,tract,82.8,47.65,31.13,46.49,98.29,90.58,90.78,89.15,74.6,99.21,94.14,54.07,72.63,,88.14,0.613,5.3,1991,2007,22.8
75423,48231,tract,79.52,78.68,30.94,46.54,97.65,89.43,90.59,88.03,67.96,98.8,94.4,53.32,61.11,,90.86,0.614,5.7,1992,2014,22.8
75424,48085,tract,74.8,36.89,43.83,44.64,48.4,60.66,68.35,36.08,46.85,99.64,96.39,17.01,38.89,,87.96,0.745,5.8,1992,2012,29.1
75426,48387,tract,89.28,78.42,30.55,52.0,99.99,68.39,75.23,82.75,60.14,93.25,85.85,69.35,16.53,,86.37,0.431,5.2,1977,2005,2.6
75428,48231,tract,60.8,57.54,33.97,48.16,96.55,80.48,80.87,78.83,60.23,95.71,88.95,40.04,38.27,,86.38,0.691,4.7,1979,2013,22.8
75429,48231,tract,52.39,52.12,31.13,46.7,95.56,79.94,79.45,75.08,56.73,94.62,87.02,35.73,32.62,,86.92,,-666666666,,,22.8
75431,48223,tract,89.11,71.84,26.38,66.25,99.49,94.68,88.55,98.46,88.75,88.72,97.52,67.44,88.87,,90.41,0.656,5.3,1985,2006,4.2
75432,48119,tract,82.36,55.55,48.19,58.03,99.55,75.89,79.84,88.52,65.38,97.85,93.22,48.16,51.98,,87.07,0.611,5.8,1976,2012,3.4
75433,48223,tract,87.87,53.79,27.71,57.26,98.39,97.21,87.47,97.0,72.58,99.2,94.67,58.26,77.09,,87.09,0.719,5.4,1991,2011,4.2
75434,48277,tract,71.21,44.16,34.99,52.93,98.31,90.37,82.89,78.38,75.84,97.07,92.64,55.55,45.67,,92.19,0.0,-666666666,,,2.1
75435,48277,tract,82.67,66.79,32.97,53.56,99.08,83.79,82.97,82.89,71.0,97.14,90.84,66.27,36.29,,89.29,0.566,4.7,1977,2011,2.1
75436,48387,tract,80.03,48.1,30.83,50.08,99.9,65.5,71.35,73.2,51.78,89.13,80.36,63.08,10.46,,85.98,0.54,5.7,1988,2011,2.6
75437,48223,tract,83.13,57.73,27.65,61.34,97.3,94.86,80.74,93.85,63.77,97.77,90.91,47.43,64.22,,85.98,0.822,5.6,1992,2012,4.2
75438,48147,tract,85.61,62.96,27.92,51.13,97.03,75.76,93.4,88.01,57.6,95.41,93.31,64.41,27.87,,87.3,0.602,5.9,1995,2012,5.7
75439,48147,tract,77.64,53.16,27.92,49.63,97.3,76.87,94.05,89.29,58.63,96.18,94.37,66.76,31.09,,87.67,0.538,5.2,1978,2006,5.7
75440,48379,tract,69.66,62.34,24.36,54.11,98.58,79.62,81.68,90.76,65.16,96.15,88.17,83.14,47.11,,84.55,0.784,5.8,1998,2013,4.9
75441,48119,tract,85.29,52.78,48.19,58.71,99.6,76.08,80.02,89.01,66.36,97.97,93.53,48.86,55.64,,88.4,0.893,-666666666,,,3.4
75442,48085,tract,85.76,58.1,42.91,42.81,65.13,72.52,80.25,51.43,58.14,99.73,97.49,23.9,52.95,,89.09,0.599,6.0,2003,2013,29.1
75446,48147,tract,90.63,56.72,29.66,52.66,97.89,81.44,92.61,87.44,65.98,96.77,93.41,67.04,34.37,,87.99,0.516,5.8,1988,2010,5.7
75447,48147,tract,94.45,52.62,27.92,51.75,98.68,84.98,95.94,90.51,64.42,98.51,95.2,77.31,67.18,,92.51,0.468,6.4,2005,2013,5.7
75448,48119,tract,85.29,52.78,48.19,58.71,99.6,76.08,80.02,89.01,66.36,97.97,93.53,48.86,55.64,,88.4,0.81,5.1,1983,2013,3.4
75449,48147,tract,75.62,58.75,28.9,49.74,96.54,76.72,89.04,83.74,56.94,95.08,91.15,55.03,27.51,,87.01,0.504,5.9,1968,2011,5.7
75450,48119,tract,85.29,52.78,48.19,58.71,99.6,76.08,80.02,89.01,66.36,97.97,93.53,48.86,55.64,,88.4,0.655,4.8,1946,2012,3.4
75451,48063,tract,81.98,85.8,21.02,64.63,99.42,83.01,89.31,97.14,80.98,95.99,95.21,81.26,48.7,,91.3,0.73,5.2,1989,2010,2.2
75452,48147,tract,86.33,41.72,29.28,49.82,95.24,81.64,93.46,88.39,61.61,98.31,95.35,67.27,50.36,,87.9,0.557,5.4,1991,2012,5.7
75453,48231,tract,81.56,49.4,29.64,48.71,98.38,90.03,89.67,90.45,72.66,99.08,93.19,60.27,69.57,,87.41,0.746,5.1,2003,2012,22.8
75454,48085,tract,84.53,9.21,45.23,38.31,54.64,63.34,73.1,40.04,52.07,99.85,98.49,16.86,61.78,,85.51,0.384,7.3,2015,2018,29.1
75455,48449,tract,63.88,71.32,16.33,58.43,98.52,72.7,82.23,93.71,74.0,86.03,93.91,72.38,40.62,,89.24,0.755,5.3,1984,2009,1.8
75457,48159,tract,76.89,72.89,59.72,66.75,99.3,74.5,76.66,94.83,77.37,97.57,93.92,53.41,50.09,,88.56,0.717,5.4,1988,2011,0.6
75459,48181,tract,73.06,30.94,34.86,50.41,93.3,83.43,90.56,70.19,60.58,92.62,92.68,55.8,77.34,,91.27,0.723,5.4,1987,2015,23.5
75460,48277,tract,84.5,67.06,34.99,52.91,99.06,93.94,88.3,82.07,83.05,99.11,95.84,66.87,60.3,,91.29,0.579,5.6,1980,2011,2.1
75462,48277,tract,84.41,52.43,34.99,53.18,98.94,93.45,87.56,81.97,82.16,98.96,95.43,64.96,64.03,,93.0,0.761,6.3,1995,2013,2.1
75468,48277,tract,72.98,43.44,34.99,53.25,98.38,90.51,83.08,78.94,76.59,97.29,93.03,55.96,48.37,,92.35,0.347,5.7,1996,2006,2.1
75469,48119,tract,80.59,52.69,45.74,56.99,99.02,76.63,79.95,87.02,64.98,97.49,92.6,46.99,52.34,,88.19,0.462,5.0,1986,2014,3.4
75470,48277,tract,86.37,38.0,34.99,55.69,98.92,91.52,84.54,83.15,82.3,98.95,96.0,59.05,68.79,,93.57,0.696,10,2000,2011,2.1
75471,48223,tract,96.34,68.48,27.36,69.97,99.82,97.5,89.92,99.48,93.26,97.34,98.76,70.56,96.07,,91.96,0.811,5.5,1979,2006,4.2
75472,48379,tract,73.17,55.65,24.35,53.3,98.86,83.28,86.37,92.37,65.26,98.52,88.56,88.87,52.96,,84.5,0.687,5.1,1986,2012,4.9
75473,48277,tract,88.96,68.77,34.99,52.04,99.48,96.41,92.06,83.44,85.89,99.6,96.54,74.84,66.65,,95.37,0.663,6.5,2000,2012,2.1
75474,48231,tract,73.59,59.21,32.04,39.33,94.56,87.03,87.91,85.12,64.88,97.13,93.23,48.16,60.93,,86.17,0.82,5.3,1993,2011,22.8
75475,48147,tract,75.4,53.97,27.92,49.46,97.22,72.04,92.35,88.1,58.43,94.7,94.56,59.51,39.71,,85.42,1.0,-666666666,,,5.7
75476,48147,tract,92.45,52.8,27.92,51.5,98.52,84.17,95.77,90.44,63.78,98.27,95.11,76.31,62.55,,91.96,0.609,5.4,2002,2006,5.7
75477,48277,tract,86.37,38.0,34.99,55.69,98.92,91.52,84.54,83.15,82.3,98.95,96.0,59.05,68.79,,93.57,0.511,6.4,2003,2013,2.1
75478,48223,tract,97.0,68.73,30.34,70.2,99.87,96.82,89.59,99.51,93.1,99.84,98.79,70.23,95.09,,92.13,0.728,5.5,1984,2013,4.2
75479,48147,tract,75.31,50.07,28.13,49.15,96.83,76.01,93.72,87.43,55.96,95.78,93.52,64.6,23.41,,88.18,0.591,5.9,1981,2013,5.7
75480,48159,tract,70.47,84.39,58.62,60.85,99.06,77.94,80.5,94.51,74.0,96.99,92.91,57.2,46.0,,88.23,0.945,5.9,1990,2014,0.6
75481,48223,tract,82.57,58.8,30.05,61.84,97.46,93.06,80.14,93.87,64.65,97.71,91.09,47.49,62.53,,86.21,0.826,5.3,1987,2011,4.2
75482,48223,tract,83.03,64.46,27.65,56.47,98.05,95.75,83.07,95.84,70.46,98.39,93.65,52.12,67.85,,84.73,0.729,5.4,1983,2010,4.2
75486,48277,tract,96.72,88.98,34.99,57.62,99.87,97.96,94.4,92.08,94.47,99.88,98.81,83.8,85.23,,96.57,0.558,7.0,1989,2008,2.1
75487,48159,tract,68.33,73.11,44.55,64.67,98.69,68.35,73.29,92.21,71.43,89.66,92.14,52.47,37.14,,88.44,0.667,5.2,1990,2008,0.6
75488,48147,tract,94.45,52.62,27.92,51.75,98.68,84.98,95.94,90.51,64.42,98.51,95.2,77.31,67.18,,92.51,0.626,5.3,1999,2012,5.7
75489,48181,tract,67.65,62.55,34.86,51.22,91.83,80.7,89.14,63.98,55.46,91.56,89.06,51.13,73.11,,92.21,0.658,5.6,1979,2011,23.5
75490,48147,tract,83.09,54.14,28.14,49.68,97.38,80.68,95.09,90.71,59.95,97.65,94.93,72.45,48.61,,87.91,0.603,5.9,1996,2014,5.7
75491,48181,tract,68.85,58.16,32.08,50.02,93.34,78.16,90.17,72.84,55.38,92.48,90.77,56.48,52.7,,89.91,0.63,6.0,1990,2011,23.5
75492,48147,tract,87.21,59.95,27.92,51.18,97.1,75.85,93.43,87.57,57.56,95.47,92.75,64.28,23.99,,86.68,0.376,6.4,2004,2012,5.7
75493,48449,tract,48.72,76.52,14.65,57.6,97.97,68.34,79.17,92.12,68.83,80.77,92.43,67.33,23.87,,87.33,0.654,5.2,1991,2011,1.8
75494,48499,tract,73.92,76.35,29.37,65.69,99.25,87.43,88.67,97.27,83.93,69.41,95.06,70.39,65.82,,89.88,0.691,5.6,1985,2010,2.1
75495,48181,tract,68.49,31.81,35.43,49.32,90.09,79.43,87.97,64.08,56.51,91.3,91.16,49.24,72.77,,90.5,0.614,6.2,2005,2016,23.5
75496,48231,tract,68.37,56.49,29.82,45.87,96.5,80.05,86.48,83.0,58.85,95.73,92.08,51.13,37.09,,86.26,0.526,5.4,1977,2012,22.8
75497,48499,tract,62.76,80.63,23.53,56.97,98.43,83.65,82.49,94.3,77.15,61.03,93.92,56.97,64.8,,85.62,0.768,5.5,1995,2013,2.1
75501,48037,tract,36.13,53.66,39.33,37.15,92.83,51.85,80.74,49.68,60.0,84.1,94.16,79.95,18.49,,79.7,0.57,5.2,1982,2010,2.1
75503,48037,tract,63.36,37.11,39.33,41.74,95.78,50.47,79.77,58.79,71.48,88.09,97.27,79.8,63.43,,77.17,0.556,5.6,1985,2010,2.1
75550,48387,tract,78.65,73.44,30.55,50.75,99.99,66.19,73.23,82.86,50.48,91.26,80.95,66.35,7.0,,87.49,0.633,5.4,1986,2012,2.6
75551,48067,tract,43.44,68.6,29.23,50.44,96.19,57.58,82.78,92.69,63.59,77.56,91.87,70.88,22.71,,86.76,0.653,5.6,1979,2011,0.8
75554,48387,tract,76.61,71.21,32.22,50.41,98.93,62.07,73.46,74.96,51.4,88.64,83.21,67.34,20.14,,87.96,0.637,5.3,1987,2008,2.6
75555,48067,tract,52.46,85.73,28.37,51.57,96.88,56.46,81.86,93.59,63.42,76.7,92.28,68.97,23.16,,85.76,0.825,5.7,1986,2007,0.8
75556,48067,tract,38.79,45.16,29.23,49.88,96.37,59.12,84.46,93.43,63.47,78.69,92.18,73.37,16.1,,87.31,0.657,5.4,1997,2012,0.8
75558,48449,tract,77.63,75.2,15.02,59.32,99.42,82.3,90.55,98.08,82.52,94.66,97.19,85.72,56.25,,93.32,0.747,4.8,1992,2007,1.8
75559,48037,tract,58.61,69.64,38.61,48.18,95.21,47.98,76.06,46.66,56.47,80.42,92.35,73.25,53.37,,89.17,0.625,5.2,1982,2008,2.1
75560,48067,tract,55.08,95.34,29.23,55.55,97.92,60.86,85.68,94.74,70.77,82.4,94.78,75.22,42.07,,89.15,0.88,6.1,1990,2015,0.8
75561,48037,tract,51.37,52.55,39.33,39.49,93.2,41.88,70.71,46.13,60.05,78.13,94.86,68.69,57.14,,84.64,0.612,5.5,1984,2010,2.1
75562,48067,tract,31.22,78.7,29.23,49.84,96.22,47.5,73.93,89.76,60.04,69.03,91.52,58.9,22.81,,83.88,1.0,3.2,2013,1991,0.8
75563,48067,tract,47.95,72.29,29.23,52.61,97.53,56.97,82.29,93.66,68.16,78.45,94.14,68.59,34.88,,85.91,0.597,5.3,1974,2006,0.8
75564,48067,tract,31.22,78.7,29.23,49.84,96.22,47.5,73.93,89.76,60.04,69.03,91.52,58.9,22.81,,83.88,1.0,-666666666,,,0.8
75565,48067,tract,59.79,88.64,29.23,52.0,97.0,59.76,84.95,94.42,65.55,79.62,93.12,74.21,20.23,,86.52,1.0,5.8,1990,2006,0.8
75566,48067,tract,55.15,97.26,29.23,55.69,97.91,60.89,85.7,94.71,70.73,82.43,94.75,75.45,42.28,,89.33,0.657,5.8,1989,2000,0.8
75567,48037,tract,25.16,47.74,39.33,35.76,90.25,46.27,74.58,42.08,52.88,77.88,91.74,72.61,12.32,,83.56,0.805,5.3,1989,2010,2.1
75568,48067,tract,66.93,97.52,35.95,57.84,98.52,66.93,87.9,96.04,76.24,87.99,95.95,80.83,52.85,,90.63,0.587,5.3,1976,2004,0.8
75569,48037,tract,43.85,64.51,39.33,39.19,95.05,53.13,82.37,57.02,68.41,88.35,96.49,82.34,18.99,,58.37,0.565,5.2,2001,2014,2.1
75570,48037,tract,57.38,49.31,39.33,45.24,96.72,59.1,84.44,59.26,70.1,89.88,96.92,84.78,36.25,,86.56,0.511,5.5,1986,2011,2.1
75571,48343,tract,89.91,93.96,51.62,61.04,99.73,79.55,91.67,98.64,86.53,99.36,98.18,90.94,70.76,,93.49,0.487,5.9,1974,2011,0.8
75572,48067,tract,33.93,51.98,29.23,48.86,95.73,56.21,81.89,91.97,60.68,75.86,91.0,69.73,14.29,,86.36,0.732,5.5,1988,2007,0.8
75573,48037,tract,11.77,46.05,39.33,33.14,87.67,39.09,67.44,34.2,45.81,70.58,89.24,64.01,3.81,,80.23,0.685,5.3,1995,2014,2.1
75574,48037,tract,34.7,80.92,39.33,45.82,94.18,47.59,77.87,41.57,53.75,79.3,92.38,75.21,29.11,,88.85,0.728,5.1,1990,2015,2.1
75601,48183,tract,74.67,68.51,25.27,60.19,97.62,85.69,89.57,90.78,78.71,98.14,90.77,76.6,56.48,,51.61,0.605,5.4,1973,2012,4.6
75602,48203,tract,75.61,58.62,26.52,63.03,98.27,90.9,91.3,83.8,81.63,97.8,92.5,77.07,53.37,,83.88,0.624,5.5,1971,2006,2.0
75603,48183,tract,55.37,78.85,23.72,57.46,93.91,73.9,80.02,88.19,70.79,91.22,83.36,66.35,33.99,,83.35,0.771,5.6,1988,2009,4.6
75604,48183,tract,79.72,63.95,24.78,62.05,98.3,84.52,89.42,94.76,82.54,99.06,92.47,78.32,57.49,,69.76,0.626,5.6,1980,2011,4.6
75605,48183,tract,73.15,44.39,25.66,59.84,97.46,87.06,89.75,87.37,77.88,97.12,90.47,75.04,55.52,,80.89,0.7,5.4,1988,2011,4.6
75630,48067,tract,76.44,92.18,24.82,59.71,99.07,72.02,91.24,98.85,77.04,91.73,95.18,81.17,62.53,,89.23,0.801,5.2,1981,2008,0.8
75631,48365,tract,77.7,93.87,28.65,83.85,95.67,66.19,88.75,99.08,86.42,96.26,94.22,73.61,62.13,,91.82,0.716,5.6,1988,2007,0.7
75633,48365,tract,78.68,72.09,28.65,83.76,97.16,62.88,87.86,98.97,87.94,95.86,95.04,74.75,66.56,,90.35,0.653,5.6,1981,2010,0.7
75638,48343,tract,91.8,80.6,53.91,59.52,99.78,77.61,90.82,98.68,88.52,99.63,98.61,90.25,81.75,,89.74,0.61,5.9,1976,2006,0.8
75639,48365,tract,81.05,61.26,28.65,83.4,97.5,64.58,89.46,99.16,87.69,96.69,94.99,76.57,71.17,,90.76,0.836,5.9,1991,2006,0.7
75640,48203,tract,66.6,53.39,25.55,56.77,96.39,82.7,87.33,82.62,71.49,94.54,87.91,60.76,51.5,,89.18,0.812,6.0,2001,2013,2.0
75641,48401,tract,28.51,40.4,16.97,59.67,83.42,59.58,72.86,92.14,65.89,73.66,61.14,68.2,18.91,,84.59,0.791,5.9,1974,2008,0.3
75642,48365,tract,79.89,62.01,28.06,77.55,98.1,74.28,90.34,93.11,84.85,96.66,93.85,76.83,68.64,,90.75,0.489,-666666666,,,0.7
75643,48365,tract,64.52,60.2,25.36,82.58,95.55,53.2,78.72,98.09,83.07,90.96,90.93,63.35,48.86,,88.32,0.679,5.5,1989,2011,0.7
75644,48459,tract,80.62,63.6,23.78,58.09,98.84,74.47,86.23,95.63,84.22,98.84,93.33,56.96,72.7,,91.17,0.681,5.5,1982,2011,1.2
75645,48459,tract,79.66,63.92,23.8,60.29,98.33,77.3,87.98,96.07,81.99,98.74,92.42,60.1,67.6,,90.6,0.829,5.3,1995,2013,1.2
75647,48183,tract,53.74,63.47,37.68,56.76,85.27,74.74,82.12,82.44,69.58,73.58,78.91,67.16,43.89,,84.44,0.793,5.6,1983,2012,4.6
75650,48203,tract,77.52,59.88,26.93,61.59,97.98,93.68,92.72,82.43,79.87,97.41,91.53,79.0,59.17,,89.62,0.797,5.9,1994,2013,2.0
75651,48203,tract,58.31,56.59,26.24,56.02,96.24,86.79,88.0,75.46,66.47,91.34,85.68,64.76,40.89,,89.13,0.698,5.4,1993,2006,2.0
75652,48401,tract,44.32,58.58,15.11,69.97,85.28,70.87,84.01,96.62,72.1,75.64,58.86,84.88,32.16,,87.35,0.662,5.6,1978,2007,0.3
75654,48401,tract,35.49,64.43,14.91,70.09,82.21,68.0,80.41,94.81,67.53,70.28,54.49,80.8,24.53,,87.53,0.577,5.4,1977,2011,0.3
75656,48067,tract,86.83,91.01,31.34,64.01,99.58,75.81,92.94,98.58,87.89,95.61,98.57,89.96,81.51,,90.95,0.785,5.3,1980,2010,0.8
75657,48315,tract,62.32,86.16,20.52,54.49,98.1,63.04,84.75,97.27,62.0,82.18,89.82,64.74,44.74,,85.92,0.735,5.1,1985,2011,2.1
75658,48401,tract,32.9,47.05,14.88,65.97,83.38,71.7,85.74,96.37,66.69,71.25,52.9,86.89,12.54,,86.45,0.0,-666666666,,,0.3
75659,48203,tract,76.06,93.09,26.93,66.23,99.29,93.97,93.18,82.69,80.16,97.34,91.86,80.46,45.06,,83.87,1.0,-666666666,,,2.0
75661,48203,tract,76.42,86.61,26.93,63.5,97.88,84.75,83.38,76.03,69.6,87.72,86.91,62.01,74.23,,87.04,0.743,4.7,1982,2010,2.0
75662,48183,tract,62.51,61.96,24.02,60.68,92.62,79.13,87.56,93.52,77.45,87.57,78.76,80.68,46.65,,84.12,0.67,5.6,1983,2010,4.6
75667,48401,tract,39.73,67.79,14.88,74.33,84.19,70.2,81.62,95.71,70.51,71.5,56.29,82.49,29.56,,88.92,0.513,5.7,1986,2012,0.3
75668,48343,tract,88.48,82.0,48.3,58.84,99.62,76.51,90.85,98.99,85.11,97.77,97.48,87.44,76.6,,90.04,0.688,5.3,1972,2006,0.8
75669,48365,tract,54.66,69.31,26.3,79.54,90.85,56.25,79.85,97.06,76.2,85.75,84.27,62.36,37.69,,88.07,0.774,6.2,1976,2014,0.7
75670,48203,tract,67.71,68.08,26.93,61.91,98.07,91.39,90.54,78.48,75.05,94.71,89.27,72.8,40.85,,86.54,0.604,5.2,1969,2011,2.0
75671,48203,tract,77.68,63.44,26.93,66.45,99.24,92.66,92.0,81.64,79.47,96.59,91.68,77.31,63.86,,90.74,,-666666666,,,2.0
75672,48203,tract,76.63,68.41,26.93,66.21,99.12,92.19,91.6,81.15,80.04,96.57,91.96,76.42,60.32,,89.67,0.631,5.6,1981,2010,2.0
75680,48401,tract,30.48,81.09,14.88,72.42,79.61,66.49,78.14,94.65,63.89,66.71,52.1,78.03,19.64,,88.25,,-666666666,,,0.3
75681,48401,tract,47.8,78.11,14.88,74.31,81.91,67.92,79.59,95.05,68.59,69.68,54.84,80.42,30.27,,85.76,0.72,5.4,1981,2010,0.3
75682,48401,tract,49.76,61.02,14.88,65.96,90.65,76.35,89.34,97.43,78.51,79.49,61.22,91.47,32.47,,87.82,0.241,5.9,1970,2009,0.3
75683,48459,tract,71.89,50.63,23.04,55.24,97.74,71.48,85.33,96.22,75.77,96.6,91.51,55.21,56.42,,87.78,0.775,5.6,1982,2011,1.2
75684,48401,tract,37.52,62.45,23.6,62.42,83.2,71.73,84.3,91.23,70.65,66.83,58.37,84.54,26.47,,87.22,0.63,5.8,1979,2011,0.3
75686,48063,tract,83.87,60.0,21.15,61.89,99.36,75.66,84.19,96.82,82.53,98.33,95.9,71.86,65.67,,92.12,0.723,5.2,1985,2011,2.2
75687,48401,tract,14.88,57.47,14.88,60.03,75.83,58.27,72.38,90.47,56.59,59.89,45.37,70.89,7.86,,84.69,,-666666666,,,0.3
75689,48401,tract,14.88,57.47,14.88,60.03,75.83,58.27,72.38,90.47,56.59,59.89,45.37,70.89,7.86,,84.69,0.854,5.8,2001,2000,0.3
75691,48401,tract,39.69,52.02,17.87,67.19,84.35,60.04,76.51,95.11,71.35,75.22,64.14,72.92,33.26,,86.97,0.843,5.2,1998,2008,0.3
75692,48203,tract,77.69,80.77,27.03,67.16,98.95,90.02,90.76,82.2,78.83,95.4,91.29,75.79,61.0,,87.65,0.81,5.4,1986,2004,2.0
75693,48183,tract,72.68,63.71,24.8,60.87,97.63,83.12,88.05,93.46,78.98,97.91,90.86,75.38,47.01,,75.74,0.68,5.3,1980,2006,4.6
75694,48203,tract,55.22,46.1,26.93,56.74,96.66,88.2,87.43,72.25,65.17,90.47,84.35,63.39,36.51,,89.04,,-666666666,,,2.0
75701,48423,tract,29.32,62.64,65.66,57.36,72.8,75.05,82.82,70.28,70.19,31.5,69.32,79.34,34.04,,28.38,0.339,5.3,1964,2012,7.1
75702,48423,tract,27.82,83.54,65.66,54.63,76.37,75.82,83.28,72.37,68.23,31.76,69.33,79.88,30.22,,35.62,0.424,5.0,1959,2005,7.1
75703,48423,tract,31.63,51.51,65.66,56.44,70.66,74.99,82.7,69.62,68.48,29.88,67.21,78.83,41.87,,73.24,0.551,5.1,1991,2013,7.1
75704,48423,tract,22.41,54.71,65.66,52.76,71.97,73.46,81.17,69.77,62.84,29.4,65.2,77.04,25.87,,81.16,0.623,4.9,1982,2010,7.1
75705,48423,tract,27.54,89.23,65.66,55.03,73.18,77.34,84.94,74.02,64.28,29.8,65.26,82.12,30.39,,88.65,0.324,5.8,1981,2004,7.1
75706,48423,tract,22.79,72.61,65.66,54.84,75.68,74.92,82.9,72.08,67.28,30.68,68.89,79.01,24.43,,84.86,0.763,5.2,1986,2010,7.1
75707,48423,tract,33.4,69.17,65.66,57.08,74.4,78.62,86.16,74.46,69.57,31.28,68.56,83.84,39.18,,84.56,0.619,5.9,1995,2011,7.1
75708,48423,tract,39.35,86.07,65.66,57.37,82.14,82.19,89.21,79.86,74.75,34.99,74.04,88.05,44.1,,84.34,0.654,5.2,1990,2011,7.1
75709,48423,tract,31.4,51.16,65.66,56.49,74.68,78.31,86.37,73.66,70.91,31.38,69.72,83.58,38.92,,82.85,0.756,5.1,1997,2013,7.1
75711,48423,tract,66.85,91.26,65.66,72.73,92.36,84.58,90.94,84.61,94.39,50.18,90.74,91.56,74.9,,30.1,,-666666666,,,7.1
75750,48423,tract,37.69,83.1,65.66,57.85,73.49,79.23,86.28,75.26,68.73,31.08,67.49,84.32,45.25,,89.37,0.64,5.6,1991,2010,7.1
75751,48213,tract,72.25,78.99,28.59,65.97,87.02,95.6,75.42,88.36,73.26,89.91,81.65,83.59,57.26,,88.4,0.7,5.1,1983,2013,9.2
75752,48213,tract,64.3,80.25,29.12,57.85,85.4,95.75,75.12,87.41,66.11,87.1,81.53,81.01,43.55,,87.07,0.848,5.6,1997,2013,9.2
75754,48467,tract,45.45,59.78,23.29,55.58,83.67,83.11,79.5,91.13,63.18,78.23,84.1,84.27,36.3,,87.42,0.753,6.0,2001,2013,2.2
75755,48459,tract,65.73,70.15,23.7,56.18,98.46,70.05,82.2,92.17,77.26,94.63,89.39,50.23,53.52,,88.98,0.778,5.3,1988,2013,1.2
75756,48213,tract,62.54,72.54,29.58,54.87,80.94,97.1,74.45,84.11,59.22,86.63,76.85,80.36,39.14,,87.47,0.741,5.3,1992,2012,9.2
75757,48073,tract,37.66,32.38,35.57,57.45,81.53,78.95,80.41,86.27,69.34,54.96,58.05,78.48,39.9,,87.9,0.747,6.0,2002,2014,1.5
75758,48213,tract,60.53,73.89,28.47,54.38,81.1,94.97,77.18,85.64,59.59,86.08,77.19,82.95,36.33,,82.48,0.805,5.1,1992,2013,9.2
75759,48073,tract,60.87,39.0,22.29,59.58,88.42,82.17,80.9,94.15,72.75,66.55,56.0,80.19,75.5,,88.56,0.365,10,2011,2014,1.5
75760,48347,tract,76.44,71.29,32.49,85.18,90.44,78.09,89.15,98.08,84.74,89.95,71.75,90.58,72.79,,92.08,0.657,5.4,1988,2002,1.3
75762,48423,tract,35.19,53.32,65.66,56.56,72.81,78.65,86.65,73.58,69.33,30.66,67.75,83.92,45.65,,84.99,0.646,6.0,2000,2013,7.1
75763,48001,tract,67.2,60.3,27.21,63.03,86.05,90.69,72.17,89.4,66.27,91.63,67.95,83.95,61.64,,88.52,0.842,5.4,1988,2013,1.2
75764,48073,tract,67.95,74.3,22.29,77.07,89.82,87.32,84.91,95.98,78.1,68.24,58.76,86.21,41.11,,90.67,0.58,5.2,1965,2009,1.5
75765,48499,tract,80.88,96.35,22.17,68.41,99.51,89.34,91.18,97.53,84.04,52.29,94.15,75.89,64.28,,86.45,0.816,5.4,1994,2012,2.1
75766,48073,tract,60.95,61.34,22.29,66.59,89.49,84.36,82.45,95.13,76.62,70.61,59.64,82.85,55.23,,89.14,0.627,5.3,1984,2012,1.5
75770,48213,tract,47.45,60.63,29.77,54.25,76.0,94.9,62.83,78.36,53.45,77.49,72.93,68.74,31.91,,86.16,0.699,5.7,1993,2010,9.2
75771,48423,tract,30.12,49.24,65.66,54.94,76.57,78.74,86.03,75.51,69.25,33.26,71.04,83.23,32.44,,85.97,0.796,5.6,1994,2014,7.1
75773,48499,tract,56.96,64.82,29.8,62.06,93.71,83.78,86.59,91.02,77.68,47.01,89.18,70.79,51.68,,87.27,0.763,5.3,1990,2012,2.1
75778,48213,tract,67.22,75.06,28.93,57.11,85.1,96.5,77.72,88.0,65.24,88.74,81.26,83.61,45.98,,88.37,0.806,5.2,1991,2008,9.2
75779,48001,tract,73.29,58.6,26.07,71.82,90.69,90.1,78.37,92.54,73.4,97.0,62.6,92.08,69.22,,91.11,0.0,4.7,1965,2018,1.2
75780,48073,tract,82.87,88.46,22.29,77.88,94.04,91.46,89.2,98.85,87.6,83.98,70.87,91.79,62.78,,92.99,0.559,5.3,1985,2013,1.5
75782,48213,tract,44.52,52.42,29.77,54.38,75.53,94.35,60.77,77.27,52.82,75.91,72.65,66.64,29.44,,87.25,0.158,6.0,1969,1992,9.2
75783,48499,tract,54.12,54.64,22.15,60.31,98.36,78.73,81.1,93.68,76.56,46.68,92.25,56.57,58.2,,87.31,0.67,5.4,1988,2011,2.1
75784,48401,tract,49.35,73.21,17.73,74.68,86.44,76.64,82.88,95.77,73.84,71.39,57.97,84.03,37.46,,89.52,0.401,5.8,1990,2016,0.3
75785,48073,tract,59.92,72.88,22.29,73.53,89.56,86.52,84.85,94.92,77.46,67.5,57.38,86.33,47.01,,89.19,0.551,5.2,1987,2010,1.5
75788,48347,tract,94.95,71.69,40.76,90.33,93.74,82.28,93.23,99.38,92.07,99.43,79.6,95.02,94.05,,93.64,0.0,-666666666,,,1.3
75789,48073,tract,55.95,71.06,37.85,68.01,84.33,84.14,85.28,88.46,77.5,61.53,66.77,85.57,45.96,,90.52,0.663,5.5,1991,2010,1.5
75790,48467,tract,31.72,41.99,25.04,54.54,80.41,77.91,73.71,87.41,59.85,71.51,81.79,77.85,20.45,,83.63,0.677,5.4,1984,2009,2.2
75791,48423,tract,44.48,65.93,65.66,58.17,76.05,82.43,88.2,77.73,72.45,33.21,69.58,87.03,49.6,,86.28,0.723,5.7,1994,2013,7.1
75792,48423,tract,23.19,80.11,65.66,53.8,70.68,72.96,80.29,70.06,60.8,27.95,63.3,76.31,25.88,,87.96,0.778,5.5,1990,2007,7.1
75801,48001,tract,73.12,68.01,26.07,72.37,90.68,90.36,78.89,92.8,73.82,96.92,62.95,92.16,66.68,,90.15,0.712,5.5,1980,2014,1.2
75803,48001,tract,81.28,73.08,26.08,74.04,93.0,91.37,80.01,95.1,79.75,98.08,71.06,93.01,77.85,,91.47,0.768,5.6,1984,2009,1.2
75831,48289,tract,79.58,72.44,20.57,79.76,72.49,98.46,62.1,85.03,62.24,84.83,67.75,92.27,61.09,,85.02,0.767,5.2,1990,2009,0.0
75833,48289,tract,84.9,69.32,18.66,81.97,62.98,98.61,60.8,86.57,59.23,80.52,66.17,93.8,60.38,,83.89,0.687,5.0,1988,2010,0.0
75835,48225,tract,79.72,86.1,22.3,83.25,78.07,95.76,76.03,84.4,63.32,76.7,61.02,99.89,53.26,,91.85,0.659,5.4,1980,2009,0.4
75838,48161,tract,91.5,86.96,24.24,82.84,92.55,99.43,76.33,88.77,80.1,94.79,80.66,95.86,87.26,,92.01,0.495,4.8,1978,2007,0.6
75839,48001,tract,63.43,76.66,25.93,70.8,87.06,87.88,73.87,90.43,65.67,93.87,57.0,88.87,49.75,,89.87,0.711,5.5,1990,2012,1.2
75840,48161,tract,63.86,53.11,25.05,71.7,82.26,96.84,47.37,72.01,57.23,80.25,62.72,80.09,49.92,,84.32,0.854,5.4,1984,2011,0.6
75844,48225,tract,62.44,71.06,22.97,75.44,78.86,93.61,72.69,84.92,56.64,78.56,56.8,97.96,38.95,,89.93,0.585,5.1,1981,2009,0.4
75845,48455,tract,91.54,87.82,8.05,91.7,90.6,99.49,73.47,98.87,74.39,90.3,66.94,99.21,71.79,,92.38,0.66,5.1,1985,2011,0.2
75846,48289,tract,72.7,72.16,18.46,79.2,67.96,98.08,55.63,81.25,60.08,78.28,68.76,90.06,60.37,,85.3,0.886,5.5,1992,2007,0.0
75847,48225,tract,48.63,78.46,20.44,77.53,69.69,91.94,62.93,71.99,50.51,65.85,49.0,99.65,27.9,,88.84,0.759,4.8,1986,2012,0.4
75848,48161,tract,69.0,87.02,25.05,72.64,83.12,98.37,57.66,74.22,57.97,84.47,62.52,87.34,41.12,,89.14,0.895,6.1,1995,2006,0.6
75849,48225,tract,91.38,86.96,22.3,87.15,88.01,98.75,87.42,90.41,77.04,88.79,69.97,99.99,83.53,,94.57,0.414,4.3,1964,2009,0.4
75850,48289,tract,95.19,69.41,18.66,83.82,68.05,99.3,67.32,90.57,63.92,85.47,70.2,96.68,73.54,,85.04,0.553,6.3,1993,2010,0.0
75851,48225,tract,82.5,62.53,20.61,83.08,84.98,98.55,82.84,86.38,61.67,80.63,56.37,99.59,39.45,,92.02,0.672,5.3,1992,2010,0.4
75852,48313,tract,79.08,58.98,9.16,84.3,85.35,96.34,66.1,83.11,51.38,87.78,70.89,96.07,21.98,,86.35,0.731,6.0,1991,2013,0.8
75853,48001,tract,98.25,97.95,26.15,84.2,98.15,94.44,83.7,98.35,95.04,99.66,88.39,96.45,98.63,,95.08,0.875,6.0,1993,2013,1.2
75855,48289,tract,78.2,80.04,21.34,80.19,77.78,97.52,55.64,85.33,62.02,85.11,69.26,86.98,65.73,,85.39,0.639,5.6,1992,2008,0.0
75856,48225,tract,92.66,88.28,18.17,88.81,89.5,99.04,85.67,93.0,77.42,90.54,69.83,99.91,83.03,,93.6,0.462,5.8,1988,,0.4
75858,48225,tract,33.59,78.67,22.3,73.81,62.7,89.3,57.31,63.02,42.3,57.56,42.08,99.68,12.06,,86.88,1.0,4.5,1996,,0.4
75859,48161,tract,79.25,67.14,24.62,71.78,88.53,97.44,66.66,82.6,68.07,90.79,74.69,89.98,66.73,,91.43,0.717,5.9,2001,2016,0.6
75860,48161,tract,92.53,82.24,25.05,82.39,93.55,99.54,76.68,89.21,81.02,97.01,79.25,96.32,87.01,,91.55,0.685,5.4,1982,2011,0.6
75861,48001,tract,96.17,93.1,26.07,79.93,96.02,94.44,84.45,97.9,88.78,99.53,80.22,96.56,97.36,,90.98,0.838,5.8,1991,2012,1.2
75862,48455,tract,84.03,74.13,10.76,88.76,86.82,97.46,68.8,93.81,63.66,86.26,61.39,97.71,59.79,,89.06,0.849,5.1,1988,2013,0.2
75865,48455,tract,90.2,86.84,8.05,91.19,89.49,99.42,69.52,98.92,72.98,88.44,66.33,99.07,66.93,,93.79,,-666666666,,,0.2
75884,48001,tract,85.69,71.25,26.07,60.27,86.39,94.83,87.29,95.26,61.01,98.36,46.42,96.12,87.82,,73.76,,-666666666,,,1.2
75886,48001,tract,85.69,71.25,26.07,60.27,86.39,94.83,87.29,95.26,61.01,98.36,46.42,96.12,87.82,,73.76,,-666666666,,,1.2
75901,48005,tract,39.59,58.98,28.6,75.23,71.32,55.54,92.56,88.96,66.49,54.1,45.6,93.07,34.96,,86.62,0.65,5.6,1986,2010,3.3
75903,48005,tract,53.88,98.69,28.6,80.26,81.68,63.91,95.25,94.22,80.98,66.94,58.0,97.08,42.86,,74.67,0.942,3.1,2004,,3.3
75904,48005,tract,53.68,70.43,25.52,78.9,78.71,67.85,90.82,93.14,71.36,62.62,51.29,96.36,42.29,,88.94,0.698,5.3,1986,2012,3.3
75925,48073,tract,46.11,78.63,22.29,69.11,86.34,80.46,78.33,91.82,74.52,65.33,55.12,79.71,48.49,,90.04,0.529,5.3,1982,2006,1.5
75926,48455,tract,90.2,86.84,8.05,91.19,89.49,99.42,69.52,98.92,72.98,88.44,66.33,99.07,66.93,,93.79,0.61,5.2,1990,2010,0.2
75928,48351,tract,50.07,72.95,1.77,87.93,87.43,42.28,62.66,62.53,55.74,70.62,59.91,96.38,44.78,0.0,92.5,0.705,5.1,1994,1996,
75929,48405,tract,61.18,86.58,5.84,83.36,87.95,66.45,85.05,97.77,71.22,77.59,51.86,93.02,59.22,,89.43,0.8,4.5,1987,2006,0.3
75930,48405,tract,60.21,72.37,14.11,83.15,87.62,61.19,83.47,97.77,71.73,78.26,54.39,90.47,57.7,,88.21,0.834,5.0,1990,2010,0.3
75931,48241,tract,64.01,67.15,19.63,87.81,90.43,69.35,67.56,92.11,62.41,72.02,75.03,91.66,65.52,0.0,89.07,0.851,5.1,1991,2011,1.7
75932,48351,tract,47.6,74.71,1.77,88.17,88.79,36.09,52.38,74.54,58.32,67.32,66.02,92.68,46.33,0.0,88.21,0.823,4.7,1987,2011,
75933,48351,tract,60.9,85.7,3.17,88.26,88.61,48.49,68.18,66.59,56.19,73.52,60.86,97.55,61.91,0.0,93.82,0.696,4.4,1984,2012,
75934,48373,tract,85.64,65.6,14.21,93.34,84.74,94.69,80.92,97.24,67.18,95.65,50.55,99.0,64.57,,89.83,1.0,6.5,1984,,45.4
75935,48419,tract,68.6,58.48,4.1,88.39,91.17,72.85,84.56,98.29,78.16,85.92,69.35,87.38,53.26,,88.55,0.622,5.6,1983,2008,0.3
75936,48457,tract,74.97,63.24,14.77,91.86,86.09,84.32,63.51,85.54,64.38,82.72,59.52,93.46,68.58,,92.19,0.635,5.6,1978,2005,0.8
75937,48347,tract,90.57,76.61,40.76,88.76,93.46,80.36,92.96,98.93,87.16,98.69,73.21,94.86,90.44,,92.19,0.6,5.1,1984,2009,1.3
75938,48457,tract,77.45,65.81,14.89,92.54,88.21,83.66,62.85,83.84,67.34,82.58,64.04,93.21,74.96,,93.38,0.783,4.7,1991,2013,0.8
75939,48373,tract,54.92,72.47,14.21,87.85,71.85,85.07,60.93,92.89,49.84,81.77,38.82,94.21,27.63,,85.76,0.678,4.7,1984,2004,45.4
75941,48005,tract,51.34,52.23,28.6,76.94,74.03,58.57,93.69,90.72,69.34,56.16,47.48,94.81,45.77,,87.0,0.708,5.2,1982,2005,3.3
75942,48457,tract,93.3,85.59,14.89,96.15,93.89,89.79,74.17,86.83,82.29,93.48,75.4,97.4,92.49,,96.43,,-666666666,,,0.8
75943,48347,tract,94.27,71.0,40.76,90.15,93.49,81.95,93.09,99.3,91.63,99.32,79.17,94.83,93.15,,93.54,0.663,5.9,1992,2011,1.3
75944,48347,tract,90.57,76.61,40.76,88.76,93.46,80.36,92.96,98.93,87.16,98.69,73.21,94.86,90.44,,92.19,0.621,4.4,1988,2011,1.3
75946,48347,tract,75.08,70.79,32.52,81.64,87.56,65.55,82.42,96.82,80.34,88.25,67.27,82.55,71.12,,87.52,0.717,5.5,1984,2011,1.3
75948,48403,tract,86.29,80.25,23.82,88.3,92.95,66.34,89.65,98.14,86.86,91.16,70.26,96.01,89.62,0.0,90.58,0.738,4.9,1991,2012,0.1
75949,48005,tract,41.11,45.55,28.6,76.89,74.61,57.57,93.12,89.83,67.06,54.56,45.6,93.97,38.19,,89.24,0.756,4.9,1985,2011,3.3
75951,48241,tract,68.21,65.15,18.51,89.37,91.22,76.81,70.42,91.03,59.63,74.95,77.43,94.51,65.57,0.0,90.46,0.849,5.1,1983,2009,1.7
75954,48419,tract,81.61,72.69,6.9,87.87,95.88,77.38,90.76,99.38,85.13,95.86,80.3,91.26,62.98,,89.05,0.889,5.2,1988,2010,0.3
75956,48241,tract,70.72,79.0,16.61,90.54,91.51,79.34,78.03,89.23,61.18,80.4,75.32,97.78,53.11,0.0,94.89,0.797,4.7,1989,2008,1.7
75959,48403,tract,70.94,91.01,24.76,82.57,88.37,55.53,83.08,99.07,74.91,82.95,62.89,89.18,75.99,,86.43,0.924,5.0,2008,2014,0.1
75960,48373,tract,75.26,82.99,14.21,92.1,81.18,90.53,72.77,96.12,64.17,90.03,49.12,96.66,56.17,,87.68,0.628,5.7,1984,2006,45.4
75961,48347,tract,78.18,63.71,40.76,84.68,88.32,73.81,90.72,97.33,79.88,97.13,66.73,91.7,72.85,,89.86,0.714,4.7,1984,2009,1.3
75962,48347,tract,75.62,49.97,40.76,77.83,89.02,70.03,92.56,97.18,81.57,98.46,67.75,93.9,64.36,,35.13,,-666666666,,,1.3
75964,48347,tract,70.15,53.04,40.76,83.33,85.47,70.56,88.83,96.5,77.19,95.97,65.14,89.07,58.82,,88.8,0.706,5.2,1985,2011,1.3
75965,48347,tract,84.43,68.17,40.76,84.33,90.35,69.13,88.33,97.89,85.45,97.73,72.64,88.97,85.83,,87.94,0.75,4.8,1984,2010,1.3
75966,48351,tract,51.38,75.49,1.97,89.43,88.61,43.57,63.53,66.18,60.95,73.25,64.47,96.34,38.17,0.0,91.62,0.877,4.9,1984,2010,
75968,48403,tract,63.61,57.74,24.76,83.96,88.85,56.6,83.57,97.47,77.05,80.7,59.36,89.0,65.46,,88.0,0.77,5.3,1976,2009,0.1
75969,48005,tract,31.51,74.81,27.68,73.24,71.36,58.18,88.36,89.55,63.31,53.31,44.4,88.65,22.72,,89.76,0.877,5.4,1996,2010,3.3
75972,48405,tract,60.9,68.47,9.06,84.02,86.43,66.4,83.79,99.06,67.02,80.72,54.81,91.4,42.48,,87.37,0.681,5.2,1988,2005,0.3
75973,48419,tract,81.25,87.56,3.9,90.08,93.3,76.98,87.99,98.88,83.44,90.02,73.41,91.21,75.95,,90.53,0.652,5.1,1990,2006,0.3
75974,48419,tract,76.76,66.13,13.93,86.74,95.87,67.4,84.97,98.9,85.54,93.54,84.71,79.78,61.88,,89.25,0.742,5.3,1981,2004,0.3
75975,48419,tract,82.97,70.1,6.22,89.02,93.34,77.68,87.23,99.06,83.06,91.26,76.5,88.26,68.04,,89.86,0.586,5.4,1983,2012,0.3
75976,48073,tract,20.08,67.17,22.29,63.12,75.9,68.3,63.58,85.15,62.38,55.94,46.26,63.98,21.04,,88.19,0.746,5.2,1975,2004,1.5
75977,48351,tract,49.86,77.49,1.77,88.68,89.15,37.68,54.72,74.38,59.8,69.01,66.67,93.33,46.52,0.0,88.64,0.978,4.5,1996,2015,
75979,48457,tract,87.79,74.53,14.89,94.29,92.04,89.45,73.85,85.12,74.38,91.04,69.03,97.01,85.22,,95.23,0.755,4.8,1982,2012,0.8
75980,48005,tract,42.84,74.13,27.43,77.86,80.32,53.22,87.17,87.06,67.09,58.55,50.79,90.93,48.41,0.0,88.59,0.784,4.2,1983,2010,3.3
76001,48439,tract,58.95,41.04,25.75,40.89,54.14,59.13,82.83,18.93,51.02,88.81,97.31,26.61,60.62,,68.15,0.65,6.4,1997,2011,13.2
76002,48439,tract,41.9,14.92,25.75,38.28,46.01,56.38,81.16,16.86,47.61,85.1,95.24,23.36,40.42,,59.19,0.552,6.6,2004,2011,13.2
76005,48439,tract,59.14,9.21,25.75,33.7,50.44,47.76,72.96,15.73,41.97,78.42,96.62,19.61,77.55,,82.82,0.301,5.8,2018,2019,13.2
76006,48439,tract,53.91,38.18,25.75,32.86,47.37,54.08,79.27,16.5,45.58,80.82,95.11,21.95,67.31,,47.73,0.844,3.8,1987,2012,13.2
76008,48367,tract,51.43,17.17,35.07,39.6,61.45,72.91,76.06,27.93,35.29,93.25,77.91,53.3,42.3,,94.99,0.661,7.4,2008,2014,8.4
76009,48251,tract,61.84,58.14,42.11,44.05,75.02,80.05,80.67,69.7,35.88,96.85,77.93,65.41,47.18,,92.12,0.845,5.5,1998,2012,23.7
76010,48439,tract,45.77,74.64,25.75,38.98,50.36,61.42,83.64,19.13,52.36,88.67,95.42,28.38,34.38,,18.98,0.723,4.4,1975,2009,13.2
76011,48439,tract,52.85,61.37,25.75,43.22,62.35,46.64,68.92,19.88,46.66,87.57,97.47,26.68,38.8,,31.6,0.86,3.8,1986,2010,13.2
76012,48439,tract,59.95,65.5,25.75,39.47,53.44,55.4,80.01,17.96,48.15,86.38,96.84,25.19,62.53,,43.32,0.594,6.0,1976,2007,13.2
76013,48439,tract,49.2,31.93,25.75,39.82,49.31,51.41,75.52,17.74,45.58,82.27,96.08,23.59,53.32,,40.65,0.58,5.5,1975,2010,13.2
76014,48439,tract,53.64,76.54,25.75,41.53,57.42,66.67,87.77,21.84,57.43,92.61,97.27,33.39,33.29,,25.06,0.845,5.0,1985,2006,13.2
76015,48439,tract,34.33,39.42,25.75,39.42,48.14,52.52,76.57,17.0,45.71,82.51,95.94,23.07,22.15,,39.16,0.77,5.2,1981,2007,13.2
76016,48439,tract,56.84,27.13,25.75,39.23,48.51,51.7,75.56,16.52,45.01,82.87,96.32,22.46,66.89,,42.14,0.651,6.6,1982,2010,13.2
76017,48439,tract,62.83,44.43,25.75,41.36,55.65,62.28,85.54,20.01,53.45,90.54,97.1,29.74,64.35,,40.43,0.752,5.8,1987,2007,13.2
76018,48439,tract,53.19,40.48,25.75,41.18,54.53,59.78,83.89,19.32,51.54,89.3,96.69,28.01,49.41,,47.12,0.798,5.8,1989,2010,13.2
76020,48367,tract,50.66,37.49,32.07,34.25,59.67,69.16,78.31,28.16,38.03,90.67,82.69,45.95,45.23,,93.07,0.867,6.0,1991,2013,8.4
76021,48439,tract,31.99,26.56,25.75,32.4,47.71,48.15,73.05,15.49,41.8,77.32,95.58,19.37,30.71,,29.49,0.765,5.1,1985,2010,13.2
76022,48439,tract,46.06,28.44,25.75,33.38,53.49,58.33,82.99,18.2,49.29,85.3,96.52,25.36,44.97,,36.2,0.601,4.8,1974,2008,13.2
76023,48497,tract,44.46,41.83,15.3,35.27,75.16,60.93,85.72,66.81,37.52,74.43,86.96,29.73,41.84,,96.11,0.803,5.9,1996,2011,8.8
76028,48251,tract,66.32,30.7,38.37,42.93,72.18,76.72,83.16,60.48,41.21,96.0,84.02,58.44,60.0,,88.78,0.82,5.7,2002,2012,23.7
76031,48251,tract,65.64,55.22,42.11,44.9,74.53,81.13,82.08,71.26,38.49,97.83,79.16,65.93,45.35,,94.98,0.784,5.2,1986,2008,23.7
76033,48251,tract,65.34,44.28,44.44,46.94,70.56,77.99,76.41,69.29,41.11,96.53,79.94,61.82,51.75,,95.63,0.706,5.2,1987,2012,23.7
76034,48439,tract,70.69,9.75,25.75,38.88,67.98,57.48,81.7,21.27,51.84,90.6,98.89,29.72,75.91,,66.82,0.228,10,1994,2013,13.2
76035,48367,tract,64.94,38.15,39.28,44.83,71.45,80.25,79.1,49.6,40.18,95.92,82.22,65.32,45.49,,97.21,0.919,6.0,2004,2013,8.4
76036,48439,tract,39.67,40.48,29.36,40.71,51.69,57.85,76.47,27.74,41.14,84.13,91.52,30.49,28.6,,90.15,0.695,5.9,2006,2015,13.2
76039,48439,tract,43.1,25.97,25.75,32.84,49.94,56.05,80.37,17.48,47.46,82.47,95.24,23.8,44.04,,32.38,0.761,4.4,1988,2010,13.2
76040,48439,tract,47.74,34.56,25.75,34.22,54.1,55.94,80.45,17.97,47.99,84.32,96.66,24.57,49.08,,49.95,0.692,4.5,1985,2010,13.2
76041,48139,tract,28.42,39.83,66.02,47.16,23.13,67.91,56.89,30.43,42.09,58.31,82.6,58.39,37.2,,87.85,0.905,6.0,1992,2014,35.9
76043,48425,tract,81.41,43.15,62.47,57.73,78.53,87.81,70.94,76.58,49.5,95.7,90.09,94.09,81.27,,96.98,0.817,5.6,1996,2010,4.7
76044,48251,tract,85.41,37.85,42.11,49.24,79.27,83.82,84.78,80.92,48.4,99.28,85.92,69.38,72.57,,98.35,0.834,5.7,2011,2017,23.7
76048,48221,tract,72.29,48.03,47.71,51.34,87.15,91.46,80.67,75.45,46.88,96.82,90.58,86.17,51.82,,95.11,0.822,5.2,1995,2013,4.7
76049,48221,tract,68.82,54.69,46.17,49.59,86.32,90.6,80.0,73.19,43.85,96.75,89.69,84.25,46.86,,95.26,0.893,6.3,2000,2014,4.7
76050,48251,tract,67.19,53.31,43.5,51.61,66.35,82.04,78.76,67.45,41.41,92.96,82.73,69.52,56.47,,94.27,0.839,5.5,1993,2010,23.7
76051,48439,tract,52.48,37.17,25.47,37.47,62.45,46.62,63.95,18.79,44.22,84.71,97.94,23.56,47.68,,63.85,0.632,5.5,1992,2010,13.2
76052,48439,tract,62.14,29.49,24.44,38.79,71.45,62.64,84.57,41.95,52.95,88.17,96.66,32.81,61.48,,91.69,0.601,6.9,2012,2017,13.2
76053,48439,tract,40.16,27.46,25.75,32.8,48.37,52.08,76.08,16.36,44.56,79.95,95.47,21.52,43.26,,31.23,0.603,5.0,1973,2008,13.2
76054,48439,tract,58.76,18.98,25.75,37.38,62.24,51.26,76.07,18.58,46.57,85.79,98.38,24.64,63.77,,33.25,0.56,6.9,1983,2008,13.2
76055,48217,tract,89.92,77.66,26.1,65.42,91.46,99.54,86.05,88.45,35.53,98.69,90.83,96.9,49.85,,92.7,0.644,5.5,1991,2014,4.5
76058,48251,tract,67.29,43.4,42.11,42.89,80.14,84.6,86.02,72.93,36.25,98.8,79.15,70.4,40.63,,94.64,0.838,5.4,1998,2013,23.7
76059,48251,tract,68.87,68.09,42.11,43.03,80.6,84.94,86.41,75.06,38.28,99.0,80.96,72.54,44.43,,93.9,0.851,4.7,1984,2015,23.7
76060,48439,tract,54.9,46.61,25.75,41.12,52.45,51.78,76.42,17.01,45.76,85.12,97.42,22.99,61.92,,83.63,0.663,6.3,1996,2014,13.2
76061,48251,tract,78.54,47.46,42.11,45.44,80.83,85.19,86.12,78.28,42.58,98.76,83.38,74.1,74.58,,93.88,0.0,-666666666,,,23.7
76063,48439,tract,58.37,37.87,30.2,42.55,59.87,62.92,79.57,31.7,48.14,90.49,92.58,36.04,57.16,,81.53,0.58,6.5,2004,2012,13.2
76064,48139,tract,84.87,74.03,66.02,48.5,55.03,90.98,88.66,57.66,68.45,86.37,95.9,91.89,92.45,,95.05,0.732,5.2,1987,2009,35.9
76065,48139,tract,57.32,55.85,65.91,42.31,46.52,82.63,78.49,48.34,58.61,76.44,92.68,80.61,64.79,,89.24,0.805,6.5,2006,2014,35.9
76066,48367,tract,88.5,27.73,36.17,45.52,78.66,88.28,89.77,50.79,53.59,98.89,89.08,78.0,77.46,,98.6,0.756,6.1,2005,2014,8.4
76067,48363,tract,69.12,65.79,50.5,46.46,55.01,82.13,71.73,88.24,76.26,77.71,95.24,70.1,66.12,,96.42,0.534,5.5,1972,2008,2.8
76070,48425,tract,76.46,32.84,67.7,55.94,81.56,86.0,65.72,72.18,48.08,94.43,87.82,87.42,72.51,,97.64,0.935,4.5,2006,2016,4.7
76071,48497,tract,58.91,65.26,15.27,36.82,84.77,65.87,89.42,74.06,43.76,82.52,91.74,34.76,64.92,,94.33,0.842,5.9,2003,2016,8.8
76073,48497,tract,50.66,42.62,14.7,37.58,71.31,62.25,85.86,67.55,40.48,74.23,88.03,31.52,47.17,,97.08,0.755,6.1,2000,2011,8.8
76077,48425,tract,84.38,43.55,70.33,59.14,87.09,91.4,73.17,78.96,54.72,97.08,91.38,94.86,85.97,,96.78,0.663,5.7,1980,2016,4.7
76078,48497,tract,39.75,47.6,14.76,36.31,80.2,59.31,85.2,68.74,37.21,73.93,87.82,27.74,39.44,,94.25,0.78,6.1,2003,2014,8.8
76082,48367,tract,66.69,57.4,30.27,38.54,68.06,79.32,85.71,47.51,41.3,93.96,84.02,60.72,53.32,,96.97,0.784,5.9,2001,2013,8.4
76084,48251,tract,62.44,47.78,53.49,44.76,62.16,81.9,80.49,60.0,46.93,89.32,84.33,72.88,57.16,,89.76,0.797,5.6,2009,2016,23.7
76085,48367,tract,62.38,59.68,35.78,37.01,62.77,81.19,83.52,35.92,37.16,96.81,80.84,66.24,47.05,,96.05,0.901,6.2,2002,2012,8.4
76086,48367,tract,58.82,68.82,35.78,38.44,69.44,82.32,84.78,37.83,40.49,97.67,82.25,68.18,38.47,,89.71,0.684,5.1,1984,2013,8.4
76087,48367,tract,73.81,40.69,36.25,43.34,73.2,83.31,84.34,42.76,44.74,97.11,84.23,70.4,62.27,,97.1,0.83,6.4,2005,2013,8.4
76088,48367,tract,69.94,33.55,35.78,42.63,61.89,80.54,82.07,41.12,45.72,97.4,85.77,63.94,44.57,,97.84,0.764,6.0,2001,2013,8.4
76092,48439,tract,64.76,18.04,26.03,38.85,68.13,53.41,76.75,23.48,49.24,88.56,98.69,28.01,66.52,,74.0,0.262,10,1997,2013,13.2
76093,48251,tract,61.16,46.33,38.95,48.57,69.82,79.53,76.99,67.15,34.43,96.3,77.24,62.86,43.12,,96.08,0.704,5.4,1999,2011,23.7
76102,48439,tract,60.35,59.61,25.75,43.93,64.02,50.69,74.97,20.09,48.09,88.5,98.5,27.24,58.1,,31.92,0.866,3.2,2006,2017,13.2
76103,48439,tract,55.21,88.22,25.75,40.81,59.36,57.79,80.78,20.42,52.02,90.69,97.33,29.44,44.29,,47.87,0.481,5.2,1956,2006,13.2
76104,48439,tract,44.06,64.11,25.75,40.65,52.87,55.81,79.79,18.28,49.04,87.85,96.54,26.04,32.01,,27.61,0.751,4.4,1989,2012,13.2
76105,48439,tract,39.04,88.32,25.75,37.93,46.81,61.77,85.11,18.59,51.82,87.46,94.13,27.43,24.3,,42.33,0.68,5.1,1959,2004,13.2
76106,48439,tract,69.27,77.79,25.75,40.42,70.42,69.67,90.07,29.2,62.98,94.67,97.8,41.12,61.16,,54.31,0.698,5.0,1973,2005,13.2
76107,48439,tract,41.19,39.97,25.75,39.91,49.68,50.04,73.93,16.57,44.37,82.52,96.42,21.72,37.69,,38.17,0.627,4.4,1979,2012,13.2
76108,48439,tract,54.14,28.8,28.53,37.73,58.42,63.9,81.24,22.43,46.43,90.06,91.38,35.26,51.82,,82.02,0.716,5.6,1992,2013,13.2
76109,48439,tract,55.93,35.38,25.75,42.67,57.38,54.89,78.7,18.94,48.9,87.43,97.79,26.05,55.94,,49.74,0.536,5.2,1977,2012,13.2
76110,48439,tract,29.83,49.97,25.75,38.65,46.7,52.12,75.73,16.61,45.51,82.92,95.33,22.75,13.74,,32.15,0.498,5.3,1949,2010,13.2
76111,48439,tract,54.03,62.59,25.75,37.88,60.04,59.12,82.55,21.73,52.46,87.97,96.86,30.06,49.2,,49.63,0.651,5.4,1956,2007,13.2
76112,48439,tract,34.09,63.77,25.75,37.02,45.35,54.55,78.77,16.8,46.63,83.3,94.57,23.27,24.71,,45.99,0.743,5.0,1975,2010,13.2
76114,48439,tract,55.36,57.45,25.75,37.31,55.49,59.82,80.8,20.61,52.12,86.29,96.55,28.33,55.15,,51.93,0.589,4.9,1967,2006,13.2
76115,48439,tract,41.93,83.31,25.75,39.91,51.82,60.76,84.16,19.1,51.91,88.96,95.91,28.08,23.04,,41.7,0.609,4.7,1965,2003,13.2
76116,48439,tract,54.1,74.02,25.75,41.54,55.98,60.75,83.58,19.96,52.73,89.58,97.08,28.58,44.83,,42.03,0.653,4.6,1977,2011,13.2
76117,48439,tract,59.19,57.9,25.75,36.52,60.01,57.41,81.12,20.37,50.96,87.49,96.76,28.31,58.87,,38.9,0.693,5.0,1968,2005,13.2
76118,48439,tract,62.89,44.75,25.75,36.77,59.78,56.11,80.39,19.47,49.76,87.82,97.6,26.96,70.1,,52.66,0.591,6.1,1986,2012,13.2
76119,48439,tract,46.36,82.83,25.75,39.04,49.72,62.34,84.63,19.57,52.98,88.11,95.4,28.89,37.7,,53.82,0.66,5.1,1974,2008,13.2
76120,48439,tract,44.66,24.78,25.75,35.14,47.51,55.92,80.69,16.96,47.18,83.12,95.27,23.38,48.26,,64.71,0.907,5.0,2000,2013,13.2
76123,48439,tract,40.33,43.36,25.75,39.67,47.75,56.71,79.77,17.8,48.42,84.35,95.43,24.02,30.52,,74.45,0.659,6.1,2006,2014,13.2
76126,48439,tract,52.79,23.88,28.48,41.18,53.74,58.81,77.31,20.76,42.24,86.91,91.54,31.86,52.21,,91.22,0.746,6.0,1996,2014,13.2
76127,48439,tract,80.39,73.4,25.75,43.39,78.35,63.12,85.85,26.84,58.87,95.91,99.47,36.94,77.25,,73.21,0.0,-666666666,,,13.2
76129,48439,tract,18.41,9.21,25.75,39.68,47.65,46.12,71.08,15.26,41.23,80.08,96.76,19.35,1.81,,27.73,,-666666666,,,13.2
76131,48439,tract,77.31,15.48,25.75,39.44,70.39,71.27,91.07,25.86,62.25,95.65,98.88,38.38,76.25,,83.03,0.617,6.2,2009,2015,13.2
76132,48439,tract,39.62,46.5,25.75,39.78,48.43,47.33,69.88,15.84,42.34,80.36,96.55,20.02,38.81,,37.09,0.746,4.1,1990,2010,13.2
76133,48439,tract,42.44,60.32,25.75,39.7,51.0,61.22,84.6,18.94,51.96,88.58,96.12,27.0,27.35,,30.69,0.7,5.3,1977,2008,13.2
76134,48439,tract,53.28,65.89,25.75,41.43,54.67,59.96,83.78,20.41,52.26,89.14,96.12,29.02,48.72,,52.71,0.7,5.3,1982,2010,13.2
76135,48439,tract,27.99,33.91,25.75,32.35,44.22,46.59,69.65,15.02,40.49,74.9,93.64,17.92,24.4,,79.11,0.745,5.6,1991,2011,13.2
76137,48439,tract,61.43,35.99,25.75,36.94,59.93,59.83,82.9,22.55,52.96,86.87,96.82,30.79,66.24,,46.56,0.74,5.6,1997,2010,13.2
76140,48439,tract,69.25,57.38,25.75,44.06,60.9,64.49,86.09,22.47,56.55,92.41,97.82,33.04,70.1,,86.46,0.7,5.5,1987,2011,13.2
76148,48439,tract,42.26,35.4,25.75,33.06,50.65,56.67,81.06,17.58,47.89,83.16,95.84,24.09,41.98,,25.81,0.771,5.4,1982,2007,13.2
76155,48439,tract,67.55,12.82,25.75,40.79,72.23,54.24,78.82,22.78,51.51,92.56,98.59,30.72,63.43,,39.95,0.928,3.1,2001,,13.2
76164,48439,tract,41.18,68.49,25.75,33.78,51.54,56.49,80.05,18.08,48.49,84.02,95.3,24.94,36.01,,31.91,0.62,5.2,1942,2003,13.2
76177,48439,tract,70.52,11.76,26.86,39.76,72.29,63.36,82.41,35.57,56.8,91.72,97.91,34.93,67.41,,87.92,0.725,4.8,2013,2015,13.2
76179,48439,tract,56.42,15.14,25.75,36.45,59.18,54.98,78.74,18.89,48.47,85.66,97.73,24.99,57.04,,82.64,0.733,6.4,2006,2014,13.2
76180,48439,tract,45.48,36.66,25.75,33.54,51.43,54.12,78.66,17.19,46.33,82.11,96.11,23.08,49.52,,31.7,0.685,5.1,1984,2011,13.2
76182,48439,tract,45.23,20.94,25.75,34.51,54.32,54.25,78.61,17.7,46.96,83.38,96.87,23.92,45.29,,50.34,0.641,6.5,1989,2010,13.2
76201,48121,tract,65.39,50.3,29.14,36.22,79.54,59.31,79.56,51.6,48.91,97.54,96.91,30.87,52.63,,67.03,0.668,3.9,1982,2007,22.9
76203,48121,tract,45.94,32.12,29.14,32.05,75.96,60.31,81.89,50.32,37.52,97.89,94.39,27.78,9.04,,41.61,,-666666666,,,22.9
76205,48121,tract,59.8,32.8,29.14,35.83,79.63,57.74,78.12,49.74,47.91,97.04,96.23,29.69,44.77,,67.34,0.551,4.6,1985,2010,22.9
76207,48121,tract,68.89,47.18,29.14,39.96,82.75,62.16,81.32,53.81,53.02,98.41,97.77,33.03,50.47,,92.32,0.594,5.5,2009,2016,22.9
76208,48121,tract,67.07,58.07,29.14,37.32,80.95,59.7,77.41,52.31,49.81,96.73,97.35,31.78,59.14,,84.31,0.602,5.9,2005,2014,22.9
76209,48121,tract,54.35,42.73,29.14,32.35,72.08,57.03,77.6,47.93,39.1,95.54,93.19,26.88,45.83,,64.2,0.594,5.2,1981,2010,22.9
76210,48121,tract,47.98,21.96,29.14,32.5,73.9,52.04,72.55,42.92,38.98,94.42,94.03,23.51,38.1,,69.76,0.444,6.6,2002,2013,22.9
76225,48497,tract,28.91,39.77,14.75,32.39,66.17,51.79,78.31,59.11,33.83,66.64,85.47,21.95,25.93,,95.28,0.811,5.8,1997,2010,8.8
76226,48121,tract,61.78,9.21,29.14,36.47,79.36,54.27,73.39,45.98,46.78,95.89,96.72,27.02,56.42,,91.57,0.369,7.9,2012,2017,22.9
76227,48121,tract,54.64,28.77,29.14,38.2,75.2,55.43,72.02,45.87,43.67,94.55,95.61,26.13,38.27,,90.73,0.594,6.4,2014,2019,22.9
76228,48077,tract,75.78,73.48,41.31,47.26,80.25,63.76,78.54,91.54,67.9,92.25,90.15,27.42,68.96,,97.98,0.354,5.8,1980,2012,1.4
76230,48337,tract,80.78,74.44,20.4,46.52,89.81,71.91,89.94,95.3,67.11,93.39,88.22,38.04,54.37,,97.64,0.506,5.6,1977,2013,2.0
76233,48181,tract,75.62,63.4,31.9,50.12,93.64,76.5,89.39,74.02,58.68,93.15,93.23,56.35,79.04,,94.32,0.692,5.3,1992,2013,23.5
76234,48497,tract,46.05,31.02,15.48,39.1,77.23,58.17,82.99,68.3,40.86,75.18,89.48,29.55,44.77,,95.97,0.78,6.0,1995,2012,8.8
76238,48097,tract,98.94,92.06,22.55,56.6,98.72,73.58,92.78,98.09,77.82,99.84,99.31,79.65,94.79,,98.2,0.694,5.7,1991,2007,7.5
76239,48337,tract,62.61,41.5,21.38,45.14,95.72,67.02,82.53,91.17,57.05,87.11,80.71,34.47,33.2,,96.19,0.604,5.2,1993,2011,2.0
76240,48097,tract,91.41,56.25,22.56,51.84,97.14,61.92,87.76,93.63,65.68,99.22,97.83,67.74,85.69,,96.89,0.62,5.4,1979,2011,7.5
76241,48097,tract,65.19,61.45,22.55,47.99,94.86,38.61,68.31,87.99,53.89,95.13,96.14,43.08,57.39,,87.83,,-666666666,,,7.5
76244,48439,tract,45.4,19.2,25.75,34.66,54.53,55.04,79.22,18.14,47.6,83.64,96.52,24.63,43.72,,53.97,0.557,6.7,2006,2013,13.2
76245,48181,tract,62.16,57.82,34.86,43.38,93.81,73.28,83.08,55.17,60.09,84.87,91.18,44.22,69.45,,94.8,0.719,5.0,1997,2015,23.5
76247,48121,tract,73.79,10.02,28.64,41.96,84.85,64.82,82.88,56.08,53.58,97.75,97.67,34.42,63.2,,94.71,0.647,6.5,2012,2019,22.9
76248,48439,tract,62.62,23.13,25.75,37.74,63.71,57.94,82.13,20.3,51.07,88.81,98.37,28.37,64.76,,67.59,0.365,7.8,1999,2012,13.2
76249,48121,tract,55.12,48.3,28.48,41.67,76.28,56.42,73.95,46.15,46.18,95.37,96.52,25.77,32.31,,94.98,0.701,6.4,2003,2013,22.9
76250,48097,tract,92.56,30.58,22.55,51.3,96.42,56.13,84.2,91.47,61.07,98.81,97.4,60.01,88.87,,96.62,0.51,5.9,1992,2005,7.5
76251,48337,tract,60.22,39.97,21.22,44.45,95.66,67.52,82.22,90.78,55.61,86.7,78.87,29.74,30.47,,95.65,0.523,5.3,1983,2011,2.0
76252,48097,tract,93.66,45.64,22.52,52.47,96.98,60.6,86.29,93.07,65.02,98.95,97.54,64.11,89.61,,96.95,0.51,6.0,1980,2006,7.5
76253,48097,tract,92.56,30.58,22.55,51.3,96.42,56.13,84.2,91.47,61.07,98.81,97.4,60.01,88.87,,96.62,0.754,6.4,1983,2009,7.5
76255,48337,tract,87.99,71.71,21.22,45.47,96.69,73.29,86.12,91.79,60.26,89.57,80.8,34.09,37.51,,96.43,0.381,5.2,1977,2011,2.0
76258,48121,tract,70.95,55.48,29.9,46.26,85.02,65.64,79.3,55.1,56.22,97.07,97.08,35.84,57.1,,94.18,0.607,6.1,2002,2013,22.9
76259,48121,tract,68.76,32.07,28.54,42.87,82.62,62.24,79.91,52.51,51.4,97.09,97.42,31.24,54.87,,95.1,0.797,6.3,2004,2014,22.9
76261,48337,tract,89.48,73.65,29.37,45.92,91.03,69.77,83.82,91.75,63.84,90.59,84.56,31.76,44.49,,97.48,0.489,5.3,1970,2006,2.0
76262,48121,tract,77.01,17.87,28.19,40.43,81.62,63.11,82.96,49.3,58.78,95.73,98.62,36.63,75.42,,86.82,0.55,7.0,2006,2013,22.9
76263,48097,tract,98.94,92.06,22.55,56.6,98.72,73.58,92.78,98.09,77.82,99.84,99.31,79.65,94.79,,98.2,0.0,6.2,1957,2013,7.5
76264,48181,tract,61.4,59.5,34.86,43.42,93.44,72.96,82.76,54.72,59.0,84.31,90.77,43.66,68.97,,94.81,0.642,4.9,2003,2015,23.5
76265,48337,tract,75.62,58.15,21.44,48.59,97.12,71.54,87.08,93.29,62.52,93.95,84.91,40.81,60.35,,95.12,0.523,5.1,1978,2008,2.0
76266,48121,tract,65.38,44.68,28.94,42.3,80.2,61.8,79.52,52.78,50.74,97.5,97.37,31.68,40.96,,95.04,0.727,5.8,2001,2014,22.9
76267,48497,tract,46.65,26.73,14.7,39.98,76.49,57.97,82.33,67.89,39.64,74.49,89.65,26.85,46.72,,96.38,0.771,7.6,1957,,8.8
76268,48181,tract,62.62,46.6,34.86,46.33,92.89,78.58,87.54,62.63,57.3,88.85,91.02,49.35,67.31,,91.62,0.538,4.7,1989,2015,23.5
76270,48337,tract,65.37,59.35,19.36,41.65,88.17,72.39,87.99,85.69,60.52,87.73,86.71,38.88,42.67,,97.3,0.746,5.3,2004,2018,2.0
76271,48181,tract,76.63,60.73,31.38,50.22,93.82,75.72,89.52,75.34,58.85,93.66,93.51,57.18,79.9,,94.21,0.62,5.6,2003,2012,23.5
76272,48097,tract,92.62,89.42,22.83,53.28,97.12,65.75,89.53,94.14,69.45,99.47,98.46,70.73,88.34,,97.4,0.619,5.7,1996,2012,7.5
76273,48181,tract,74.37,47.36,28.93,47.1,94.71,67.65,85.53,73.67,59.75,91.52,93.46,54.91,72.43,,95.95,0.657,5.9,1989,2012,23.5
76301,48485,tract,31.5,73.8,46.53,34.86,78.22,41.43,64.36,47.56,58.96,68.97,83.65,20.75,42.17,,68.37,0.42,5.0,1956,2009,3.8
76302,48485,tract,29.43,67.18,46.53,35.49,80.0,49.39,74.68,53.47,65.68,73.19,85.02,24.71,25.95,,82.11,0.589,5.3,1976,2010,3.8
76305,48077,tract,72.66,59.45,44.51,44.64,83.4,60.68,80.41,81.56,71.85,88.83,90.36,30.71,52.37,,97.21,0.647,5.4,1982,2010,1.4
76306,48485,tract,45.8,68.18,46.53,37.07,83.04,52.92,77.69,57.45,68.97,76.63,87.04,27.5,46.83,,90.33,0.53,5.2,1970,2008,3.8
76308,48485,tract,33.39,41.21,44.17,36.5,81.45,48.48,74.79,59.71,65.93,74.64,86.45,25.3,35.73,,58.33,0.621,5.1,1976,2011,3.8
76309,48485,tract,47.49,48.65,46.53,38.13,84.6,52.87,78.28,58.46,69.46,78.01,88.01,28.03,54.48,,56.0,0.435,5.2,1959,2010,3.8
76310,48009,tract,56.87,51.92,37.47,41.99,81.07,53.5,77.12,82.75,66.97,80.18,89.26,26.71,43.63,,96.61,0.606,5.7,1988,2012,2.6
76311,48485,tract,16.45,11.19,46.53,34.69,79.51,49.57,75.63,53.23,65.91,72.52,84.37,23.62,8.32,,69.62,0.501,5.8,1976,,3.8
76351,48009,tract,56.14,67.0,28.7,49.16,79.64,64.55,77.04,91.91,66.42,76.03,90.64,27.37,34.16,,96.34,0.468,5.5,1963,2003,2.6
76354,48485,tract,71.56,33.7,46.53,42.36,86.06,59.06,78.55,60.87,70.06,79.57,89.11,27.33,35.99,,95.98,0.525,5.7,1974,2011,3.8
76357,48077,tract,83.08,57.87,43.59,48.37,86.22,65.7,85.14,95.21,75.8,97.21,93.75,33.92,56.73,,98.24,0.427,5.9,1975,2009,1.4
76360,48485,tract,84.08,52.5,48.79,46.41,87.47,62.88,79.32,77.12,71.59,82.06,92.49,23.0,30.5,,95.33,0.481,5.5,1955,2010,3.8
76363,48275,tract,77.4,87.62,27.92,46.88,72.95,36.77,65.55,98.25,70.34,76.28,97.09,16.08,23.51,,75.13,0.266,5.8,1964,2005,0.0
76364,48487,tract,98.82,86.24,54.43,50.11,92.36,70.1,84.94,98.2,78.51,90.7,98.08,21.48,24.24,,93.35,0.706,5.7,1965,2005,0.7
76365,48077,tract,77.36,66.59,42.61,47.65,81.33,63.15,80.75,92.75,70.87,93.96,91.84,29.17,62.96,,98.0,0.521,5.9,1977,2007,1.4
76366,48009,tract,52.89,55.9,28.7,47.84,75.46,60.06,71.03,89.31,60.14,70.31,88.12,21.93,25.28,,96.52,0.718,5.3,1981,2012,2.6
76367,48485,tract,74.54,29.54,46.53,42.57,85.93,58.82,78.23,59.89,69.87,78.56,89.0,27.4,41.7,,96.79,0.63,5.5,1980,2010,3.8
76370,48009,tract,53.02,56.11,28.7,48.06,75.4,60.45,70.97,89.26,60.08,70.23,88.12,21.88,25.1,,96.5,0.361,6.3,1953,2013,2.6
76371,48275,tract,79.72,88.74,27.93,47.62,71.76,36.95,65.53,98.3,70.83,75.92,97.29,16.92,24.49,,78.1,0.262,5.7,1967,2008,0.0
76372,48447,tract,84.76,55.39,57.18,50.07,43.89,57.19,62.89,95.77,62.8,77.85,96.49,21.03,56.63,,97.3,0.635,5.4,1972,2006,
76373,48487,tract,98.82,86.24,54.43,50.11,92.36,70.1,84.94,98.2,78.51,90.7,98.08,21.48,24.24,,93.35,0.464,5.1,1969,1999,0.7
76374,48503,tract,78.86,49.09,31.82,50.47,62.02,66.67,80.43,95.04,71.49,79.9,93.36,34.16,57.21,,97.19,0.284,6.0,1969,2010,1.5
76377,48077,tract,83.08,57.87,43.59,48.37,86.22,65.7,85.14,95.21,75.8,97.21,93.75,33.92,56.73,,98.24,0.352,5.7,1961,2001,1.4
76379,48009,tract,56.12,66.94,28.7,49.16,79.62,64.53,77.01,91.89,66.39,76.0,90.63,27.34,34.11,,96.34,0.708,5.5,1975,2007,2.6
76380,48023,tract,93.07,93.42,41.13,52.82,80.96,69.63,74.99,99.48,68.36,88.98,97.73,19.35,74.54,,93.92,0.317,5.6,1966,2004,0.0
76384,48487,tract,95.79,85.9,54.27,49.24,92.26,68.37,85.18,98.21,78.69,90.79,97.73,21.77,24.7,,92.55,0.385,5.3,1964,2008,0.7
76388,48207,tract,74.85,78.02,28.15,50.85,54.63,39.04,58.94,96.74,69.96,75.64,97.79,24.25,36.93,,87.84,0.247,6.6,1964,2009,0.0
76389,48009,tract,63.77,75.32,30.82,49.44,81.84,66.42,81.84,93.58,70.64,84.02,92.33,30.85,48.25,,96.74,0.646,6.0,1989,2009,2.6
76401,48143,tract,89.32,60.27,42.44,56.14,38.23,97.84,58.05,82.45,70.4,93.39,84.68,88.63,88.72,,97.87,0.752,5.2,1992,2013,2.2
76402,48143,tract,75.87,72.7,42.44,45.7,41.51,98.92,68.57,82.61,69.43,90.15,73.6,93.38,59.2,,68.58,,-666666666,,,2.2
76424,48429,tract,78.14,58.16,18.9,48.67,48.33,77.28,75.04,91.82,39.13,82.62,94.92,37.94,84.05,,96.74,0.596,5.5,1974,2008,1.1
76426,48497,tract,77.26,74.88,14.5,40.62,81.51,69.97,91.05,81.87,54.43,87.58,94.09,41.07,78.12,,97.08,0.626,5.3,1985,2013,8.8
76427,48237,tract,66.85,45.83,13.07,49.28,67.88,59.85,90.22,92.64,58.85,87.39,89.79,26.38,29.58,,97.31,0.747,5.4,1984,2012,3.6
76429,48429,tract,78.33,61.78,21.25,48.7,47.9,77.65,73.63,91.85,41.05,82.27,95.14,39.85,85.04,,96.8,1.0,5.3,2001,2007,1.1
76430,48417,tract,74.36,41.42,53.52,50.55,40.32,62.61,63.68,94.06,79.18,84.88,98.22,20.1,61.18,,97.68,0.547,6.3,1970,2011,
76431,48497,tract,57.41,64.83,14.29,36.45,73.08,56.79,83.85,72.77,47.39,77.6,90.35,28.81,49.09,,97.09,0.608,5.7,1986,2010,8.8
76432,48049,tract,64.12,69.01,34.59,51.78,15.72,82.94,57.84,86.49,88.48,78.31,91.86,68.63,66.76,,95.28,0.567,5.6,1979,2011,11.3
76433,48143,tract,91.26,56.58,46.56,58.09,52.14,96.92,64.42,85.11,68.48,96.85,89.29,90.83,88.5,,98.15,0.826,6.1,2005,2015,2.2
76435,48133,tract,42.41,64.59,47.07,49.32,34.39,80.62,47.74,75.35,67.59,70.28,91.73,53.39,34.13,,95.2,0.648,5.9,1987,2014,1.8
76436,48093,tract,91.98,84.94,15.6,59.43,47.33,84.42,46.25,86.56,88.8,97.4,97.3,80.81,91.17,,98.76,0.755,4.7,1938,2016,1.2
76437,48133,tract,60.4,81.41,45.83,49.49,35.56,76.58,55.06,81.97,67.21,81.04,94.72,52.4,54.99,,96.16,0.576,5.5,1959,2010,1.8
76439,48367,tract,92.45,50.0,35.78,47.47,84.77,92.4,93.34,53.04,53.33,99.72,89.2,85.4,88.48,,98.38,,-666666666,,,8.4
76442,48093,tract,84.44,79.81,14.41,60.95,32.95,90.38,61.0,87.92,90.35,90.74,96.06,86.95,83.01,,97.29,0.665,5.2,1979,2012,1.2
76443,48059,tract,71.81,71.96,61.53,50.02,11.85,63.01,64.65,90.26,89.56,85.33,96.82,57.53,67.31,,95.05,0.652,5.3,1977,2007,2.0
76444,48093,tract,77.64,75.39,13.27,58.51,30.88,88.84,52.87,84.25,86.6,89.14,94.53,80.83,72.9,,97.0,0.517,5.2,1968,2006,1.2
76445,48133,tract,50.14,62.18,41.89,50.92,36.24,83.71,50.53,77.95,71.1,76.78,91.75,60.99,39.34,,95.65,0.745,5.3,1973,2008,1.8
76446,48143,tract,86.21,73.58,34.04,57.96,40.28,93.69,52.43,80.45,74.91,91.46,87.71,83.4,85.34,,97.75,0.724,5.7,1985,2011,2.2
76448,48133,tract,56.83,69.3,47.07,49.05,44.74,79.68,52.97,77.65,70.33,80.37,92.9,60.5,55.94,,95.49,0.576,5.6,1974,2011,1.8
76449,48363,tract,84.23,66.66,51.7,49.39,50.7,78.27,63.92,94.47,76.62,79.64,97.19,64.04,90.94,,96.95,0.596,5.5,1987,2013,2.8
76450,48503,tract,80.75,53.79,30.63,50.18,53.48,63.33,76.49,95.54,67.09,80.44,94.29,35.7,75.35,,97.89,0.576,5.7,1980,2012,1.5
76452,48093,tract,97.11,91.55,12.94,59.84,50.05,84.67,46.48,87.37,90.87,98.55,98.78,80.37,98.2,,99.07,0.88,5.7,2002,2006,1.2
76453,48363,tract,79.94,73.94,50.17,51.11,46.8,81.77,62.38,92.05,75.32,80.84,95.19,68.68,86.63,,97.13,0.649,5.8,1996,2013,2.8
76454,48133,tract,48.29,59.41,38.79,51.41,33.18,82.26,48.4,77.14,71.8,74.57,92.24,59.51,38.8,,95.68,0.381,5.2,1957,2006,1.8
76455,48093,tract,97.11,91.55,12.94,59.84,50.05,84.67,46.48,87.37,90.87,98.55,98.78,80.37,98.2,,99.07,0.552,5.2,1970,2007,1.2
76457,48193,tract,68.28,49.94,33.02,57.33,33.09,84.73,46.67,81.17,72.14,92.14,88.44,83.58,59.38,,97.26,0.593,5.5,1981,2011,3.6
76458,48237,tract,77.31,66.72,13.08,48.91,75.13,62.27,92.46,94.84,64.7,90.77,92.22,32.28,44.54,,97.96,0.499,5.5,1973,2009,3.6
76459,48237,tract,70.66,53.34,13.07,49.17,70.47,60.7,91.02,93.46,60.97,88.61,90.66,28.47,34.84,,97.56,0.271,5.3,1982,1989,3.6
76460,48503,tract,83.53,45.96,30.51,50.85,60.16,69.4,84.07,95.89,74.52,81.36,93.86,37.8,60.36,,97.23,0.741,6.9,1986,1989,1.5
76462,48221,tract,86.77,56.33,43.46,52.81,71.35,92.93,78.3,76.2,60.19,95.79,91.35,85.8,80.66,,97.99,0.84,6.7,1999,2011,4.7
76463,48143,tract,92.47,64.93,43.47,58.78,40.88,95.94,60.58,88.59,73.82,94.6,90.47,87.5,94.83,,98.2,0.51,5.3,1983,2008,2.2
76464,48417,tract,75.76,50.95,45.16,50.1,38.84,66.92,68.58,93.14,70.26,85.64,97.46,31.24,68.86,,97.24,0.678,5.7,1960,2004,
76466,48133,tract,17.34,47.92,47.07,43.01,20.79,61.32,22.89,58.9,49.32,62.42,86.89,32.47,13.59,,94.58,0.266,5.9,1949,,1.8
76469,48059,tract,75.66,78.25,66.69,50.62,13.4,61.62,74.05,92.15,93.53,92.84,99.09,61.86,63.88,,95.72,0.75,4.4,1993,2020,2.0
76470,48133,tract,66.57,68.18,34.04,49.22,47.22,81.29,65.04,86.78,57.39,84.11,94.81,51.7,62.08,,96.47,0.44,5.0,1968,2012,1.8
76471,48133,tract,54.32,74.17,45.08,50.33,25.71,78.97,46.78,78.47,72.88,69.58,91.66,53.09,57.48,,94.62,0.546,5.2,1956,2012,1.8
76472,48363,tract,80.82,62.38,52.01,50.2,57.02,85.66,74.13,93.7,81.74,79.21,96.58,74.51,86.82,,97.24,0.824,6.2,2003,2011,2.8
76474,48093,tract,86.12,78.54,14.24,61.97,33.15,92.86,64.28,89.03,91.44,91.06,96.16,87.78,84.68,,97.2,0.826,6.0,1966,2007,1.2
76475,48363,tract,73.94,78.31,46.05,48.7,46.08,76.76,61.52,91.66,67.95,78.48,95.98,56.72,79.61,,96.67,0.656,5.5,1987,2010,2.8
76476,48221,tract,82.89,53.84,46.33,53.29,90.52,93.92,85.23,80.57,51.55,98.66,93.18,90.01,58.97,,97.78,0.83,5.7,1998,2010,4.7
76481,48503,tract,88.59,39.59,30.51,51.31,55.53,61.15,77.54,96.52,70.38,82.49,94.74,34.48,85.2,,98.33,0.316,6.3,1991,2011,1.5
76483,48447,tract,81.12,70.42,82.57,48.89,32.82,53.42,48.95,95.07,55.58,73.43,98.15,8.24,29.44,,96.32,0.408,5.4,1959,2001,
76484,48363,tract,80.82,62.38,52.01,50.2,57.02,85.66,74.13,93.7,81.74,79.21,96.58,74.51,86.82,,97.24,0.727,5.6,1982,2007,2.8
76486,48237,tract,71.09,45.71,23.45,48.44,63.69,66.29,84.21,84.91,60.4,87.78,90.75,38.84,43.79,,97.4,0.465,5.9,1977,2011,3.6
76487,48367,tract,68.45,62.64,28.47,43.25,65.9,77.09,84.6,53.16,45.9,94.58,86.04,54.48,41.21,,97.92,0.719,6.1,2001,2017,8.4
76490,48367,tract,73.09,25.24,35.78,43.9,59.61,79.31,80.47,43.05,49.06,97.47,87.7,62.12,50.52,,98.21,0.0,-666666666,,,8.4
76491,48447,tract,81.09,70.26,81.68,48.89,33.03,53.76,49.31,95.02,55.34,73.56,98.11,8.66,30.22,,96.33,0.776,6.0,1962,2009,
76501,48027,tract,54.88,48.43,48.57,67.37,43.09,75.32,65.65,52.32,80.97,91.0,93.71,79.17,48.38,,87.65,0.697,5.1,1971,2012,17.1
76502,48027,tract,48.86,30.45,48.57,61.58,44.36,76.17,68.65,49.47,81.26,91.14,92.03,81.48,38.16,,86.23,0.864,5.5,2004,2014,17.1
76504,48027,tract,47.38,48.87,48.57,64.0,44.81,74.98,66.18,51.13,81.04,91.29,92.81,79.64,30.68,,78.67,0.766,4.4,1982,2012,17.1
76511,48027,tract,67.7,62.74,59.41,68.54,44.58,82.2,66.34,55.31,85.85,87.53,95.95,76.37,63.78,,89.24,0.486,5.6,1970,2010,17.1
76513,48027,tract,51.78,39.08,48.57,58.08,42.16,74.19,66.76,47.84,78.95,87.31,88.53,78.95,46.28,,86.71,0.85,5.7,1999,2014,17.1
76518,48331,tract,81.19,83.46,27.84,83.62,60.89,90.14,71.87,77.34,75.2,94.48,93.55,97.46,62.25,,90.22,0.654,5.1,1989,1999,4.9
76519,48331,tract,73.84,79.53,33.78,80.1,53.96,84.05,67.97,70.58,75.77,93.3,93.51,92.31,57.25,,88.6,0.29,5.9,1974,2006,4.9
76520,48331,tract,72.52,80.9,27.84,82.6,58.57,88.69,69.32,74.05,72.88,92.84,90.92,97.09,51.47,,87.02,0.735,5.2,1977,2011,4.9
76522,48099,tract,57.78,42.45,15.12,52.08,37.99,74.13,54.16,60.32,83.87,86.47,83.91,91.79,65.21,,92.39,0.767,5.5,1990,2013,10.0
76523,48331,tract,82.14,75.77,27.84,83.25,66.72,92.9,78.75,80.34,80.03,96.97,93.72,98.73,69.41,,90.04,0.911,5.0,2011,2014,4.9
76524,48145,tract,39.18,44.38,36.55,69.82,46.87,73.03,65.93,61.09,62.1,86.63,81.04,87.19,24.88,,87.38,0.855,6.0,1987,2011,0.8
76525,48193,tract,69.63,55.38,23.18,56.2,35.78,75.67,46.68,74.81,82.71,87.02,90.85,87.6,73.37,,96.77,0.638,5.9,1985,2009,3.6
76527,48491,tract,28.85,63.02,75.39,47.54,28.93,66.48,38.32,30.08,74.08,63.27,87.9,44.07,34.43,,93.64,0.725,5.6,1999,2012,27.6
76528,48099,tract,56.86,42.18,13.59,54.66,39.06,75.75,52.26,54.47,79.95,84.05,82.65,87.43,64.14,,94.38,0.626,5.6,1983,2011,10.0
76530,48491,tract,64.39,74.07,81.65,65.26,41.87,80.77,51.69,42.93,85.31,75.52,96.06,55.65,64.12,,82.13,0.619,6.1,1986,2011,27.6
76531,48193,tract,72.95,51.82,27.97,59.17,38.42,82.66,46.27,83.4,82.07,88.9,92.8,84.72,70.26,,97.43,0.522,5.6,1960,2009,3.6
76534,48027,tract,73.77,61.55,47.16,71.92,45.38,82.74,74.26,63.2,86.34,94.51,96.1,87.46,72.15,,92.64,0.78,5.8,1991,2010,17.1
76537,48491,tract,33.96,38.42,81.65,48.8,40.82,74.81,49.62,32.45,80.91,70.44,90.99,55.14,29.63,,90.35,0.909,5.9,2015,2018,27.6
76538,48193,tract,68.6,45.19,23.6,58.23,38.31,80.65,47.28,74.15,81.28,87.44,89.62,85.98,69.84,,96.8,0.674,5.8,1980,2005,3.6
76539,48281,tract,66.18,76.31,25.77,55.04,31.74,62.29,54.72,80.11,87.46,88.27,91.41,90.77,71.0,,95.48,0.883,6.3,1999,2013,2.9
76541,48027,tract,48.76,75.79,48.57,55.03,43.46,76.57,69.71,46.63,81.55,89.46,92.37,82.55,44.41,,36.0,0.794,3.6,1971,2008,17.1
76542,48027,tract,56.94,48.31,48.57,57.63,45.65,79.32,73.23,51.2,84.05,91.3,93.42,85.42,50.22,,89.29,0.928,5.5,2003,2014,17.1
76543,48027,tract,21.13,18.18,48.57,37.28,22.69,49.14,38.4,24.54,50.32,50.8,54.32,45.92,17.75,,45.21,0.872,4.5,1987,2008,17.1
76544,48099,tract,10.01,18.96,20.44,41.73,15.91,40.63,24.13,23.68,43.26,43.37,59.92,36.09,5.86,,76.49,0.764,5.2,1978,,10.0
76548,48027,tract,52.69,40.58,48.57,55.91,48.48,80.61,75.4,50.72,84.82,92.56,93.01,87.42,41.1,,76.0,0.895,5.7,2001,2014,17.1
76549,48027,tract,52.43,48.19,46.24,54.9,36.54,66.95,59.06,48.61,71.65,78.01,86.02,67.3,50.58,,85.34,0.919,5.4,2004,2014,17.1
76550,48281,tract,64.87,74.33,25.63,52.08,27.92,64.53,58.85,82.91,87.4,85.47,91.32,86.09,69.8,,95.63,0.662,5.9,1985,2010,2.9
76554,48027,tract,39.16,9.21,48.57,60.48,33.15,69.86,59.15,44.26,76.02,85.27,91.26,73.11,35.23,,86.51,0.713,5.7,1984,2011,17.1
76556,48331,tract,73.5,79.83,27.82,84.59,60.07,88.46,69.37,77.22,73.83,93.27,91.98,97.46,69.76,,82.53,0.663,5.4,1988,2003,4.9
76557,48027,tract,50.03,47.58,52.82,64.72,42.96,78.17,69.09,46.76,62.93,91.2,83.84,82.22,33.92,,93.62,0.754,5.8,1985,2013,17.1
76559,48027,tract,47.94,35.72,48.57,55.27,45.02,77.64,71.89,46.53,81.9,89.62,90.73,84.31,40.64,,90.62,0.912,5.8,2006,2016,17.1
76561,48099,tract,59.18,36.97,19.06,59.93,38.73,77.5,53.87,53.89,76.38,86.1,81.81,88.67,65.2,,94.81,0.641,5.4,1997,2008,10.0
76565,48193,tract,74.45,50.03,28.34,59.8,39.1,82.86,45.62,83.4,81.91,88.81,93.04,84.59,72.65,,97.61,,-666666666,,,3.6
76566,48099,tract,63.98,40.3,17.86,54.95,38.37,78.23,49.74,63.13,81.11,85.65,86.16,87.94,71.35,,96.07,0.424,5.4,1980,2015,10.0
76567,48331,tract,76.84,77.53,27.57,82.09,66.62,91.45,75.72,78.95,77.92,93.23,92.08,95.56,67.39,,87.49,0.697,5.6,1984,2013,4.9
76569,48027,tract,77.99,71.33,42.85,77.23,49.6,85.4,73.91,68.25,83.89,95.26,96.02,91.18,70.05,,91.86,0.78,5.5,1983,2007,17.1
76570,48145,tract,63.83,91.47,28.22,80.04,55.64,80.99,68.62,75.78,73.82,92.5,90.06,93.23,46.4,,84.65,0.455,5.9,1970,1997,0.8
76571,48027,tract,62.63,47.76,48.57,64.35,38.5,77.33,68.44,54.44,83.3,90.75,95.02,81.87,60.84,,93.51,0.869,5.9,2005,2014,17.1
76573,48491,tract,64.78,74.74,81.65,65.87,41.68,80.73,51.45,43.19,85.22,75.54,96.16,55.41,64.1,,81.77,,-666666666,,,27.6
76574,48491,tract,53.74,63.44,81.63,67.22,36.45,76.86,47.64,42.62,81.75,67.33,94.51,52.8,54.5,,82.12,0.556,5.5,1981,2011,27.6
76577,48331,tract,72.57,76.04,33.02,79.54,58.6,89.93,72.26,73.2,76.88,92.72,92.1,94.79,61.55,,87.13,0.623,5.4,1990,2011,4.9
76578,48491,tract,74.42,64.52,81.23,77.07,46.73,87.54,61.76,54.84,90.11,75.58,98.02,65.94,71.22,,87.33,0.823,5.6,1990,2011,27.6
76579,48027,tract,54.96,58.35,45.61,69.42,45.7,75.8,66.52,55.7,80.08,91.65,92.9,82.65,45.78,,88.32,0.893,5.4,1987,2014,17.1
76596,48099,tract,63.72,61.79,13.02,48.35,52.37,90.0,76.46,69.69,92.42,97.5,78.75,98.12,40.89,,92.79,,-666666666,,,10.0
76597,48099,tract,63.72,61.79,13.02,48.35,52.37,90.0,76.46,69.69,92.42,97.5,78.75,98.12,40.89,,92.79,,-666666666,,,10.0
76598,48099,tract,63.72,61.79,13.02,48.35,52.37,90.0,76.46,69.69,92.42,97.5,78.75,98.12,40.89,,92.79,,-666666666,,,10.0
76599,48099,tract,61.48,63.61,13.02,49.13,50.62,87.65,72.45,67.62,90.61,95.56,79.72,96.55,43.12,,92.67,,-666666666,,,10.0
76621,48217,tract,71.21,53.57,27.75,64.03,84.12,97.39,71.31,75.16,31.23,92.3,85.13,87.97,30.66,,88.89,0.484,6.0,1977,2007,4.5
76622,48217,tract,88.46,78.28,27.03,68.74,89.95,99.17,85.14,85.29,34.41,98.38,88.93,96.39,57.07,,95.0,0.682,5.3,1995,2010,4.5
76623,48139,tract,10.43,29.34,66.02,46.5,12.34,58.98,44.18,22.19,34.06,49.47,77.22,45.24,16.9,,85.89,0.511,5.9,1963,2012,35.9
76624,48309,tract,67.29,63.2,63.98,74.1,50.2,87.59,77.87,57.33,45.07,93.31,80.07,85.16,55.55,,93.09,0.742,5.9,1987,2003,8.6
76626,48349,tract,87.05,85.89,25.49,59.75,88.41,93.8,90.53,94.44,69.49,98.05,93.29,95.19,77.98,,94.58,0.629,5.4,1974,2012,28.8
76627,48217,tract,91.22,61.51,26.1,63.14,91.23,99.55,85.63,87.95,34.58,98.76,90.18,96.71,73.0,,95.69,0.807,5.1,1997,2008,4.5
76628,48217,tract,87.15,61.49,26.1,67.49,92.79,99.27,80.78,86.91,38.94,98.37,92.24,95.11,48.72,,90.99,0.882,4.8,2007,2009,4.5
76629,48395,tract,72.32,85.93,28.62,80.62,59.4,74.26,59.63,77.75,69.89,90.21,90.01,81.59,76.87,,84.99,0.582,5.2,1989,2006,7.7
76630,48309,tract,59.1,25.22,67.28,68.97,49.49,85.93,83.31,46.99,42.98,95.24,75.69,88.61,43.98,,92.09,0.848,5.9,1991,2011,8.6
76631,48217,tract,86.9,61.5,26.1,67.95,92.56,99.28,80.93,86.17,38.39,98.22,91.56,95.15,47.82,,90.92,0.591,5.8,1974,2008,4.5
76632,48145,tract,33.36,48.1,28.27,70.01,45.58,69.0,60.2,64.35,66.3,83.63,82.37,86.12,20.58,,85.36,0.725,6.4,1975,2005,0.8
76633,48309,tract,74.83,51.29,58.7,66.65,47.35,85.24,83.1,55.61,40.73,96.27,79.77,92.06,74.32,,94.78,0.834,6.9,1998,2012,8.6
76634,48035,tract,72.26,82.63,26.64,62.38,45.06,77.95,75.25,70.51,40.52,92.87,86.06,99.36,72.2,,95.26,0.633,5.3,1973,2012,1.4
76635,48293,tract,67.17,61.96,17.57,72.27,67.66,95.96,47.57,69.07,46.0,68.42,79.99,76.42,36.55,,91.15,0.689,5.0,1985,2007,1.9
76636,48217,tract,91.01,70.18,26.1,64.29,91.52,99.58,86.2,88.55,35.24,98.89,90.7,97.02,61.5,,94.19,0.714,5.5,1986,2011,4.5
76637,48035,tract,79.63,71.5,27.54,63.58,46.07,83.41,66.46,78.48,60.3,93.19,90.4,93.24,78.46,,97.23,0.608,5.1,1972,2010,1.4
76638,48309,tract,83.89,58.3,70.43,74.93,51.8,88.6,86.09,61.72,51.35,98.39,83.95,89.94,81.15,,97.37,0.718,6.5,1995,2011,8.6
76639,48349,tract,70.92,53.49,23.26,60.99,86.49,87.41,81.83,90.91,58.14,96.65,86.82,87.85,61.55,,93.53,0.672,5.4,1983,2013,28.8
76640,48309,tract,43.94,76.66,70.43,65.53,35.16,76.17,69.74,42.22,36.04,88.39,73.12,73.1,36.34,,90.9,0.574,5.4,1986,2008,8.6
76641,48349,tract,85.85,85.25,26.98,59.4,86.44,93.35,90.02,92.51,68.98,97.06,93.19,94.54,77.58,,94.47,0.721,5.8,1987,2012,28.8
76642,48293,tract,83.56,73.24,17.57,79.55,84.62,98.59,68.42,82.54,65.04,82.97,87.33,90.83,79.31,,89.29,0.687,5.6,1984,2008,1.9
76643,48309,tract,59.87,23.52,70.43,62.06,45.91,85.61,83.36,42.62,36.38,94.95,71.76,86.72,53.18,,80.64,0.92,5.7,1994,2009,8.6
76645,48217,tract,74.96,56.37,26.1,63.94,87.02,98.28,73.25,78.52,32.1,93.48,86.66,89.68,34.78,,89.03,0.637,5.6,1976,2011,4.5
76648,48217,tract,80.74,61.6,24.59,71.57,86.45,97.86,77.41,78.16,37.11,92.46,83.96,92.04,40.22,,90.61,0.597,5.6,1984,2009,4.5
76649,48035,tract,84.23,65.37,30.16,56.97,45.97,83.91,71.92,80.16,45.52,96.79,89.58,95.07,83.86,,97.39,0.655,5.1,1984,2010,1.4
76650,48217,tract,87.15,61.49,26.1,67.49,92.79,99.27,80.78,86.91,38.94,98.37,92.24,95.11,48.72,,90.99,0.526,5.7,1964,2004,4.5
76651,48139,tract,44.45,59.58,66.02,49.44,29.61,76.58,69.16,37.43,50.7,66.23,87.6,70.14,55.93,,90.32,0.684,5.8,1987,2008,35.9
76652,48035,tract,82.47,66.54,26.94,56.35,49.12,81.23,80.54,80.42,39.42,96.79,90.18,99.84,81.77,,97.05,0.73,5.3,1991,2003,1.4
76653,48293,tract,75.84,59.04,22.1,81.92,77.2,92.43,64.57,79.87,72.3,82.88,89.0,88.71,71.98,,86.78,0.339,5.9,1975,2010,1.9
76654,48309,tract,67.63,63.71,70.43,74.44,48.03,86.5,82.49,55.94,45.19,97.03,80.18,86.67,58.8,,93.4,0.67,5.6,1972,2011,8.6
76655,48309,tract,53.13,30.46,63.42,67.64,46.07,82.55,78.72,46.89,42.99,92.85,75.16,85.84,40.53,,89.91,0.852,6.2,1996,2012,8.6
76656,48145,tract,26.42,52.71,28.27,70.77,40.1,64.22,51.98,61.04,61.22,78.95,81.87,79.17,16.32,,81.19,0.569,5.6,1988,2010,0.8
76657,48309,tract,73.16,49.16,66.11,69.81,49.43,86.85,82.69,52.66,47.37,96.01,79.13,88.72,71.35,,91.83,0.692,6.3,1995,2012,8.6
76660,48217,tract,84.22,61.6,26.1,73.01,90.09,99.4,82.56,78.14,32.34,96.65,84.14,95.55,37.99,,90.09,0.392,5.4,1957,2008,4.5
76661,48145,tract,74.85,91.04,28.27,82.04,65.69,86.69,80.54,83.45,82.97,96.87,91.8,96.93,59.72,,87.56,0.453,5.0,1971,2003,0.8
76664,48293,tract,65.42,63.62,33.22,72.4,62.75,90.54,64.29,66.47,50.43,82.34,80.45,81.91,46.92,,89.54,0.686,5.6,1979,2011,1.9
76665,48035,tract,73.99,74.85,26.94,57.37,44.52,77.14,75.28,75.33,37.92,93.83,87.95,99.6,73.99,,96.13,0.594,4.8,1973,2010,1.4
76666,48217,tract,87.78,70.85,25.05,64.82,92.27,97.49,84.67,90.75,50.5,98.8,92.68,95.5,59.73,,92.37,0.616,5.4,1980,2012,4.5
76667,48293,tract,81.61,88.06,18.92,77.9,83.9,98.91,70.25,82.34,64.24,83.8,83.56,92.39,73.04,,91.2,0.715,5.4,1981,2007,1.9
76670,48139,tract,66.94,67.04,51.06,56.61,56.38,88.33,78.5,58.92,49.11,81.39,91.16,84.21,60.51,,91.51,0.749,5.6,1984,2013,35.9
76671,48035,tract,62.29,76.5,26.94,53.41,36.76,70.13,67.02,71.85,33.49,90.28,86.02,99.32,63.57,,95.23,0.764,5.1,1986,2012,1.4
76673,48217,tract,76.92,60.92,23.29,72.56,80.63,97.85,68.31,73.94,36.99,85.32,82.32,87.54,36.18,,90.46,0.824,5.2,1988,2006,4.5
76676,48217,tract,84.22,61.6,26.1,73.01,90.09,99.4,82.56,78.14,32.34,96.65,84.14,95.55,37.99,,90.09,0.552,5.7,1973,2006,4.5
76678,48293,tract,65.28,59.76,17.57,71.78,66.04,95.61,44.79,67.55,44.36,66.61,79.41,74.54,32.7,,90.98,0.833,5.1,1975,2012,1.9
76679,48349,tract,74.02,59.25,23.26,60.86,87.33,88.63,83.46,92.02,60.23,97.14,87.96,89.28,64.48,,93.74,0.883,5.4,2000,2012,28.8
76680,48145,tract,76.54,91.13,28.27,83.0,66.35,87.43,81.22,84.17,83.52,97.29,92.32,97.24,61.09,,88.2,1.0,6.8,1967,,0.8
76681,48349,tract,70.92,53.49,23.26,60.99,86.49,87.41,81.83,90.91,58.14,96.65,86.82,87.85,61.55,,93.53,0.813,5.1,1975,2012,28.8
76682,48145,tract,63.77,82.43,44.77,77.12,55.12,83.79,77.68,68.84,65.9,95.09,85.2,88.6,49.76,,88.96,0.735,6.1,1980,2011,0.8
76685,48145,tract,34.88,48.31,28.27,70.06,46.62,69.91,61.65,65.1,67.25,84.53,82.57,87.3,21.65,,85.92,0.267,7.0,1983,1991,0.8
76686,48293,tract,86.15,83.99,17.57,77.21,83.9,99.45,75.49,84.31,62.49,86.55,85.83,95.32,75.26,,92.83,0.395,5.7,1962,2001,1.9
76687,48293,tract,74.76,43.18,19.49,81.35,81.77,94.23,56.98,77.8,66.73,76.43,87.38,84.72,76.31,,86.01,0.59,5.5,1994,2011,1.9
76689,48035,tract,60.86,59.21,37.25,62.33,40.97,76.63,70.72,58.2,43.04,89.51,79.69,95.26,58.65,,94.38,0.7,5.8,1990,2012,1.4
76690,48035,tract,81.99,55.25,42.54,56.93,60.96,84.24,74.62,78.45,44.39,96.22,89.95,96.46,81.07,,97.24,0.669,5.1,1995,2010,1.4
76691,48309,tract,53.55,53.48,67.17,68.62,43.08,82.54,76.0,49.57,38.96,93.5,77.24,80.82,39.23,,89.84,0.513,5.7,1986,2010,8.6
76692,48217,tract,81.37,70.49,26.1,62.93,88.34,99.05,80.22,82.35,31.35,96.4,86.79,93.76,49.86,,93.59,0.783,5.4,1987,2013,4.5
76693,48161,tract,72.59,74.08,23.62,69.22,84.96,94.43,69.48,82.23,59.6,89.84,74.79,88.79,54.42,,91.3,0.658,5.7,1981,2008,0.6
76701,48309,tract,45.99,80.92,70.43,65.83,33.26,70.71,64.32,46.85,42.35,90.07,76.53,65.29,49.67,,6.75,0.81,3.6,1977,2014,8.6
76704,48309,tract,54.53,82.39,70.43,60.23,39.39,80.83,77.51,39.66,33.87,91.85,70.13,80.69,52.75,,65.78,0.736,4.9,1972,2006,8.6
76705,48309,tract,57.27,59.61,70.43,67.97,43.06,83.16,79.16,47.9,39.5,94.06,75.67,82.74,47.11,,90.09,0.749,5.2,1984,2011,8.6
76706,48309,tract,42.92,35.03,68.62,63.22,37.26,78.92,74.49,38.37,34.22,90.32,70.16,78.08,32.31,,84.22,0.771,5.0,1989,2012,8.6
76707,48309,tract,37.62,77.52,70.43,55.5,37.86,81.13,78.0,32.99,27.6,91.57,64.16,79.13,14.96,,26.13,0.431,5.3,1956,2008,8.6
76708,48309,tract,52.2,39.0,70.43,60.97,37.99,78.32,74.46,39.1,33.05,89.68,69.57,77.57,46.31,,85.88,0.611,5.5,1974,2012,8.6
76710,48309,tract,63.76,69.27,70.43,65.22,50.2,88.24,86.32,50.67,41.2,97.26,77.15,89.66,45.5,,48.56,0.585,5.2,1969,2012,8.6
76711,48309,tract,82.07,87.69,70.43,70.61,62.67,94.15,92.5,62.1,48.76,99.32,82.92,95.99,64.27,,58.37,0.569,4.9,1963,2005,8.6
76712,48309,tract,59.23,37.41,70.43,65.15,42.85,82.95,79.89,46.63,39.91,94.31,75.11,83.07,55.28,,84.26,0.783,6.2,1991,2012,8.6
76798,48309,tract,58.07,22.09,70.43,63.65,36.28,76.89,72.78,44.33,39.28,92.29,74.98,75.68,66.99,,0.0,,-666666666,,,8.6
76801,48049,tract,64.61,64.87,49.38,43.57,3.37,73.22,50.79,84.88,84.85,70.18,90.1,53.59,73.49,,93.72,0.653,5.2,1975,2011,11.3
76802,48049,tract,51.63,56.26,50.34,44.5,2.33,77.92,57.2,86.57,88.21,72.68,90.42,58.2,55.37,,94.02,0.783,5.9,1982,2012,11.3
76820,48319,tract,82.4,89.98,37.37,57.87,4.37,44.89,48.47,77.22,88.22,64.17,95.2,98.14,83.58,,95.63,0.5,5.3,1970,2005,3.5
76821,48399,tract,80.94,69.24,39.62,48.47,20.93,90.06,67.18,98.6,90.55,84.15,97.8,86.07,72.28,,92.92,0.313,5.8,1957,2009,1.8
76823,48049,tract,51.28,74.52,48.32,42.7,3.59,73.5,54.28,88.26,86.44,72.33,89.82,57.68,44.4,,95.45,0.665,5.7,1977,2011,11.3
76824,48411,tract,81.23,60.57,22.69,56.54,10.16,73.17,52.87,84.18,90.27,73.29,95.98,89.06,79.85,,96.09,,-666666666,,,0.0
76825,48307,tract,44.54,78.56,29.47,45.42,4.1,39.31,42.94,66.98,77.12,58.48,87.96,84.1,30.19,,93.29,0.616,5.1,1970,2011,0.4
76827,48049,tract,54.43,45.99,49.22,43.54,2.88,76.16,56.48,87.09,87.86,71.6,89.99,58.66,55.62,,95.06,0.416,5.8,1973,1993,11.3
76828,48083,tract,65.38,91.91,34.19,49.84,19.08,51.7,42.82,97.89,79.5,69.77,96.51,66.2,64.68,,95.79,0.235,5.4,2001,2008,1.6
76831,48299,tract,88.27,87.98,21.04,54.42,14.33,74.54,66.91,79.11,90.86,78.7,92.93,93.73,96.31,,94.44,,-666666666,,,14.7
76832,48411,tract,81.23,60.57,22.69,56.54,10.16,73.17,52.87,84.18,90.27,73.29,95.98,89.06,79.85,,96.09,0.698,4.6,1984,2012,0.0
76834,48083,tract,69.25,90.38,34.19,50.49,17.87,55.7,48.63,98.27,82.39,72.66,96.86,71.15,64.69,,95.51,0.448,5.3,1963,2011,1.6
76836,48307,tract,72.56,84.15,20.29,49.49,7.09,45.44,47.72,77.44,80.93,65.63,93.67,87.08,33.61,,94.47,1.0,1.3,2021,,0.4
76837,48095,tract,85.75,73.22,6.18,53.47,12.12,50.33,59.6,92.08,88.77,76.69,97.69,94.85,56.14,,94.79,0.502,5.1,1968,2006,0.0
76841,48413,tract,82.52,70.62,1.23,54.07,3.89,57.3,39.6,87.78,87.08,62.55,97.34,97.56,51.19,,96.74,0.176,5.6,1985,,1.0
76842,48319,tract,81.92,78.02,31.41,57.33,6.72,56.39,50.26,80.05,89.06,67.88,95.52,94.45,82.07,,95.82,0.974,4.9,1981,2014,3.5
76844,48333,tract,56.61,82.69,29.08,51.48,12.47,70.55,54.84,84.17,84.32,78.64,92.93,83.36,59.08,,95.44,0.486,5.5,1975,2011,
76845,48083,tract,79.5,88.01,34.19,52.46,12.66,65.92,61.5,99.2,89.13,78.53,97.67,82.47,61.85,,96.26,0.651,6.5,1985,2010,1.6
76848,48327,tract,80.33,73.72,0.78,58.59,3.26,57.36,44.55,83.77,87.71,68.7,93.9,99.0,90.3,,94.2,0.781,5.0,1948,,
76849,48267,tract,96.31,71.7,20.93,67.17,2.41,56.15,47.1,79.69,91.38,73.7,95.38,99.81,99.32,,96.47,0.713,5.4,1979,2010,0.3
76852,48307,tract,64.18,91.1,29.25,46.97,3.9,42.33,40.17,68.14,75.96,58.61,91.11,82.14,19.3,,94.26,0.559,5.1,1981,2009,0.4
76853,48281,tract,69.06,91.24,24.3,51.71,23.72,59.52,45.23,81.57,87.17,85.73,95.14,91.98,75.27,,96.27,0.609,5.8,1978,2010,2.9
76854,48267,tract,94.15,71.65,17.94,66.23,2.51,56.12,46.25,80.23,90.75,72.81,95.36,99.75,98.06,,96.2,0.744,5.0,1985,2015,0.3
76856,48319,tract,82.31,89.95,37.37,57.83,4.35,44.83,48.5,77.19,88.22,64.14,95.12,98.14,83.62,,95.58,0.631,5.1,1979,2008,3.5
76857,48049,tract,61.09,49.52,48.8,48.51,6.42,71.03,40.39,82.96,79.64,65.53,89.79,44.26,77.99,,92.96,0.491,4.5,1989,2012,11.3
76858,48095,tract,78.49,79.24,13.95,51.28,9.35,47.64,53.06,84.02,84.46,70.6,95.47,90.57,43.73,,94.61,0.512,5.2,1956,2010,0.0
76859,48327,tract,82.64,73.38,3.65,59.86,3.14,57.15,44.83,83.18,88.22,69.39,94.14,99.12,91.6,,94.54,0.695,4.7,1974,2004,
76861,48451,tract,75.64,37.25,57.01,48.09,14.1,74.77,62.99,78.89,88.24,62.36,96.17,78.38,58.8,,93.07,0.686,5.6,1970,2011,5.8
76862,48095,tract,85.75,73.22,6.18,53.47,12.12,50.33,59.6,92.08,88.77,76.69,97.69,94.85,56.14,,94.79,0.571,4.5,1997,2014,0.0
76864,48333,tract,58.17,83.91,29.18,52.27,7.48,68.27,49.11,81.59,81.69,74.23,93.02,78.57,63.4,,96.21,0.56,5.3,1981,2011,
76865,48399,tract,72.76,68.04,39.62,47.39,22.55,85.77,48.9,98.47,81.61,77.42,97.61,71.47,45.44,,94.14,0.5,5.2,1979,2003,1.8
76866,48095,tract,85.75,73.22,6.18,53.47,12.12,50.33,59.6,92.08,88.77,76.69,97.69,94.85,56.14,,94.79,0.617,5.1,1980,2005,0.0
76869,48299,tract,83.15,78.15,27.94,56.55,9.07,63.15,55.04,80.57,89.85,71.34,95.03,93.91,84.91,,95.57,,-666666666,,,14.7
76870,48333,tract,58.58,83.96,29.18,52.45,6.82,67.93,48.06,81.14,81.23,73.56,93.05,77.78,64.26,,96.36,0.28,5.9,1975,1995,
76871,48411,tract,79.67,63.37,23.29,55.66,9.58,70.35,51.71,82.71,88.96,71.94,95.54,88.43,74.31,,95.92,0.707,4.9,1977,2009,0.0
76872,48307,tract,67.29,84.53,27.89,48.91,5.19,48.65,42.84,71.42,78.93,61.63,92.05,83.6,32.0,,94.62,0.487,5.7,1983,2010,0.4
76873,48083,tract,79.5,88.01,34.19,52.46,12.66,65.92,61.5,99.2,89.13,78.53,97.67,82.47,61.85,,96.26,0.568,4.4,1952,2014,1.6
76874,48267,tract,93.91,77.14,12.56,61.69,3.7,59.69,49.84,81.05,91.92,69.02,94.51,99.63,97.91,,97.4,,-666666666,,,0.3
76875,48399,tract,61.59,53.16,27.13,47.5,8.37,67.55,47.68,94.12,82.31,67.0,95.6,76.23,29.96,,91.23,0.241,5.7,1945,1993,1.8
76877,48411,tract,80.56,60.87,22.69,56.42,10.1,73.05,52.83,84.05,90.22,73.14,95.79,89.03,79.55,,95.93,0.555,5.0,1980,2007,0.0
76878,48083,tract,77.84,88.47,34.19,52.15,13.42,64.25,59.3,99.05,88.0,77.5,97.54,80.56,62.19,,96.21,0.409,5.3,1976,2011,1.6
76880,48333,tract,58.58,83.96,29.18,52.45,6.82,67.93,48.06,81.14,81.23,73.56,93.05,77.78,64.26,,96.36,,-666666666,,,
76882,48399,tract,84.26,81.32,37.18,50.8,19.28,80.57,67.01,99.3,90.95,84.24,98.19,86.31,73.59,,95.01,0.618,5.2,1976,2014,1.8
76884,48083,tract,79.5,88.01,34.19,52.46,12.66,65.92,61.5,99.2,89.13,78.53,97.67,82.47,61.85,,96.26,0.345,5.8,1941,2012,1.6
76885,48299,tract,87.73,88.51,21.04,54.35,15.14,76.69,69.87,80.01,91.86,80.1,93.12,95.14,95.88,,94.58,1.0,5.9,1980,2014,14.7
76887,48307,tract,29.84,70.69,29.25,43.74,3.77,36.52,42.91,64.91,76.6,57.11,85.49,84.06,32.12,,92.75,0.771,4.7,1993,1998,0.4
76888,48083,tract,79.5,88.01,34.19,52.46,12.66,65.92,61.5,99.2,89.13,78.53,97.67,82.47,61.85,,96.26,0.873,5.2,1983,2011,1.6
76890,48049,tract,49.98,66.6,45.41,45.9,3.74,74.26,52.36,83.97,85.43,69.98,89.57,59.42,55.41,,94.38,0.775,5.3,1987,2010,11.3
76901,48451,tract,72.64,78.34,53.24,41.06,18.92,60.55,71.93,70.41,91.17,61.67,94.54,82.61,64.61,,97.56,0.613,5.4,1975,2011,5.8
76902,48451,tract,80.38,80.17,68.61,42.77,24.67,68.17,83.71,63.77,96.27,66.03,95.57,92.17,78.28,,98.63,,-666666666,,,5.8
76903,48451,tract,36.11,60.65,68.61,37.97,17.91,57.28,73.93,52.54,92.49,59.32,91.77,82.52,45.1,,75.46,0.621,4.9,1968,2007,5.8
76904,48451,tract,83.76,44.63,64.22,47.15,18.34,66.19,74.92,64.89,93.02,61.04,95.44,84.56,77.73,,95.76,0.657,5.4,1985,2013,5.8
76905,48451,tract,90.38,35.66,68.61,49.83,19.39,71.79,77.95,66.69,94.73,62.77,96.95,87.17,85.73,,94.54,0.78,5.2,1986,2007,5.8
76908,48451,tract,1.05,9.21,68.61,29.01,3.64,29.27,31.71,23.52,68.77,36.39,77.71,42.55,1.07,,75.01,,-666666666,,,5.8
76909,48451,tract,55.64,66.42,68.61,43.89,28.22,69.25,85.73,71.87,96.91,75.1,97.21,93.6,58.91,,63.88,,-666666666,,,5.8
76930,48235,tract,77.24,67.92,13.19,43.68,4.46,45.94,44.92,82.5,83.66,53.71,89.38,72.86,69.14,,98.01,0.568,5.5,1965,2004,0.0
76932,48383,tract,90.33,62.58,5.29,46.89,4.9,54.32,50.14,85.58,91.4,62.11,91.35,87.36,71.93,,95.21,0.599,5.4,1982,2006,3.2
76933,48081,tract,53.72,67.52,28.53,42.07,13.6,58.53,45.41,94.42,79.81,68.31,94.65,66.36,32.91,,95.32,0.631,5.3,1972,2008,1.3
76934,48451,tract,80.38,80.17,68.61,42.77,24.67,68.17,83.71,63.77,96.27,66.03,95.57,92.17,78.28,,98.63,0.686,5.6,1986,2011,5.8
76935,48413,tract,79.89,64.35,34.0,48.03,11.31,58.8,56.75,71.5,90.41,58.94,95.94,91.75,50.18,,98.22,0.822,5.3,1997,2013,1.0
76936,48413,tract,83.33,69.16,1.15,51.75,4.2,57.29,37.18,89.77,86.73,59.52,98.97,96.86,32.2,,97.94,0.569,5.6,1976,2009,1.0
76937,48451,tract,92.87,42.19,56.36,51.37,17.97,68.34,74.33,72.67,93.59,65.78,97.45,88.71,82.09,,95.53,0.0,7.0,2013,2014,5.8
76939,48451,tract,76.51,60.1,68.61,44.16,18.66,60.25,77.23,51.97,94.24,58.13,92.67,86.25,68.75,,98.62,,-666666666,,,5.8
76940,48451,tract,94.61,34.62,68.61,50.86,19.4,72.73,77.92,67.94,94.76,63.12,97.39,87.21,88.42,,95.71,1.0,-666666666,,,5.8
76941,48235,tract,64.04,78.24,13.2,38.0,6.5,44.13,43.86,93.91,78.76,54.33,93.7,60.12,40.63,,98.31,0.739,5.2,1981,2008,0.0
76943,48105,tract,92.16,65.65,11.23,52.47,2.49,46.09,46.58,65.26,89.24,52.97,87.61,82.6,98.31,,97.87,0.444,4.9,1978,2011,
76945,48081,tract,50.52,63.29,25.48,40.04,13.22,48.35,49.53,92.2,81.55,68.38,93.72,68.54,26.57,,97.46,0.624,5.1,1974,2011,1.3
76950,48435,tract,90.58,85.45,1.92,56.42,4.81,61.93,50.27,78.66,92.41,62.21,93.44,96.6,96.19,,98.31,0.603,5.4,1972,2008,0.0
76951,48431,tract,59.92,55.5,14.8,36.41,4.41,52.02,36.74,88.87,76.72,59.51,90.33,58.05,12.5,,96.48,0.571,5.5,1983,2008,
76953,48081,tract,52.01,73.18,23.72,40.65,13.0,48.99,48.12,93.35,80.9,68.71,94.09,67.46,37.69,,96.73,0.467,3.3,1973,2011,1.3
76955,48451,tract,92.32,44.6,52.48,51.53,17.52,66.94,73.19,74.18,93.21,66.63,97.47,89.18,80.08,,95.47,0.684,5.1,1947,,5.8
76957,48451,tract,94.61,34.62,68.61,50.86,19.4,72.73,77.92,67.94,94.76,63.12,97.39,87.21,88.42,,95.71,1.0,-666666666,,,5.8
76958,48451,tract,80.38,80.17,68.61,42.77,24.67,68.17,83.71,63.77,96.27,66.03,95.57,92.17,78.28,,98.63,0.701,6.5,1991,2014,5.8
77002,48201,tract,77.83,27.12,16.23,92.66,61.58,64.43,63.72,41.59,22.27,90.62,37.02,38.93,78.22,69.79,0.83,0.796,2.5,2010,2017,11.1
77003,48201,tract,70.84,57.71,16.23,90.39,49.62,63.16,63.07,29.67,19.76,86.76,28.98,32.74,76.94,49.98,10.87,0.554,3.8,2007,2015,11.1
77004,48201,tract,69.34,76.11,16.23,88.57,44.76,63.93,63.51,29.84,20.11,86.11,26.7,37.57,77.73,37.37,12.6,0.616,4.3,1981,2013,11.1
77005,48201,tract,79.55,18.94,16.23,90.08,48.4,61.94,61.45,28.87,19.55,85.24,28.3,34.76,87.99,0.22,6.36,0.463,7.3,1994,2011,11.1
77006,48201,tract,41.37,25.42,16.23,84.05,27.92,48.85,44.37,18.55,17.07,71.57,18.45,20.51,55.44,0.0,6.26,0.69,3.6,1998,2014,11.1
77007,48201,tract,61.76,18.44,16.23,87.54,39.69,56.51,54.57,24.34,18.43,79.92,24.23,28.46,74.4,65.77,19.34,0.553,4.1,2009,2016,11.1
77008,48201,tract,69.53,25.53,16.23,88.99,44.85,59.82,58.84,27.06,19.07,83.17,26.73,31.35,80.64,14.05,13.32,0.446,5.1,2002,2015,11.1
77009,48201,tract,67.51,48.11,16.23,87.61,40.86,67.47,68.02,27.95,20.09,87.28,23.94,38.73,76.88,42.22,8.86,0.452,4.9,1955,2012,11.1
77010,48201,tract,92.96,23.65,16.23,97.38,79.67,75.02,77.2,54.51,25.36,97.79,47.99,49.57,88.6,87.27,0.0,1.0,3.4,2006,,11.1
77011,48201,tract,73.91,86.31,16.23,90.67,51.67,74.39,76.64,34.09,21.65,94.08,29.25,43.65,73.8,82.53,16.03,0.467,4.5,1949,2004,11.1
77012,48201,tract,58.38,85.62,16.23,88.31,42.85,63.65,63.12,27.42,19.66,85.25,25.12,36.98,58.8,83.51,16.31,0.587,4.1,1961,2000,11.1
77013,48201,tract,83.43,83.0,16.23,92.16,57.55,71.49,72.86,37.19,21.95,92.96,32.64,43.94,88.16,85.89,51.86,0.833,4.5,1975,2002,11.1
77014,48201,tract,69.37,64.66,16.23,87.94,43.16,77.21,79.45,32.29,21.98,94.16,24.25,49.46,68.42,0.0,33.91,0.544,5.0,1997,2010,11.1
77015,48201,tract,82.17,81.74,16.23,92.96,63.16,77.96,80.16,45.57,24.72,95.34,37.99,51.51,82.89,87.0,44.21,0.778,4.9,1979,2006,11.1
77016,48201,tract,64.02,84.64,16.23,87.22,40.52,73.92,75.62,29.91,21.2,91.63,23.14,45.74,64.87,26.39,34.13,0.603,5.5,1965,2001,11.1
77017,48201,tract,56.15,72.85,16.23,87.38,37.88,66.78,67.37,24.84,19.7,86.36,21.82,39.05,56.43,82.12,28.64,0.576,4.9,1964,2004,11.1
77018,48201,tract,74.6,42.78,16.23,89.24,46.17,64.79,65.17,28.82,19.77,86.97,27.15,35.64,85.41,0.0,23.59,0.355,5.7,1967,2013,11.1
77019,48201,tract,70.76,29.9,16.23,88.59,43.06,54.16,51.11,25.25,18.49,78.89,25.93,25.23,81.35,45.98,21.34,0.633,3.8,2003,2014,11.1
77020,48201,tract,72.52,73.0,16.23,91.24,54.71,69.73,71.19,35.67,21.39,92.31,31.75,41.22,71.28,46.91,13.89,0.507,4.6,1959,2004,11.1
77021,48201,tract,68.31,76.29,16.23,87.43,38.93,65.85,66.22,25.7,19.61,86.05,22.82,38.18,79.41,26.3,17.69,0.61,4.8,1967,2006,11.1
77022,48201,tract,64.36,79.28,16.23,87.28,40.27,70.22,71.67,28.1,20.28,89.71,23.49,40.78,69.0,0.0,27.95,0.553,4.7,1967,2001,11.1
77023,48201,tract,72.1,66.86,16.23,88.53,43.94,71.2,72.9,29.36,20.57,91.34,25.28,43.27,79.24,61.64,24.59,0.532,4.5,1956,2004,11.1
77024,48201,tract,76.85,19.67,16.23,91.13,51.46,60.41,59.48,33.38,19.75,85.84,31.86,32.65,85.07,27.18,33.09,0.542,5.6,1981,2012,11.1
77025,48201,tract,75.28,31.74,16.23,87.13,35.93,58.63,57.39,21.74,18.39,79.18,21.32,30.93,88.29,35.36,15.36,0.606,4.1,1990,2012,11.1
77026,48201,tract,60.79,87.06,16.23,87.9,42.32,67.23,68.02,28.46,20.0,87.79,24.65,38.02,63.87,22.24,20.26,0.567,4.8,1957,2005,11.1
77027,48201,tract,58.86,18.98,16.23,87.6,39.44,52.14,48.98,22.69,17.77,76.95,24.15,24.93,68.87,11.24,10.17,0.696,3.7,2004,2014,11.1
77028,48201,tract,81.91,86.49,16.23,90.75,52.69,79.42,81.94,37.04,22.9,96.27,29.22,52.15,84.94,52.62,38.27,0.578,5.2,1962,2001,11.1
77029,48201,tract,78.74,81.57,16.23,92.22,58.51,69.77,71.12,38.06,21.82,92.8,34.12,42.06,80.71,67.56,30.55,0.518,5.0,1957,2005,11.1
77030,48201,tract,80.0,35.87,16.23,91.4,54.72,53.83,50.66,33.61,19.87,83.49,33.27,29.76,89.69,56.28,28.07,0.629,3.7,1995,2011,11.1
77031,48201,tract,75.66,72.21,16.6,86.73,34.78,65.32,65.76,24.56,19.66,83.35,21.71,37.86,89.61,0.0,27.75,0.593,4.7,1977,2005,11.1
77032,48201,tract,70.48,59.43,16.23,94.26,64.49,43.8,36.81,36.26,20.02,78.74,37.55,24.77,64.22,0.0,49.43,0.738,4.6,1988,2008,11.1
77033,48201,tract,70.01,87.24,16.23,88.13,38.92,76.61,78.92,27.1,21.63,91.92,20.59,49.85,74.29,33.0,26.88,0.533,5.4,1959,2003,11.1
77034,48201,tract,45.79,40.04,16.23,85.88,31.84,56.39,53.69,20.81,18.57,70.64,18.01,30.27,45.48,68.38,31.38,0.538,4.9,1976,2007,11.1
77035,48201,tract,80.21,59.9,16.23,88.11,37.94,69.57,70.56,25.2,20.4,86.22,21.3,42.37,90.69,0.0,24.98,0.69,4.7,1974,2008,11.1
77036,48201,tract,74.99,90.71,16.23,88.38,43.23,73.55,75.35,34.32,21.4,92.51,26.81,46.68,79.31,0.0,15.02,0.852,3.1,1977,2007,11.1
77037,48201,tract,82.56,80.16,16.23,90.89,52.56,75.94,78.35,35.08,22.01,94.9,29.52,47.38,87.92,0.0,35.78,0.446,5.9,1970,2007,11.1
77038,48201,tract,84.83,75.34,16.23,92.87,60.52,81.21,83.71,42.09,24.06,97.51,33.55,55.41,83.06,0.0,60.39,0.512,5.4,1988,2010,11.1
77039,48201,tract,86.39,90.69,16.23,91.57,55.68,79.59,82.03,39.0,23.37,96.64,30.97,53.13,90.15,0.0,43.97,0.495,5.5,1974,2003,11.1
77040,48201,tract,84.58,60.95,16.23,91.22,52.96,71.4,72.65,39.19,21.75,92.94,32.85,43.79,90.79,0.0,34.76,0.566,5.1,1987,2009,11.1
77041,48201,tract,93.06,54.4,16.23,96.47,74.74,78.11,80.19,56.94,25.67,97.84,47.31,53.78,91.72,0.0,48.47,0.5,6.0,1996,2008,11.1
77042,48201,tract,60.16,64.76,16.23,87.9,40.39,64.17,64.36,29.8,19.47,86.2,26.52,35.0,63.98,0.0,29.82,0.781,3.8,1985,2013,11.1
77043,48201,tract,79.3,60.03,16.23,93.69,62.06,72.9,74.94,44.82,22.6,95.02,38.59,45.04,73.48,0.0,53.55,0.587,5.1,1978,2010,11.1
77044,48201,tract,71.05,37.99,16.23,91.05,52.72,73.95,75.12,35.43,22.26,92.22,30.03,47.46,67.23,39.26,70.26,0.486,6.3,2009,2014,11.1
77045,48201,tract,84.07,75.3,16.23,92.49,54.08,81.19,83.55,35.05,23.91,95.45,28.39,57.28,86.76,4.97,47.74,0.573,5.6,1979,2003,11.1
77046,48201,tract,45.19,13.01,16.23,88.56,42.26,46.86,41.85,22.96,17.51,73.9,25.68,22.24,46.16,0.0,17.87,0.692,4.0,1990,2013,11.1
77047,48201,tract,80.92,42.96,16.23,92.42,52.99,79.57,82.07,33.12,23.14,95.03,28.14,54.19,79.59,29.4,57.77,0.428,5.7,2005,2013,11.1
77048,48201,tract,76.46,57.38,16.23,90.04,43.32,74.55,76.96,26.68,21.18,91.59,23.72,46.7,83.08,32.07,58.98,0.492,5.3,1989,2011,11.1
77049,48201,tract,75.2,48.82,16.23,91.53,54.68,75.24,77.63,35.67,22.22,93.89,30.84,45.86,72.0,85.15,57.33,0.653,5.5,2002,2012,11.1
77050,48201,tract,77.27,77.93,16.23,88.94,45.79,76.66,79.24,32.11,21.73,94.87,25.91,48.0,82.45,72.72,73.92,0.556,5.1,1972,2008,11.1
77051,48201,tract,84.75,60.49,16.23,92.47,53.21,77.21,79.64,32.61,22.66,94.26,28.48,51.14,88.38,50.92,39.47,0.673,5.0,2000,2012,11.1
77053,48157,tract,83.25,63.82,45.61,91.61,70.02,78.06,87.0,53.77,26.24,94.55,40.26,85.84,85.45,0.0,57.61,0.587,5.8,1979,2004,35.7
77054,48201,tract,75.44,25.2,16.23,90.82,48.67,61.94,60.98,28.2,20.14,83.26,27.52,35.99,85.73,42.51,23.45,0.875,3.3,1991,2017,11.1
77055,48201,tract,69.19,56.06,16.23,89.82,47.4,65.14,65.48,31.3,19.98,88.07,28.68,36.3,72.16,0.96,18.08,0.572,4.9,1977,2012,11.1
77056,48201,tract,71.24,24.5,16.23,90.07,48.37,54.16,51.53,27.39,18.64,80.68,28.5,27.39,79.84,16.38,4.48,0.74,3.7,1999,2012,11.1
77057,48201,tract,59.49,55.29,16.23,87.65,40.38,59.93,58.91,26.4,18.9,82.77,24.95,31.77,65.32,15.04,10.99,0.783,3.7,1979,2013,11.1
77058,48201,tract,48.58,48.58,16.23,88.64,37.52,60.27,60.2,20.91,18.76,77.44,21.56,28.69,45.06,87.5,57.8,0.725,3.9,1984,2011,11.1
77059,48201,tract,88.8,14.89,16.23,93.66,56.53,75.09,77.69,31.81,22.5,91.86,30.26,44.08,93.65,85.44,67.8,0.183,7.9,1993,2010,11.1
77060,48201,tract,71.3,86.96,16.23,88.41,44.29,71.31,72.64,30.45,20.86,91.0,25.19,42.76,76.55,0.0,31.88,0.787,4.1,1982,2004,11.1
77061,48201,tract,51.51,64.38,16.23,88.17,36.16,52.09,48.34,20.55,18.32,71.97,20.85,27.74,56.84,35.85,23.38,0.637,4.2,1970,2006,11.1
77062,48201,tract,67.96,33.92,16.23,89.22,40.34,67.06,68.28,23.66,20.06,83.29,22.47,35.42,75.36,69.52,21.87,0.371,6.7,1980,2006,11.1
77063,48201,tract,52.41,50.35,16.23,86.56,36.07,61.55,60.98,27.12,18.92,83.76,24.31,33.62,55.4,1.86,13.94,0.807,3.5,1980,2012,11.1
77064,48201,tract,71.86,42.62,16.23,90.11,48.22,67.85,68.81,34.82,20.54,90.47,30.54,39.04,75.97,0.0,46.21,0.488,5.8,1992,2008,11.1
77065,48201,tract,55.84,46.03,16.23,86.9,37.19,65.49,66.07,28.49,19.4,86.78,24.73,35.84,58.32,0.0,31.85,0.594,5.0,1993,2007,11.1
77066,48201,tract,72.47,46.74,16.23,89.84,48.66,69.25,70.61,35.42,20.88,91.08,30.27,40.27,77.92,0.0,45.28,0.387,6.2,1986,2008,11.1
77067,48201,tract,71.47,81.53,16.23,88.72,46.51,75.53,77.21,34.06,22.13,92.82,26.16,48.42,74.29,0.0,35.98,0.755,5.0,1986,2003,11.1
77068,48201,tract,89.55,70.16,16.23,92.87,59.47,79.42,82.01,41.37,23.33,97.02,33.72,52.28,92.39,0.0,48.1,0.523,6.5,1987,2012,11.1
77069,48201,tract,77.96,41.57,16.23,89.77,46.96,69.94,71.54,34.45,20.65,91.44,29.71,40.56,85.37,0.0,40.34,0.569,6.1,1987,2013,11.1
77070,48201,tract,77.94,57.49,16.23,90.95,51.93,75.09,76.74,40.13,22.46,93.42,32.14,48.18,80.79,0.0,38.91,0.569,5.1,1997,2012,11.1
77071,48201,tract,82.72,55.42,16.23,87.78,38.64,73.2,75.12,27.76,20.92,89.68,23.01,45.67,92.42,0.0,33.08,0.625,5.2,1978,2006,11.1
77072,48201,tract,82.95,83.99,16.23,87.88,41.5,74.55,76.48,33.85,21.42,92.97,25.76,47.7,91.66,0.0,31.6,0.73,4.8,1979,2006,11.1
77073,48201,tract,78.82,39.11,16.23,93.07,62.19,78.45,80.72,43.38,23.97,96.32,35.86,52.33,68.58,0.0,57.7,0.502,5.8,2003,2011,11.1
77074,48201,tract,80.46,89.64,16.23,88.93,44.32,75.61,77.48,34.07,21.98,92.24,26.64,49.52,87.44,0.0,22.26,0.769,3.9,1973,2008,11.1
77075,48201,tract,75.2,60.88,16.23,90.23,44.76,72.27,74.0,27.34,21.07,89.82,24.23,44.89,80.63,29.21,38.42,0.502,5.2,1993,2007,11.1
77076,48201,tract,74.8,79.68,16.23,88.55,45.12,78.55,80.93,33.24,22.27,95.24,25.17,50.95,76.56,0.0,29.53,0.501,5.1,1965,2001,11.1
77077,48201,tract,46.61,39.73,16.23,87.32,37.41,49.43,43.91,25.3,18.03,74.63,26.03,23.9,51.2,0.0,26.12,0.675,4.2,1990,2011,11.1
77078,48201,tract,86.9,87.41,16.23,92.92,60.77,83.77,86.22,43.37,24.83,98.18,33.28,59.37,86.0,81.86,71.36,0.568,5.4,1971,2003,11.1
77079,48201,tract,71.39,31.6,16.23,90.33,48.74,65.45,65.71,34.76,20.38,88.56,31.1,36.91,73.1,0.0,35.46,0.598,4.9,1980,2012,11.1
77080,48201,tract,61.27,73.76,16.23,86.88,38.21,70.94,72.32,31.84,20.6,90.1,24.79,42.02,60.46,0.0,19.99,0.568,4.8,1975,2010,11.1
77081,48201,tract,66.35,76.92,16.23,87.69,42.03,69.73,70.96,29.36,20.51,89.55,24.61,42.21,69.98,0.0,7.54,0.884,2.9,1978,2008,11.1
77082,48201,tract,61.78,52.78,16.32,88.2,41.76,62.34,60.31,31.42,20.14,83.76,27.55,36.53,65.85,0.0,27.43,0.645,4.4,1993,2010,11.1
77083,48201,tract,73.57,53.92,33.33,86.37,50.72,70.24,76.95,40.53,20.89,90.48,30.92,60.13,82.33,0.0,26.74,0.494,5.8,1988,2006,11.1
77084,48201,tract,66.67,55.5,16.23,89.7,48.0,72.62,74.2,37.38,21.7,92.25,30.36,43.75,62.05,0.0,52.07,0.53,5.5,1996,2011,11.1
77085,48201,tract,82.83,83.66,17.53,91.94,53.07,82.0,84.84,35.5,23.84,96.29,28.22,59.44,83.64,0.0,35.99,0.486,5.7,1999,2006,11.1
77086,48201,tract,68.91,73.66,16.23,89.24,46.55,76.37,78.5,34.99,21.95,94.13,27.4,48.39,62.05,0.0,42.86,0.728,5.2,1983,2006,11.1
77087,48201,tract,65.7,82.28,16.23,90.24,47.15,73.62,75.07,30.72,21.71,91.06,25.94,47.7,57.42,41.69,19.13,0.527,4.8,1964,2002,11.1
77088,48201,tract,72.92,66.55,16.23,87.65,41.91,75.7,77.93,30.83,21.45,93.6,23.83,47.11,75.77,0.0,32.12,0.493,5.5,1978,2005,11.1
77089,48201,tract,80.36,48.87,16.23,90.64,46.28,75.45,77.56,29.05,21.88,91.63,24.95,47.99,85.87,86.11,37.94,0.451,5.8,1987,2011,11.1
77090,48201,tract,63.5,78.47,16.23,88.99,45.7,71.48,73.03,30.48,20.84,91.48,26.12,42.64,58.34,0.0,38.51,0.748,4.1,1985,2013,11.1
77091,48201,tract,77.51,88.03,16.23,89.3,47.12,75.03,77.02,32.84,21.71,93.38,26.6,46.98,83.36,0.0,37.02,0.667,4.8,1987,2007,11.1
77092,48201,tract,80.31,73.5,16.23,91.01,53.78,69.39,70.23,36.65,21.61,90.24,32.04,41.89,88.51,0.0,25.31,0.627,4.6,1976,2011,11.1
77093,48201,tract,67.51,68.27,16.23,87.11,39.55,71.25,73.0,27.64,20.3,90.83,23.01,41.52,73.69,0.0,28.88,0.521,5.2,1967,2002,11.1
77094,48201,tract,50.39,14.92,16.23,88.3,40.75,56.09,53.64,27.69,18.59,80.37,27.28,27.98,50.82,0.0,35.53,0.384,7.8,1997,2006,11.1
77095,48201,tract,56.04,18.5,16.23,88.05,40.99,67.06,67.91,30.79,19.91,88.39,26.63,36.48,51.39,0.0,35.02,0.4,6.7,1997,2010,11.1
77096,48201,tract,79.09,43.38,16.23,87.32,34.59,58.47,56.97,21.19,18.48,77.77,20.41,31.26,90.54,0.0,18.4,0.594,5.1,1970,2010,11.1
77098,48201,tract,47.97,28.36,16.23,85.41,32.35,51.05,47.41,20.35,17.46,74.19,20.64,24.7,61.88,0.0,10.68,0.743,3.8,1997,2013,11.1
77099,48201,tract,80.15,79.82,18.32,87.44,39.86,73.69,76.34,29.61,21.17,90.52,23.55,48.38,90.47,0.0,20.78,0.816,4.3,1983,2006,11.1
77204,48201,tract,91.16,29.94,16.23,95.84,73.01,64.2,63.57,47.16,23.01,94.32,43.18,41.05,92.16,12.15,4.67,,-666666666,,,11.1
77301,48339,tract,55.17,57.42,26.36,78.44,69.5,78.42,63.16,54.14,46.05,91.88,60.71,92.82,50.63,,58.94,0.55,5.2,1997,2014,47.8
77302,48339,tract,51.72,43.22,26.36,76.3,69.0,79.13,63.77,52.9,40.9,92.49,58.52,94.65,46.23,,74.43,0.585,5.9,2001,2013,47.8
77303,48339,tract,63.61,65.52,26.36,79.97,74.95,83.29,70.27,60.58,48.91,94.93,64.56,95.77,56.63,,81.53,0.782,5.5,2003,2011,47.8
77304,48339,tract,39.76,32.64,26.36,75.8,71.51,71.78,53.57,49.13,44.38,85.2,57.57,87.91,34.72,,70.23,0.538,5.4,2010,2015,47.8
77306,48339,tract,65.42,48.39,26.36,78.69,74.37,83.35,70.34,59.76,46.41,94.87,63.16,96.04,62.69,,78.33,0.881,4.7,1999,2012,47.8
77316,48339,tract,42.24,42.32,26.19,77.18,74.98,72.76,54.17,51.22,43.84,85.46,58.61,87.81,37.21,,82.48,0.402,6.7,2012,2015,47.8
77318,48339,tract,24.66,46.05,26.36,71.72,64.51,61.13,39.27,38.8,36.07,75.32,50.73,77.49,24.23,,81.61,0.522,6.1,2001,2014,47.8
77320,48471,tract,73.27,59.77,19.93,82.03,83.73,88.52,75.39,64.96,53.67,94.97,60.87,94.51,63.04,,90.05,0.728,5.2,1987,2011,21.8
77326,48373,tract,81.79,76.87,14.21,88.77,86.03,96.44,85.29,90.59,50.12,96.64,37.34,99.4,59.59,,90.53,0.481,6.5,1977,1999,45.4
77327,48291,tract,66.66,61.2,18.64,86.41,79.28,74.48,70.98,46.69,40.66,91.92,54.97,96.71,64.45,0.0,89.28,0.797,5.5,1996,2014,45.0
77328,48407,tract,71.76,63.93,11.55,78.4,74.38,76.26,66.74,69.6,31.17,98.01,60.6,95.55,69.58,0.0,85.94,0.797,5.4,2001,2011,42.7
77331,48407,tract,67.49,77.19,6.12,77.29,75.88,70.49,59.64,77.88,24.68,96.37,60.72,91.95,67.39,,85.72,0.814,4.8,1993,2014,42.7
77334,48471,tract,83.78,57.25,20.84,85.02,84.67,89.36,75.4,60.02,60.37,95.5,60.86,94.71,90.18,,89.38,0.0,-666666666,,,21.8
77335,48373,tract,78.15,66.39,14.21,89.41,83.07,92.9,77.86,91.01,53.18,92.51,40.01,97.78,63.13,,89.18,0.902,5.0,1979,2009,45.4
77336,48201,tract,73.38,21.4,16.23,89.72,46.49,71.9,73.48,30.88,20.78,92.07,29.69,42.53,76.42,0.0,82.53,0.574,6.2,1996,2012,11.1
77338,48201,tract,82.37,64.12,16.23,92.84,60.28,79.35,81.37,41.5,23.85,96.45,33.45,54.01,77.97,0.0,49.79,0.604,5.4,2002,2011,11.1
77339,48201,tract,83.14,44.04,18.66,90.82,62.42,77.42,76.57,43.96,33.82,94.71,41.08,57.51,87.28,0.0,48.49,0.42,6.0,1988,2012,11.1
77340,48471,tract,75.54,72.35,20.84,87.47,86.32,90.23,77.32,66.72,67.47,95.43,65.72,94.05,68.98,,90.2,0.726,5.1,1990,2011,21.8
77341,48471,tract,50.2,49.18,20.84,82.91,78.47,81.2,60.63,53.72,56.08,88.77,55.67,86.24,40.43,,88.65,,-666666666,,,21.8
77342,48471,tract,67.63,30.54,20.84,82.86,85.72,90.45,77.64,57.71,59.45,96.05,60.79,95.69,56.47,,58.66,,-666666666,,,21.8
77345,48201,tract,80.59,30.75,16.23,91.04,52.17,69.92,71.47,32.59,20.87,91.66,29.68,41.04,87.05,0.0,44.53,0.286,8.2,1993,2011,11.1
77346,48201,tract,76.5,29.95,16.23,90.96,52.66,75.1,77.24,34.92,21.94,94.04,29.66,46.95,78.11,0.0,35.06,0.306,7.3,2005,2014,11.1
77350,48373,tract,94.6,97.39,14.21,95.98,91.26,97.0,86.9,99.03,78.82,98.48,59.96,99.53,86.71,,89.86,0.763,6.2,1989,2013,45.4
77351,48373,tract,78.35,73.5,14.21,91.6,82.77,92.6,76.64,93.64,61.0,92.4,46.29,98.14,60.15,,89.34,0.778,5.0,1991,2013,45.4
77354,48339,tract,50.19,34.62,26.36,77.63,79.95,77.56,61.51,55.71,45.97,90.6,61.18,93.03,45.83,,74.84,0.455,6.5,2007,2014,47.8
77355,48339,tract,67.35,56.21,27.88,80.06,82.7,82.0,68.52,63.98,47.17,93.69,64.58,94.6,70.1,,78.31,0.54,6.7,2004,2012,47.8
77356,48339,tract,52.25,54.17,26.26,80.67,79.78,77.23,59.76,56.08,49.43,91.0,63.69,92.77,36.76,,83.7,0.663,6.3,2001,2014,47.8
77357,48339,tract,71.17,39.13,24.72,81.17,73.46,82.8,72.12,57.7,44.82,94.67,60.31,90.64,72.89,0.0,77.49,0.694,5.6,2004,2014,47.8
77358,48471,tract,75.4,69.53,18.03,84.86,82.88,86.21,75.19,71.49,58.23,97.3,65.1,95.33,70.06,,89.19,0.67,5.2,1987,2010,21.8
77359,48407,tract,58.96,83.89,6.12,73.23,74.91,67.67,55.53,77.79,22.66,95.86,55.42,91.15,62.04,,84.7,0.962,5.0,1975,2000,42.7
77360,48373,tract,84.28,88.16,14.21,91.57,90.09,95.07,82.01,93.35,62.82,94.77,47.4,99.03,74.04,,77.33,0.805,4.6,1990,2016,45.4
77362,48339,tract,70.65,69.7,26.36,81.25,85.27,84.41,71.86,65.19,53.76,95.64,67.24,96.51,71.07,,79.88,0.534,6.1,2010,2015,47.8
77363,48185,tract,69.71,46.23,22.36,90.73,77.74,93.37,63.36,76.31,34.99,90.19,62.36,95.35,40.39,,84.55,0.728,5.4,2007,2012,11.7
77364,48407,tract,68.24,86.71,6.12,76.18,78.46,71.0,60.26,76.83,24.2,97.17,59.67,93.24,72.45,,83.77,0.846,5.2,1985,2011,42.7
77365,48339,tract,63.93,48.31,25.97,81.47,77.1,81.84,68.89,57.75,48.48,94.07,61.65,93.58,58.28,0.0,66.15,0.523,6.2,2007,2014,47.8
77367,48471,tract,83.78,57.25,20.84,85.02,84.67,89.36,75.4,60.02,60.37,95.5,60.86,94.71,90.18,,89.38,0.933,5.0,1997,2016,21.8
77368,48291,tract,61.96,79.78,18.63,84.49,75.78,67.71,63.23,37.65,35.0,89.39,48.11,96.05,68.97,0.0,88.67,,-666666666,,,45.0
77369,48291,tract,61.47,77.91,19.17,84.49,76.2,67.67,62.77,38.39,35.26,89.08,47.98,95.86,68.04,0.0,88.75,0.697,5.0,1978,2006,45.0
77371,48407,tract,73.38,66.32,6.13,76.81,71.73,68.63,56.88,78.37,22.87,97.5,56.73,91.83,79.82,0.0,87.75,0.748,5.1,1989,2014,42.7
77372,48339,tract,68.06,53.25,25.39,79.26,74.51,82.94,71.01,57.84,44.0,95.16,62.05,96.72,68.29,0.0,79.74,0.758,5.5,1996,2011,47.8
77373,48201,tract,64.35,34.99,16.23,89.3,47.27,74.41,76.45,32.48,21.52,93.25,26.71,45.97,55.47,0.0,57.93,0.465,6.1,1995,2012,11.1
77374,48199,tract,43.58,9.21,38.97,84.32,91.76,65.99,45.72,65.37,44.9,77.78,43.32,89.16,33.97,0.0,91.51,0.876,3.2,1977,2014,18.1
77375,48201,tract,75.72,28.35,16.23,91.38,55.14,74.77,76.09,41.65,22.83,92.84,33.81,48.07,75.44,0.0,74.59,0.406,6.1,2009,2015,11.1
77376,48199,tract,43.58,9.21,38.97,84.32,91.76,65.99,45.72,65.37,44.9,77.78,43.32,89.16,33.97,0.0,91.51,0.871,2.5,2010,2012,18.1
77377,48201,tract,81.97,16.31,16.23,92.94,58.63,73.91,75.66,42.87,22.56,94.58,36.32,45.5,82.91,0.0,80.93,0.352,7.1,2004,2014,11.1
77378,48339,tract,54.44,56.07,18.36,77.01,69.57,75.3,61.44,58.64,34.27,93.19,58.86,93.41,45.8,,85.73,0.785,5.1,2002,2011,47.8
77379,48201,tract,71.19,36.41,16.23,90.25,48.72,70.11,71.41,35.66,20.99,91.0,30.58,41.53,71.85,0.0,53.64,0.356,7.2,1997,2011,11.1
77380,48339,tract,63.62,45.28,26.36,80.75,73.12,75.04,57.87,52.32,52.5,91.65,61.96,91.4,68.23,,38.19,0.575,4.3,1999,2011,47.8
77381,48339,tract,62.32,30.63,26.36,80.88,77.41,74.9,57.43,53.85,53.3,91.23,63.5,91.96,69.77,,27.9,0.254,7.6,1991,2010,47.8
77382,48339,tract,58.11,12.03,26.36,80.4,80.27,76.48,59.88,55.95,52.46,91.58,63.82,92.87,60.73,,44.04,0.231,7.7,2002,2013,47.8
77384,48339,tract,62.24,38.85,26.36,80.89,81.48,82.06,68.33,61.16,53.53,94.37,65.75,95.8,57.66,,63.95,0.508,5.2,2012,2015,47.8
77385,48339,tract,67.85,45.76,26.36,81.25,73.54,81.33,67.07,57.79,52.12,95.27,64.51,95.63,70.44,,65.66,0.412,6.5,2007,2014,47.8
77386,48339,tract,79.84,21.52,26.36,85.17,84.16,85.68,73.82,64.68,60.95,97.44,68.85,97.39,80.79,,75.79,0.29,6.8,2007,2014,47.8
77388,48201,tract,65.68,15.42,16.23,89.42,46.79,70.23,71.48,31.24,20.75,90.33,27.37,41.43,65.45,0.0,50.07,0.432,6.6,2001,2011,11.1
77389,48201,tract,87.09,23.92,16.23,93.38,64.94,82.46,84.64,48.53,25.1,97.17,37.95,57.39,86.57,0.0,76.23,0.401,7.5,2011,2015,11.1
77396,48201,tract,81.36,51.58,16.23,91.13,53.92,75.83,77.89,36.71,22.42,94.49,30.5,48.33,83.29,0.0,44.82,0.588,5.7,2004,2012,11.1
77401,48201,tract,93.79,15.26,16.23,91.91,54.96,63.74,63.74,32.36,20.23,88.05,31.6,36.87,98.55,0.0,10.25,0.266,8.2,1996,2011,11.1
77406,48157,tract,81.16,16.8,58.83,90.34,71.98,68.64,82.3,59.09,25.48,91.22,46.78,89.53,83.95,,77.28,0.277,7.3,2009,2014,35.7
77407,48157,tract,85.15,25.78,58.83,90.55,79.26,76.69,87.84,68.29,26.52,95.09,50.47,93.59,87.55,,64.09,0.424,6.4,2013,2015,35.7
77412,48089,tract,84.3,62.86,30.93,92.06,63.74,89.21,57.38,74.06,47.99,75.74,80.02,77.31,52.25,,83.18,1.0,-666666666,,,3.8
77414,48321,tract,86.7,72.93,42.29,97.6,51.75,63.31,64.41,39.53,20.42,56.82,61.25,69.74,58.65,80.79,86.63,0.661,4.8,1980,2011,11.1
77415,48321,tract,89.5,88.14,42.29,97.5,48.95,61.77,65.27,32.52,19.88,56.38,53.43,68.84,79.36,94.34,94.03,0.58,5.0,1957,1997,11.1
77417,48157,tract,82.22,53.95,58.83,91.75,60.77,60.41,70.9,69.84,24.05,81.56,57.87,78.95,83.75,,85.15,0.68,5.3,1983,2004,35.7
77418,48015,tract,80.05,73.36,30.0,83.39,77.67,83.79,78.08,93.88,31.36,96.1,74.36,86.42,83.85,,77.79,0.691,6.0,1990,2012,24.9
77419,48321,tract,92.8,51.44,42.29,98.28,69.82,77.34,79.33,57.19,22.39,63.33,76.71,85.3,54.48,85.56,82.03,0.79,4.3,1949,2014,11.1
77420,48481,tract,93.02,84.18,37.35,97.63,68.01,87.1,81.08,70.4,44.25,82.32,78.03,88.01,80.63,0.0,84.6,0.538,5.6,1973,2011,8.2
77422,48039,tract,81.09,62.71,74.21,91.58,62.48,61.04,71.79,36.44,21.24,80.86,44.93,78.72,87.7,92.38,91.3,0.753,5.3,1987,2010,26.6
77423,48473,tract,92.06,74.98,43.07,90.68,80.98,88.62,79.85,94.81,29.25,98.66,78.62,91.68,86.58,,87.62,0.539,5.7,2004,2015,14.3
77426,48477,tract,88.87,90.72,42.8,88.08,75.65,91.87,74.59,86.1,67.94,94.47,83.54,83.27,89.25,,79.02,0.544,6.7,1998,2012,8.4
77428,48321,tract,92.87,57.25,42.29,98.85,67.17,83.73,87.79,43.59,24.84,58.34,58.79,91.78,44.34,96.17,83.11,1.0,-666666666,,,11.1
77429,48201,tract,82.83,21.65,16.23,91.58,54.17,76.14,77.99,41.56,22.82,94.21,33.53,48.16,86.93,0.0,60.78,0.329,7.3,2003,2013,11.1
77430,48039,tract,85.59,38.46,70.89,93.55,69.76,65.7,76.12,52.27,23.67,88.54,54.78,85.69,88.37,80.88,86.62,0.586,5.8,1999,2008,26.6
77431,48039,tract,87.61,90.94,74.21,95.61,52.49,48.95,55.86,40.98,23.81,78.79,44.79,70.32,91.62,84.06,85.53,0.046,5.0,1965,,26.6
77432,48481,tract,94.31,91.76,31.09,97.97,70.94,98.75,87.56,72.01,61.42,75.82,82.93,92.59,72.62,0.0,75.56,,-666666666,,,8.2
77433,48201,tract,86.49,14.89,16.23,93.88,63.66,83.71,85.7,51.39,26.15,97.73,40.27,59.8,83.62,0.0,75.92,0.318,7.2,2011,2015,11.1
77434,48089,tract,95.46,81.36,30.98,95.99,84.3,98.52,87.06,89.98,69.19,94.39,88.81,96.05,85.35,0.0,84.12,0.477,5.8,1969,2008,3.8
77435,48481,tract,96.15,71.83,33.11,97.3,76.36,96.12,86.91,85.08,61.14,89.89,90.43,92.4,94.12,0.0,84.63,0.464,5.6,2000,2011,8.2
77436,48481,tract,97.85,71.13,31.09,98.05,77.98,99.0,88.75,86.81,64.68,91.12,94.28,93.77,96.41,0.0,85.18,,-666666666,,,8.2
77437,48481,tract,86.98,70.6,31.09,96.92,55.43,94.68,72.21,61.27,48.34,64.0,82.46,76.9,60.62,0.0,73.07,0.606,5.4,1979,2007,8.2
77440,48321,tract,92.8,51.44,42.29,98.28,69.82,77.34,79.33,57.19,22.39,63.33,76.71,85.3,54.48,85.56,82.03,0.0,-666666666,,,11.1
77441,48157,tract,97.16,9.21,58.83,95.82,85.17,83.74,91.58,80.34,36.49,97.6,64.18,96.35,99.05,,89.98,0.198,8.1,2015,2018,35.7
77442,48089,tract,84.3,62.86,30.93,92.06,63.74,89.21,57.38,74.06,47.99,75.74,80.02,77.31,52.25,,83.18,0.654,5.6,1973,2011,3.8
77443,48481,tract,97.85,71.13,31.09,98.05,77.98,99.0,88.75,86.81,64.68,91.12,94.28,93.77,96.41,0.0,85.18,,-666666666,,,8.2
77444,48157,tract,84.83,46.27,66.46,92.9,69.9,66.62,77.92,58.4,23.95,89.05,54.74,86.57,87.2,79.76,87.66,0.686,4.8,1979,1994,35.7
77445,48473,tract,65.77,63.22,41.72,82.64,72.23,81.23,69.22,87.67,24.87,94.79,66.28,81.18,56.73,,83.27,0.792,5.0,1992,2012,14.3
77446,48473,tract,68.13,89.53,41.72,83.59,77.19,83.26,72.87,89.16,24.9,97.34,62.05,86.75,51.37,,84.45,0.779,4.1,1987,2000,14.3
77447,48201,tract,59.29,26.89,24.01,86.52,53.5,71.35,66.0,49.66,23.02,88.21,44.7,52.47,50.68,0.0,85.79,0.541,6.2,2012,2016,11.1
77448,48481,tract,97.85,71.13,31.09,98.05,77.98,99.0,88.75,86.81,64.68,91.12,94.28,93.77,96.41,0.0,85.18,0.569,-666666666,,,8.2
77449,48201,tract,76.58,31.48,16.23,89.99,49.12,79.69,81.84,40.75,23.33,95.61,30.28,52.52,76.32,0.0,53.93,0.399,5.9,2004,2013,11.1
77450,48201,tract,61.45,30.75,30.94,88.09,50.57,63.82,68.91,39.9,20.88,86.15,33.03,52.98,65.52,0.0,31.22,0.402,6.8,1994,2010,11.1
77451,48157,tract,84.59,52.9,58.83,91.96,61.41,61.36,71.76,72.43,24.19,81.93,59.7,79.82,85.89,,85.06,0.721,4.9,1974,1999,35.7
77453,48481,tract,95.89,86.0,31.09,98.47,70.02,98.05,83.96,78.76,57.71,85.95,86.33,90.4,86.02,0.0,85.04,0.213,-666666666,,,8.2
77454,48481,tract,97.85,71.13,31.09,98.05,77.98,99.0,88.75,86.81,64.68,91.12,94.28,93.77,96.41,0.0,85.18,1.0,-666666666,,,8.2
77455,48481,tract,93.46,80.68,30.8,97.52,56.15,94.87,71.67,65.92,48.57,64.8,89.35,77.2,79.12,5.34,75.67,0.65,5.0,1994,2011,8.2
77456,48321,tract,92.8,51.44,42.29,98.28,69.82,77.34,79.33,57.19,22.39,63.33,76.71,85.3,54.48,85.56,82.03,0.755,5.2,1988,2009,11.1
77457,48321,tract,91.0,63.9,42.29,98.4,34.36,51.76,48.1,28.57,19.75,44.25,56.68,53.28,54.79,98.57,90.41,0.836,4.4,1997,2013,11.1
77458,48321,tract,92.8,51.44,42.29,98.28,69.82,77.34,79.33,57.19,22.39,63.33,76.71,85.3,54.48,85.56,82.03,,-666666666,,,11.1
77459,48157,tract,72.94,29.09,58.83,90.49,71.79,68.41,81.87,57.0,24.99,90.27,45.21,90.0,72.53,,67.42,0.364,7.1,2004,2013,35.7
77460,48089,tract,84.3,62.86,30.93,92.06,63.74,89.21,57.38,74.06,47.99,75.74,80.02,77.31,52.25,,83.18,1.0,-666666666,,,3.8
77461,48157,tract,83.57,59.26,58.83,92.15,72.03,69.95,82.5,69.4,25.47,91.16,55.1,89.42,84.45,73.25,88.3,0.538,6.0,1991,2009,35.7
77464,48157,tract,84.59,52.9,58.83,91.96,61.41,61.36,71.76,72.43,24.19,81.93,59.7,79.82,85.89,,85.06,0.406,5.8,1977,2009,35.7
77465,48321,tract,94.17,60.49,39.59,98.91,71.96,84.33,84.66,54.43,33.39,67.15,69.18,91.25,58.41,92.55,84.29,0.568,5.8,1976,2008,11.1
77466,48473,tract,92.89,83.45,41.72,90.73,79.63,88.81,78.56,95.85,28.23,98.51,81.25,91.02,87.05,,89.5,0.482,4.5,1999,2002,14.3
77467,48481,tract,75.31,55.47,31.09,95.83,41.29,89.3,56.72,45.76,37.74,53.13,75.41,61.2,36.46,0.0,65.26,1.0,-666666666,,,8.2
77468,48321,tract,91.74,86.73,42.29,98.57,63.67,71.25,75.51,52.43,22.17,71.43,69.72,83.46,66.98,0.0,81.65,,-666666666,,,11.1
77469,48157,tract,89.58,64.13,58.83,93.5,78.43,76.22,87.86,72.49,28.62,95.52,56.91,94.2,90.82,72.56,82.95,0.445,6.1,2011,2016,35.7
77470,48089,tract,84.62,63.63,30.93,92.2,64.53,89.53,58.39,74.69,48.9,76.47,80.24,77.98,53.36,,83.13,0.893,5.1,1980,2015,3.8
77471,48157,tract,78.03,49.06,58.83,91.26,65.99,63.83,75.71,62.0,24.67,86.23,50.54,83.23,79.33,,83.25,0.518,5.4,1995,2012,35.7
77473,48015,tract,55.21,80.68,30.0,72.7,58.92,67.69,56.74,81.9,21.19,79.2,56.83,65.82,69.35,,79.07,0.538,-666666666,,,24.9
77474,48015,tract,66.28,57.34,30.02,78.75,69.52,76.81,68.7,88.33,26.07,88.7,65.83,77.79,70.34,,83.35,0.595,5.4,1993,2010,24.9
77475,48089,tract,89.4,74.84,30.93,94.35,76.16,94.15,73.23,83.9,62.23,87.07,83.46,87.89,69.65,,82.44,0.719,5.5,1994,2003,3.8
77476,48157,tract,95.09,9.21,58.83,94.48,78.77,76.27,87.11,70.88,32.02,95.14,57.27,93.29,98.34,,88.65,0.441,7.6,2001,2006,35.7
77477,48157,tract,77.47,58.84,56.59,91.41,67.24,64.64,77.72,56.35,29.71,90.31,48.03,85.31,78.67,0.0,39.54,0.644,4.5,1993,2006,35.7
77478,48157,tract,80.34,65.47,58.83,93.26,66.82,62.0,74.44,56.69,29.26,89.41,49.77,83.81,79.8,,42.16,0.411,6.6,1988,2006,35.7
77479,48157,tract,59.44,22.34,58.83,89.42,65.7,62.37,76.16,51.46,23.93,85.81,42.5,84.18,53.15,,58.65,0.236,7.5,1998,2012,35.7
77480,48039,tract,86.84,80.64,68.39,95.3,57.28,55.72,63.02,42.15,23.04,78.52,49.7,75.15,86.11,79.96,86.01,0.646,5.3,1979,2012,26.6
77481,48157,tract,95.48,88.07,58.83,94.88,79.3,77.24,88.63,77.21,29.86,96.63,61.46,95.04,97.6,72.15,84.83,0.545,6.0,2009,2012,35.7
77482,48321,tract,91.2,86.76,42.29,98.51,62.43,70.03,74.1,51.32,22.0,70.55,69.07,81.97,66.35,7.34,82.28,0.603,5.9,1984,2009,11.1
77483,48321,tract,91.0,63.9,42.29,98.4,34.36,51.76,48.1,28.57,19.75,44.25,56.68,53.28,54.79,98.57,90.41,1.0,5.1,1974,2016,11.1
77484,48473,tract,73.62,62.51,36.22,86.06,71.4,81.57,72.29,80.01,25.44,95.41,61.89,77.25,65.58,0.0,87.84,0.812,5.4,1999,2012,14.3
77485,48015,tract,83.31,72.41,41.57,84.61,71.05,73.5,72.43,80.83,25.32,86.11,63.72,80.89,83.54,,81.37,0.725,5.9,1984,2009,24.9
77486,48039,tract,82.05,48.38,74.21,92.8,65.26,60.99,70.75,43.13,22.22,84.15,51.06,81.51,87.45,83.25,83.97,0.624,5.8,1982,2013,26.6
77488,48481,tract,89.08,78.47,31.09,96.63,66.82,96.55,79.68,74.81,54.91,80.64,84.45,85.12,77.75,0.0,80.27,0.585,5.1,1979,2009,8.2
77489,48157,tract,63.72,63.43,57.28,88.01,67.52,65.12,78.7,51.92,23.76,87.63,41.46,86.07,65.19,0.0,45.85,0.54,6.1,1986,2007,35.7
77493,48201,tract,79.65,21.96,24.38,92.05,66.22,82.03,79.09,63.8,28.81,94.45,53.02,68.51,74.35,0.0,82.83,0.399,6.3,2014,2017,11.1
77494,48157,tract,81.17,17.51,54.47,91.69,75.65,74.55,84.08,69.72,28.48,94.32,54.06,88.85,82.26,0.0,69.15,0.354,7.3,2011,2015,35.7
77498,48157,tract,60.37,41.07,58.83,86.46,63.5,60.65,73.94,48.24,21.44,83.02,38.63,81.11,66.28,,39.13,0.483,6.2,1997,2007,35.7
77502,48201,tract,74.74,83.34,16.23,90.48,47.48,81.3,83.78,32.56,23.31,95.81,25.06,54.98,69.06,64.76,19.39,0.445,5.4,1965,2007,11.1
77503,48201,tract,53.17,56.94,16.23,88.15,40.11,67.15,67.77,25.6,20.16,86.08,22.84,37.77,44.1,66.76,39.12,0.491,5.1,1973,2006,11.1
77504,48201,tract,72.95,83.23,16.23,90.98,47.85,78.47,80.85,30.79,22.61,93.85,25.27,50.84,69.14,51.59,36.11,0.636,4.6,1981,2011,11.1
77505,48201,tract,77.36,35.75,16.23,92.02,51.07,74.73,76.97,30.44,22.2,90.07,27.74,44.71,80.85,85.2,51.0,0.361,5.8,1993,2008,11.1
77506,48201,tract,44.92,39.46,16.23,88.53,42.52,45.54,38.61,25.48,18.87,69.82,25.41,24.32,41.76,75.16,45.97,0.619,4.5,1966,2006,11.1
77507,48201,tract,94.79,63.64,16.23,97.7,78.3,73.28,75.36,51.97,27.17,96.14,47.35,47.23,95.67,94.45,75.83,0.935,3.6,2014,,11.1
77510,48167,tract,66.35,44.8,94.86,87.69,71.25,91.36,56.93,28.93,17.61,74.3,46.66,75.92,49.12,78.48,82.47,0.594,6.0,1990,2011,17.5
77511,48039,tract,66.87,51.33,77.17,89.3,64.2,58.25,57.91,36.05,19.4,76.92,46.93,72.06,65.0,83.99,84.45,0.65,5.2,1987,2012,26.6
77514,48071,tract,87.05,82.42,95.58,92.77,82.93,78.77,71.42,74.82,44.13,95.28,65.81,98.34,75.07,96.28,96.11,0.706,5.5,1981,2011,42.3
77515,48039,tract,82.1,64.23,74.21,93.68,67.97,64.86,75.44,42.19,22.89,85.95,49.13,86.04,81.98,87.93,90.22,0.57,5.4,1981,2011,26.6
77517,48167,tract,51.06,46.1,90.74,85.12,59.96,79.59,44.96,24.12,16.76,65.68,41.04,64.21,32.73,75.38,84.36,0.641,5.9,1997,2010,17.5
77518,48167,tract,44.24,44.76,96.25,85.57,63.16,93.62,51.64,21.89,16.58,68.12,40.65,72.55,14.15,85.03,53.55,0.534,4.9,1990,2012,17.5
77519,48199,tract,43.58,9.21,38.97,84.32,91.76,65.99,45.72,65.37,44.9,77.78,43.32,89.16,33.97,0.0,91.51,0.964,5.8,1983,2008,18.1
77520,48201,tract,69.48,73.22,19.67,90.64,50.74,73.11,75.24,33.61,23.38,92.13,30.88,43.31,62.31,82.07,45.32,0.536,5.2,1963,2007,11.1
77521,48201,tract,87.41,56.96,34.27,93.37,64.03,84.61,85.86,48.53,33.69,97.77,43.12,65.62,85.03,82.03,74.47,0.607,5.6,1997,2012,11.1
77523,48071,tract,93.11,18.4,91.9,95.8,88.5,86.34,82.37,79.48,61.29,98.37,76.07,96.07,91.84,89.8,86.83,0.49,7.1,2008,2016,42.3
77530,48201,tract,79.67,68.38,16.23,92.68,60.32,79.61,81.93,42.3,24.59,95.29,34.95,52.31,74.34,85.93,57.16,0.648,5.3,1986,2008,11.1
77531,48039,tract,59.93,63.85,74.21,91.55,52.16,52.78,61.89,29.87,20.23,73.17,38.3,69.79,50.67,78.96,80.07,0.61,4.7,1984,2013,26.6
77532,48201,tract,70.8,54.0,16.23,90.29,49.74,74.55,76.23,33.68,21.83,92.6,30.29,46.03,68.28,48.46,77.29,0.546,6.2,1994,2011,11.1
77533,48291,tract,56.24,67.75,18.63,86.98,77.78,70.37,66.75,42.14,39.08,91.55,49.97,96.65,36.99,0.0,92.66,0.824,5.2,1976,2014,45.0
77534,48039,tract,78.48,63.81,74.21,92.86,63.21,58.0,65.91,39.12,20.83,80.05,50.1,76.31,74.61,88.63,90.73,0.627,5.5,1980,2011,26.6
77535,48291,tract,74.85,41.93,21.04,88.9,85.11,82.6,81.45,54.61,42.62,97.14,58.25,98.94,50.91,34.13,89.66,0.702,5.7,2001,2013,45.0
77536,48201,tract,71.56,22.09,16.23,90.65,48.87,69.67,70.78,30.04,21.33,89.76,27.51,39.71,71.57,81.18,39.88,0.285,6.1,1983,2009,11.1
77538,48291,tract,80.9,78.39,18.63,92.39,86.56,83.08,81.35,63.44,54.15,96.85,61.1,98.69,66.0,51.43,94.04,0.567,5.4,1991,2004,45.0
77539,48167,tract,71.8,52.62,96.25,88.88,73.19,95.34,62.93,30.88,18.22,77.56,48.42,81.0,48.32,88.01,79.18,0.473,5.8,2001,2013,17.5
77541,48039,tract,81.97,68.45,74.21,93.7,58.42,57.3,66.12,37.38,22.04,79.6,44.39,73.56,73.79,95.98,93.76,0.556,5.0,1974,2009,26.6
77545,48157,tract,69.4,45.09,58.94,89.68,73.01,68.87,81.94,54.68,23.87,89.47,42.75,89.75,68.92,0.0,61.67,0.435,6.1,2006,2012,35.7
77546,48167,tract,79.49,34.29,71.07,91.39,68.68,86.5,64.83,32.14,19.17,82.49,43.87,70.41,78.1,80.86,54.01,0.426,6.9,1992,2012,17.5
77547,48201,tract,71.3,81.05,16.23,90.56,51.18,73.82,75.76,33.86,21.57,93.14,28.91,46.03,68.29,89.32,25.52,0.612,5.2,1956,2004,11.1
77550,48167,tract,56.78,81.22,96.25,90.02,61.94,91.93,45.2,22.92,16.59,67.09,42.82,59.21,30.36,92.63,50.42,0.608,4.4,1957,2011,17.5
77551,48167,tract,63.69,54.13,96.25,89.06,65.26,94.76,56.08,26.17,17.2,73.35,45.14,73.18,39.51,93.13,27.65,0.586,4.5,1973,2011,17.5
77554,48167,tract,75.46,67.37,96.25,91.88,53.34,90.67,42.98,22.77,16.83,63.6,41.12,64.1,62.87,97.81,85.79,0.835,4.9,1995,2013,17.5
77555,48167,tract,76.96,62.47,96.25,92.31,71.2,96.67,60.71,27.98,17.42,76.48,48.41,74.21,62.57,93.69,0.0,,-666666666,,,17.5
77560,48071,tract,74.97,80.77,95.58,90.08,79.6,74.37,66.11,67.36,38.6,92.87,62.13,97.64,64.52,90.65,95.0,0.81,5.4,2004,2016,42.3
77561,48291,tract,56.24,67.75,18.63,86.98,77.78,70.37,66.75,42.14,39.08,91.55,49.97,96.65,36.99,0.0,92.66,0.722,5.8,1981,,45.0
77562,48201,tract,72.57,57.99,16.23,90.15,49.99,81.13,83.78,35.78,23.42,95.39,28.61,52.31,64.39,86.91,68.94,0.483,5.8,1984,2011,11.1
77563,48167,tract,90.62,69.81,96.25,91.88,81.49,98.05,71.29,36.73,18.94,84.41,54.47,87.06,75.11,94.06,91.0,0.437,5.3,1981,2014,17.5
77564,48291,tract,53.54,55.86,23.45,86.02,80.82,68.91,61.21,47.03,39.97,87.99,48.15,94.79,39.25,0.0,92.05,0.74,5.2,1987,2009,45.0
77565,48167,tract,34.82,48.02,96.25,84.59,54.49,85.04,33.89,18.76,15.67,57.08,35.65,55.22,24.82,88.87,30.46,0.578,5.3,1997,2014,17.5
77566,48039,tract,68.25,15.36,74.21,91.78,56.58,56.63,66.59,31.87,20.55,75.97,40.68,75.77,66.98,87.89,72.27,0.489,5.7,1983,2009,26.6
77568,48167,tract,74.08,36.58,96.25,90.78,74.15,96.85,63.92,30.37,17.94,78.5,49.33,80.85,49.43,90.59,73.81,0.522,5.7,1987,2014,17.5
77571,48201,tract,78.64,46.52,16.23,94.2,63.92,46.78,39.9,38.3,21.61,83.97,37.69,27.71,75.03,87.48,63.67,0.463,5.7,1983,2010,11.1
77573,48167,tract,53.92,27.27,96.25,86.41,66.09,92.31,48.82,23.45,16.63,67.01,41.75,70.82,47.61,76.02,47.79,0.412,6.7,2002,2013,17.5
77575,48291,tract,75.22,80.4,20.64,90.75,84.33,79.39,76.98,55.19,50.71,95.27,58.65,98.14,61.94,42.08,92.64,0.683,5.3,1981,2010,45.0
77577,48039,tract,76.76,61.95,74.21,91.29,60.13,52.23,57.59,37.26,18.86,75.19,51.49,67.26,74.49,93.34,91.2,0.698,5.3,1995,2008,26.6
77578,48039,tract,74.76,32.61,74.21,90.76,72.83,59.75,69.87,43.53,21.35,86.46,50.27,83.65,81.64,43.25,79.6,0.389,6.7,2010,2015,26.6
77580,48071,tract,96.54,19.79,95.58,96.7,92.28,89.49,85.78,84.44,65.47,99.56,80.07,99.64,95.5,80.12,94.45,,-666666666,,,42.3
77581,48039,tract,54.6,28.09,70.9,87.87,56.26,45.69,51.15,30.02,18.66,73.55,38.32,64.72,63.91,37.07,48.05,0.358,6.3,1996,2012,26.6
77582,48291,tract,92.6,83.44,18.63,94.96,90.73,89.11,88.28,73.54,61.3,99.36,66.38,99.66,79.76,75.83,94.69,0.188,-666666666,1954,,45.0
77583,48039,tract,81.99,28.29,72.92,92.02,77.59,66.62,77.49,50.91,22.65,91.47,55.28,88.94,84.64,77.29,86.76,0.474,6.3,2013,2016,26.6
77584,48039,tract,66.01,35.9,73.57,89.76,67.35,54.08,63.29,38.75,20.44,81.96,45.37,78.22,73.37,19.74,55.24,0.326,6.5,2004,2013,26.6
77585,48199,tract,43.67,9.3,38.97,84.33,91.77,66.05,45.81,65.4,44.96,77.83,43.35,89.19,34.03,0.0,91.52,0.345,4.9,1966,2014,18.1
77586,48201,tract,83.45,27.25,16.23,93.04,54.35,76.35,79.13,31.38,22.62,92.07,29.11,45.5,85.78,94.64,49.06,0.366,6.5,1986,2011,11.1
77587,48201,tract,73.85,81.41,16.23,90.54,46.8,76.32,78.42,30.01,22.16,92.07,24.96,48.18,76.41,85.91,27.14,0.372,5.2,1969,2004,11.1
77590,48167,tract,71.47,58.81,96.25,93.09,75.03,96.33,62.87,32.2,18.48,79.84,51.88,79.24,13.44,88.58,74.41,0.594,5.1,1978,2009,17.5
77591,48167,tract,74.36,75.91,96.25,90.64,79.28,98.15,73.51,36.37,19.29,84.76,53.25,88.16,35.97,84.31,73.43,0.608,5.4,1993,2010,17.5
77597,48071,tract,74.97,80.77,95.58,90.08,79.6,74.37,66.11,67.36,38.6,92.87,62.13,97.64,64.52,90.65,95.0,0.861,3.5,2004,2011,42.3
77598,48201,tract,63.57,46.4,16.23,90.17,43.38,67.77,69.01,24.83,20.28,85.43,24.05,36.92,62.22,53.94,52.31,0.79,4.0,1986,2014,11.1
77611,48361,tract,87.62,39.38,55.16,95.79,91.86,76.17,67.17,53.08,48.63,86.14,40.24,98.61,74.42,97.92,95.36,0.607,5.8,1981,2011,5.6
77612,48241,tract,62.35,65.61,12.74,90.43,87.36,65.29,69.57,76.76,53.31,73.8,67.35,96.59,46.78,17.99,93.68,0.911,5.1,1994,2011,1.7
77613,48245,tract,86.27,63.68,52.96,96.07,85.76,82.3,59.86,65.13,45.79,92.41,51.69,98.37,55.59,49.2,95.15,0.748,5.2,1985,2002,4.9
77614,48351,tract,63.77,77.0,1.77,91.22,84.37,43.96,66.97,52.47,54.52,72.8,59.61,97.9,60.16,86.89,91.71,1.0,4.8,2012,,
77615,48241,tract,72.77,63.62,18.6,92.79,89.31,77.76,72.65,89.72,57.73,77.32,75.91,96.81,51.77,0.0,94.68,0.81,4.8,1975,2002,1.7
77616,48457,tract,92.93,86.3,14.89,94.57,93.78,93.69,82.13,88.37,75.38,95.66,69.43,98.89,92.31,,96.21,0.908,4.3,1991,2006,0.8
77617,48167,tract,95.39,76.52,96.25,95.39,75.09,94.0,52.97,31.53,17.77,78.06,52.6,81.12,90.1,99.6,97.71,1.0,3.9,2009,2013,17.5
77619,48245,tract,65.1,59.6,52.96,93.87,76.85,82.43,61.52,39.79,38.85,82.22,39.23,98.18,30.16,0.0,21.88,0.384,5.4,1967,2008,4.9
77622,48245,tract,79.87,41.32,52.96,93.59,72.82,67.79,36.71,50.39,36.44,77.08,41.36,92.49,66.73,56.2,95.04,0.755,5.5,1999,2014,4.9
77623,48167,tract,95.39,76.52,96.25,95.39,75.09,94.0,52.97,31.53,17.77,78.06,52.6,81.12,90.1,99.6,97.71,0.874,5.8,1973,2005,17.5
77624,48457,tract,93.72,87.98,14.89,95.32,94.04,92.43,79.51,88.07,78.63,95.23,72.18,98.43,93.3,,96.39,0.938,4.7,1992,2012,0.8
77625,48199,tract,75.05,54.57,38.97,88.95,95.08,81.98,69.56,70.41,62.45,91.43,52.49,96.54,67.7,3.86,93.62,0.896,5.2,1998,2012,18.1
77627,48245,tract,73.41,60.92,52.96,95.09,81.53,77.7,53.38,53.86,41.68,88.57,47.33,97.3,32.2,55.37,55.13,0.409,5.8,1975,2009,4.9
77629,48245,tract,76.95,48.73,43.75,92.64,75.26,73.99,51.88,55.02,39.48,82.36,45.02,94.57,68.95,26.27,93.39,0.76,5.5,1968,2006,4.9
77630,48361,tract,77.15,47.26,55.16,94.98,89.51,66.81,54.19,47.48,46.08,80.02,39.45,96.21,57.32,93.58,92.25,0.556,5.5,1977,2010,5.6
77632,48361,tract,71.68,68.61,42.23,93.43,87.63,63.38,60.34,54.0,47.75,81.84,47.53,96.47,62.19,87.91,91.9,0.746,5.8,1987,2010,5.6
77640,48245,tract,77.64,68.81,52.96,95.12,78.14,74.05,48.39,52.37,42.78,83.38,46.83,93.26,57.34,82.65,86.02,0.484,5.5,1974,2009,4.9
77642,48245,tract,76.29,87.18,52.96,94.68,79.91,84.35,64.53,45.32,42.58,86.06,43.15,98.49,58.84,45.52,63.18,0.63,5.0,1976,2010,4.9
77650,48167,tract,95.39,76.52,96.25,95.39,75.09,94.0,52.97,31.53,17.77,78.06,52.6,81.12,90.1,99.6,97.71,0.792,4.3,2008,2014,17.5
77651,48245,tract,73.93,46.26,52.96,95.2,80.68,83.33,62.49,45.47,43.04,86.34,44.17,98.5,28.78,56.32,73.4,0.366,5.5,1972,2010,4.9
77655,48245,tract,93.16,55.91,52.96,96.08,77.81,68.29,36.17,56.61,43.79,79.23,47.46,92.3,66.96,99.6,96.9,0.736,4.9,2007,2010,4.9
77656,48199,tract,78.23,79.12,35.69,89.65,95.05,85.2,73.57,70.07,64.63,93.75,54.08,98.42,73.74,65.26,92.91,0.835,5.4,1983,2009,18.1
77657,48199,tract,64.15,45.78,38.97,86.58,93.78,79.53,66.06,59.75,56.02,88.48,46.52,96.86,58.79,56.59,86.62,0.684,5.7,2001,2012,18.1
77659,48199,tract,84.84,38.68,38.97,90.71,95.61,82.74,70.54,73.93,67.97,93.24,56.44,97.26,86.07,69.23,93.88,0.82,5.9,1983,2012,18.1
77660,48457,tract,92.93,86.3,14.89,94.57,93.78,93.69,82.13,88.37,75.38,95.66,69.43,98.89,92.31,,96.21,0.784,4.2,1988,2013,0.8
77661,48071,tract,91.15,64.53,95.58,93.75,83.49,86.69,82.11,73.69,51.93,98.28,66.91,99.39,77.92,94.71,97.08,1.0,-666666666,,,42.3
77662,48361,tract,71.66,62.76,49.55,92.61,90.6,67.74,56.43,62.55,42.6,83.09,45.37,95.94,63.43,73.84,90.68,0.768,5.3,1985,2010,5.6
77663,48199,tract,87.58,84.81,35.02,90.72,94.98,85.73,73.86,72.54,67.3,94.02,56.39,98.27,89.99,0.0,95.38,0.803,6.6,1981,2014,18.1
77664,48457,tract,86.54,89.01,17.19,93.3,91.94,89.39,74.44,80.98,70.2,91.41,64.49,97.5,84.41,0.0,95.03,0.983,5.0,1995,2011,0.8
77665,48071,tract,90.89,64.13,85.09,94.16,81.86,81.24,69.58,69.58,48.76,93.15,61.8,97.52,75.17,93.87,96.85,0.796,5.3,1994,2011,42.3
77701,48245,tract,77.71,84.43,52.96,95.54,81.21,71.83,44.91,53.92,45.86,86.35,50.73,94.69,37.44,36.97,0.0,0.555,5.3,1969,2006,4.9
77702,48245,tract,75.29,57.4,52.96,96.19,81.87,70.28,41.95,53.34,46.85,85.79,52.15,94.84,31.14,0.0,0.0,0.551,6.2,1963,2012,4.9
77703,48245,tract,57.4,83.78,52.96,92.16,80.06,78.16,54.91,50.97,35.28,86.12,41.84,96.7,14.0,54.69,39.8,0.603,5.1,1976,2006,4.9
77705,48245,tract,83.5,54.94,52.96,94.92,78.61,73.86,46.82,55.68,41.51,84.07,46.5,94.68,68.41,75.19,94.2,0.691,5.4,1985,2007,4.9
77706,48245,tract,76.17,50.0,52.96,94.74,82.13,79.45,56.75,55.3,41.56,89.02,47.53,97.56,56.54,9.91,38.96,0.636,5.6,1980,2010,4.9
77707,48245,tract,83.23,68.99,52.96,96.03,84.9,82.92,62.12,61.52,46.73,92.3,51.55,98.38,62.94,68.59,79.43,0.695,5.7,1979,2011,4.9
77708,48245,tract,61.23,87.31,52.96,92.11,84.41,82.88,62.32,56.28,37.75,90.28,45.01,98.29,19.61,50.08,70.88,0.737,5.3,1978,2008,4.9
77713,48245,tract,88.38,55.07,52.96,96.53,86.68,82.12,59.6,66.18,48.35,92.88,53.95,98.31,69.27,21.5,94.35,0.746,5.5,2000,2012,4.9
77801,48041,tract,41.06,93.49,38.3,70.44,70.21,90.47,66.87,69.91,75.68,85.08,71.94,91.25,16.98,,29.68,0.655,4.1,1991,2013,14.3
77802,48041,tract,49.44,60.72,38.3,73.7,67.39,88.11,62.33,67.64,72.99,83.18,75.01,87.95,44.29,,53.38,0.527,5.2,1985,2012,14.3
77803,48041,tract,37.56,67.57,38.3,68.66,66.06,87.48,61.6,65.97,71.86,81.17,69.37,86.81,17.28,,47.5,0.539,5.1,1983,2010,14.3
77807,48041,tract,62.06,68.83,36.86,79.05,67.28,86.84,64.07,72.37,71.59,85.0,81.23,87.42,43.69,,78.38,0.754,4.9,2007,2014,14.3
77808,48041,tract,43.63,64.92,36.79,77.53,60.82,83.6,56.5,66.83,65.62,78.59,77.95,82.71,35.05,,82.05,0.693,6.1,2003,2013,14.3
77830,48185,tract,47.11,47.48,21.98,86.09,66.65,90.37,53.03,68.61,29.88,80.02,57.28,91.58,17.48,,83.71,0.713,5.2,2005,2014,11.7
77831,48185,tract,60.97,65.18,21.53,86.25,75.85,92.62,64.4,73.15,39.1,88.62,61.01,95.03,32.42,,87.71,0.772,5.1,1992,2012,11.7
77833,48477,tract,81.37,73.89,44.91,87.25,73.92,91.83,71.88,82.46,72.7,91.71,82.96,79.62,84.68,,78.86,0.643,5.3,1987,2010,8.4
77835,48477,tract,88.34,75.99,46.12,88.27,71.74,92.53,69.19,82.45,75.78,93.14,86.8,75.7,93.47,,83.96,0.745,5.9,1995,2009,8.4
77836,48051,tract,45.23,71.97,25.06,77.46,74.36,79.6,51.82,72.9,62.84,60.51,82.38,61.21,49.51,,79.47,0.741,5.3,1992,2010,5.6
77837,48395,tract,38.22,75.78,28.7,76.5,40.92,61.1,41.92,63.07,49.3,73.03,81.94,65.44,40.51,,76.49,0.691,5.8,1979,2010,7.7
77840,48041,tract,39.65,66.57,38.3,67.35,66.46,87.24,62.23,65.99,72.25,80.13,68.07,86.19,18.79,,25.65,0.801,4.2,1990,2014,14.3
77843,48041,tract,91.29,97.39,38.3,74.52,93.0,99.6,94.96,94.81,96.67,99.68,78.05,99.79,11.39,,19.86,,-666666666,,,14.3
77845,48041,tract,43.19,34.66,38.3,74.45,64.6,85.08,56.68,64.85,68.8,79.47,74.24,83.7,31.82,,70.83,0.547,5.8,2005,2013,14.3
77852,48051,tract,40.24,72.56,25.0,77.97,72.88,75.78,44.74,70.9,59.02,57.62,81.12,54.35,55.83,,81.43,1.0,-666666666,,,5.6
77853,48287,tract,84.54,77.55,25.12,83.55,63.95,99.17,67.17,86.76,76.84,87.13,87.54,85.74,48.63,,84.09,0.545,5.5,1994,2000,3.6
77855,48289,tract,91.63,83.61,18.66,82.75,77.1,99.62,75.66,89.39,69.67,92.05,71.29,98.13,72.26,,86.0,0.52,10,1993,1998,0.0
77856,48395,tract,55.43,39.32,28.7,80.36,63.02,77.9,66.93,76.81,60.67,87.37,86.28,87.24,51.89,,83.22,0.71,5.6,1994,2012,7.7
77857,48331,tract,73.52,79.9,27.84,84.67,59.78,88.4,69.26,77.16,73.75,93.43,92.02,97.68,69.86,,82.39,0.651,5.5,1992,2005,4.9
77859,48395,tract,50.14,79.88,30.29,77.82,57.09,77.59,64.17,70.77,55.44,82.55,81.45,86.28,44.88,,76.07,0.509,5.2,1977,2006,7.7
77861,48185,tract,47.32,52.83,21.98,86.57,66.74,90.44,52.93,69.66,30.01,80.27,58.65,91.64,15.44,,83.62,0.751,5.3,2006,2013,11.7
77863,48051,tract,35.63,74.49,25.0,76.28,78.08,81.26,54.83,72.82,64.6,58.4,78.6,64.09,42.77,,73.1,1.0,5.5,1990,,5.6
77864,48313,tract,63.2,48.73,5.81,88.33,79.04,95.27,48.42,83.08,57.03,79.96,75.12,90.29,31.55,,84.29,0.822,5.6,1981,2010,0.8
77865,48289,tract,79.31,81.86,18.66,82.55,70.21,98.32,57.58,86.46,67.12,83.48,71.36,91.8,72.1,,87.15,0.633,5.3,1996,2008,0.0
77866,48041,tract,55.46,64.28,38.3,81.25,71.59,88.58,61.61,71.95,73.65,86.96,82.72,88.65,47.79,,76.83,,-666666666,,,14.3
77867,48395,tract,54.37,63.34,28.7,82.12,56.5,76.66,65.0,73.84,54.51,82.14,84.62,86.75,42.88,,81.11,0.618,4.3,1978,1989,7.7
77868,48185,tract,69.93,50.18,26.95,87.22,75.68,92.42,64.82,75.84,47.66,88.25,68.92,93.22,44.73,,80.47,0.676,5.5,1991,2012,11.7
77871,48289,tract,91.12,77.45,13.67,86.23,79.83,98.8,68.84,89.11,70.91,91.05,75.45,96.78,79.63,,85.77,0.493,6.0,1998,2013,0.0
77872,48313,tract,86.89,67.93,6.48,91.26,84.11,97.16,58.17,87.58,70.87,89.32,80.93,94.46,84.92,,85.43,0.702,5.8,1990,2011,0.8
77873,48339,tract,53.18,54.29,23.65,82.99,77.73,84.16,61.6,62.58,44.67,89.64,60.43,92.79,35.74,,87.62,0.766,5.2,1989,2011,47.8
77875,48185,tract,50.89,62.9,21.98,87.77,68.54,91.0,54.11,72.47,30.73,82.37,61.28,92.48,15.13,,84.05,,-666666666,,,11.7
77876,48185,tract,61.07,69.12,21.98,86.84,74.14,93.84,62.78,75.98,33.33,87.96,59.96,95.92,30.54,,87.45,1.0,4.9,2012,,11.7
77878,48051,tract,85.97,79.73,25.0,84.53,86.27,90.63,69.38,81.97,74.77,62.45,89.89,78.74,74.36,,79.22,0.759,4.6,1980,2017,5.6
77879,48051,tract,63.67,75.88,25.0,79.8,81.4,85.5,61.42,76.08,69.03,59.12,83.84,70.76,60.77,,77.12,0.728,5.1,1989,2012,5.6
77880,48477,tract,66.93,60.13,46.3,83.32,58.36,83.84,52.15,66.56,61.49,76.66,75.01,60.97,80.07,,77.78,0.819,5.3,1999,2012,8.4
77882,48395,tract,54.37,63.34,28.7,82.12,56.5,76.66,65.0,73.84,54.51,82.14,84.62,86.75,42.88,,81.11,,-666666666,,,7.7
77901,48469,tract,71.9,68.06,52.0,95.18,54.1,87.17,63.33,44.22,48.57,72.42,58.02,65.02,36.82,0.63,51.16,0.577,5.0,1972,2011,2.8
77904,48469,tract,87.07,67.92,52.0,96.83,59.44,91.89,71.77,56.18,54.66,83.02,70.17,74.16,66.63,0.0,89.44,0.732,5.7,1990,2010,2.8
77905,48469,tract,75.92,49.49,49.43,94.72,46.84,85.35,59.14,44.18,45.86,70.57,62.52,61.47,55.41,47.54,89.21,0.818,5.9,1989,2011,2.8
77950,48007,tract,77.49,95.27,62.94,95.61,34.19,80.32,53.27,48.49,36.58,63.68,51.76,49.87,63.28,94.83,90.25,0.859,5.1,1970,2004,18.0
77951,48469,tract,84.08,35.54,52.0,96.42,55.08,88.89,63.3,43.82,47.76,68.76,61.55,63.75,47.38,80.3,85.49,0.685,5.6,1995,2010,2.8
77954,48123,tract,96.8,85.57,28.56,96.0,58.08,92.71,82.95,80.4,71.43,91.27,87.43,92.57,97.76,,88.04,0.703,5.3,1982,2008,1.5
77957,48239,tract,98.31,73.98,25.89,99.48,88.58,92.37,86.47,68.19,61.64,88.69,79.19,96.5,94.74,84.11,91.17,0.691,5.8,1977,2007,0.2
77960,48175,tract,84.06,30.37,24.01,96.27,49.88,77.18,61.62,51.15,49.18,76.88,69.35,74.18,75.98,,89.47,,-666666666,,,1.4
77961,48239,tract,99.61,79.43,25.89,99.95,91.46,95.36,90.45,78.24,69.5,94.67,85.65,98.12,98.63,93.05,90.31,1.0,-666666666,,,0.2
77962,48239,tract,99.25,79.04,25.89,99.82,90.75,94.63,89.48,75.57,67.48,93.09,83.97,97.72,97.6,90.37,90.54,0.55,5.7,1970,2004,0.2
77963,48175,tract,92.15,79.43,24.01,97.87,56.31,83.94,67.98,63.57,54.39,82.9,79.07,80.72,83.61,,90.38,0.789,5.3,1986,2011,1.4
77964,48285,tract,97.78,66.6,50.31,92.8,56.7,99.03,74.26,75.28,65.66,82.59,76.77,98.45,98.77,,79.24,0.645,5.3,1981,2011,1.9
77968,48469,tract,81.22,50.06,52.0,95.09,53.55,87.12,60.59,45.0,47.07,70.45,65.15,63.52,57.45,25.36,87.66,0.754,6.1,1998,2007,2.8
77969,48239,tract,98.88,49.06,25.89,99.8,88.04,91.54,85.26,71.11,62.23,90.26,80.26,96.09,95.97,94.5,90.91,0.386,4.7,2010,2013,0.2
77970,48239,tract,99.61,79.43,25.89,99.95,91.46,95.36,90.45,78.24,69.5,94.67,85.65,98.12,98.63,93.05,90.31,0.967,5.3,1992,2012,0.2
77971,48239,tract,99.61,79.43,25.89,99.95,91.46,95.36,90.45,78.24,69.5,94.67,85.65,98.12,98.63,93.05,90.31,0.715,7.1,1994,1999,0.2
77973,48469,tract,63.08,45.27,52.0,92.65,34.25,80.93,47.87,36.12,38.21,62.05,57.59,48.82,46.92,75.8,89.89,,-666666666,,,2.8
77974,48123,tract,94.4,83.34,37.6,96.53,60.61,93.52,81.78,72.94,67.21,90.56,81.69,88.68,89.81,0.0,92.27,0.843,5.4,1998,2002,1.5
77975,48285,tract,89.17,67.78,50.75,90.11,34.76,97.87,63.47,71.14,57.0,72.42,73.92,96.25,93.16,,75.99,0.723,4.5,1973,2012,1.9
77976,48469,tract,87.33,78.59,52.0,96.88,57.5,91.85,71.53,57.76,54.34,84.31,71.7,73.75,67.52,0.0,92.57,1.0,6.0,1983,,2.8
77977,48469,tract,77.23,39.72,52.0,94.2,46.94,85.29,53.74,36.78,41.93,62.89,61.26,55.47,44.74,77.4,84.55,0.603,5.8,1969,2007,2.8
77978,48057,tract,91.42,70.95,64.89,98.75,35.93,84.78,39.01,46.47,32.7,61.76,58.64,91.33,55.55,94.22,84.21,0.508,5.4,1970,2004,13.1
77979,48057,tract,89.15,70.48,59.99,97.1,52.03,91.74,60.52,45.88,42.16,68.35,60.47,90.98,56.94,86.91,83.71,0.651,5.7,1976,2008,13.1
77982,48057,tract,87.35,63.03,64.89,97.38,35.89,88.0,43.86,35.54,32.65,57.48,51.4,91.15,65.14,92.68,85.96,1.0,5.3,1992,2009,13.1
77983,48057,tract,84.01,70.08,64.89,96.96,36.34,88.33,44.61,35.09,32.92,57.57,50.6,91.47,57.35,92.49,88.19,0.682,4.5,1993,2013,13.1
77984,48285,tract,96.95,57.15,37.79,93.05,38.95,97.11,74.28,83.68,69.08,83.19,83.71,97.55,98.57,,80.54,0.682,5.4,1977,2005,1.9
77986,48285,tract,98.75,61.87,50.75,93.2,59.1,99.05,73.83,75.11,65.56,83.26,77.31,98.53,99.77,,79.34,,-666666666,,,1.9
77987,48285,tract,94.56,83.88,50.75,91.62,47.06,99.27,76.75,75.02,66.91,79.9,76.52,98.84,96.7,,80.86,0.872,4.9,1968,2003,1.9
77988,48469,tract,88.33,52.63,52.0,97.35,57.04,89.05,63.68,50.85,48.99,73.64,66.6,66.85,60.82,0.0,86.54,1.0,6.1,1991,,2.8
77990,48391,tract,93.38,89.05,36.36,98.2,54.0,96.91,75.54,63.02,49.76,75.35,67.88,91.09,75.44,89.86,91.63,0.91,5.2,1974,2012,7.5
77991,48239,tract,98.88,49.06,25.89,99.8,88.04,91.54,85.26,71.11,62.23,90.26,80.26,96.09,95.97,94.5,90.91,0.787,4.4,2001,2015,0.2
77993,48175,tract,84.06,30.37,24.01,96.27,49.88,77.18,61.62,51.15,49.18,76.88,69.35,74.18,75.98,,89.47,1.0,5.1,1973,1989,1.4
77994,48123,tract,95.84,78.24,28.18,95.01,51.3,90.07,77.92,76.24,66.04,86.93,85.71,86.44,98.56,,83.79,0.736,5.5,1954,2012,1.5
77995,48123,tract,95.53,89.4,40.56,94.56,52.45,96.65,81.42,79.82,70.09,88.01,83.41,95.77,94.92,0.0,85.18,0.604,5.1,1979,2009,1.5
78001,48283,tract,93.57,97.24,1.43,83.63,78.6,99.66,96.13,64.26,56.3,72.98,86.29,75.69,90.35,,95.01,,-666666666,,,0.0
78002,48029,tract,84.48,55.09,20.58,54.15,16.33,46.78,84.34,27.63,37.99,91.18,98.74,40.39,92.51,,91.96,0.745,5.6,1991,2010,7.2
78003,48019,tract,89.81,82.63,23.18,51.35,10.79,56.93,54.66,92.81,91.42,84.86,93.68,98.42,96.47,,94.36,0.83,5.2,2000,2012,0.3
78004,48259,tract,87.45,30.58,58.51,50.2,14.63,70.0,46.81,91.52,93.28,88.93,95.33,96.48,95.89,,95.4,0.726,7.9,1993,1999,14.9
78005,48163,tract,71.73,55.17,2.04,77.55,59.35,91.13,90.53,70.28,62.75,74.44,92.68,82.39,46.1,,91.95,0.698,4.6,2001,2010,2.1
78006,48259,tract,80.03,39.16,55.98,50.02,16.11,67.41,48.88,85.46,88.29,87.42,95.03,91.28,89.39,,94.32,0.722,6.2,2003,2013,14.9
78007,48311,tract,33.52,59.3,6.15,80.41,61.81,82.13,28.07,44.9,24.12,47.77,80.35,25.22,36.6,,85.89,0.917,4.8,2001,2006,
78008,48013,tract,75.3,84.18,12.48,76.08,49.78,60.16,82.05,81.05,69.91,88.99,94.79,90.11,74.72,,90.73,1.0,4.9,1938,2014,8.4
78009,48325,tract,91.93,80.68,17.59,56.79,57.06,66.16,88.96,98.62,93.48,84.11,95.5,99.4,97.21,,92.73,0.689,6.2,1998,2011,3.3
78010,48265,tract,89.28,74.83,25.96,57.94,8.59,63.74,63.46,87.54,94.78,87.62,90.57,97.26,95.79,,94.11,0.737,5.1,1995,2010,4.5
78011,48013,tract,59.63,84.58,12.99,71.96,20.01,49.41,71.31,67.41,60.7,75.22,93.62,83.53,37.83,,90.98,0.971,4.9,1982,2011,8.4
78012,48013,tract,47.85,74.7,12.99,67.19,30.58,52.64,79.06,73.52,66.96,83.2,92.23,87.16,40.17,,90.47,0.973,5.2,1977,1992,8.4
78013,48259,tract,82.18,55.45,42.34,54.25,11.48,59.62,45.99,85.8,90.46,81.89,92.62,91.91,91.83,,94.15,0.757,5.6,1992,2012,14.9
78014,48283,tract,93.24,97.27,1.44,83.43,78.14,99.21,96.2,63.7,56.02,72.6,85.96,75.87,89.65,,94.79,0.751,4.5,1983,2007,0.0
78015,48259,tract,85.7,18.2,42.89,49.04,18.28,63.4,69.31,64.3,70.12,88.15,91.29,72.49,90.38,,90.16,0.638,7.2,2011,2015,14.9
78016,48325,tract,66.64,74.68,16.86,58.76,32.1,52.9,74.99,92.09,82.67,65.29,90.38,95.63,76.81,,94.19,0.822,5.5,1988,2012,3.3
78017,48163,tract,79.76,83.49,0.72,78.37,62.35,97.75,94.5,65.3,65.85,70.56,88.06,85.85,52.17,,89.86,0.82,5.2,1989,2008,2.1
78019,48479,tract,74.48,82.01,3.5,84.83,80.81,69.36,61.08,66.85,42.01,52.45,84.91,37.63,88.61,,90.42,0.946,5.0,1982,1997,13.9
78021,48283,tract,71.98,83.6,3.13,82.47,72.57,93.36,71.66,57.3,44.73,63.92,84.15,57.54,71.03,,91.73,0.431,6.4,2001,2011,0.0
78022,48297,tract,69.96,68.19,6.12,87.84,55.67,96.31,72.19,58.39,42.75,67.1,81.12,46.07,52.96,,85.28,0.837,5.2,1984,2006,2.0
78023,48029,tract,59.42,19.63,20.22,44.2,11.88,32.81,62.64,28.3,34.57,70.37,82.42,34.79,70.6,,84.24,0.579,7.3,2005,2013,7.2
78024,48265,tract,91.45,72.04,25.36,58.04,2.72,58.67,57.29,80.96,93.88,78.84,87.37,95.91,98.4,,95.24,0.752,6.2,1998,2014,4.5
78025,48265,tract,90.58,75.23,25.96,57.51,2.87,60.07,60.23,81.91,94.59,80.0,88.02,96.57,97.74,,94.94,0.875,5.6,1987,2014,4.5
78026,48013,tract,43.39,70.69,11.1,70.68,35.21,58.56,61.54,62.57,52.26,70.1,88.58,67.79,35.38,,87.44,0.784,5.1,1993,2007,8.4
78027,48259,tract,91.46,44.24,58.51,53.23,25.55,69.94,45.98,93.38,93.88,90.44,97.46,96.34,96.82,,95.97,0.813,4.2,2009,2013,14.9
78028,48265,tract,76.37,75.17,28.75,56.34,4.84,61.59,57.65,79.54,93.57,80.03,86.95,95.41,88.33,,92.44,0.778,5.4,1986,2012,4.5
78029,48265,tract,91.53,89.0,25.96,60.45,4.16,71.8,74.17,87.77,97.02,90.31,91.02,98.82,97.7,,93.54,,-666666666,,,4.5
78039,48325,tract,90.57,61.07,18.46,55.23,44.01,61.04,89.0,79.72,78.52,85.57,95.76,85.89,96.52,,92.76,0.656,5.9,1996,2000,3.3
78040,48479,tract,29.32,92.74,3.89,67.38,16.58,75.61,82.78,29.8,45.08,40.61,66.57,20.51,40.68,,16.12,0.804,4.6,1971,1999,13.9
78041,48479,tract,44.84,67.68,3.89,72.18,39.97,74.71,78.82,40.33,47.84,42.32,70.28,24.57,59.02,,46.55,0.855,4.9,1989,2007,13.9
78043,48479,tract,31.58,80.99,3.89,73.01,59.35,61.64,62.28,41.19,35.41,39.39,70.79,16.08,52.58,,80.29,0.867,5.0,1994,2006,13.9
78044,48479,tract,70.89,79.15,3.89,85.05,81.23,63.67,54.5,67.34,39.32,48.6,84.66,30.48,88.28,,89.55,0.824,3.1,2005,2011,13.9
78045,48479,tract,69.38,76.32,3.89,84.45,78.24,64.87,56.67,65.77,40.21,48.53,84.07,30.37,86.48,,87.73,0.829,5.5,2004,2011,13.9
78046,48479,tract,15.71,84.25,3.89,73.03,32.49,56.32,49.55,31.46,31.07,31.36,63.75,12.31,25.13,,82.24,0.884,5.3,2001,2011,13.9
78050,48013,tract,27.82,86.32,12.99,54.2,34.11,42.53,70.36,63.28,57.55,75.29,84.15,84.86,30.81,,84.28,1.0,4.9,1975,2003,8.4
78052,48013,tract,56.68,78.9,14.3,54.54,32.12,52.75,80.9,71.36,68.29,82.27,89.85,88.73,57.87,,89.93,0.834,5.6,1997,2011,8.4
78055,48019,tract,96.73,92.16,24.19,54.76,2.89,50.69,38.73,91.76,92.62,83.05,96.68,98.34,99.42,,97.2,0.862,4.6,1992,2008,0.3
78056,48325,tract,56.23,47.24,17.59,51.53,20.98,36.74,54.8,87.69,71.63,56.94,87.16,88.47,75.92,,91.51,0.772,6.3,2006,2011,3.3
78057,48163,tract,76.33,63.55,3.4,74.47,61.47,88.95,89.5,76.56,67.99,75.53,91.07,86.13,62.33,,92.67,0.796,4.3,1989,2004,2.1
78058,48265,tract,93.46,82.23,24.24,59.69,3.4,66.13,62.65,81.2,94.99,79.18,89.04,97.46,98.64,,95.71,0.779,5.2,2005,2011,4.5
78059,48325,tract,61.62,74.69,17.59,55.26,38.63,56.54,82.02,95.14,87.72,67.79,89.49,98.3,70.23,,93.15,0.789,5.3,2001,2012,3.3
78061,48163,tract,80.71,75.13,0.62,75.52,59.81,97.13,93.77,68.07,63.85,75.18,90.46,85.29,66.72,,88.22,0.789,5.3,1981,2006,2.1
78062,48013,tract,80.2,87.72,12.99,76.61,52.57,57.99,82.08,83.92,71.84,90.68,96.07,93.28,83.24,,91.45,,-666666666,,,8.4
78063,48019,tract,59.65,64.76,24.15,46.26,8.16,42.63,31.55,87.52,83.45,76.66,88.72,95.76,74.33,,93.23,0.845,5.4,1998,2009,0.3
78064,48013,tract,59.95,75.78,14.05,68.1,41.87,52.62,78.03,75.79,66.9,84.59,92.51,88.84,60.06,,88.24,0.779,5.2,1988,2011,8.4
78065,48013,tract,57.65,83.19,12.99,56.95,35.21,59.13,85.1,72.81,72.61,87.89,89.2,94.17,57.46,,87.13,0.795,5.3,1993,2008,8.4
78066,48325,tract,53.22,48.83,17.59,49.8,29.16,40.4,61.66,90.8,75.76,62.65,86.79,91.52,71.79,,91.85,0.647,6.8,1993,1995,3.3
78067,48505,tract,79.5,99.1,0.14,82.43,6.44,99.29,55.74,40.04,54.83,38.32,86.02,30.4,68.2,,95.88,0.977,5.1,1967,1989,
78069,48013,tract,64.75,87.43,15.1,56.14,29.77,56.13,87.22,59.96,63.63,90.46,91.97,79.63,65.64,,89.36,0.807,6.0,1999,2013,8.4
78070,48091,tract,90.73,50.38,62.02,53.04,51.46,71.75,74.86,79.44,90.78,89.2,91.24,90.68,97.1,,93.41,0.781,6.4,2007,2014,53.1
78071,48297,tract,83.36,69.14,6.12,90.11,65.7,97.61,82.23,66.82,53.67,81.32,87.03,60.64,65.16,,84.26,0.83,4.5,1983,2005,2.0
78072,48311,tract,33.52,59.3,6.15,80.41,61.81,82.13,28.07,44.9,24.12,47.77,80.35,25.22,36.6,,85.89,0.858,5.4,1968,2006,
78073,48029,tract,69.65,73.62,19.78,53.4,13.24,39.05,77.98,26.27,35.47,84.56,97.39,34.55,79.96,,87.39,0.866,5.4,2001,2011,7.2
78074,48259,tract,78.75,32.94,58.51,50.07,4.02,45.99,16.96,77.46,78.76,66.28,94.88,76.48,91.61,,93.09,,-666666666,,,14.9
78075,48297,tract,86.05,69.67,6.12,90.63,65.91,98.44,85.15,68.0,55.27,83.12,87.39,62.55,66.7,,84.17,0.576,6.2,1990,2000,2.0
78076,48505,tract,78.09,98.14,0.14,81.62,6.35,99.24,55.33,39.07,54.22,37.95,85.13,29.62,66.21,,95.06,0.883,4.6,1992,2007,
78101,48029,tract,72.06,46.7,29.36,55.78,26.75,43.93,76.01,50.6,49.91,86.45,95.44,55.16,76.08,,89.72,0.825,6.2,1997,2011,7.2
78102,48025,tract,72.91,63.91,6.79,93.66,63.95,81.06,84.17,75.87,55.38,74.39,77.06,74.37,32.31,,84.13,0.837,5.4,1977,2007,1.6
78104,48025,tract,69.32,74.3,6.83,93.93,49.86,70.67,74.75,75.35,46.05,64.45,76.68,61.65,55.6,,83.9,1.0,-666666666,,,1.6
78107,48175,tract,94.85,95.77,24.01,98.4,58.46,86.2,70.1,67.71,56.13,84.91,82.31,82.9,86.15,,90.68,0.904,3.9,1994,2003,1.4
78108,48187,tract,70.54,31.08,38.36,52.85,28.2,57.42,77.07,56.25,74.54,82.74,87.18,80.5,80.32,,84.06,0.875,6.8,2008,2014,19.0
78109,48029,tract,69.75,21.1,20.58,54.58,16.72,38.33,80.65,25.7,32.59,90.16,97.1,32.32,76.95,,78.12,0.743,5.9,2008,2015,7.2
78111,48255,tract,87.41,33.18,25.06,89.9,26.06,55.07,55.52,69.75,45.89,70.78,92.17,55.67,94.76,,85.54,,-666666666,,,18.7
78112,48029,tract,67.5,74.58,20.8,55.25,14.67,41.41,85.21,24.11,33.73,91.6,97.47,36.03,75.13,,87.08,0.909,5.6,1997,2009,7.2
78113,48493,tract,86.91,70.6,26.77,79.08,41.82,57.99,73.52,77.74,65.87,83.44,94.72,80.68,92.1,,87.7,0.838,5.7,1996,2003,7.6
78114,48493,tract,78.49,66.04,37.03,64.39,35.6,51.24,70.36,68.57,66.05,77.89,91.93,78.9,88.99,,86.29,0.815,5.9,1999,2010,7.6
78116,48255,tract,87.41,33.18,25.06,89.9,26.06,55.07,55.52,69.75,45.89,70.78,92.17,55.67,94.76,,85.54,0.872,5.0,1997,2001,18.7
78117,48255,tract,88.56,44.19,25.06,90.75,32.36,60.68,61.73,72.58,51.28,75.27,92.78,62.23,94.61,,86.09,0.966,5.3,2009,2012,18.7
78118,48255,tract,90.75,80.36,23.24,92.56,52.62,78.73,81.43,80.14,66.98,88.69,94.04,81.2,91.05,,87.35,0.769,5.2,1979,2011,18.7
78119,48255,tract,80.08,84.08,16.72,92.47,55.69,78.86,81.85,74.03,58.59,78.11,85.01,74.9,75.28,,83.91,0.832,5.1,1987,2006,18.7
78121,48493,tract,79.49,58.84,39.11,56.81,38.39,58.7,78.94,75.81,75.22,87.2,92.98,87.44,87.59,,88.1,0.91,6.3,2003,2013,7.6
78122,48177,tract,96.8,90.09,13.4,92.66,45.31,93.71,84.57,95.92,80.22,94.58,98.29,97.44,98.28,,88.98,1.0,4.4,2008,2014,1.3
78123,48187,tract,98.11,75.53,39.59,53.52,27.1,55.25,71.61,60.0,76.87,79.91,87.18,81.92,99.78,,84.52,0.826,6.1,1993,2008,19.0
78124,48187,tract,73.63,39.75,37.22,53.64,26.34,54.45,73.3,54.26,71.67,80.24,88.11,75.82,85.97,,87.3,0.846,5.9,1996,2011,19.0
78125,48025,tract,69.32,74.3,6.83,93.93,49.86,70.67,74.75,75.35,46.05,64.45,76.68,61.65,55.6,,83.9,0.529,4.7,1988,2004,1.6
78130,48187,tract,83.01,35.55,50.44,52.75,46.47,63.52,76.39,66.88,82.41,84.81,88.21,86.02,90.31,,81.23,0.795,5.4,2005,2015,19.0
78132,48091,tract,83.61,30.37,64.36,52.7,50.14,67.47,75.46,74.3,88.94,86.87,90.75,85.98,92.98,,92.76,0.74,6.9,2011,2015,53.1
78133,48091,tract,82.84,63.38,64.49,50.52,47.85,64.12,72.08,70.5,86.53,83.4,88.08,83.11,94.55,,91.87,0.886,5.4,1996,2013,53.1
78140,48177,tract,95.17,78.83,21.43,87.73,43.27,81.72,79.16,91.71,77.78,92.65,97.34,92.67,98.06,,89.51,0.78,5.2,1983,2011,1.3
78141,48123,tract,93.35,83.16,28.42,94.2,40.96,81.95,72.2,76.97,60.3,84.52,90.27,81.5,95.13,,88.2,0.692,5.3,1981,2011,1.5
78142,48025,tract,69.32,74.3,6.83,93.93,49.86,70.67,74.75,75.35,46.05,64.45,76.68,61.65,55.6,,83.9,,-666666666,,,1.6
78143,48493,tract,94.93,80.05,38.95,77.01,49.47,62.21,81.59,86.66,78.11,93.64,96.78,90.49,98.81,,89.14,,-666666666,,,7.6
78144,48255,tract,87.41,33.18,25.06,89.9,26.06,55.07,55.52,69.75,45.89,70.78,92.17,55.67,94.76,,85.54,0.0,-666666666,,,18.7
78145,48025,tract,69.32,74.3,6.83,93.93,49.86,70.67,74.75,75.35,46.05,64.45,76.68,61.65,55.6,,83.9,0.778,5.6,1973,1989,1.6
78146,48025,tract,69.32,74.3,6.83,93.93,49.86,70.67,74.75,75.35,46.05,64.45,76.68,61.65,55.6,,83.9,0.934,6.5,1965,2014,1.6
78147,48493,tract,92.36,83.37,38.95,73.57,44.55,60.44,79.74,78.64,75.45,86.72,95.48,88.56,97.66,,86.06,0.727,5.2,1985,2010,7.6
78148,48029,tract,45.19,40.62,20.58,48.65,11.07,32.34,59.36,19.4,27.48,74.9,92.63,23.73,55.61,,57.27,0.588,5.4,1983,2009,7.2
78150,48029,tract,7.02,9.21,20.58,43.3,3.43,20.33,27.21,10.11,18.23,53.67,87.29,6.4,15.77,,51.72,,-666666666,,,7.2
78151,48255,tract,76.0,91.76,25.27,90.18,33.34,62.54,64.35,67.6,50.38,73.78,90.19,61.12,80.4,,83.72,0.828,4.3,1991,2007,18.7
78152,48029,tract,64.2,33.52,20.58,56.25,12.34,30.54,64.7,21.73,27.3,78.72,98.89,20.35,74.12,,90.45,0.726,5.9,2014,2015,7.2
78154,48029,tract,81.66,33.26,31.79,53.77,23.31,49.99,80.75,42.4,55.03,88.29,92.7,58.16,90.08,,80.0,0.848,6.3,2003,2013,7.2
78155,48187,tract,71.27,64.68,39.59,58.78,32.53,55.01,70.17,57.12,74.02,78.84,86.01,80.23,85.75,,84.17,0.808,5.4,1992,2012,19.0
78159,48177,tract,97.86,46.04,13.4,95.72,30.03,84.73,61.08,97.43,74.01,90.5,98.49,87.48,99.23,,94.27,0.794,5.3,1976,2007,1.3
78160,48493,tract,94.34,81.08,38.95,74.52,48.98,62.33,81.94,86.1,78.05,93.5,96.56,90.74,98.62,,88.86,0.886,5.6,1996,2010,7.6
78161,48493,tract,90.38,88.06,38.95,57.69,45.68,63.16,84.28,82.33,77.62,92.56,95.1,92.45,97.31,,86.99,0.929,6.4,2001,2013,7.6
78162,48025,tract,69.32,74.3,6.83,93.93,49.86,70.67,74.75,75.35,46.05,64.45,76.68,61.65,55.6,,83.9,0.853,6.0,1979,2003,1.6
78163,48091,tract,94.64,41.2,64.49,50.61,42.51,64.88,72.89,70.3,87.17,83.4,88.66,83.62,98.4,,93.41,0.627,6.6,2006,2014,53.1
78164,48123,tract,97.24,77.33,28.67,95.98,49.65,88.57,76.35,77.42,64.48,88.15,87.54,88.64,97.04,,90.13,0.578,6.0,1971,2008,1.5
78201,48029,tract,65.24,78.85,20.58,47.72,8.14,35.38,78.29,19.08,29.26,85.01,93.37,29.09,78.06,,3.82,0.738,4.8,1952,2004,7.2
78202,48029,tract,44.78,64.2,20.58,50.71,11.41,35.5,79.76,21.33,29.91,88.31,95.33,29.88,45.09,,0.0,0.662,4.8,1957,2012,7.2
78203,48029,tract,30.55,85.47,20.58,48.1,10.09,32.32,73.12,19.11,27.62,82.05,91.71,25.47,23.2,,4.93,0.676,4.7,1953,2004,7.2
78204,48029,tract,72.84,53.03,20.58,50.33,11.32,30.96,70.84,19.37,27.52,82.38,94.66,24.13,87.96,,15.3,0.72,4.0,1957,2002,7.2
78205,48029,tract,85.47,58.28,20.58,61.37,35.24,30.32,71.84,31.14,34.97,92.22,98.72,28.15,91.16,,0.0,0.856,2.8,1938,2021,7.2
78207,48029,tract,80.13,94.57,20.58,49.17,12.02,41.04,84.68,23.11,33.34,90.66,94.31,36.29,91.24,,9.79,0.643,4.4,1958,1999,7.2
78208,48029,tract,28.66,90.52,20.58,48.32,7.6,28.97,69.48,17.02,25.48,78.76,92.95,21.17,32.72,,23.6,0.596,4.1,1964,1999,7.2
78209,48029,tract,60.09,41.75,20.58,51.64,13.81,32.34,74.1,20.88,28.79,84.71,95.95,26.17,72.62,,33.22,0.627,4.7,1968,2013,7.2
78210,48029,tract,38.09,73.36,20.58,47.34,7.31,32.18,72.96,18.17,26.99,81.4,91.47,24.93,42.65,,23.23,0.594,5.0,1947,2003,7.2
78211,48029,tract,55.28,79.61,20.58,48.88,10.25,41.22,83.51,21.78,33.32,88.78,95.54,32.02,59.88,,59.74,0.519,4.9,1966,2000,7.2
78212,48029,tract,54.95,68.17,20.58,50.93,13.13,31.56,72.09,20.25,28.15,83.25,94.98,25.05,67.42,,12.67,0.715,4.4,1949,2008,7.2
78213,48029,tract,56.63,62.99,20.58,50.37,11.6,36.69,75.92,21.42,30.78,85.8,95.68,30.69,65.13,,24.77,0.783,4.8,1969,2008,7.2
78214,48029,tract,54.15,67.85,20.58,51.6,13.14,37.1,77.05,23.06,31.24,86.57,95.96,31.07,58.55,,57.32,0.643,5.0,1955,2001,7.2
78215,48029,tract,82.63,62.28,20.58,57.25,26.85,32.46,75.29,26.87,32.73,90.66,98.5,28.68,90.05,,12.21,0.908,2.6,2014,2005,7.2
78216,48029,tract,47.89,47.11,20.58,51.1,14.15,30.12,58.59,19.89,27.42,75.71,94.85,22.37,57.18,,34.92,0.801,4.3,1979,2007,7.2
78217,48029,tract,71.25,65.88,20.58,53.39,18.25,39.31,82.83,25.9,33.68,91.21,96.86,34.87,79.64,,44.24,0.666,4.7,1980,2011,7.2
78218,48029,tract,64.23,46.22,20.58,52.79,16.92,36.82,81.54,24.39,32.12,90.13,95.95,32.19,73.22,,50.13,0.652,5.0,1980,2011,7.2
78219,48029,tract,64.09,51.59,20.58,55.77,21.65,38.63,82.37,27.67,34.13,91.49,97.41,33.85,64.67,,62.04,0.674,5.2,1980,2009,7.2
78220,48029,tract,54.22,72.14,20.58,51.81,14.64,38.1,80.33,24.19,32.09,88.35,94.91,32.46,57.85,,58.35,0.558,5.1,1967,2003,7.2
78221,48029,tract,77.29,77.85,20.58,55.85,22.32,49.49,89.99,31.19,40.03,95.88,97.68,45.45,79.87,,82.6,0.625,5.3,1974,2007,7.2
78222,48029,tract,57.12,37.3,20.58,51.93,12.53,37.72,80.65,23.19,31.37,88.71,96.08,31.83,64.11,,80.44,0.675,5.5,1992,2012,7.2
78223,48029,tract,60.7,48.16,22.13,53.09,16.46,38.75,80.68,28.25,34.9,89.09,96.2,35.89,67.17,,79.14,0.678,5.1,1977,2008,7.2
78224,48029,tract,73.64,65.98,20.58,55.67,24.57,39.26,80.8,27.58,36.15,91.61,98.38,34.6,76.35,,82.21,0.72,5.2,1994,2007,7.2
78225,48029,tract,54.07,86.03,20.58,46.21,6.78,38.4,83.54,19.6,30.54,88.51,91.56,32.89,64.33,,18.6,0.525,5.2,1950,2003,7.2
78226,48029,tract,35.07,36.81,20.58,48.98,13.61,24.49,36.43,15.99,24.83,67.77,92.66,14.55,37.52,,43.78,0.741,4.5,1962,2001,7.2
78227,48029,tract,40.99,54.43,20.58,43.58,7.39,34.83,65.8,16.83,28.31,76.11,88.23,26.56,45.51,,55.67,0.669,5.2,1974,2004,7.2
78228,48029,tract,63.91,80.63,20.58,46.38,7.89,37.76,81.47,19.05,30.61,86.68,92.97,30.39,78.71,,19.56,0.597,5.2,1967,2003,7.2
78229,48029,tract,58.62,55.85,20.58,51.08,15.75,35.07,77.68,21.39,31.78,88.47,96.72,29.88,63.65,,33.55,0.82,3.7,1984,2013,7.2
78230,48029,tract,58.23,44.17,20.58,48.99,10.51,34.02,75.83,18.81,29.41,83.44,95.87,27.41,70.11,,36.55,0.681,5.1,1985,2011,7.2
78231,48029,tract,69.21,30.79,20.58,51.17,13.68,36.35,79.05,21.29,31.47,87.9,97.31,30.91,82.67,,45.0,0.506,5.9,1987,2010,7.2
78232,48029,tract,56.09,50.17,20.58,51.7,14.37,34.53,72.69,21.98,29.93,84.63,95.96,28.25,64.61,,40.59,0.643,5.6,1985,2010,7.2
78233,48029,tract,59.71,38.57,20.58,52.03,14.74,38.81,82.3,24.12,32.52,90.74,96.35,33.92,65.87,,49.96,0.667,5.5,1986,2010,7.2
78234,48029,tract,51.53,9.21,20.58,50.83,11.08,34.54,79.66,20.76,29.33,87.99,95.73,28.95,62.19,,53.99,0.646,6.7,1971,,7.2
78235,48029,tract,26.86,24.35,20.58,50.63,9.85,26.13,60.68,16.76,24.53,75.42,95.74,17.38,29.5,,79.2,0.873,3.0,2013,,7.2
78236,48029,tract,51.89,10.29,20.58,50.35,16.69,37.81,77.57,21.86,32.85,87.01,95.17,32.62,46.86,,74.73,0.835,5.5,2003,,7.2
78237,48029,tract,61.03,90.02,20.58,46.18,7.28,36.83,81.43,18.55,29.97,86.13,92.92,29.47,71.94,,35.01,0.66,4.8,1966,1999,7.2
78238,48029,tract,78.66,64.27,20.58,50.35,12.99,40.23,85.47,21.99,33.52,91.57,96.86,35.67,90.38,,50.67,0.666,4.8,1980,2006,7.2
78239,48029,tract,59.65,62.39,20.58,50.95,13.07,41.75,86.66,24.74,33.69,93.33,95.24,37.3,63.29,,50.12,0.673,6.1,1980,2011,7.2
78240,48029,tract,55.24,57.95,20.58,47.39,8.23,34.15,77.18,17.96,28.84,83.19,94.44,27.64,66.96,,38.33,0.776,4.3,1990,2009,7.2
78242,48029,tract,39.11,68.36,20.58,44.15,6.31,40.08,84.03,19.49,31.46,87.41,90.06,33.7,38.8,,62.94,0.693,5.1,1979,2005,7.2
78243,48029,tract,33.8,23.3,20.58,52.52,16.19,20.22,25.6,16.12,23.78,68.18,98.4,9.75,37.2,,53.92,,-666666666,,,7.2
78244,48029,tract,55.09,29.58,20.58,51.22,13.66,40.33,84.16,24.47,33.04,91.09,95.39,35.48,58.46,,71.19,0.824,5.8,2001,2014,7.2
78245,48029,tract,86.64,43.89,20.58,56.15,30.22,64.05,92.97,41.95,52.73,96.44,97.95,64.18,90.27,,81.89,0.787,5.7,2008,2015,7.2
78247,48029,tract,44.03,29.0,20.58,48.77,8.42,31.45,70.65,18.27,26.85,80.76,93.45,24.16,55.02,,56.21,0.726,5.9,1992,2011,7.2
78248,48029,tract,61.15,15.83,20.58,50.83,12.41,31.44,71.85,19.47,28.03,83.0,96.24,24.97,78.15,,42.35,0.554,6.9,1993,2010,7.2
78249,48029,tract,56.51,41.97,20.58,50.07,14.48,35.72,78.25,21.12,31.53,85.76,95.8,30.04,66.17,,51.24,0.743,5.3,2001,2011,7.2
78250,48029,tract,59.2,45.21,20.58,47.34,8.81,37.98,82.7,19.56,31.05,87.61,94.09,32.39,72.73,,32.87,0.722,5.8,1988,2007,7.2
78251,48029,tract,70.91,41.22,20.58,50.7,14.97,39.34,83.99,22.36,33.51,90.46,96.66,34.73,78.63,,64.58,0.76,5.1,2002,2011,7.2
78252,48029,tract,84.61,50.72,20.58,54.09,17.25,51.33,87.93,29.81,40.82,93.74,98.65,45.63,90.59,,90.46,0.769,5.8,2017,2020,7.2
78253,48029,tract,87.78,50.5,19.46,54.99,34.78,57.04,90.89,54.84,60.66,92.95,97.6,66.29,93.47,,90.76,0.66,6.3,2013,2016,7.2
78254,48029,tract,74.12,18.1,20.58,50.3,13.81,43.7,86.5,23.74,35.59,91.91,96.64,39.13,82.95,,74.99,0.676,6.5,2008,2015,7.2
78255,48029,tract,78.51,19.47,20.58,51.74,15.44,40.2,82.75,25.49,34.82,90.54,97.96,35.68,87.52,,89.5,0.536,7.7,2008,2015,7.2
78256,48029,tract,90.1,52.34,20.58,54.0,21.85,46.85,90.33,29.14,39.74,96.81,98.92,43.93,96.04,,79.47,0.796,4.3,2012,2013,7.2
78257,48029,tract,37.47,11.51,20.58,30.24,10.18,28.55,36.64,12.96,22.99,39.33,52.52,18.13,38.76,,61.59,0.673,3.4,2013,2017,7.2
78258,48029,tract,61.15,21.39,20.58,52.71,19.7,35.82,79.89,23.7,31.41,89.74,97.24,30.86,68.91,,71.6,0.721,6.2,2005,2013,7.2
78259,48029,tract,72.79,29.98,20.58,53.29,17.95,39.3,84.36,25.34,33.36,92.83,97.42,35.07,83.24,,79.34,0.818,6.2,2005,2011,7.2
78260,48029,tract,65.91,14.21,20.58,48.64,36.8,37.63,74.42,28.26,31.52,83.15,88.7,32.08,71.41,,78.91,0.613,7.2,2008,2015,7.2
78261,48029,tract,60.67,24.51,20.58,51.61,31.2,34.62,75.47,25.21,29.93,88.4,97.44,28.51,69.34,,90.06,0.597,6.9,2011,2016,7.2
78263,48029,tract,85.94,57.56,20.58,60.25,27.27,42.92,85.96,32.83,37.62,95.58,99.49,38.0,89.92,,93.49,0.782,5.6,1995,2007,7.2
78264,48029,tract,79.97,75.21,20.09,57.24,24.39,47.09,88.06,31.08,40.45,94.39,97.72,45.95,85.75,,91.43,0.898,5.4,1995,2007,7.2
78266,48091,tract,92.72,25.31,55.87,56.81,43.21,67.08,82.54,70.51,82.28,93.67,95.21,80.73,96.94,,91.0,0.628,8.0,2003,2011,53.1
78330,48355,tract,89.33,57.53,79.59,95.66,47.99,92.81,85.99,67.47,46.06,67.77,80.83,65.36,62.43,28.72,69.22,0.748,5.4,1958,2007,12.4
78332,48249,tract,95.52,79.5,15.16,95.53,89.94,99.8,88.62,73.37,50.34,73.54,92.36,64.13,74.87,,87.28,0.77,5.4,1978,2005,0.4
78336,48409,tract,82.09,78.86,56.94,96.27,49.87,90.71,76.9,65.16,48.59,76.86,70.53,58.99,71.41,87.74,86.14,0.825,5.0,1996,2013,14.8
78338,48261,tract,99.05,75.33,0.17,93.45,54.39,99.99,11.22,18.24,22.51,28.55,66.92,28.55,3.01,0.0,90.69,1.0,-666666666,,,
78339,48355,tract,89.67,44.92,79.59,95.63,44.6,92.51,84.21,64.94,43.84,65.04,81.15,61.9,58.96,0.0,58.87,0.932,5.1,1988,,12.4
78340,48391,tract,98.06,95.86,28.82,98.85,59.91,99.21,84.27,72.28,55.04,80.82,73.7,92.06,86.83,91.19,92.89,0.819,4.4,1988,2014,7.5
78341,48131,tract,93.99,94.07,1.62,87.3,81.46,99.84,92.66,70.2,41.19,64.83,95.15,24.61,82.51,,89.64,0.877,4.7,1977,1994,
78342,48249,tract,98.26,87.21,17.61,98.33,92.93,99.86,90.04,79.68,55.37,78.78,94.25,76.99,88.86,,87.56,0.71,5.3,1977,1989,0.4
78343,48355,tract,89.58,58.94,79.59,95.67,41.85,91.73,81.69,63.55,41.75,63.25,81.19,57.95,64.4,32.62,60.53,0.615,5.6,1978,2000,12.4
78344,48479,tract,25.76,85.34,3.89,73.07,62.91,55.3,55.52,41.19,30.3,37.57,69.37,12.81,49.98,,84.03,0.961,5.3,1970,2016,13.9
78347,48355,tract,94.23,40.02,79.59,98.13,49.13,93.18,86.35,72.58,48.67,70.71,82.8,64.41,74.93,88.62,89.18,1.0,-666666666,,,12.4
78349,48131,tract,93.99,94.07,1.62,87.3,81.46,99.84,92.66,70.2,41.19,64.83,95.15,24.61,82.51,,89.64,0.551,4.8,1976,1994,
78351,48355,tract,91.79,73.61,79.59,96.0,38.97,91.39,78.98,62.53,39.57,61.45,82.53,53.77,72.23,69.77,64.63,0.869,4.8,1965,2001,12.4
78352,48409,tract,92.49,57.19,47.89,96.18,60.92,95.87,86.48,75.95,50.15,79.78,81.2,67.23,81.81,82.08,86.43,1.0,-666666666,,,14.8
78353,48047,tract,98.33,95.86,0.95,94.28,67.19,99.97,61.5,40.53,45.82,54.22,92.68,41.73,59.2,,93.29,0.503,4.8,1981,1999,0.0
78355,48047,tract,97.78,93.16,4.03,94.69,69.91,99.94,65.47,44.78,46.58,56.29,92.03,44.86,59.79,71.2,92.75,0.583,4.5,1970,2002,0.0
78357,48131,tract,90.12,73.7,1.62,82.62,85.97,99.84,92.94,64.42,43.13,63.18,94.89,23.27,48.73,,82.0,0.975,5.3,1983,2004,
78358,48007,tract,84.21,84.9,74.9,96.43,46.17,88.81,70.42,58.94,43.42,78.54,57.24,58.87,67.36,92.03,65.48,0.605,5.2,1995,2014,18.0
78359,48409,tract,75.64,90.82,47.89,94.06,46.14,90.55,79.9,62.16,45.88,72.95,71.81,55.35,69.93,82.03,52.0,0.773,5.3,1977,2003,14.8
78360,48247,tract,98.59,97.7,0.66,84.41,75.92,99.98,63.17,42.53,50.79,52.05,89.24,27.56,92.48,,91.35,,-666666666,,,
78361,48247,tract,96.59,97.54,0.64,84.19,69.28,99.91,63.05,42.83,50.71,50.96,88.98,27.55,89.29,,91.53,0.908,4.5,1977,2005,
78362,48409,tract,86.61,68.41,47.89,96.26,55.93,94.46,88.2,63.12,53.65,75.99,70.44,60.49,66.76,91.14,83.5,0.9,5.0,1991,2011,14.8
78363,48273,tract,94.61,69.75,30.46,97.4,73.63,99.72,83.27,58.67,49.62,59.38,87.61,43.63,71.46,68.15,87.79,0.759,5.0,1975,2009,0.8
78368,48409,tract,85.88,92.45,35.45,93.51,60.27,95.87,82.86,68.57,47.27,74.72,78.49,59.69,72.65,73.77,84.71,0.725,5.1,1979,2010,14.8
78369,48479,tract,17.26,84.12,3.89,75.29,46.75,51.98,44.79,36.58,27.59,32.12,66.41,10.98,33.1,,87.43,0.65,5.1,1979,2004,13.9
78370,48409,tract,90.85,62.81,47.89,96.06,59.8,95.3,85.69,75.12,49.65,79.14,80.78,66.02,80.28,79.37,86.13,0.797,5.6,1979,2012,14.8
78371,48479,tract,25.87,85.36,3.89,73.04,63.13,55.35,55.66,41.25,30.33,37.64,69.41,12.84,50.2,,83.99,0.382,4.4,2000,2006,13.9
78372,48249,tract,90.15,57.09,14.56,94.06,87.68,99.48,84.11,70.04,47.37,73.47,90.31,59.44,51.86,,89.27,0.891,5.5,1992,2013,0.4
78373,48355,tract,69.87,64.01,79.59,94.6,21.84,64.29,31.12,46.34,26.98,54.19,64.62,30.32,61.91,94.5,86.51,0.879,4.7,1990,2012,12.4
78374,48409,tract,85.8,68.85,47.89,97.13,56.03,95.17,86.96,71.56,53.65,79.4,76.95,64.79,64.22,74.74,62.61,0.757,5.5,1987,2012,14.8
78375,48249,tract,95.41,89.79,17.61,96.89,89.17,99.82,88.4,72.11,51.58,70.89,89.2,68.83,58.88,,90.04,0.822,4.8,1977,2007,0.4
78376,48131,tract,93.99,94.07,1.62,87.3,81.46,99.84,92.66,70.2,41.19,64.83,95.15,24.61,82.51,,89.64,0.705,4.2,1984,2001,
78377,48391,tract,95.52,83.65,28.82,98.42,56.06,98.78,82.0,67.63,52.49,78.62,71.13,88.83,76.9,85.86,89.62,0.799,5.3,1968,2008,7.5
78379,48273,tract,96.79,85.21,30.46,98.42,77.43,99.8,86.33,65.53,54.28,63.3,90.33,50.33,80.58,81.59,92.9,0.787,5.0,1998,2009,0.8
78380,48355,tract,88.75,65.46,79.42,96.02,46.12,91.43,83.85,67.27,44.66,66.89,80.77,61.99,63.8,46.98,68.17,0.773,5.2,1980,2005,12.4
78382,48007,tract,69.42,88.17,74.9,93.97,31.81,78.56,52.06,43.03,34.29,63.98,46.78,42.52,54.07,94.02,81.51,0.804,5.1,1997,2015,18.0
78383,48297,tract,82.33,76.91,15.23,92.01,69.01,98.26,82.61,66.85,48.91,73.87,83.96,59.64,63.49,81.05,87.15,0.837,5.6,1995,2010,2.0
78384,48131,tract,95.24,92.78,1.84,86.9,84.95,99.89,94.28,73.92,48.18,72.02,95.83,30.21,78.23,,86.74,0.817,5.2,1975,2006,
78385,48261,tract,99.05,75.33,0.17,93.45,54.39,99.99,11.22,18.24,22.51,28.55,66.92,28.55,3.01,0.0,90.69,0.812,4.4,1956,2012,
78387,48409,tract,92.27,67.84,39.32,96.26,61.63,93.69,86.71,78.76,52.12,78.72,81.7,69.55,75.84,75.81,87.04,0.746,5.1,1975,2003,14.8
78389,48025,tract,85.7,84.33,6.83,94.35,67.18,86.63,87.05,82.29,57.65,73.99,79.5,78.56,36.29,,89.6,0.665,5.1,1985,2001,1.6
78390,48409,tract,94.53,79.46,49.98,98.52,57.54,96.19,86.5,79.52,54.48,83.74,83.05,67.08,88.42,82.65,85.99,0.667,5.8,1972,2009,14.8
78391,48025,tract,87.29,87.08,6.83,94.77,61.68,84.22,84.3,84.26,52.77,68.23,80.29,73.13,41.55,,89.43,0.235,5.4,1989,,1.6
78393,48391,tract,98.06,95.86,28.82,98.85,59.91,99.21,84.27,72.28,55.04,80.82,73.7,92.06,86.83,91.19,92.89,0.826,4.7,1978,2008,7.5
78401,48355,tract,84.07,90.94,79.59,97.38,43.29,85.62,80.44,67.91,43.82,66.83,76.16,56.97,59.13,78.4,50.97,0.886,3.7,1968,2000,12.4
78402,48355,tract,90.79,66.11,79.59,98.16,42.28,82.34,77.63,71.12,40.95,66.97,80.32,55.37,74.11,93.09,80.55,0.872,3.8,1983,2017,12.4
78404,48355,tract,74.63,79.83,79.59,94.76,48.08,90.49,86.59,62.97,49.26,67.5,66.06,63.6,47.97,43.16,12.17,0.793,5.0,1954,2008,12.4
78405,48355,tract,86.19,94.71,79.59,97.14,55.73,92.57,89.27,75.8,53.62,77.12,77.79,71.8,61.27,43.53,36.21,0.802,4.6,1971,2001,12.4
78406,48355,tract,61.18,62.07,79.59,86.1,37.19,64.2,56.48,55.12,38.55,52.97,62.88,47.29,49.32,45.96,46.28,0.891,5.0,1999,2008,12.4
78407,48355,tract,72.58,88.36,79.59,95.1,44.06,83.09,77.63,61.75,45.1,65.38,68.5,58.3,49.0,65.72,33.07,0.965,5.0,1958,2012,12.4
78408,48355,tract,82.54,84.32,79.59,96.73,48.55,88.16,84.03,68.92,47.87,70.36,74.59,63.36,59.48,56.87,43.13,0.81,4.3,1960,2003,12.4
78409,48355,tract,80.56,65.05,79.59,96.84,38.97,80.49,75.31,65.85,38.85,63.77,77.12,51.71,55.34,48.02,69.82,0.815,5.1,1984,2013,12.4
78410,48355,tract,74.64,54.32,79.59,95.09,50.34,89.44,86.52,68.94,48.44,70.5,72.85,65.97,35.26,36.34,61.8,0.827,5.2,1986,2012,12.4
78411,48355,tract,76.33,58.6,79.59,95.25,47.49,88.67,83.93,63.19,49.08,67.69,67.68,62.65,55.31,30.94,21.83,0.633,5.2,1961,2005,12.4
78412,48355,tract,68.49,59.49,79.59,93.86,46.96,88.77,84.03,60.87,48.68,66.54,63.49,62.27,44.07,63.51,32.92,0.77,4.7,1973,2010,12.4
78413,48355,tract,71.95,46.5,79.59,94.3,47.73,90.94,86.4,62.71,48.85,67.31,66.14,63.08,44.79,59.14,44.49,0.827,5.3,1986,2008,12.4
78414,48355,tract,73.24,27.13,79.59,94.45,47.72,90.57,86.22,62.41,48.83,67.15,65.69,63.15,46.29,59.97,70.1,0.899,5.2,2006,2015,12.4
78415,48355,tract,92.77,46.39,79.59,97.84,49.34,93.06,86.4,72.2,48.82,70.83,81.82,64.69,72.34,83.09,82.1,0.732,5.1,1969,2006,12.4
78416,48355,tract,70.48,85.67,79.59,93.57,48.11,90.81,86.95,61.17,49.45,67.13,62.8,63.56,48.08,15.14,26.27,0.723,5.1,1963,1994,12.4
78417,48355,tract,78.26,82.02,79.59,96.05,46.53,88.73,83.61,66.46,46.66,68.97,73.67,60.95,56.66,80.94,64.08,0.835,5.0,1986,2011,12.4
78418,48273,tract,85.04,79.27,50.06,97.03,64.04,91.98,80.3,64.78,51.6,64.69,81.22,53.93,68.77,86.96,80.34,0.776,4.9,1990,2012,0.8
78419,48355,tract,19.26,52.65,79.59,90.13,11.49,53.95,37.73,30.44,23.91,39.29,51.82,16.67,1.51,77.95,18.94,0.935,6.2,1992,,12.4
78501,48215,tract,56.61,76.56,0.42,93.14,71.82,88.14,66.21,28.57,47.22,42.27,85.16,25.86,20.02,,22.98,0.898,4.6,1986,2006,15.2
78503,48215,tract,66.43,61.18,0.42,92.9,74.0,90.26,65.91,30.76,48.1,42.39,85.27,27.06,28.34,,52.13,0.893,4.9,2000,2007,15.2
78504,48215,tract,49.92,56.2,0.42,90.95,63.9,88.2,63.48,23.87,44.6,39.92,80.33,23.3,23.7,,42.29,0.948,5.5,2000,2011,15.2
78516,48215,tract,81.64,71.73,0.42,93.63,75.19,97.55,75.46,32.51,53.09,45.63,85.85,31.63,54.69,,65.32,0.797,4.7,1998,2011,15.2
78520,48061,tract,73.24,86.61,2.6,94.96,74.07,94.49,76.05,47.31,50.59,43.87,75.05,33.09,36.91,56.6,58.06,0.89,4.7,1991,2009,12.6
78521,48061,tract,71.93,63.51,2.6,95.22,69.45,91.71,70.66,41.39,47.91,38.09,70.33,34.96,26.21,80.94,83.3,0.878,4.5,1989,2004,12.6
78526,48061,tract,72.29,78.1,2.6,95.24,71.29,92.35,67.38,41.36,45.29,38.81,72.06,32.5,30.08,82.95,85.66,0.933,5.0,2003,2011,12.6
78535,48061,tract,70.05,80.48,2.6,93.87,65.62,94.81,62.0,39.54,41.17,38.9,73.31,30.12,34.4,76.33,60.25,0.961,4.5,1976,2012,12.6
78536,48427,tract,47.98,75.27,0.09,82.29,49.26,95.98,28.69,23.01,27.98,31.27,71.04,13.86,24.12,,93.95,0.803,4.9,1983,2002,0.0
78537,48215,tract,75.61,87.72,0.42,93.08,71.83,97.57,79.95,31.56,56.9,49.35,84.17,33.96,30.72,,67.07,0.842,4.7,1997,2011,15.2
78538,48215,tract,90.46,92.23,0.42,94.89,74.08,99.48,77.28,36.36,54.91,47.88,86.4,34.22,62.97,,68.26,0.965,5.0,2000,2010,15.2
78539,48215,tract,75.75,49.27,0.42,95.53,80.58,94.52,79.83,37.65,58.34,51.03,89.96,36.97,44.18,,53.74,0.916,5.0,2001,2010,15.2
78540,48215,tract,96.76,40.48,0.42,95.63,74.87,99.93,42.02,35.39,37.31,36.14,89.95,18.09,32.59,,91.63,,-666666666,,,15.2
78541,48215,tract,91.79,62.82,0.42,94.41,72.47,99.3,64.38,34.08,48.28,43.25,86.99,27.06,34.88,,86.43,0.943,4.7,2003,2011,15.2
78542,48215,tract,90.2,62.8,0.42,95.3,76.43,99.04,64.7,36.94,51.1,46.09,88.92,30.96,44.97,,84.16,0.909,5.0,2004,2011,15.2
78543,48215,tract,74.72,72.55,0.42,93.46,72.26,97.26,77.64,29.34,53.25,46.83,85.16,32.57,31.51,,71.15,0.951,4.9,1994,2009,15.2
78545,48427,tract,74.37,99.03,0.1,78.38,15.26,99.41,62.6,25.31,46.3,34.28,74.05,22.5,47.41,,95.22,0.897,4.6,1988,1993,0.0
78547,48427,tract,53.22,80.14,0.09,63.47,47.66,98.44,54.02,18.75,35.37,33.95,60.5,11.98,32.81,,78.93,1.0,4.2,1988,,0.0
78548,48427,tract,86.17,98.89,0.09,75.76,69.59,99.74,77.0,30.55,50.22,46.04,75.32,23.7,66.49,,90.9,0.92,5.1,1988,1998,0.0
78549,48215,tract,97.89,73.73,0.42,95.31,72.72,99.95,57.68,35.93,43.09,39.33,87.57,22.54,61.71,,77.95,0.902,5.1,1994,2011,15.2
78550,48061,tract,66.0,74.66,2.6,93.1,63.18,92.27,60.02,37.95,40.11,37.65,71.61,27.75,32.98,66.22,51.44,0.879,4.7,1985,2006,12.6
78552,48061,tract,72.38,72.84,2.6,94.55,72.53,94.02,73.29,47.38,48.63,44.74,77.09,37.11,46.86,21.67,66.65,0.909,5.2,1997,2012,12.6
78557,48215,tract,64.6,40.0,0.42,92.98,75.43,95.53,67.12,28.21,47.66,40.71,85.46,26.05,22.5,,62.64,0.928,5.2,2004,2010,15.2
78558,48215,tract,80.67,80.76,0.42,93.87,73.59,98.88,78.57,30.97,54.36,47.72,85.91,33.75,36.13,,75.41,0.762,5.8,1985,2012,15.2
78559,48061,tract,57.63,78.82,2.6,92.89,64.39,91.58,64.62,38.15,41.85,38.43,70.8,28.7,19.78,0.0,63.93,0.896,5.1,1991,2006,12.6
78560,48215,tract,75.35,84.48,0.42,92.22,73.02,98.06,80.3,30.72,57.13,47.08,88.06,32.48,36.89,,83.83,0.95,5.0,1996,2010,15.2
78561,48489,tract,97.1,82.05,1.05,97.78,72.5,99.88,57.78,27.26,37.3,39.29,73.74,94.23,59.75,88.03,79.67,0.965,4.4,2007,2010,8.4
78562,48215,tract,99.26,98.99,0.42,98.0,85.88,99.98,91.26,50.85,71.3,60.74,91.51,52.49,86.9,,69.48,0.979,5.3,1991,2007,15.2
78563,48215,tract,96.37,40.75,0.42,95.52,74.66,99.9,41.91,35.29,37.23,36.1,89.8,18.06,32.52,,91.64,1.0,5.2,1987,2011,15.2
78564,48505,tract,79.5,99.1,0.14,82.43,6.44,99.29,55.74,40.04,54.83,38.32,86.02,30.4,68.2,,95.88,1.0,3.8,1958,,
78565,48215,tract,78.87,89.58,0.42,91.38,70.38,98.97,82.74,29.51,58.38,47.74,86.83,32.53,44.15,,90.59,1.0,4.6,2004,,15.2
78566,48061,tract,73.54,86.41,2.6,95.08,70.07,93.94,67.58,42.66,42.6,40.43,72.32,30.52,38.01,81.79,89.17,0.909,5.2,2001,2009,12.6
78567,48061,tract,75.57,89.7,2.6,95.11,73.56,95.36,73.05,44.22,47.63,41.52,74.66,35.25,43.0,0.0,63.69,1.0,5.2,1980,1993,12.6
78569,48489,tract,94.3,88.96,1.05,95.74,68.77,99.75,68.91,26.76,45.23,42.46,71.78,79.81,48.3,9.45,56.68,0.892,5.4,1984,1999,8.4
78570,48215,tract,87.08,92.9,0.42,94.97,75.43,99.18,83.04,34.87,59.5,50.82,84.29,39.17,38.56,,64.31,0.91,5.0,1994,2005,15.2
78572,48215,tract,72.49,74.9,0.42,93.58,73.37,94.94,73.69,29.61,51.72,45.51,85.92,29.8,41.7,,60.97,0.898,4.8,1997,2011,15.2
78573,48215,tract,49.45,59.14,0.42,90.36,61.75,89.76,63.64,24.22,46.16,41.01,78.78,25.15,20.97,,72.17,0.937,5.0,2003,2009,15.2
78574,48215,tract,72.92,83.55,0.42,93.5,72.86,96.24,81.23,31.98,57.48,49.84,85.38,35.22,25.17,,81.65,0.937,5.0,2001,2009,15.2
78575,48061,tract,76.79,79.08,2.6,95.48,76.08,94.11,73.51,46.08,48.74,42.55,76.36,33.65,50.78,35.37,79.17,0.956,5.1,1987,2010,12.6
78576,48215,tract,91.0,86.2,0.42,93.94,75.63,99.39,86.34,38.23,63.38,52.47,88.58,40.22,51.16,,88.12,0.964,5.1,2003,2009,15.2
78577,48215,tract,67.75,76.26,0.42,93.32,73.41,94.67,77.22,31.09,54.69,47.68,85.3,32.85,29.99,,48.21,0.879,4.7,2001,2010,15.2
78578,48061,tract,77.86,94.62,2.6,96.37,73.62,90.45,62.36,41.61,40.61,38.25,73.22,35.43,31.81,88.01,92.95,0.928,4.4,1991,2012,12.6
78579,48215,tract,94.36,84.29,0.42,94.26,75.55,99.86,79.4,33.2,55.79,46.1,83.77,34.96,55.7,,59.61,1.0,5.4,2001,2006,15.2
78580,48489,tract,97.6,82.68,0.98,97.44,73.82,99.91,61.8,27.62,42.25,42.56,74.67,89.83,55.89,52.89,77.82,0.807,5.0,1982,2003,8.4
78582,48427,tract,67.76,78.57,0.09,79.12,58.29,97.99,54.33,26.79,39.81,38.81,72.89,18.96,44.56,,93.27,0.914,5.0,1995,2004,0.0
78583,48061,tract,71.3,80.63,2.6,93.9,63.73,93.24,49.03,33.34,36.09,34.33,71.12,21.73,53.68,83.88,83.13,0.941,4.9,1996,2008,12.6
78584,48427,tract,74.23,97.07,0.09,75.85,18.92,99.51,67.99,18.86,44.15,33.44,68.63,19.75,41.93,,93.73,0.942,4.7,1994,2002,0.0
78585,48427,tract,72.02,99.0,0.09,76.53,19.29,99.46,65.74,18.57,42.39,32.43,68.57,18.89,37.9,,94.92,,-666666666,,,0.0
78586,48061,tract,72.21,82.59,2.6,94.52,71.51,94.76,72.95,45.01,47.87,42.72,74.69,31.3,41.87,42.83,71.23,0.893,4.9,1993,2008,12.6
78588,48427,tract,47.98,75.27,0.09,82.29,49.26,95.98,28.69,23.01,27.98,31.27,71.04,13.86,24.12,,93.95,0.97,5.3,1998,2013,0.0
78589,48215,tract,71.57,81.43,0.42,93.52,74.12,96.63,75.65,31.17,53.54,46.71,85.73,31.74,31.65,,54.54,0.875,5.2,1999,2006,15.2
78590,48489,tract,97.1,82.05,1.05,97.78,72.5,99.88,57.78,27.26,37.3,39.29,73.74,94.23,59.75,88.03,79.67,0.948,5.6,1970,2018,8.4
78591,48427,tract,47.98,75.27,0.09,82.29,49.26,95.98,28.69,23.01,27.98,31.27,71.04,13.86,24.12,,93.95,0.697,5.1,1979,2010,0.0
78592,48061,tract,62.08,94.88,2.6,92.81,61.88,95.16,69.21,37.62,43.3,37.9,67.1,27.08,22.35,0.0,55.93,0.802,4.9,1987,1995,12.6
78593,48061,tract,82.14,80.28,2.6,95.23,74.11,97.31,79.61,51.61,52.66,47.98,78.32,38.87,61.7,0.0,63.46,0.92,4.8,1991,2004,12.6
78594,48489,tract,91.34,90.39,1.05,94.29,60.52,99.83,63.47,18.81,39.56,37.97,63.82,84.66,6.41,0.0,41.84,0.917,4.2,1991,2006,8.4
78595,48215,tract,90.57,81.51,0.35,90.64,74.42,99.63,83.9,36.23,59.7,50.17,86.14,34.7,54.81,,92.27,0.966,4.9,1999,2009,15.2
78596,48215,tract,86.21,68.17,0.42,93.82,76.1,97.49,74.35,33.44,52.8,45.04,86.0,32.34,62.18,,60.58,0.9,4.7,1991,2009,15.2
78597,48061,tract,97.01,77.87,2.6,99.32,89.25,32.08,3.84,56.1,10.82,46.4,85.87,58.9,93.21,98.37,84.95,0.976,4.3,1984,2013,12.6
78598,48489,tract,97.1,82.05,1.05,97.78,72.5,99.88,57.78,27.26,37.3,39.29,73.74,94.23,59.75,88.03,79.67,1.0,4.9,1982,2015,8.4
78599,48215,tract,69.89,75.89,0.42,93.23,72.06,96.43,79.0,31.16,55.58,48.69,84.73,35.2,30.66,,68.44,0.925,5.1,2001,2008,15.2
78602,48021,tract,66.97,43.53,22.75,54.06,54.76,72.48,75.09,74.18,80.81,88.13,83.48,72.77,79.82,,82.15,0.714,5.6,2003,2014,28.1
78605,48053,tract,62.51,70.43,28.4,58.48,35.92,78.76,80.25,88.51,88.42,88.14,88.26,76.52,57.21,,95.03,0.787,5.9,2002,2014,50.8
78606,48031,tract,88.03,59.46,45.13,60.36,29.53,68.32,51.75,83.83,87.96,83.36,93.26,89.43,95.49,,93.4,0.772,5.3,1999,2012,3.2
78607,48299,tract,86.9,88.97,21.04,54.36,15.01,75.67,68.63,80.16,91.52,80.21,93.0,94.55,95.6,,94.27,1.0,3.3,1975,2013,14.7
78608,48053,tract,75.53,77.07,28.4,62.9,44.36,84.52,86.37,91.89,92.21,94.98,90.64,84.41,65.81,,95.97,0.739,5.9,2009,2007,50.8
78609,48299,tract,82.9,91.19,21.04,54.39,14.4,70.72,62.67,80.92,89.86,80.76,92.43,91.66,94.28,,92.76,0.887,5.5,1985,2013,14.7
78610,48209,tract,56.75,41.08,48.2,50.94,38.24,54.74,70.94,64.02,71.32,85.8,89.05,71.14,68.1,,88.04,0.524,5.9,2012,2015,40.6
78611,48053,tract,66.58,72.06,28.26,52.96,29.43,76.86,78.33,88.22,88.01,84.67,89.18,74.33,70.16,,94.34,0.718,5.4,1990,2012,50.8
78612,48021,tract,80.06,51.74,23.22,55.42,62.87,78.78,82.51,79.39,85.99,93.8,86.34,80.97,90.07,,87.12,0.801,5.8,2001,2012,28.1
78613,48491,tract,22.42,21.93,79.49,45.66,27.45,65.49,42.97,26.87,71.16,55.53,87.3,42.9,30.09,,63.18,0.446,5.9,2004,2013,27.6
78614,48177,tract,97.29,69.45,13.4,94.1,38.15,89.5,73.56,96.63,77.31,92.67,98.39,92.77,98.73,,91.46,0.868,4.4,2002,2015,1.3
78615,48491,tract,55.85,49.7,74.78,67.95,35.36,67.06,60.69,46.56,67.23,75.63,93.94,50.77,55.07,,84.38,0.663,6.1,2001,2009,27.6
78616,48055,tract,88.17,69.28,8.88,61.76,58.51,74.3,82.18,92.79,86.36,93.95,93.38,86.56,94.18,,88.94,0.841,5.3,1998,2014,32.0
78617,48453,tract,51.79,42.04,53.99,47.69,28.67,42.87,72.24,43.52,40.77,84.69,83.98,41.87,68.22,,83.93,0.777,5.3,2005,2013,9.1
78618,48171,tract,80.65,74.17,40.94,56.41,8.67,63.25,51.23,76.82,92.22,75.76,92.74,95.85,87.7,,95.42,0.613,5.1,1965,2005,4.1
78619,48209,tract,76.49,31.47,44.32,51.01,44.31,62.15,73.3,79.04,88.01,88.51,93.92,87.51,87.74,,93.89,0.585,7.2,2010,2014,40.6
78620,48209,tract,56.05,37.08,45.87,44.02,37.42,55.03,66.91,72.65,79.34,83.97,92.85,77.86,65.25,,93.86,0.62,6.8,2007,2014,40.6
78621,48021,tract,70.58,44.71,37.17,60.64,50.91,73.85,74.56,71.72,76.72,88.82,89.65,69.92,73.06,,85.49,0.683,5.3,2000,2012,28.1
78622,48055,tract,86.65,71.52,5.84,57.96,43.44,60.66,70.38,92.91,77.01,85.93,92.37,74.71,94.87,,87.88,0.75,5.0,1943,2002,32.0
78623,48091,tract,78.48,55.72,62.93,50.43,49.25,65.92,74.43,72.14,87.5,84.68,88.43,85.57,92.02,,93.35,0.821,6.1,2013,2017,53.1
78624,48171,tract,86.43,65.15,44.48,57.52,36.13,73.82,50.77,86.28,94.58,90.12,95.08,94.27,93.79,,95.03,0.651,5.7,1991,2010,4.1
78626,48491,tract,45.62,53.02,81.65,51.22,41.0,77.71,50.72,33.94,83.36,70.85,92.01,55.07,51.98,,86.0,0.599,5.5,2010,2016,27.6
78628,48491,tract,41.84,27.75,81.65,48.21,36.8,72.54,44.31,31.17,79.77,67.63,91.7,49.25,54.6,,89.97,0.567,6.4,2011,2016,27.6
78629,48177,tract,98.63,62.22,13.7,95.74,41.82,90.96,76.37,96.97,79.65,93.4,98.29,94.01,99.54,,90.52,0.792,5.2,1980,2007,1.3
78631,48267,tract,89.16,69.03,31.04,61.63,5.8,65.3,51.4,78.55,93.33,78.39,93.34,97.7,95.39,,96.04,0.875,5.4,2002,2013,0.3
78632,48177,tract,96.31,85.34,10.3,85.14,50.6,82.3,77.52,96.27,79.88,91.4,97.63,90.03,99.14,,86.29,0.833,6.0,1988,2006,1.3
78633,48491,tract,33.03,47.0,81.65,47.68,33.46,70.24,40.3,28.08,77.82,64.68,90.73,45.16,42.27,,90.21,0.311,6.1,2007,2014,27.6
78634,48491,tract,18.3,15.44,81.57,47.25,25.76,64.46,35.79,23.5,70.86,52.44,85.03,40.48,23.17,,79.66,0.629,6.0,2009,2015,27.6
78635,48031,tract,79.21,63.81,40.43,53.94,25.64,64.01,46.6,81.47,84.3,80.76,92.77,84.19,88.38,,92.47,1.0,4.0,1948,,3.2
78636,48031,tract,66.2,49.82,40.43,53.98,22.48,59.55,40.89,79.17,81.41,77.17,91.63,79.54,79.07,,94.01,0.781,5.1,1993,2009,3.2
78638,48187,tract,58.65,62.29,39.16,63.16,34.22,50.0,61.33,54.27,67.82,75.07,88.85,72.43,75.02,,85.18,0.858,5.5,1997,2010,19.0
78639,48299,tract,85.81,82.44,22.3,53.76,16.79,72.72,66.2,80.9,89.57,80.34,90.92,89.3,94.7,,92.83,0.901,5.2,1995,2013,14.7
78640,48209,tract,59.31,26.2,38.83,50.69,42.03,61.57,72.0,70.92,82.32,85.46,87.37,83.08,65.57,,84.99,0.562,5.7,2010,2015,40.6
78641,48453,tract,24.76,29.73,69.66,41.76,18.77,40.98,43.73,24.36,41.93,64.33,80.39,27.14,39.56,,87.35,0.439,6.2,2011,2016,9.1
78642,48491,tract,33.52,24.94,77.38,46.98,34.12,72.03,45.22,32.38,79.09,66.21,89.02,48.43,41.13,,92.9,0.592,6.3,2014,2017,27.6
78643,48299,tract,89.29,86.94,21.04,54.58,12.86,70.54,61.43,77.38,89.02,75.98,92.52,91.09,97.13,,94.11,0.825,5.4,1987,2010,14.7
78644,48055,tract,83.96,55.36,5.84,58.11,50.5,66.26,75.62,92.7,80.59,88.86,92.53,80.73,92.1,,86.74,0.716,5.2,1993,2011,32.0
78645,48453,tract,64.6,50.46,62.58,48.06,30.29,30.41,63.18,41.91,28.75,81.56,89.69,28.07,83.08,,86.35,0.774,5.9,2004,2014,9.1
78648,48055,tract,81.34,85.28,11.72,69.43,44.41,65.17,71.84,88.64,79.03,86.85,93.96,79.33,89.62,,86.19,0.747,4.8,1975,2009,32.0
78650,48021,tract,76.07,47.39,23.44,62.94,60.62,84.15,78.97,82.64,83.71,92.66,87.2,82.98,68.83,,84.75,0.855,5.4,1991,2007,28.1
78652,48453,tract,78.42,15.59,54.62,51.28,43.44,54.07,81.55,65.49,60.66,93.79,93.07,65.59,90.4,,87.41,0.61,6.5,2004,2012,9.1
78653,48453,tract,54.33,35.37,62.12,51.6,31.47,42.94,79.13,48.53,36.56,90.78,89.64,43.64,60.71,,85.43,0.653,5.8,2014,2016,9.1
78654,48053,tract,63.99,68.22,34.98,50.55,24.78,63.99,69.25,76.04,73.6,79.94,86.98,59.23,78.7,,92.55,0.876,5.4,1995,2011,50.8
78655,48055,tract,90.93,64.8,19.33,56.87,50.24,62.64,75.25,80.89,78.77,88.43,91.09,82.14,96.36,,85.41,0.785,5.4,1991,2012,32.0
78656,48055,tract,85.27,61.71,6.98,56.14,41.63,58.87,68.03,89.32,74.97,83.5,90.59,72.73,94.13,,86.14,0.713,5.2,2005,2015,32.0
78657,48299,tract,74.89,74.91,23.31,52.38,16.58,67.03,60.92,81.87,86.2,80.49,89.59,81.13,87.74,,90.91,0.921,5.7,1995,2014,14.7
78658,48177,tract,99.65,64.36,13.4,96.67,47.3,94.87,85.57,98.36,85.05,96.48,98.9,98.11,99.95,,90.65,0.282,10,2003,2014,1.3
78659,48021,tract,65.45,52.11,23.25,59.54,52.7,75.5,70.17,75.03,77.38,85.94,83.61,72.79,71.57,,83.28,0.729,5.3,2007,2014,28.1
78660,48453,tract,36.04,19.0,62.58,46.88,24.78,35.5,70.09,39.42,30.93,83.66,85.61,34.27,42.25,,74.52,0.472,5.7,2009,2014,9.1
78661,48055,tract,90.41,83.48,5.84,65.92,48.24,65.16,73.75,95.74,81.16,89.6,94.79,78.89,96.87,,88.25,0.687,5.1,1991,2005,32.0
78662,48021,tract,64.45,51.08,19.58,54.75,50.79,67.98,71.56,70.31,77.56,83.98,81.86,70.01,80.59,,85.65,0.806,5.3,1993,2005,28.1
78663,48031,tract,60.56,43.95,41.23,52.77,21.96,56.81,40.55,77.23,78.48,76.5,91.29,75.93,74.51,,94.47,0.616,5.6,2001,2010,3.2
78664,48491,tract,23.28,31.63,78.91,45.04,27.54,65.55,45.05,26.58,70.43,55.98,86.41,44.33,32.68,,55.28,0.521,5.2,1997,2011,27.6
78665,48491,tract,21.17,21.97,81.65,45.18,27.5,68.55,37.97,24.38,75.35,54.68,86.81,43.39,29.5,,72.09,0.438,6.0,2010,2015,27.6
78666,48209,tract,67.18,61.15,43.67,52.08,46.61,63.39,74.87,71.02,85.14,87.41,89.06,87.37,73.76,,87.51,0.733,4.7,1999,2012,40.6
78669,48453,tract,61.9,35.65,45.56,49.35,25.94,47.65,58.34,66.62,57.49,78.78,89.85,48.0,78.23,,92.8,0.679,6.2,2003,2013,9.1
78670,48187,tract,75.38,56.98,39.59,63.42,45.35,54.37,67.63,59.91,72.09,81.8,91.6,78.29,88.79,,87.36,0.872,5.1,1971,1998,19.0
78671,48171,tract,95.51,66.18,43.14,60.39,44.66,76.51,52.85,89.22,95.5,93.59,97.89,95.24,98.39,,96.38,0.451,5.9,1972,2014,4.1
78672,48299,tract,87.73,88.51,21.04,54.35,15.14,76.69,69.87,80.01,91.86,80.1,93.12,95.14,95.88,,94.58,0.861,4.5,1968,2013,14.7
78674,48491,tract,57.86,66.49,81.65,53.15,42.56,79.18,52.03,36.28,85.41,72.86,94.46,56.15,72.2,,89.17,1.0,4.8,2013,2013,27.6
78675,48171,tract,95.51,66.18,43.14,60.39,44.66,76.51,52.85,89.22,95.5,93.59,97.89,95.24,98.39,,96.38,0.211,6.0,1991,2016,4.1
78676,48209,tract,66.77,46.1,44.25,49.8,36.99,56.39,64.43,70.46,82.62,79.05,90.32,80.16,82.79,,92.33,0.836,5.4,2001,2012,40.6
78677,48177,tract,97.86,46.04,13.4,95.72,30.03,84.73,61.08,97.43,74.01,90.5,98.49,87.48,99.23,,94.27,1.0,-666666666,,,1.3
78681,48491,tract,32.29,18.96,81.65,46.39,30.79,71.45,42.81,27.91,78.02,56.97,88.68,46.6,43.49,,73.59,0.312,6.6,1999,2012,27.6
78701,48453,tract,43.65,34.79,62.58,51.01,38.75,26.0,47.98,48.1,28.03,79.1,92.93,17.35,60.03,,15.71,0.743,3.0,2008,2015,9.1
78702,48453,tract,35.55,33.0,62.58,44.71,22.38,32.24,63.5,35.86,28.75,78.47,83.3,29.58,45.46,,25.57,0.516,3.9,2004,2014,9.1
78703,48453,tract,30.29,16.36,62.58,45.89,23.59,28.61,58.09,35.49,26.61,76.28,85.66,24.93,42.9,,38.78,0.504,4.9,1973,2012,9.1
78704,48453,tract,17.67,23.76,62.58,42.95,16.85,27.35,54.66,29.54,24.95,72.28,80.81,22.25,25.33,,26.17,0.665,3.6,1989,2014,9.1
78705,48453,tract,33.28,35.86,62.58,47.22,28.3,33.87,68.47,41.33,31.32,82.73,85.4,30.54,36.72,,24.89,0.772,3.3,1991,2014,9.1
78712,48453,tract,52.54,39.37,62.58,54.07,46.61,37.18,68.75,56.63,36.98,87.01,93.47,33.52,59.37,,26.54,,-666666666,,,9.1
78717,48491,tract,42.43,25.36,81.65,49.27,39.07,80.87,55.71,34.15,86.38,61.59,92.57,58.81,50.27,,79.45,0.454,5.6,2008,2014,27.6
78719,48453,tract,34.76,50.94,62.58,43.37,16.87,28.62,48.61,28.03,24.61,62.24,75.82,22.65,46.81,,73.95,0.733,5.2,1997,2005,9.1
78721,48453,tract,53.5,45.06,62.58,45.66,23.75,34.24,72.5,38.22,30.02,85.08,85.01,33.71,70.72,,55.63,0.437,4.4,1985,2014,9.1
78722,48453,tract,22.67,31.42,62.58,43.96,19.76,28.68,57.7,32.46,26.04,75.17,82.29,24.71,30.49,,21.59,0.412,4.3,1958,2013,9.1
78723,48453,tract,33.59,40.17,62.58,43.45,18.61,31.84,65.06,32.98,27.9,79.12,81.36,29.3,46.09,,40.28,0.544,4.5,1983,2014,9.1
78724,48453,tract,36.37,42.57,62.58,45.22,21.71,35.27,70.76,37.13,30.37,83.41,82.3,33.99,43.09,,81.08,0.517,5.1,2007,2014,9.1
78725,48453,tract,76.04,46.35,62.58,51.1,36.53,49.08,87.43,53.95,40.65,96.48,91.71,52.42,86.94,,80.94,0.327,5.5,2010,2014,9.1
78726,48453,tract,32.61,9.64,62.58,46.2,23.68,29.05,61.29,35.94,26.92,78.2,86.38,26.01,42.77,,83.43,0.571,4.5,2002,2012,9.1
78727,48453,tract,27.74,30.7,62.94,45.26,21.67,29.79,59.9,33.87,27.61,76.52,84.89,25.7,41.9,,52.25,0.46,4.7,1994,2010,9.1
78728,48453,tract,22.4,34.86,66.72,45.05,24.85,37.23,57.99,35.1,36.3,73.38,84.52,30.57,24.1,,62.9,0.687,4.1,1996,2014,9.1
78729,48491,tract,27.67,17.52,79.43,46.1,31.95,71.5,51.5,28.65,75.78,58.91,88.17,49.34,38.17,,50.68,0.609,4.6,1994,2011,27.6
78730,48453,tract,62.29,9.21,62.58,51.53,41.2,37.37,77.39,53.56,34.76,92.1,93.69,39.2,73.93,,91.61,0.47,6.2,1998,2013,9.1
78731,48453,tract,39.09,23.06,62.58,48.11,29.07,30.51,63.52,40.85,28.58,81.32,89.21,28.43,53.43,,68.24,0.555,5.0,1980,2011,9.1
78732,48453,tract,48.09,9.21,62.58,48.92,31.97,33.29,69.86,44.33,30.69,85.51,90.36,32.75,62.86,,84.67,0.408,7.1,2005,2014,9.1
78733,48453,tract,56.77,31.16,62.58,50.95,38.89,35.67,73.53,50.99,33.3,89.61,93.13,36.48,68.16,,88.43,0.549,7.2,1994,2010,9.1
78734,48453,tract,63.89,21.9,62.58,50.47,37.3,35.16,73.42,49.45,32.73,88.9,92.44,35.81,76.99,,77.23,0.736,6.0,1999,2013,9.1
78735,48453,tract,42.14,19.93,62.58,50.05,35.6,32.45,68.8,47.3,30.93,86.49,91.83,32.15,49.71,,85.39,0.555,5.2,2004,2013,9.1
78736,48453,tract,78.54,20.49,61.98,52.28,47.98,43.81,83.07,61.55,41.14,95.46,95.54,47.91,88.39,,90.95,0.683,5.6,1996,2011,9.1
78737,48209,tract,61.98,15.6,49.58,49.65,42.88,55.86,72.33,68.01,70.78,87.3,91.55,70.74,71.67,,90.04,0.48,7.4,2008,2014,40.6
78738,48453,tract,68.87,19.42,62.58,51.27,44.16,39.81,79.63,56.84,36.85,93.38,94.8,42.34,77.74,,92.37,0.544,7.5,2011,2015,9.1
78739,48453,tract,69.46,9.47,61.17,50.69,39.15,40.64,77.06,53.54,39.08,90.88,92.64,43.68,83.98,,82.84,0.307,7.9,2003,2012,9.1
78741,48453,tract,33.91,52.49,62.58,44.21,21.68,34.94,71.18,36.74,30.16,83.78,81.7,33.7,38.64,,48.86,0.677,3.4,1996,2013,9.1
78742,48453,tract,49.18,85.05,62.58,47.94,26.82,33.64,71.44,40.46,30.0,85.32,88.3,32.96,68.43,,78.76,0.463,5.4,1982,1998,9.1
78744,48453,tract,51.27,53.31,62.58,49.9,35.91,38.16,76.46,49.14,34.56,89.6,90.03,38.96,59.39,,75.09,0.596,4.7,2005,2012,9.1
78745,48453,tract,39.77,34.93,62.58,45.66,23.74,33.55,69.4,37.82,29.64,82.94,85.07,32.35,51.23,,48.84,0.545,4.4,1984,2011,9.1
78746,48453,tract,48.97,25.52,62.58,50.77,37.94,30.52,64.55,48.6,30.25,84.73,92.88,29.45,62.85,,83.13,0.538,6.7,1988,2010,9.1
78747,48453,tract,60.38,60.8,62.58,49.36,30.89,38.09,74.16,44.73,33.33,87.75,89.33,38.05,73.75,,86.59,0.581,5.5,2008,2013,9.1
78748,48453,tract,57.68,29.04,62.58,47.87,29.75,38.49,77.36,44.51,33.39,89.45,88.48,39.53,70.89,,65.47,0.507,4.9,2004,2013,9.1
78749,48453,tract,49.59,21.26,62.58,46.99,26.74,34.08,70.92,40.35,30.33,84.72,87.42,33.38,65.86,,57.93,0.445,5.3,1993,2007,9.1
78750,48453,tract,35.59,16.31,66.77,47.47,29.77,41.59,63.74,38.99,40.59,77.92,88.63,35.43,43.92,,69.09,0.526,6.1,1986,2009,9.1
78751,48453,tract,28.95,17.33,62.58,44.75,21.65,29.74,61.92,34.7,27.26,77.95,83.49,26.75,39.66,,24.86,0.635,3.3,1980,2013,9.1
78752,48453,tract,44.06,46.08,62.58,48.89,34.37,34.82,71.38,47.49,32.48,87.54,89.34,35.1,49.22,,23.53,0.628,3.6,1983,2014,9.1
78753,48453,tract,49.54,61.51,62.58,47.56,31.53,41.31,76.48,46.52,35.54,87.96,87.22,42.34,55.0,,53.79,0.626,4.1,1993,2010,9.1
78754,48453,tract,61.58,26.75,62.58,50.74,38.78,41.47,76.65,52.45,36.78,89.83,91.88,42.89,70.97,,81.09,0.584,4.9,2009,2016,9.1
78756,48453,tract,38.89,32.53,62.58,46.42,24.17,28.77,60.99,36.27,26.9,78.23,86.67,23.61,58.86,,25.97,0.462,4.2,1970,2012,9.1
78757,48453,tract,46.1,24.73,62.58,47.97,29.44,33.73,71.58,42.6,30.57,86.1,88.8,33.01,55.52,,32.35,0.408,4.9,1967,2011,9.1
78758,48453,tract,39.61,33.32,62.58,47.2,28.17,33.54,68.14,41.38,30.39,83.43,87.39,32.43,49.64,,34.29,0.588,3.6,1987,2011,9.1
78759,48453,tract,29.42,13.1,62.8,47.42,27.66,30.94,62.86,39.46,28.92,80.32,88.12,28.23,35.86,,58.73,0.628,4.7,1985,2009,9.1
78801,48463,tract,96.78,91.36,1.91,74.02,38.48,60.76,90.92,78.89,87.36,75.02,93.4,92.53,98.6,,93.35,0.766,5.3,1983,2009,2.0
78802,48463,tract,99.17,96.09,1.64,74.84,37.9,59.94,91.16,79.44,87.07,75.16,94.06,91.87,99.92,,94.06,,-666666666,,,2.0
78827,48127,tract,80.99,98.43,1.88,76.73,61.63,80.41,98.96,42.98,45.25,57.78,73.74,85.07,62.38,,87.84,0.872,5.1,1987,2002,0.9
78828,48137,tract,95.16,93.31,8.75,68.44,3.17,72.68,50.39,73.07,92.68,67.55,90.71,96.84,98.33,,96.56,,4.0,1969,,
78829,48507,tract,78.25,93.57,1.45,67.27,34.72,73.89,83.66,40.0,40.25,48.11,80.47,60.82,79.02,,80.99,0.873,4.0,1981,2011,0.4
78830,48127,tract,80.99,98.43,1.88,76.73,61.63,80.41,98.96,42.98,45.25,57.78,73.74,85.07,62.38,,87.84,0.885,4.6,1985,2005,0.9
78832,48271,tract,70.55,89.63,1.71,61.57,3.84,75.56,77.27,55.93,78.65,56.3,95.86,92.47,68.53,,79.45,0.75,5.2,1983,2008,0.9
78833,48385,tract,96.54,94.32,10.07,68.57,3.36,75.24,54.19,73.56,92.98,68.49,90.06,97.42,98.85,,96.5,0.79,4.9,1981,2007,0.0
78834,48127,tract,82.12,85.74,1.84,74.53,58.21,82.65,98.34,41.07,47.39,58.48,72.68,84.22,61.05,,87.99,0.941,4.9,1985,2010,0.9
78836,48127,tract,80.99,98.43,1.88,76.73,61.63,80.41,98.96,42.98,45.25,57.78,73.74,85.07,62.38,,87.84,1.0,5.8,1995,,0.9
78837,48465,tract,96.89,89.23,5.52,61.37,2.72,41.19,48.29,48.61,91.1,52.64,95.11,73.64,99.6,,98.39,0.871,5.1,1985,1998,5.6
78838,48463,tract,98.99,90.47,1.64,73.07,57.9,58.11,90.92,82.41,86.68,78.72,94.45,91.34,99.89,,94.7,0.808,4.6,1992,2004,2.0
78839,48507,tract,84.81,86.49,1.46,73.86,46.38,82.67,90.65,45.34,49.18,54.84,82.3,73.67,90.1,,81.02,0.882,4.9,1976,2003,0.4
78840,48465,tract,91.55,85.05,5.52,60.2,2.77,41.18,48.83,46.9,90.43,51.73,93.67,73.59,95.82,,96.22,0.786,5.3,1983,2010,5.6
78841,48465,tract,96.89,89.23,5.52,61.37,2.72,41.19,48.29,48.61,91.1,52.64,95.11,73.64,99.6,,98.39,,-666666666,,,5.6
78842,48465,tract,96.89,89.23,5.52,61.37,2.72,41.19,48.29,48.61,91.1,52.64,95.11,73.64,99.6,,98.39,,-666666666,,,5.6
78843,48465,tract,5.38,9.21,5.52,46.7,2.03,29.27,32.89,20.87,73.25,33.89,74.42,54.0,16.39,,60.75,,-666666666,,,5.6
78850,48325,tract,77.9,68.65,17.59,55.33,10.67,37.07,45.45,83.55,69.28,55.92,90.4,81.0,90.83,,91.46,0.864,5.1,1988,2012,3.3
78851,48443,tract,20.99,77.74,1.4,39.8,6.65,21.8,38.24,72.61,47.06,30.42,60.91,72.54,49.68,,91.18,0.0,5.0,1954,,
78852,48323,tract,73.93,88.65,0.86,64.47,7.19,56.57,93.62,55.14,71.12,77.39,76.8,93.09,85.93,,82.09,0.893,5.0,1997,2008,3.7
78860,48323,tract,64.34,59.85,0.86,72.07,4.1,51.82,88.63,32.79,58.36,60.95,69.91,84.12,83.62,,79.01,,5.0,2005,,3.7
78861,48325,tract,77.13,66.52,17.59,54.85,23.34,46.1,63.99,89.28,78.64,63.37,90.98,90.65,89.98,,91.51,0.735,5.4,1990,2009,3.3
78870,48463,tract,95.11,86.08,1.64,73.43,47.02,60.03,91.85,79.76,87.24,76.24,93.46,92.56,97.65,,93.25,0.726,5.9,1991,2011,2.0
78871,48465,tract,96.89,89.23,5.52,61.37,2.72,41.19,48.29,48.61,91.1,52.64,95.11,73.64,99.6,,98.39,1.0,4.9,1966,,5.6
78872,48507,tract,56.96,80.53,1.45,65.44,36.15,78.82,88.54,39.1,42.66,51.52,78.62,67.31,45.0,,78.91,0.807,5.0,1993,2011,0.4
78873,48385,tract,99.56,96.53,13.0,68.84,3.66,80.9,62.38,74.62,93.64,70.53,88.61,98.71,99.97,,96.39,0.868,5.0,1993,2012,0.0
78877,48323,tract,92.47,96.67,0.86,65.49,7.78,58.59,94.43,57.74,73.38,77.52,77.78,94.37,97.47,,88.28,0.948,6.4,1995,2006,3.7
78879,48385,tract,99.4,94.26,10.36,69.55,19.3,75.34,68.96,76.88,91.97,72.97,90.02,96.92,99.95,,96.1,0.789,6.1,2004,2016,0.0
78880,48137,tract,87.29,87.56,1.15,67.72,2.31,57.97,28.94,70.3,90.96,62.24,94.48,93.48,95.41,,96.86,0.59,5.1,1976,2008,
78881,48463,tract,98.88,86.87,1.64,71.94,70.7,56.93,90.77,84.31,86.43,81.0,94.71,91.0,99.88,,95.11,0.914,4.6,1982,2000,2.0
78883,48019,tract,96.84,91.21,24.15,53.97,4.49,53.33,42.81,92.74,93.11,85.22,96.54,98.69,99.45,,96.69,1.0,3.8,1989,1995,0.3
78884,48019,tract,95.67,88.05,15.13,61.14,28.97,51.52,58.49,88.32,87.91,79.58,95.43,93.87,98.72,,95.87,0.705,5.2,1991,2010,0.3
78885,48019,tract,96.88,92.75,24.15,54.69,2.89,50.56,38.33,92.03,92.6,83.16,96.92,98.42,99.45,,97.25,0.846,4.4,1992,2006,0.3
78886,48325,tract,82.44,74.05,17.59,56.6,23.0,48.36,65.08,89.5,79.83,64.47,92.19,90.62,92.84,,91.95,0.971,6.4,2000,2012,3.3
78931,48015,tract,68.13,51.11,30.0,82.85,69.07,74.7,65.73,90.05,30.06,92.24,72.54,73.71,75.81,,76.85,0.686,6.0,1992,2008,24.9
78932,48477,tract,83.5,76.19,44.59,88.34,66.56,87.43,64.49,85.77,73.89,91.72,88.12,75.61,88.15,,84.13,0.608,5.3,1998,2008,8.4
78933,48089,tract,85.88,64.84,30.65,90.83,81.34,91.44,79.48,91.16,57.14,94.61,81.13,90.31,81.54,,82.8,0.536,6.1,1994,2009,3.8
78934,48089,tract,91.97,68.75,30.93,94.55,83.75,96.99,81.66,90.07,68.27,93.84,84.56,93.97,86.2,,82.09,0.652,5.8,1985,2008,3.8
78935,48089,tract,93.69,77.96,30.93,94.84,86.71,97.98,84.98,91.55,70.55,95.81,85.73,96.46,83.02,,83.18,0.607,6.2,2001,2010,3.8
78938,48149,tract,68.51,85.5,42.17,84.77,56.37,80.49,59.12,83.63,66.34,82.62,84.07,76.06,77.63,,78.05,0.642,5.0,1976,2011,1.6
78940,48149,tract,72.72,75.17,39.35,86.48,62.1,82.67,63.16,85.71,63.87,85.79,83.68,78.77,79.44,,79.25,0.595,6.1,1994,2010,1.6
78941,48149,tract,81.92,58.95,37.36,85.64,57.75,88.39,74.1,88.36,76.33,90.71,89.54,87.52,86.72,,84.11,0.801,4.9,1988,2006,1.6
78942,48287,tract,77.71,56.03,26.33,81.49,61.85,95.02,64.45,84.07,74.71,84.53,85.01,81.15,58.71,,82.56,0.685,5.9,1988,2011,3.6
78943,48089,tract,92.06,88.62,30.93,93.68,86.89,98.14,85.84,91.19,71.55,95.11,82.87,96.36,89.1,,81.04,0.728,6.9,1988,2020,3.8
78944,48015,tract,68.13,51.11,30.0,82.85,69.07,74.7,65.73,90.05,30.06,92.24,72.54,73.71,75.81,,76.85,0.836,5.8,1983,2003,24.9
78945,48149,tract,63.7,50.45,42.01,81.73,52.9,79.05,57.98,76.04,63.3,77.83,79.8,73.34,71.07,,79.54,0.675,5.6,1980,2007,1.6
78946,48287,tract,79.21,69.19,31.92,84.91,61.72,92.16,62.63,87.03,73.57,86.98,87.13,80.56,62.26,,83.86,0.595,6.1,1989,2008,3.6
78947,48287,tract,87.39,43.52,25.12,81.56,66.31,99.47,73.62,87.66,80.56,91.08,87.31,89.63,44.89,,85.48,0.755,5.8,1999,2009,3.6
78948,48287,tract,84.25,76.54,25.12,83.5,63.82,99.15,66.97,86.66,76.7,86.98,87.42,85.56,48.81,,84.08,0.726,6.1,1997,2008,3.6
78949,48149,tract,80.89,56.45,42.17,85.66,60.46,88.82,73.34,87.36,75.47,90.37,87.57,87.0,85.82,,83.54,0.802,5.3,1985,2013,1.6
78950,48015,tract,75.09,52.56,30.58,86.31,73.08,81.23,70.09,90.26,41.7,92.83,76.56,79.66,80.14,,78.51,0.743,5.8,2001,2008,24.9
78951,48089,tract,93.68,84.88,30.93,96.28,86.56,98.29,86.52,92.14,74.16,96.56,86.34,96.76,84.24,,81.82,,-666666666,,,3.8
78953,48021,tract,84.25,78.88,16.87,64.09,57.84,72.84,77.46,84.02,83.89,90.95,90.74,79.24,94.28,,86.84,0.722,4.9,1991,2010,28.1
78954,48149,tract,73.46,74.88,41.17,87.33,59.98,79.63,58.89,89.47,66.55,88.73,87.09,75.9,78.04,,82.45,0.634,6.5,1989,2010,1.6
78956,48149,tract,74.45,59.23,44.31,87.04,53.42,88.32,67.86,80.01,68.96,83.28,81.6,85.73,76.66,,77.58,0.723,5.6,1983,2004,1.6
78957,48021,tract,68.52,57.05,24.91,60.57,51.89,68.23,66.74,69.3,74.98,81.8,83.45,67.88,84.77,,81.83,0.626,5.5,1987,2012,28.1
78959,48177,tract,95.04,75.82,18.02,92.15,51.36,90.69,77.76,94.03,77.27,91.03,96.58,93.72,97.04,,84.93,0.893,4.5,1992,2007,1.3
78962,48089,tract,82.54,81.37,32.66,93.32,77.94,92.11,77.51,87.11,69.44,90.82,83.81,88.91,75.63,,80.13,0.625,5.8,1978,2007,3.8
78963,48149,tract,85.23,63.53,42.17,84.5,65.02,88.91,73.45,84.76,74.13,88.74,85.26,87.15,90.5,,82.16,0.717,5.2,1998,2008,1.6
79001,48359,tract,96.85,60.26,26.32,0.0,40.72,97.52,22.45,98.32,99.02,85.68,99.37,68.78,35.05,,96.55,0.527,6.3,1973,2007,0.6
79002,48179,tract,99.46,76.22,21.49,51.93,98.41,99.03,28.17,99.18,99.75,99.16,99.82,99.1,61.42,,99.56,0.0,-666666666,,,0.4
79003,48211,tract,98.32,68.09,4.27,50.73,98.78,96.66,23.08,99.63,98.98,99.67,95.98,84.13,54.98,,99.37,0.184,6.0,1957,2005,0.0
79005,48295,tract,96.39,60.55,0.67,41.7,94.78,91.27,13.38,97.5,97.79,89.6,89.0,75.1,51.13,,97.19,0.142,5.6,1977,2009,0.0
79007,48233,tract,71.9,52.69,28.63,0.0,86.32,94.81,22.82,87.15,96.68,85.45,94.91,77.77,24.03,,97.38,0.218,5.8,1967,2011,0.1
79008,48233,tract,83.56,39.71,28.63,0.0,91.2,98.21,29.9,93.31,98.67,95.28,97.38,89.35,44.33,,98.0,,-666666666,,,0.1
79009,48369,tract,99.95,47.27,6.14,55.58,52.17,95.2,45.71,97.72,99.45,95.22,99.56,72.35,38.66,,94.67,0.403,5.3,1974,2006,0.7
79010,48375,tract,94.96,37.76,26.05,0.0,65.36,91.78,35.05,95.88,99.36,92.45,99.58,84.51,55.13,,97.52,0.261,5.2,1983,1989,13.6
79011,48483,tract,98.42,73.45,7.81,50.15,99.03,95.48,22.98,99.61,99.0,99.52,96.87,85.85,53.74,,99.43,0.313,5.7,1978,1989,0.0
79012,48381,tract,88.13,21.77,42.39,0.0,44.87,91.93,48.86,91.75,99.22,94.69,99.24,67.01,32.91,,97.15,,-666666666,,,0.9
79013,48341,tract,86.82,70.24,1.15,0.0,79.24,98.76,23.12,95.72,99.49,97.56,98.37,90.28,19.88,,95.49,0.339,4.7,2001,2008,4.1
79014,48211,tract,97.25,59.0,1.35,49.2,97.34,95.57,19.5,97.87,97.68,94.25,92.49,75.77,45.9,,98.98,0.356,5.3,1975,2009,0.0
79015,48381,tract,96.76,32.38,42.39,0.0,55.2,97.42,57.32,96.3,99.57,98.06,99.76,74.01,77.48,,98.98,0.501,5.6,1991,2013,0.9
79016,48381,tract,82.33,40.04,42.39,0.0,58.58,87.76,56.07,96.31,99.66,98.73,99.48,75.67,36.21,,96.22,,-666666666,,,0.9
79018,48205,tract,98.83,40.7,6.91,0.0,76.12,99.31,17.19,98.85,99.65,92.56,99.41,92.45,55.49,,96.92,0.544,6.2,1973,2007,
79019,48011,tract,98.31,70.71,38.52,0.0,59.73,56.3,28.95,95.69,97.82,89.41,99.5,41.65,21.12,,97.08,0.43,5.2,1966,2008,0.5
79021,48189,tract,89.03,54.62,19.94,47.42,76.63,79.99,17.79,96.07,96.43,88.35,99.91,89.58,32.97,,93.1,0.118,4.9,1971,2007,0.9
79022,48111,tract,99.53,42.75,0.4,,87.62,99.85,9.61,99.16,99.77,84.44,98.65,98.9,68.88,,96.56,0.288,5.6,1978,2013,1.8
79024,48295,tract,95.41,70.04,0.69,37.51,93.92,88.47,15.3,97.67,97.51,89.34,87.18,76.39,47.9,,97.07,0.257,5.8,1972,2011,0.0
79025,48117,tract,99.73,42.77,1.43,0.0,53.28,99.94,39.73,99.94,99.94,98.41,99.99,72.89,55.07,,98.42,,-666666666,,,3.3
79027,48069,tract,90.57,80.23,0.76,0.4,42.98,84.65,22.13,96.46,97.91,89.16,99.62,59.72,46.35,,91.24,0.375,5.3,1965,2006,0.0
79029,48341,tract,98.2,51.63,1.14,0.0,82.87,99.39,22.64,95.79,99.5,96.87,99.19,88.82,29.77,,98.25,0.358,5.2,1974,2011,4.1
79031,48279,tract,93.2,80.26,17.28,49.12,58.59,91.52,25.71,98.48,94.57,79.63,99.91,63.93,21.33,,96.1,0.45,5.4,1963,2001,0.2
79032,48189,tract,98.41,56.81,19.94,51.67,89.95,87.48,26.37,99.03,98.99,98.3,99.99,95.89,77.57,,93.51,0.053,6.2,1973,2007,0.9
79033,48357,tract,99.17,33.55,0.59,53.6,97.2,99.24,7.9,97.01,98.55,90.28,94.16,71.36,60.2,,97.53,0.0,-666666666,,,0.7
79034,48295,tract,94.9,49.36,0.69,42.56,95.03,88.89,7.43,94.14,94.37,76.95,83.35,54.61,13.17,,97.77,0.179,5.8,1963,2007,0.0
79035,48369,tract,99.86,55.49,4.72,39.69,51.65,97.15,45.71,98.64,99.58,96.88,99.75,73.03,39.28,,94.76,0.281,5.8,1973,2010,0.7
79036,48065,tract,88.66,36.45,48.19,0.0,83.57,89.65,20.04,93.99,98.11,92.3,97.68,79.38,28.18,,98.49,0.37,5.9,1977,2010,11.0
79039,48065,tract,98.0,70.31,42.26,20.71,88.6,88.96,21.78,98.1,98.88,96.65,99.57,81.22,37.6,,98.47,0.232,5.8,1965,2002,11.0
79040,48195,tract,98.71,49.36,0.62,0.0,89.81,99.8,8.83,88.11,98.74,80.77,97.45,89.5,16.34,,94.85,0.288,6.1,1972,2011,0.2
79041,48189,tract,91.29,63.8,19.88,47.75,79.09,82.5,19.57,96.6,97.13,91.92,99.92,90.89,40.13,,92.82,0.226,5.5,1967,2004,0.9
79042,48381,tract,97.42,58.39,23.36,12.36,55.88,87.68,42.86,97.61,99.03,94.8,99.85,65.5,63.75,,98.4,0.348,6.5,1960,2012,0.9
79043,48069,tract,91.37,81.93,3.97,9.28,50.0,88.46,21.59,96.07,97.6,90.51,99.64,66.76,55.78,,89.22,0.421,5.8,1963,2006,0.0
79044,48205,tract,99.55,30.2,0.76,,83.86,99.93,16.28,99.92,99.92,94.32,99.49,99.43,70.28,,96.68,0.092,7.1,1975,2003,
79045,48117,tract,98.74,49.14,1.3,0.0,50.6,96.05,37.23,99.56,99.67,96.32,99.97,68.67,52.56,,97.93,0.313,5.7,1971,2010,3.3
79046,48295,tract,95.25,48.0,0.69,44.44,95.64,90.1,8.29,94.33,94.49,78.05,84.29,54.95,13.55,,98.07,0.199,6.1,1974,2008,0.0
79051,48111,tract,99.57,51.86,0.14,,90.37,99.82,4.63,98.6,99.67,77.11,98.04,98.5,67.8,,96.5,0.0,7.0,1963,,1.8
79052,48437,tract,88.69,60.1,3.2,54.96,67.8,71.78,19.05,99.28,95.74,88.24,99.77,52.43,33.77,,94.78,0.349,5.6,1964,2011,0.0
79053,48369,tract,99.95,47.27,6.14,55.58,52.17,95.2,45.71,97.72,99.45,95.22,99.56,72.35,38.66,,94.67,0.68,5.2,1968,,0.7
79054,48179,tract,99.46,76.22,21.49,51.93,98.41,99.03,28.17,99.18,99.75,99.16,99.82,99.1,61.42,,99.56,0.303,5.6,1962,2009,0.4
79056,48295,tract,94.81,45.83,0.69,43.42,95.21,88.96,6.09,93.54,93.84,74.84,82.7,50.9,7.25,,97.89,0.562,5.0,1947,2013,0.0
79057,48179,tract,98.01,78.47,15.07,48.0,95.2,93.47,27.11,98.66,98.02,95.43,99.11,83.44,42.5,,98.76,0.284,5.3,1953,2009,0.4
79058,48341,tract,96.17,33.63,14.63,0.0,79.84,92.99,37.55,95.58,99.68,97.84,99.68,91.09,56.02,,98.48,,-666666666,,,4.1
79059,48393,tract,88.63,42.53,22.42,34.68,82.42,80.04,7.13,80.0,88.97,69.59,86.81,56.05,11.47,,97.75,0.208,5.5,1964,2006,
79061,48483,tract,98.69,83.21,15.34,49.29,99.42,93.69,23.26,99.54,99.12,99.23,98.72,90.1,52.24,,99.54,0.193,6.1,1956,2003,0.0
79062,48233,tract,99.06,86.45,23.79,0.0,90.54,99.04,30.81,94.9,98.95,94.97,97.83,91.18,44.1,,98.03,0.139,6.4,1960,2014,0.1
79063,48069,tract,91.18,81.1,0.63,0.0,42.13,84.83,20.08,95.92,97.71,88.85,99.65,59.16,50.96,,91.03,0.307,6.5,1982,2006,0.0
79064,48279,tract,95.55,86.92,18.88,50.47,78.45,94.34,35.07,99.31,97.83,93.81,99.93,85.11,58.27,,87.43,0.286,5.2,1963,2004,0.2
79065,48179,tract,95.94,67.4,21.73,47.09,94.27,94.09,22.63,94.27,97.01,91.6,96.48,88.25,48.2,,98.98,0.28,5.4,1962,2012,0.4
79066,48179,tract,99.46,76.22,21.49,51.93,98.41,99.03,28.17,99.18,99.75,99.16,99.82,99.1,61.42,,99.56,0.0,-666666666,,,0.4
79068,48065,tract,96.45,36.51,59.57,0.0,84.64,87.81,19.98,98.16,98.99,97.24,99.35,81.17,31.43,,98.41,0.3,5.3,1959,2009,11.0
79070,48357,tract,97.76,34.33,2.47,51.48,95.73,97.22,7.75,95.31,97.57,88.06,93.2,69.58,54.41,,97.35,0.285,5.3,1976,2011,0.7
79072,48189,tract,94.77,57.2,19.94,49.54,87.44,85.42,24.63,97.61,98.25,95.87,99.96,93.77,70.18,,92.71,0.405,5.3,1970,2008,0.9
79073,48189,tract,87.74,49.07,19.94,47.24,75.25,78.93,17.35,95.87,96.03,86.22,99.9,88.61,29.87,,93.33,,-666666666,,,0.9
79078,48233,tract,74.3,62.93,28.63,0.0,82.86,93.67,17.74,84.19,95.73,80.1,93.64,72.24,21.39,,98.69,0.473,5.6,1977,2001,0.1
79079,48483,tract,96.21,75.98,9.1,41.95,98.49,86.57,25.56,99.49,98.42,98.21,97.46,82.32,42.26,,98.14,0.382,5.8,1967,2009,0.0
79080,48233,tract,66.98,52.43,33.0,0.0,80.7,90.45,11.3,81.78,94.86,76.37,92.72,65.5,11.21,,98.53,0.226,5.6,1956,2001,0.1
79081,48195,tract,97.5,59.88,4.97,6.05,94.17,98.4,16.63,92.4,98.39,88.53,96.74,87.51,28.11,,95.24,0.274,5.9,1971,2011,0.2
79082,48279,tract,94.08,84.01,18.5,52.14,64.86,93.13,29.84,98.96,95.16,83.23,99.94,68.57,31.33,,91.25,0.309,6.5,1958,1990,0.2
79083,48233,tract,96.55,72.7,20.83,0.0,80.02,97.23,25.24,91.04,98.12,90.23,96.92,82.01,34.53,,97.3,0.51,6.3,1965,2006,0.1
79084,48421,tract,99.49,55.01,0.57,,83.91,99.9,9.17,88.89,99.55,81.27,98.02,98.88,18.76,,95.75,0.356,5.7,1964,2006,10.1
79085,48069,tract,94.76,80.7,0.63,0.0,37.09,76.35,24.42,97.82,98.29,85.62,99.96,46.51,40.65,,96.45,,-666666666,,,0.0
79086,48421,tract,96.46,47.69,0.82,0.0,76.07,97.79,10.37,87.75,98.62,82.76,97.24,87.19,14.75,,95.46,0.299,5.9,1971,2007,10.1
79087,48111,tract,99.57,51.86,0.14,,90.37,99.82,4.63,98.6,99.67,77.11,98.04,98.5,67.8,,96.5,0.268,6.0,1979,2010,1.8
79088,48437,tract,95.75,78.55,3.03,53.18,68.99,81.86,35.31,98.23,97.3,94.02,99.72,66.11,50.03,,97.62,0.301,5.6,1961,2012,0.0
79091,48381,tract,98.67,32.55,42.39,0.0,56.29,98.47,58.6,96.82,99.63,98.44,99.85,75.04,82.34,,99.35,,-666666666,,,0.9
79092,48359,tract,96.03,65.25,33.41,0.0,37.14,96.83,17.53,97.86,98.76,82.05,99.2,67.61,29.35,,96.02,0.353,6.2,1968,2009,0.6
79093,48357,tract,99.17,33.55,0.59,53.6,97.2,99.24,7.9,97.01,98.55,90.28,94.16,71.36,60.2,,97.53,0.257,5.0,1984,2005,0.7
79094,48011,tract,98.4,70.67,38.4,0.0,59.77,55.22,28.04,95.67,97.77,89.13,99.5,40.59,19.23,,97.02,0.0,5.1,1938,,0.5
79095,48087,tract,98.8,70.46,1.85,42.99,98.2,85.06,35.41,99.79,98.09,96.86,98.89,77.31,47.23,,97.02,0.428,5.2,1961,2009,0.4
79096,48483,tract,98.62,83.91,14.73,49.03,99.52,93.16,22.77,99.57,99.06,99.23,98.61,89.2,51.33,,99.54,0.367,6.0,1974,2006,0.0
79097,48065,tract,97.1,67.27,57.91,2.7,86.68,87.28,16.39,97.81,98.8,96.82,99.42,77.39,27.25,,98.03,0.401,5.2,1956,2010,11.0
79098,48117,tract,96.28,48.98,21.87,0.0,45.56,97.17,31.56,97.71,99.31,90.74,99.53,70.13,40.86,,97.19,0.407,6.1,1968,1998,3.3
79101,48375,tract,84.6,87.78,20.64,0.0,81.18,81.57,31.4,95.08,99.58,97.96,99.82,85.26,23.72,,31.86,0.547,3.8,1947,2012,13.6
79102,48375,tract,75.49,67.39,20.64,0.0,73.85,82.07,32.41,93.27,99.35,96.59,99.63,84.97,18.54,,32.72,0.39,5.1,1954,2007,13.6
79103,48375,tract,72.6,69.23,31.51,0.0,58.82,87.75,49.93,93.11,99.38,96.87,98.83,81.75,26.51,,88.21,0.253,5.3,1966,2006,13.6
79104,48375,tract,79.15,89.76,20.64,0.0,73.34,88.41,46.89,94.82,99.55,97.69,99.64,90.74,13.42,,85.78,0.269,4.9,1959,2009,13.6
79106,48375,tract,62.04,71.76,22.74,0.0,63.21,80.57,34.8,89.65,98.64,92.1,98.64,79.36,22.38,,59.92,0.32,4.9,1963,2009,13.6
79107,48375,tract,67.46,58.62,20.64,0.0,64.23,85.23,40.59,91.66,99.01,94.6,98.88,86.8,10.56,,86.41,0.305,4.9,1959,2006,13.6
79108,48375,tract,90.38,30.39,21.13,0.0,75.49,88.68,42.16,94.46,99.55,97.16,99.69,90.24,55.25,,98.04,0.475,5.7,1978,2008,13.6
79109,48381,tract,54.76,47.94,37.88,0.0,47.05,77.3,39.21,88.06,98.37,91.23,97.96,63.37,19.68,,35.01,0.324,5.4,1973,2010,0.9
79110,48381,tract,59.14,50.27,42.39,0.0,45.6,83.25,49.36,89.92,98.86,94.05,97.29,67.12,28.94,,67.62,0.241,5.2,1972,2011,0.9
79111,48375,tract,71.76,62.96,20.64,0.0,70.24,59.02,30.41,84.92,96.92,85.96,99.65,57.92,7.15,,97.52,0.197,5.3,1957,,13.6
79118,48381,tract,90.61,55.0,40.97,0.0,57.83,91.0,57.05,95.78,99.6,98.42,99.47,76.18,61.5,,98.28,0.54,5.5,2005,2014,0.9
79119,48381,tract,86.08,22.37,42.39,0.0,45.77,91.02,49.12,92.0,99.23,94.99,99.2,67.36,34.03,,96.63,0.507,5.8,2011,2016,0.9
79121,48381,tract,56.54,38.36,38.89,0.0,47.39,78.17,38.24,89.12,98.47,92.12,97.76,61.8,25.86,,14.73,0.309,6.2,1983,2013,0.9
79124,48375,tract,93.84,28.82,21.17,0.0,77.24,89.88,44.15,95.18,99.67,97.8,99.78,91.13,65.75,,98.0,0.369,6.5,2002,2014,13.6
79201,48075,tract,91.72,64.98,14.73,42.7,90.84,59.42,38.5,98.96,89.23,72.83,98.42,49.29,18.2,,94.83,0.434,5.2,1964,2005,0.0
79220,48125,tract,95.98,91.37,13.39,42.61,75.01,79.65,34.0,98.42,71.74,73.53,99.29,57.73,25.06,,97.15,0.42,4.4,1973,2003,
79223,48101,tract,95.43,93.98,8.16,46.57,89.48,28.98,35.73,98.91,79.64,72.1,98.42,54.23,18.51,,94.57,0.364,-666666666,,,0.0
79225,48197,tract,93.8,92.45,22.34,49.92,96.98,69.52,88.14,99.49,89.41,95.9,98.55,44.38,46.34,,94.16,0.272,5.2,1949,2010,0.3
79226,48129,tract,97.86,75.13,16.86,35.33,76.7,78.8,34.28,96.07,95.48,87.53,99.49,56.46,19.53,,97.35,0.306,4.9,1973,2009,1.4
79227,48155,tract,86.87,81.77,19.22,45.8,69.05,26.78,55.99,99.41,67.83,73.28,96.32,17.9,17.05,,89.71,0.308,5.1,1959,2001,
79229,48125,tract,95.98,91.37,13.39,42.61,75.01,79.65,34.0,98.42,71.74,73.53,99.29,57.73,25.06,,97.15,0.397,5.1,1974,2004,
79230,48075,tract,93.49,52.77,15.66,41.37,92.97,71.52,30.97,99.74,92.62,77.19,98.33,53.54,21.44,,94.9,0.0,5.4,1938,2000,0.0
79231,48153,tract,95.76,77.64,29.35,50.05,84.03,85.16,29.63,99.09,98.16,96.57,99.94,84.55,55.97,,93.73,0.0,-666666666,,,0.2
79233,48191,tract,99.29,89.3,0.99,47.74,96.11,72.62,75.88,99.94,98.28,95.9,99.66,74.58,47.9,,96.82,0.348,4.8,1938,2007,0.0
79234,48345,tract,81.98,80.14,10.67,41.13,87.28,67.31,29.43,94.69,90.09,71.05,98.63,45.46,28.88,,97.42,0.75,5.6,1954,1989,
79235,48153,tract,93.9,78.93,26.62,48.92,84.11,82.51,28.37,98.85,95.95,94.61,99.82,78.16,52.73,,94.02,0.35,5.4,1964,2010,0.2
79236,48269,tract,14.37,91.2,22.25,39.93,24.76,26.28,4.96,82.3,36.66,41.21,93.83,9.64,6.62,,93.16,0.327,5.0,1971,1989,
79237,48129,tract,98.15,82.92,9.67,47.78,89.5,91.24,28.27,97.61,95.72,89.32,99.62,64.86,21.7,,98.12,0.416,5.0,1964,2002,1.4
79239,48191,tract,99.29,89.3,0.99,47.74,96.11,72.62,75.88,99.94,98.28,95.9,99.66,74.58,47.9,,96.82,0.522,5.3,1951,1998,0.0
79240,48129,tract,98.15,82.92,9.67,47.78,89.5,91.24,28.27,97.61,95.72,89.32,99.62,64.86,21.7,,98.12,0.0,4.2,1958,,1.4
79241,48153,tract,94.11,73.47,29.15,50.84,85.92,75.86,18.89,98.85,96.85,93.92,99.92,73.98,63.83,,95.54,0.494,5.8,1959,2006,0.2
79243,48125,tract,91.54,93.66,11.0,41.76,76.83,78.14,32.31,98.55,73.89,79.11,99.28,52.52,23.7,,96.0,0.4,10,1960,1990,
79244,48345,tract,79.25,81.69,6.44,38.92,87.53,65.5,31.98,93.76,88.57,65.89,98.34,39.11,20.78,,97.82,0.595,4.8,1961,2012,
79245,48191,tract,96.38,71.63,8.61,44.77,94.19,72.38,53.15,99.75,95.37,86.3,99.03,63.62,33.68,,95.92,0.325,5.7,1962,2011,0.0
79247,48487,tract,98.82,86.24,54.43,50.11,92.36,70.1,84.94,98.2,78.51,90.7,98.08,21.48,24.24,,93.35,0.4,4.5,1938,2005,0.7
79248,48101,tract,77.1,91.25,12.0,44.72,73.15,28.96,30.74,95.46,68.76,65.65,97.15,40.9,15.49,,93.83,0.369,5.0,1959,2006,0.0
79250,48189,tract,72.46,69.2,23.08,40.43,71.07,67.54,13.53,90.63,88.59,77.87,99.63,64.3,25.05,,87.7,0.369,5.5,1963,2010,0.9
79251,48087,tract,99.09,71.42,1.09,43.08,98.48,85.8,35.66,99.79,98.39,97.94,98.92,78.61,48.65,,97.14,0.0,6.4,1957,1989,0.4
79252,48197,tract,92.39,94.3,12.6,49.76,98.08,68.04,87.36,99.85,92.24,96.63,98.68,51.33,51.83,,94.41,0.347,5.0,1963,2010,0.3
79255,48045,tract,95.39,55.29,16.35,43.24,58.41,68.9,53.03,91.81,91.47,79.19,99.17,50.79,20.65,,95.1,0.304,5.7,1965,2004,
79256,48345,tract,81.94,83.24,7.56,39.51,85.52,67.78,32.31,94.51,85.86,67.12,98.5,42.1,21.47,,97.71,0.431,4.4,1957,2001,
79257,48045,tract,96.79,47.96,12.72,41.59,47.98,67.21,64.34,89.72,90.16,75.9,99.02,44.63,7.4,,94.73,0.43,5.6,1963,2004,
79258,48153,tract,94.05,73.29,29.35,50.84,86.19,75.29,18.18,98.83,96.77,93.79,99.92,73.47,64.62,,95.66,1.0,-666666666,,,0.2
79259,48191,tract,97.34,78.88,5.97,46.1,94.78,70.77,65.12,99.89,96.34,89.31,99.29,66.97,38.81,,96.13,0.0,5.0,1938,,0.0
79261,48191,tract,99.29,89.3,0.99,47.74,96.11,72.62,75.88,99.94,98.28,95.9,99.66,74.58,47.9,,96.82,0.467,4.8,1957,2007,0.0
79311,48189,tract,89.3,50.89,26.44,44.08,72.18,75.02,16.52,95.13,92.25,83.2,99.87,72.9,31.13,,92.03,0.381,5.7,1967,2011,0.9
79312,48279,tract,93.21,89.98,18.5,49.92,68.14,95.98,34.51,99.36,96.67,86.85,99.87,76.84,36.86,,95.12,0.491,5.3,1964,2007,0.2
79313,48219,tract,68.62,57.68,16.65,40.19,62.14,74.51,21.86,92.43,89.57,79.13,99.51,55.32,18.89,,90.17,0.431,5.9,1964,2005,0.4
79314,48079,tract,96.47,79.47,0.77,48.7,50.49,86.77,22.79,98.45,95.87,83.32,99.89,54.24,26.84,,95.91,0.684,5.7,1959,1998,0.0
79316,48445,tract,97.33,46.11,1.44,50.6,58.3,98.97,33.26,97.56,91.4,80.33,99.83,55.09,43.34,,91.28,0.385,5.3,1965,2012,0.4
79322,48107,tract,82.89,97.25,6.44,40.15,80.61,75.08,28.91,98.79,77.68,89.75,99.28,42.32,20.63,,93.07,0.386,5.5,1965,2012,0.5
79323,48165,tract,96.33,77.94,0.34,50.01,77.06,99.32,71.58,98.86,95.89,84.3,99.64,92.16,83.46,,97.71,0.59,5.5,1978,2011,1.5
79324,48017,tract,99.09,98.92,0.73,58.69,61.61,97.86,70.45,99.83,98.96,94.93,99.95,76.94,68.89,,98.53,0.0,-666666666,,,1.0
79325,48369,tract,99.92,49.53,5.9,55.72,52.58,95.31,46.8,97.82,99.43,95.21,99.58,72.55,39.99,,94.84,0.489,5.7,1974,2009,0.7
79326,48279,tract,95.06,96.6,18.5,50.38,75.22,97.24,38.9,99.63,97.56,92.6,99.92,81.6,54.71,,85.32,0.8,-666666666,,,0.2
79329,48303,tract,98.46,81.19,44.93,40.44,73.88,67.17,15.44,98.21,87.96,80.63,99.9,32.69,55.21,,85.11,0.35,5.6,1974,2008,18.0
79330,48169,tract,96.12,78.21,0.45,38.79,74.84,69.15,39.32,98.01,90.99,90.77,99.33,49.13,27.77,,97.55,0.76,5.5,2002,,3.2
79331,48115,tract,90.24,74.44,17.68,50.59,42.78,82.16,32.75,97.06,77.51,73.66,99.4,37.87,41.7,,92.0,0.339,5.5,1963,2011,0.1
79336,48219,tract,81.02,36.71,14.45,40.53,64.43,71.65,22.18,93.71,91.7,86.79,99.68,52.05,40.03,,93.46,0.373,5.2,1977,2010,0.4
79339,48279,tract,88.28,59.26,17.42,45.64,69.17,89.87,31.55,98.1,95.25,86.67,99.8,71.02,37.0,,94.5,0.374,5.3,1967,2004,0.2
79342,48165,tract,80.06,40.34,0.16,47.34,59.72,96.25,46.03,95.55,82.49,61.84,99.44,70.84,38.67,,89.46,0.66,6.5,1981,2005,1.5
79343,48107,tract,78.37,90.49,20.3,38.96,77.31,66.02,17.97,97.31,72.09,81.29,99.07,31.5,25.18,,80.04,0.446,5.6,1964,2002,0.5
79344,48017,tract,99.12,98.95,0.63,58.74,61.58,97.87,70.66,99.83,98.97,94.99,99.95,76.94,69.1,,98.54,,-666666666,,,1.0
79345,48445,tract,96.84,43.82,2.63,50.6,57.65,96.53,30.85,97.62,89.99,79.37,99.96,52.38,41.69,,91.81,0.3,6.1,1964,2005,0.4
79346,48079,tract,96.64,80.72,0.76,49.34,51.2,87.48,25.86,98.54,96.07,84.07,99.89,55.7,29.55,,96.07,0.37,5.3,1969,2008,0.0
79347,48017,tract,98.23,88.45,2.2,55.98,59.13,96.81,63.27,99.26,98.71,93.83,99.84,74.92,61.18,,97.56,0.331,5.4,1968,2008,1.0
79350,48303,tract,97.97,82.98,44.93,32.68,77.62,63.97,11.35,98.04,89.65,80.99,99.7,31.56,27.22,,89.62,0.559,5.8,1984,2001,18.0
79351,48115,tract,87.95,71.52,15.08,46.23,39.56,64.93,20.27,95.98,72.06,66.49,99.46,27.27,21.44,,93.15,0.372,5.4,1956,2000,0.1
79353,48219,tract,92.58,26.51,14.79,42.86,70.82,76.54,25.24,96.43,93.91,91.91,99.91,56.12,50.97,,95.02,0.0,5.2,1972,2011,0.4
79355,48501,tract,96.92,93.71,0.59,50.43,51.64,98.2,42.76,97.99,94.76,77.2,99.74,71.9,72.18,,97.51,0.493,5.4,1981,2008,11.7
79356,48169,tract,90.85,77.16,3.28,39.13,74.65,67.65,34.47,98.09,86.08,88.57,99.27,45.26,23.32,,94.5,0.511,5.2,1969,2009,3.2
79357,48107,tract,77.0,86.81,6.44,39.65,84.08,70.29,24.45,98.03,70.33,87.54,99.09,36.14,10.91,,79.57,0.379,5.3,1961,2008,0.5
79358,48219,tract,53.51,30.87,16.67,34.56,38.73,54.67,9.72,83.41,78.32,64.9,99.26,30.35,7.2,,82.81,0.565,6.1,1984,2011,0.4
79359,48165,tract,87.13,52.01,0.45,48.11,62.65,97.49,50.4,96.78,87.77,71.69,99.55,74.52,54.41,,91.94,0.617,5.5,1969,2001,1.5
79360,48165,tract,96.06,79.21,0.16,51.19,81.73,99.35,75.95,98.87,94.74,82.04,99.72,93.17,72.84,,98.32,0.751,5.5,1988,2012,1.5
79363,48303,tract,95.32,36.69,40.03,41.04,76.09,79.79,26.51,97.45,91.59,90.99,99.75,46.54,56.99,,93.55,0.498,5.7,1995,2013,18.0
79364,48303,tract,93.86,61.42,35.04,37.94,75.44,75.91,27.07,98.63,87.87,88.56,99.7,44.78,49.82,,91.78,0.38,5.6,1965,2007,18.0
79366,48303,tract,99.69,59.92,44.93,37.14,78.92,83.24,29.9,98.8,93.69,92.52,99.9,49.42,70.84,,93.98,0.218,6.4,1989,2012,18.0
79367,48219,tract,92.58,26.51,14.79,42.86,70.82,76.54,25.24,96.43,93.91,91.91,99.91,56.12,50.97,,95.02,0.571,5.1,1983,2005,0.4
79369,48279,tract,88.29,69.48,18.5,45.4,71.38,96.94,36.21,99.46,96.61,87.56,99.75,80.0,39.13,,94.08,0.0,5.8,1957,2003,0.2
79370,48125,tract,86.3,85.96,17.07,40.94,68.64,71.45,28.45,95.9,70.18,72.28,98.43,47.34,20.69,,96.41,0.428,5.4,1962,2010,
79371,48017,tract,96.82,96.51,8.17,55.46,63.54,97.07,55.13,99.62,98.02,90.98,99.93,76.68,53.48,,98.22,0.558,5.6,1970,2011,1.0
79372,48219,tract,39.7,71.03,14.79,32.35,43.82,54.4,11.26,84.64,85.87,70.68,98.82,38.41,4.83,,92.87,0.528,5.5,1986,2007,0.4
79373,48305,tract,81.2,53.39,22.22,42.98,54.03,51.23,13.31,99.2,69.72,70.88,99.71,28.33,7.68,,89.13,0.583,5.4,1967,2010,0.4
79376,48501,tract,97.01,81.67,0.81,50.71,51.88,98.3,38.31,97.79,93.6,76.98,99.8,65.91,63.38,,96.08,0.0,4.0,1964,,11.7
79377,48115,tract,93.77,75.1,20.12,53.01,48.75,90.67,32.66,99.26,81.94,76.87,99.77,37.28,45.66,,92.85,0.222,5.6,1967,2003,0.1
79378,48445,tract,97.62,44.28,1.44,51.05,57.34,98.92,31.74,97.52,91.1,79.53,99.97,53.59,43.57,,91.97,0.312,5.2,1965,2011,0.4
79379,48079,tract,96.47,79.47,0.77,48.7,50.49,86.77,22.79,98.45,95.87,83.32,99.89,54.24,26.84,,95.91,0.417,5.2,1978,2009,0.0
79380,48219,tract,92.58,26.51,14.79,42.86,70.82,76.54,25.24,96.43,93.91,91.91,99.91,56.12,50.97,,95.02,0.188,5.3,1959,1997,0.4
79381,48305,tract,83.85,36.18,22.22,43.1,62.75,56.85,16.14,99.29,71.64,76.63,99.75,32.27,10.45,,89.08,0.442,5.7,1976,2014,0.4
79382,48303,tract,78.71,40.69,43.21,30.8,49.61,61.9,11.94,88.78,77.04,68.46,98.2,26.83,18.12,,86.2,0.665,6.0,2001,2014,18.0
79383,48305,tract,83.85,36.18,22.22,43.1,62.75,56.85,16.14,99.29,71.64,76.63,99.75,32.27,10.45,,89.08,0.125,6.0,1968,1989,0.4
79401,48303,tract,64.8,74.47,44.93,30.8,78.65,73.77,18.92,96.42,90.66,88.13,97.75,40.54,52.2,,33.59,0.787,3.5,1986,2001,18.0
79402,48303,tract,82.46,84.35,44.93,33.5,88.45,76.91,20.61,99.53,96.05,93.99,99.63,45.66,67.63,,41.94,,-666666666,,,18.0
79403,48303,tract,89.26,71.43,44.93,32.96,70.84,67.86,15.92,94.89,85.83,79.8,98.24,33.48,33.93,,86.8,0.464,5.2,1969,2001,18.0
79404,48303,tract,91.64,74.95,44.93,33.33,82.52,76.56,20.94,98.91,94.21,90.85,99.56,44.61,50.8,,88.07,0.511,4.8,1970,2008,18.0
79406,48303,tract,75.67,49.01,44.93,35.69,84.69,50.53,12.18,97.5,94.53,89.41,97.4,36.52,62.86,,46.36,,-666666666,,,18.0
79407,48219,tract,74.58,26.62,26.09,35.95,60.59,68.95,18.93,91.35,85.94,81.03,99.0,41.97,36.25,,87.77,0.632,4.5,1998,2014,0.4
79410,48303,tract,50.6,46.26,44.93,29.83,67.38,70.91,17.83,90.92,83.47,81.31,94.65,36.84,48.92,,37.46,0.526,5.3,1957,2009,18.0
79411,48303,tract,45.56,64.39,44.93,27.14,67.22,75.15,19.65,91.88,85.26,84.22,94.85,38.09,34.57,,30.46,0.535,4.6,1960,2007,18.0
79412,48303,tract,46.88,78.44,44.93,26.8,66.96,78.27,24.3,92.12,85.74,86.14,94.96,41.45,35.0,,31.31,0.461,5.3,1964,2005,18.0
79413,48303,tract,38.46,43.42,44.93,26.8,63.25,72.67,17.14,91.33,83.06,81.12,94.75,34.38,31.43,,15.85,0.349,5.8,1963,2012,18.0
79414,48303,tract,43.2,49.61,44.93,27.03,65.16,76.01,21.98,91.28,84.45,84.02,94.49,38.98,33.09,,11.19,0.599,4.7,1977,2010,18.0
79415,48303,tract,92.46,54.42,44.93,36.21,73.24,75.45,21.73,96.27,88.29,86.21,99.37,39.69,42.22,,88.92,0.674,4.6,1985,2006,18.0
79416,48303,tract,69.17,56.83,44.93,31.57,70.39,74.89,23.35,94.13,86.33,84.21,97.93,40.27,33.67,,78.9,0.637,5.3,1994,2012,18.0
79423,48303,tract,85.32,49.62,40.13,34.72,70.74,75.94,26.27,97.48,87.4,85.41,99.06,44.94,35.79,,84.16,0.487,5.6,1997,2014,18.0
79424,48303,tract,74.6,44.18,44.93,32.14,69.54,78.4,24.47,96.13,89.85,85.08,98.3,43.42,44.27,,78.04,0.475,5.8,2000,2013,18.0
79501,48253,tract,89.13,68.3,39.67,48.32,64.63,49.5,80.63,96.04,91.63,89.5,99.29,51.59,86.85,,97.21,0.544,5.6,1962,2010,0.1
79502,48433,tract,81.67,81.7,26.14,45.09,59.85,50.01,20.81,95.41,61.13,66.87,96.8,28.44,11.45,,95.34,0.724,5.5,1971,2010,
79503,48253,tract,74.63,71.56,38.17,46.54,61.26,45.89,75.53,94.98,88.01,86.23,98.88,44.41,59.33,,92.54,0.422,6.6,1953,2013,0.1
79504,48059,tract,74.17,74.84,65.9,49.69,14.71,59.97,73.55,92.01,92.75,92.34,98.95,59.57,60.46,,95.93,0.568,5.4,1967,2011,2.0
79505,48275,tract,91.12,95.8,27.92,50.36,69.6,37.37,66.69,98.83,73.17,74.38,98.12,19.35,26.56,,89.65,0.396,5.5,1957,2009,0.0
79506,48353,tract,73.56,51.18,27.96,41.58,26.22,59.41,43.04,95.5,85.62,76.19,96.11,51.78,57.42,,97.03,0.659,5.2,1975,2011,2.1
79508,48441,tract,69.66,36.3,67.68,38.85,44.07,43.87,66.01,65.08,89.92,56.06,99.42,78.64,65.84,,96.89,0.693,5.7,1995,2016,8.4
79510,48059,tract,63.3,69.36,63.13,43.14,12.17,46.71,71.08,90.76,91.86,89.72,98.1,62.66,37.33,,96.51,0.716,5.4,1979,2009,2.0
79511,48227,tract,67.59,63.06,21.35,40.43,23.38,46.89,34.67,83.68,80.85,63.89,98.05,36.04,30.88,,96.78,0.768,5.7,1962,2016,2.7
79512,48335,tract,87.4,78.8,20.5,45.35,43.29,60.31,54.21,98.63,92.76,81.64,98.28,70.25,66.82,,97.46,0.5,4.9,1961,2009,0.6
79517,48033,tract,79.02,60.81,4.84,39.57,26.23,48.6,16.7,86.12,65.4,55.92,98.18,18.75,10.42,,97.12,0.391,5.1,1971,2007,
79518,48263,tract,55.68,61.96,40.23,36.75,38.67,43.3,7.9,85.32,54.79,51.44,94.9,17.42,4.89,,95.69,0.411,6.0,1974,2006,
79519,48083,tract,64.87,81.71,37.75,48.03,20.83,60.28,41.02,95.95,78.37,68.87,96.81,64.52,51.29,,95.4,0.679,7.9,1961,2005,1.6
79520,48253,tract,61.82,59.08,42.32,41.2,43.56,42.01,47.56,88.51,73.56,66.34,97.32,30.35,49.79,,88.68,0.492,5.6,1962,2013,0.1
79521,48207,tract,85.57,67.37,31.69,50.45,68.2,53.74,74.83,98.7,81.36,89.07,98.28,36.57,75.71,,97.08,0.246,5.6,1966,2011,0.0
79525,48253,tract,90.12,66.33,39.67,48.29,63.76,48.82,79.03,95.6,90.59,88.89,99.23,50.65,89.76,,97.83,0.735,5.7,1990,2012,0.1
79526,48415,tract,83.19,66.5,16.02,40.37,62.32,68.74,65.7,94.26,91.46,80.76,98.94,51.04,66.76,,96.45,0.42,6.0,1976,2007,2.2
79527,48415,tract,62.45,41.12,11.23,37.02,37.0,40.42,23.75,82.25,69.34,59.1,97.19,22.57,18.72,,97.23,0.698,5.0,1968,2009,2.2
79528,48263,tract,61.96,66.73,36.83,38.76,43.78,44.92,11.01,87.76,56.32,55.16,95.36,20.08,6.48,,95.6,0.739,5.3,1966,2001,
79529,48275,tract,88.62,93.07,27.96,50.44,67.3,37.63,65.5,98.51,72.68,74.57,98.07,20.1,28.15,,89.37,0.424,5.9,1967,2010,0.0
79530,48441,tract,67.75,67.11,58.52,40.91,33.02,54.49,49.82,74.7,82.36,58.23,98.59,67.38,50.87,,96.25,0.434,5.4,1959,2001,8.4
79532,48335,tract,87.35,80.85,20.94,45.0,40.73,57.28,49.78,98.93,92.3,79.94,98.15,65.8,64.21,,97.45,0.401,5.1,1958,2009,0.6
79533,48417,tract,78.54,50.45,48.62,50.02,48.36,58.62,67.69,95.01,80.99,85.93,98.4,27.59,66.89,,97.47,0.542,5.7,1952,2010,
79534,48151,tract,50.3,40.28,49.27,39.78,36.74,52.67,39.07,87.23,69.77,57.34,97.01,29.49,22.79,,89.84,0.567,5.6,1974,2012,
79535,48353,tract,81.09,43.5,29.44,41.9,30.83,63.04,41.27,96.25,87.26,78.81,96.81,46.3,64.31,,97.13,0.66,5.3,1959,2004,2.1
79536,48441,tract,76.95,69.94,56.54,45.49,48.62,46.64,68.04,75.34,89.32,67.6,99.3,65.37,66.66,,96.31,0.609,5.4,1980,2011,8.4
79537,48353,tract,81.09,43.5,29.44,41.9,30.83,63.04,41.27,96.25,87.26,78.81,96.81,46.3,64.31,,97.13,0.261,6.0,2002,2003,2.1
79538,48083,tract,64.51,82.04,36.05,48.55,19.79,61.85,39.92,97.89,77.83,69.85,96.66,64.04,49.81,,95.26,0.642,5.6,1985,2009,1.6
79539,48207,tract,74.85,78.02,28.15,50.85,54.63,39.04,58.94,96.74,69.96,75.64,97.79,24.25,36.93,,87.84,0.381,6.2,1955,1993,0.0
79540,48433,tract,81.67,81.7,26.14,45.09,59.85,50.01,20.81,95.41,61.13,66.87,96.8,28.44,11.45,,95.34,0.714,4.8,1969,2019,
79541,48441,tract,69.49,59.37,67.61,38.82,38.36,42.47,61.07,65.8,87.74,56.36,99.31,72.6,63.21,,97.08,0.573,6.5,1976,2006,8.4
79543,48151,tract,54.13,45.05,49.27,40.2,35.75,52.48,39.0,87.04,69.56,57.02,97.12,29.09,29.44,,90.92,0.387,5.5,1965,2009,
79544,48207,tract,75.37,78.31,27.99,50.41,55.03,39.88,56.01,96.63,69.28,74.97,97.71,24.57,34.97,,88.41,0.529,5.1,1962,2005,0.0
79545,48353,tract,77.06,45.88,31.95,41.58,32.64,61.68,41.8,94.78,84.75,75.63,96.93,43.89,59.27,,96.25,0.511,5.4,1967,2005,2.1
79546,48151,tract,54.94,46.01,43.48,40.62,43.05,52.85,36.61,89.26,69.16,60.51,96.99,30.44,18.03,,90.4,0.427,5.3,1959,2008,
79547,48207,tract,74.88,78.04,28.14,50.82,54.65,39.09,58.76,96.73,69.92,75.6,97.79,24.27,36.81,,87.87,0.452,5.5,1962,2011,0.0
79548,48207,tract,74.85,78.02,28.15,50.85,54.63,39.04,58.94,96.74,69.96,75.64,97.79,24.25,36.93,,87.84,0.522,6.0,1959,2011,0.0
79549,48415,tract,67.27,58.89,23.49,38.76,49.54,51.18,33.31,88.22,72.68,66.34,97.04,31.69,34.61,,96.5,0.549,5.4,1968,2008,2.2
79553,48253,tract,68.35,76.09,35.33,46.84,55.62,40.52,66.7,94.45,80.22,79.94,98.36,34.74,40.73,,88.47,0.467,5.3,1958,2011,0.1
79556,48353,tract,64.39,62.2,37.7,40.57,34.44,59.38,41.12,92.53,80.25,71.13,96.84,40.09,44.37,,94.47,0.564,5.2,1965,2009,2.1
79560,48151,tract,59.79,54.08,46.89,40.83,37.7,47.56,43.59,87.26,71.56,60.73,97.31,29.37,44.93,,90.59,0.538,4.5,1941,1994,
79561,48353,tract,65.71,67.88,43.92,41.86,39.06,55.15,48.4,87.46,81.68,69.27,97.52,45.68,48.17,,94.93,0.647,5.4,1977,2012,2.1
79562,48441,tract,69.73,46.3,67.68,39.12,42.46,43.37,63.64,64.46,88.9,55.05,99.4,76.55,64.83,,96.92,0.797,6.5,2005,2014,8.4
79563,48441,tract,57.66,62.0,67.68,42.25,35.42,40.87,55.55,58.52,84.92,50.99,99.16,68.99,42.92,,94.82,0.774,5.4,1986,2012,8.4
79565,48335,tract,87.39,84.22,20.76,45.21,39.38,54.82,47.52,99.19,92.12,79.01,98.13,65.61,62.34,,97.48,0.77,6.0,1973,2013,0.6
79566,48441,tract,70.55,64.22,57.17,40.24,34.59,51.47,51.01,74.23,84.34,59.44,98.58,65.41,57.65,,96.7,0.58,6.0,1975,2007,8.4
79567,48399,tract,63.48,63.85,41.27,45.62,22.42,79.23,36.58,95.89,75.75,69.4,97.12,61.28,24.76,,94.23,0.457,5.4,1959,2007,1.8
79601,48253,tract,63.5,53.94,50.95,43.56,39.0,43.95,60.58,84.39,80.82,75.05,97.96,40.11,60.36,,94.58,0.611,4.8,1980,2012,0.1
79602,48441,tract,66.45,25.48,67.46,41.23,41.88,47.91,74.01,72.43,91.49,67.89,98.43,79.22,55.02,,93.9,0.668,5.7,1988,2013,8.4
79603,48441,tract,56.0,60.82,67.68,41.57,36.99,40.88,57.92,58.55,85.91,51.9,99.09,71.03,44.0,,89.39,0.331,5.3,1958,2009,8.4
79605,48441,tract,51.94,45.06,67.68,38.83,42.47,40.29,67.01,58.23,90.11,54.93,98.77,78.96,52.45,,59.3,0.37,5.3,1959,2010,8.4
79606,48441,tract,71.31,39.19,67.68,42.31,50.45,49.66,72.99,68.48,92.25,61.37,99.42,83.95,64.44,,93.61,0.699,5.4,1989,2014,8.4
79607,48441,tract,1.78,9.21,67.68,30.15,8.05,21.63,12.81,25.6,47.66,28.88,94.19,24.59,0.97,,81.77,0.711,6.0,2004,,8.4
79699,48441,tract,60.85,39.27,67.68,41.6,53.78,49.17,79.64,68.57,95.24,62.83,99.51,90.23,52.89,,79.51,,-666666666,,,8.4
79701,48329,tract,49.92,66.36,26.41,34.11,15.79,58.11,41.25,63.32,95.91,85.45,97.01,68.95,45.94,,64.65,0.491,5.2,1967,2009,17.2
79703,48329,tract,41.82,48.43,26.41,33.11,17.52,58.23,41.34,59.97,95.85,84.31,95.79,68.67,34.07,,65.54,0.425,5.2,1978,2011,17.2
79705,48317,tract,73.65,45.34,19.56,40.01,13.81,49.94,33.55,76.04,75.27,71.44,97.65,50.05,50.01,,91.88,0.431,5.5,1993,2014,0.1
79706,48329,tract,74.4,65.21,24.63,37.19,15.56,50.7,29.33,65.71,91.99,78.19,97.53,58.9,55.94,,96.23,0.652,5.6,2008,2015,17.2
79707,48329,tract,67.8,22.32,26.41,36.67,20.71,54.29,36.5,68.03,95.01,84.14,98.02,64.91,72.2,,92.28,0.54,5.2,1991,2014,17.2
79713,48317,tract,87.04,73.31,16.83,47.01,26.31,54.77,30.34,91.15,70.29,65.64,99.0,34.96,35.15,,95.14,0.66,6.0,1979,2006,0.1
79714,48003,tract,75.33,42.68,13.45,37.57,61.71,41.15,37.9,76.36,70.93,46.55,96.67,57.26,32.25,,95.47,0.636,5.7,1983,2012,4.1
79718,48389,tract,90.97,79.55,0.68,40.08,94.95,57.95,71.26,99.37,97.53,58.66,91.1,93.83,89.97,,92.6,0.466,5.1,1970,1995,5.6
79719,48475,tract,86.42,87.71,8.14,44.96,85.5,59.97,73.72,98.66,97.01,72.73,97.77,93.2,90.75,,96.72,0.554,6.0,1949,2003,1.6
79720,48227,tract,83.86,68.4,16.6,44.92,20.41,50.76,35.03,91.21,83.28,68.85,98.51,47.99,43.27,,96.17,0.475,5.2,1966,2012,2.7
79721,48227,tract,60.49,93.63,28.51,36.28,39.18,76.35,81.05,94.46,97.85,90.19,99.28,78.96,8.96,,93.18,,-666666666,,,2.7
79730,48371,tract,82.39,94.1,4.07,44.58,77.71,41.92,76.98,91.74,87.36,52.29,97.56,94.89,74.55,,92.27,0.0,5.4,1975,2004,1.4
79731,48103,tract,51.24,83.09,3.7,41.06,74.48,61.89,79.01,95.84,95.54,62.86,96.79,91.58,47.59,,92.86,0.721,5.3,1976,2008,0.2
79733,48227,tract,77.85,59.29,28.51,41.53,29.52,59.18,61.22,89.64,94.4,79.67,98.96,59.75,69.58,,97.43,0.519,6.3,1971,1989,2.7
79734,48243,tract,79.02,76.54,14.79,37.76,91.3,36.03,66.23,61.75,90.01,37.31,81.6,85.85,79.55,,98.99,0.555,5.5,1993,2010,
79735,48371,tract,81.14,67.66,4.07,47.39,85.81,53.99,87.16,90.53,93.47,56.28,97.9,98.72,47.28,,92.69,0.584,5.9,1982,2009,1.4
79738,48033,tract,88.75,72.32,1.77,41.03,22.51,54.53,15.95,88.81,64.92,55.75,98.79,18.72,9.46,,97.06,0.362,5.1,1991,2007,
79739,48173,tract,87.3,66.04,0.78,47.97,3.31,47.95,13.23,95.33,76.38,60.28,97.55,48.85,34.09,,94.77,0.696,5.1,1985,1998,
79741,48135,tract,74.12,90.85,13.13,36.3,78.37,62.81,77.08,86.2,98.09,74.97,99.58,87.88,62.38,,96.48,0.427,5.8,1958,2011,15.1
79742,48475,tract,86.42,87.71,8.14,44.96,85.5,59.97,73.72,98.66,97.01,72.73,97.77,93.2,90.75,,96.72,0.63,5.4,1982,2011,1.6
79743,48371,tract,82.39,94.1,4.07,44.58,77.71,41.92,76.98,91.74,87.36,52.29,97.56,94.89,74.55,,92.27,0.786,6.3,1967,2000,1.4
79744,48105,tract,86.57,75.33,8.75,47.05,39.07,44.92,61.08,81.1,88.0,52.69,91.13,90.17,86.51,,95.06,0.548,5.0,1969,2010,
79745,48495,tract,51.08,58.41,24.81,32.54,57.21,41.33,32.95,79.16,82.01,47.74,90.87,54.77,12.72,,92.16,0.413,5.7,1968,2010,1.2
79748,48227,tract,87.06,75.11,22.7,45.96,26.36,45.36,38.86,89.04,77.81,68.57,98.95,42.19,39.03,,96.42,0.82,5.4,1978,2005,2.7
79749,48317,tract,90.24,76.15,13.06,41.06,19.77,58.25,43.96,92.02,71.73,72.44,98.48,49.72,79.27,,93.59,0.47,6.5,1960,2000,0.1
79752,48461,tract,63.75,74.42,4.27,42.72,19.95,45.31,50.9,80.3,85.5,56.44,91.92,79.03,65.35,,89.71,0.516,4.9,1966,2007,0.5
79754,48301,tract,0.42,52.06,0.77,17.31,29.74,16.67,2.2,40.83,27.14,6.17,40.39,3.34,0.76,,72.7,0.148,5.0,1938,,
79755,48461,tract,70.92,36.02,1.88,38.74,2.45,35.2,18.24,65.27,67.18,45.23,90.83,45.06,18.73,,86.75,0.667,4.7,2001,,0.5
79756,48475,tract,85.29,87.36,8.14,44.71,85.01,59.77,73.5,98.62,96.9,72.32,97.61,92.99,89.78,,96.45,0.558,5.5,1973,2008,1.6
79758,48135,tract,31.38,35.5,13.13,29.24,53.34,39.11,44.62,63.9,88.78,53.96,97.24,57.41,23.75,,93.94,0.793,5.6,2003,2013,15.1
79759,48135,tract,74.12,90.85,13.13,36.3,78.37,62.81,77.08,86.2,98.09,74.97,99.58,87.88,62.38,,96.48,,-666666666,,,15.1
79761,48135,tract,51.11,53.16,13.13,32.68,69.31,52.31,65.03,79.85,96.05,66.57,98.86,77.07,42.79,,53.19,0.518,4.8,1967,2009,15.1
79762,48135,tract,43.49,30.43,13.13,30.66,63.05,49.25,61.16,75.72,94.58,61.38,98.27,72.94,38.65,,83.04,0.599,5.1,1977,2012,15.1
79763,48135,tract,66.77,65.93,13.13,32.62,71.91,61.85,75.95,84.86,97.5,69.07,98.9,86.59,67.84,,90.07,0.644,5.0,1985,2011,15.1
79764,48135,tract,60.84,60.62,13.13,32.49,67.97,54.43,64.78,78.22,94.25,66.42,98.53,76.43,62.21,,92.54,0.698,5.2,1985,2011,15.1
79765,48329,tract,52.95,22.24,20.4,33.88,57.84,52.4,47.75,74.3,94.97,75.12,98.41,68.62,47.89,,94.54,0.504,5.2,2014,2017,17.2
79766,48135,tract,68.05,82.64,14.97,37.51,63.64,59.86,65.74,83.85,96.94,75.6,98.82,82.16,57.16,,95.79,0.859,5.1,2001,2012,15.1
79769,48135,tract,74.12,90.85,13.13,36.3,78.37,62.81,77.08,86.2,98.09,74.97,99.58,87.88,62.38,,96.48,,-666666666,,,15.1
79770,48389,tract,90.97,79.55,0.68,40.08,94.95,57.95,71.26,99.37,97.53,58.66,91.1,93.83,89.97,,92.6,,-666666666,,,5.6
79772,48389,tract,90.67,79.59,0.78,40.11,94.78,57.9,71.2,99.35,97.5,58.78,91.14,93.76,89.83,,92.42,0.45,5.8,1976,2003,5.6
79776,48135,tract,74.12,90.85,13.13,36.3,78.37,62.81,77.08,86.2,98.09,74.97,99.58,87.88,62.38,,96.48,,-666666666,,,15.1
79777,48475,tract,86.42,87.71,8.14,44.96,85.5,59.97,73.72,98.66,97.01,72.73,97.77,93.2,90.75,,96.72,0.4,4.3,1962,2013,1.6
79778,48461,tract,72.61,32.49,1.4,38.7,2.16,34.12,16.16,64.26,65.34,43.51,90.58,42.83,15.52,,86.6,0.55,5.8,1965,2013,0.5
79780,48389,tract,90.97,79.55,0.68,40.08,94.95,57.95,71.26,99.37,97.53,58.66,91.1,93.83,89.97,,92.6,0.0,-666666666,,,5.6
79781,48443,tract,58.58,71.48,6.72,44.48,14.56,35.45,46.78,74.54,70.01,42.92,76.04,81.11,73.32,,94.07,0.804,6.0,1987,2014,
79782,48317,tract,85.16,70.83,12.91,43.67,13.93,48.13,30.19,88.21,65.82,64.54,98.34,40.68,51.05,,94.49,0.574,5.5,1977,2011,0.1
79783,48317,tract,82.04,70.54,13.06,45.96,12.52,40.9,24.25,88.7,56.29,58.11,98.6,30.79,31.94,,94.72,0.405,6.1,1978,2019,0.1
79785,48389,tract,90.97,79.55,0.68,40.08,94.95,57.95,71.26,99.37,97.53,58.66,91.1,93.83,89.97,,92.6,0.636,4.8,1985,2003,5.6
79788,48475,tract,86.42,87.71,8.14,44.96,85.5,59.97,73.72,98.66,97.01,72.73,97.77,93.2,90.75,,96.72,0.611,6.7,1973,2013,1.6
79789,48495,tract,51.45,58.29,24.81,32.54,57.19,41.14,32.7,79.06,81.93,47.69,90.89,54.54,12.76,,92.27,0.525,5.5,1970,2007,1.2
79821,48141,tract,21.89,88.21,1.38,22.79,14.02,31.03,74.54,48.61,88.27,7.29,91.61,88.76,24.57,,73.11,0.189,5.4,1995,2010,6.9
79830,48043,tract,88.74,73.19,21.3,48.79,87.35,38.78,94.78,51.05,89.42,42.98,81.5,99.7,81.34,,98.71,0.595,5.3,1980,2013,1.2
79832,48043,tract,87.35,55.69,21.3,48.32,90.37,55.45,94.45,61.24,94.54,54.21,88.18,99.86,95.29,,96.67,,-666666666,,,1.2
79834,48043,tract,88.81,73.29,21.3,48.81,87.36,38.7,94.8,51.02,89.41,42.93,81.48,99.7,81.29,,98.73,0.108,5.6,1974,,1.2
79835,48141,tract,21.5,77.25,1.38,21.76,11.78,30.74,72.9,46.12,86.7,6.48,89.39,87.0,25.59,,61.83,0.279,5.3,1991,2003,6.9
79836,48141,tract,31.9,80.36,1.38,24.96,15.29,33.75,76.85,46.16,89.57,7.36,91.15,90.4,14.92,,64.36,0.279,5.4,1999,2007,6.9
79837,48229,tract,78.43,69.42,0.0,32.96,83.4,41.16,52.22,93.69,91.3,9.72,88.37,96.52,71.24,,85.2,0.386,5.0,1978,2012,
79838,48141,tract,36.24,85.82,1.38,25.23,12.46,31.97,72.89,42.6,88.27,6.03,90.02,88.66,19.66,,59.75,0.27,5.3,1987,1998,6.9
79839,48229,tract,78.43,69.42,0.0,32.96,83.4,41.16,52.22,93.69,91.3,9.72,88.37,96.52,71.24,,85.2,0.684,5.5,1984,2004,
79842,48043,tract,88.81,73.29,21.3,48.81,87.36,38.7,94.8,51.02,89.41,42.93,81.48,99.7,81.29,,98.73,0.32,4.4,1952,2011,1.2
79843,48377,tract,68.83,97.13,0.0,37.68,80.13,38.27,80.81,63.53,81.49,35.22,72.86,98.52,78.01,,95.64,0.414,4.8,1954,2005,6.8
79845,48377,tract,81.63,97.72,0.0,39.07,24.95,27.75,89.99,54.16,66.15,3.41,62.68,99.38,75.94,,84.16,0.89,4.8,1993,2010,6.8
79846,48377,tract,81.63,97.72,0.0,39.07,24.95,27.75,89.99,54.16,66.15,3.41,62.68,99.38,75.94,,84.16,1.0,-666666666,,,6.8
79847,48109,tract,87.5,83.54,0.24,37.41,90.32,46.41,47.36,94.03,94.07,22.82,88.9,92.97,71.62,,90.8,0.368,5.1,1988,2016,8.4
79848,48443,tract,20.99,77.74,1.4,39.8,6.65,21.8,38.24,72.61,47.06,30.42,60.91,72.54,49.68,,91.18,0.344,5.8,1960,2012,
79849,48141,tract,31.15,73.51,1.38,23.99,13.16,34.35,79.37,45.71,89.6,6.45,87.86,91.51,7.15,,63.63,0.231,5.3,1999,2006,6.9
79851,48229,tract,78.43,69.42,0.0,32.96,83.4,41.16,52.22,93.69,91.3,9.72,88.37,96.52,71.24,,85.2,0.438,5.5,1976,2001,
79852,48043,tract,88.81,73.29,21.3,48.81,87.36,38.7,94.8,51.02,89.41,42.93,81.48,99.7,81.29,,98.73,0.749,3.7,1997,2008,1.2
79853,48141,tract,17.23,86.1,1.38,21.42,6.41,25.95,53.95,28.9,77.46,3.72,82.79,73.43,10.36,,52.39,0.554,5.2,1996,2003,6.9
79854,48243,tract,75.12,82.97,10.15,37.66,90.83,37.31,70.3,62.82,88.18,38.4,79.41,89.78,79.18,,98.57,0.135,5.1,1950,1995,
79855,48109,tract,90.49,88.19,0.32,38.87,92.61,48.14,45.76,94.14,94.98,27.13,89.07,91.81,71.75,,92.65,0.403,4.9,1975,2003,8.4
79901,48141,tract,25.34,96.9,1.38,22.73,13.48,26.38,59.7,35.77,82.42,5.17,91.27,75.43,38.0,,11.37,0.385,3.1,1955,2004,6.9
79902,48141,tract,42.27,83.36,1.38,24.6,20.61,32.07,74.48,47.05,89.79,8.15,93.3,87.83,58.28,,31.74,0.284,4.5,1954,2010,6.9
79903,48141,tract,33.48,80.45,1.38,21.65,14.41,33.19,78.91,45.08,90.03,5.77,90.35,90.13,52.78,,23.48,0.143,5.0,1951,2000,6.9
79904,48141,tract,28.3,50.45,1.38,20.71,12.12,31.33,77.28,46.06,88.84,6.9,89.25,89.21,48.18,,41.75,0.23,5.0,1973,2002,6.9
79905,48141,tract,32.44,94.98,1.38,23.65,17.99,30.63,73.63,44.35,88.02,7.61,92.1,86.88,40.08,,28.72,0.245,4.8,1959,1996,6.9
79906,48141,tract,7.28,14.86,1.38,19.32,7.03,23.64,48.58,27.37,71.5,3.8,85.3,61.25,14.22,,39.78,0.523,5.5,2001,,6.9
79907,48141,tract,28.74,91.05,1.38,22.06,16.03,34.47,80.72,48.24,90.78,7.74,90.83,91.62,37.41,,45.46,0.263,5.0,1980,1995,6.9
79908,48141,tract,7.87,9.21,1.38,17.46,7.68,30.35,77.93,41.84,88.39,6.95,81.64,90.34,10.47,,69.7,0.62,5.5,2005,,6.9
79911,48141,tract,24.03,66.15,1.38,21.93,16.69,36.89,85.23,57.9,93.53,8.81,91.87,95.6,30.54,,62.32,0.406,5.7,2015,2016,6.9
79912,48141,tract,25.39,69.99,1.38,23.55,18.15,34.13,80.37,52.06,91.51,8.26,93.46,91.89,35.01,,43.81,0.361,5.2,1988,2009,6.9
79915,48141,tract,37.04,91.93,1.38,23.44,19.12,33.08,78.5,49.22,91.34,9.05,92.29,90.73,49.0,,34.83,0.258,5.0,1966,1995,6.9
79916,48141,tract,8.24,9.48,1.38,17.77,7.69,29.62,75.11,40.33,87.05,6.62,82.33,87.88,12.2,,66.47,,-666666666,,,6.9
79918,48141,tract,7.87,9.21,1.38,17.46,7.68,30.35,77.93,41.84,88.39,6.95,81.64,90.34,10.47,,69.7,,-666666666,,,6.9
79920,48141,tract,0.68,9.21,1.38,15.33,2.41,18.35,14.06,13.25,45.0,1.86,71.35,28.96,1.56,,37.71,,-666666666,,,6.9
79922,48141,tract,53.61,59.54,1.38,23.97,18.63,32.42,75.77,47.43,89.11,8.04,92.95,88.09,65.8,,37.01,0.223,7.7,1975,2005,6.9
79924,48141,tract,29.67,77.05,1.38,20.63,11.84,31.04,77.57,48.64,89.18,13.16,90.61,90.43,47.24,,47.49,0.257,5.5,1977,2004,6.9
79925,48141,tract,24.6,36.2,1.38,22.29,13.66,25.83,39.91,33.2,64.93,6.78,90.31,46.7,32.94,,48.85,0.354,5.2,1969,2004,6.9
79927,48141,tract,20.23,72.37,1.38,22.05,13.68,32.3,77.69,44.53,89.2,6.69,89.67,90.72,20.91,,59.95,0.229,5.5,1996,2007,6.9
79928,48141,tract,18.93,64.18,1.38,20.32,10.82,34.16,62.7,40.28,87.7,5.64,87.76,87.8,31.54,,75.75,0.221,5.9,2009,2014,6.9
79930,48141,tract,15.35,71.87,1.38,18.58,7.95,27.22,65.88,32.94,81.39,3.81,82.85,79.2,29.48,,21.63,0.258,4.5,1958,2004,6.9
79932,48141,tract,47.77,64.47,1.38,22.88,14.98,32.54,76.64,49.89,89.64,7.77,91.97,89.79,66.38,,55.33,0.207,5.8,2001,2012,6.9
79934,48141,tract,16.24,37.59,1.38,19.32,9.41,28.3,65.88,40.31,81.69,9.81,86.49,80.62,28.74,,57.23,0.263,5.7,2008,2014,6.9
79935,48141,tract,40.14,73.6,1.38,23.53,17.72,32.69,77.71,47.47,90.25,8.22,93.16,89.7,61.38,,34.67,0.275,5.3,1977,2005,6.9
79936,48141,tract,26.7,43.2,1.38,20.87,13.61,31.4,77.34,44.29,89.1,7.37,87.85,90.57,40.14,,46.3,0.182,5.6,1991,2005,6.9
79938,48141,tract,45.86,62.61,0.75,25.8,43.55,38.12,54.9,64.94,89.78,7.84,87.8,92.05,50.81,,81.81,0.225,5.8,2011,2014,6.9
