zip,utility,utility_type,market,base_market,grid,open_market_tdus,ptc_plans,ptc_median_1000kwh,ptc_lowest_1000kwh,other_utilities_nearby,res_rate
73301,Austin Energy,Municipal,municipal,no,,,0,,,,0.125775626412917
73344,Austin Energy,Municipal,municipal,no,,,0,,,,0.125775626412917
75001,ONCOR ELECTRIC DELIVERY COMPANY,Wires company (TDU),base_tdsp,yes,ERCOT,ONCOR ELECTRIC DELIVERY COMPANY,171,12.6,5.2,"Grayson-Collin Elec Coop, Inc",
75002,ONCOR ELECTRIC DELIVERY COMPANY,Wires company (TDU),base_tdsp,yes,ERCOT,ONCOR ELECTRIC DELIVERY COMPANY,171,12.6,5.2,"Denton County Elec Coop, Inc; Grayson-Collin Elec Coop, Inc",
75006,ONCOR ELECTRIC DELIVERY COMPANY,Wires company (TDU),base_tdsp,yes,ERCOT,ONCOR ELECTRIC DELIVERY COMPANY,171,12.6,5.2,"Denton County Elec Coop, Inc; Grayson-Collin Elec Coop, Inc",
75007,ONCOR ELECTRIC DELIVERY COMPANY,Wires company (TDU),base_tdsp,yes,ERCOT,ONCOR ELECTRIC DELIVERY COMPANY,171,12.6,5.2,"Denton County Elec Coop, Inc",
75009,ONCOR ELECTRIC DELIVERY COMPANY,Wires company (TDU),base_tdsp,yes,ERCOT,ONCOR ELECTRIC DELIVERY COMPANY,171,12.6,5.2,"Denton County Elec Coop, Inc; Grayson-Collin Elec Coop, Inc",
75010,ONCOR ELECTRIC DELIVERY COMPANY,Wires company (TDU),base_tdsp,yes,ERCOT,ONCOR ELECTRIC DELIVERY COMPANY,171,12.6,5.2,"Denton County Elec Coop, Inc",
75013,ONCOR ELECTRIC DELIVERY COMPANY,Wires company (TDU),base_tdsp,yes,ERCOT,ONCOR ELECTRIC DELIVERY COMPANY,171,12.6,5.2,"Denton County Elec Coop, Inc; Grayson-Collin Elec Coop, Inc",
75019,ONCOR ELECTRIC DELIVERY COMPANY,Wires company (TDU),base_tdsp,yes,ERCOT,ONCOR ELECTRIC DELIVERY COMPANY,171,12.6,5.2,"Denton County Elec Coop, Inc",
75020,ONCOR ELECTRIC DELIVERY COMPANY,Wires company (TDU),base_tdsp,yes,ERCOT,ONCOR ELECTRIC DELIVERY COMPANY,171,12.6,5.2,"Grayson-Collin Elec Coop, Inc",
75021,ONCOR ELECTRIC DELIVERY COMPANY,Wires company (TDU),base_tdsp,yes,ERCOT,ONCOR ELECTRIC DELIVERY COMPANY,171,12.6,5.2,"Grayson-Collin Elec Coop, Inc",
75022,ONCOR ELECTRIC DELIVERY COMPANY,Wires company (TDU),base_tdsp,yes,ERCOT,ONCOR ELECTRIC DELIVERY COMPANY,171,12.6,5.2,"Denton County Elec Coop, Inc",
75023,ONCOR ELECTRIC DELIVERY COMPANY,Wires company (TDU),base_tdsp,yes,ERCOT,ONCOR ELECTRIC DELIVERY COMPANY,171,12.6,5.2,"Denton County Elec Coop, Inc; Grayson-Collin Elec Coop, Inc",
75024,ONCOR ELECTRIC DELIVERY COMPANY,Wires company (TDU),base_tdsp,yes,ERCOT,ONCOR ELECTRIC DELIVERY COMPANY,171,12.6,5.2,"Denton County Elec Coop, Inc; Grayson-Collin Elec Coop, Inc",
75025,ONCOR ELECTRIC DELIVERY COMPANY,Wires company (TDU),base_tdsp,yes,ERCOT,ONCOR ELECTRIC DELIVERY COMPANY,171,12.6,5.2,"Denton County Elec Coop, Inc; Grayson-Collin Elec Coop, Inc",
75026,ONCOR ELECTRIC DELIVERY COMPANY,Wires company (TDU),base_tdsp,yes,ERCOT,ONCOR ELECTRIC DELIVERY COMPANY,171,12.6,5.2,"Grayson-Collin Elec Coop, Inc",
75027,"Denton County Elec Coop, Inc",Cooperative,coop,no,,,0,,,,0.13774442493832942
75028,ONCOR ELECTRIC DELIVERY COMPANY,Wires company (TDU),base_tdsp,yes,ERCOT,ONCOR ELECTRIC DELIVERY COMPANY; TEXAS-NEW MEXICO POWER COMPANY,338,13.6,5.2,"Denton County Elec Coop, Inc",
75029,TEXAS-NEW MEXICO POWER COMPANY,Wires company (TDU),base_tdsp,yes,ERCOT,TEXAS-NEW MEXICO POWER COMPANY,167,15.1,8.0,"Denton County Elec Coop, Inc",
75032,ONCOR ELECTRIC DELIVERY COMPANY,Wires company (TDU),base_tdsp,yes,ERCOT,ONCOR ELECTRIC DELIVERY COMPANY,171,12.6,5.2,,
75033,ONCOR ELECTRIC DELIVERY COMPANY,Wires company (TDU),base_tdsp,yes,ERCOT,ONCOR ELECTRIC DELIVERY COMPANY,171,12.6,5.2,"Denton County Elec Coop, Inc",
75034,ONCOR ELECTRIC DELIVERY COMPANY,Wires company (TDU),base_tdsp,yes,ERCOT,ONCOR ELECTRIC DELIVERY COMPANY,171,12.6,5.2,"Denton County Elec Coop, Inc; Grayson-Collin Elec Coop, Inc",
75035,ONCOR ELECTRIC DELIVERY COMPANY,Wires company (TDU),base_tdsp,yes,ERCOT,ONCOR ELECTRIC DELIVERY COMPANY,171,12.6,5.2,"Denton County Elec Coop, Inc; Grayson-Collin Elec Coop, Inc",
75036,,,none,no,,,0,,,,
75038,ONCOR ELECTRIC DELIVERY COMPANY,Wires company (TDU),base_tdsp,yes,ERCOT,ONCOR ELECTRIC DELIVERY COMPANY,171,12.6,5.2,,
75039,ONCOR ELECTRIC DELIVERY COMPANY,Wires company (TDU),base_tdsp,yes,ERCOT,ONCOR ELECTRIC DELIVERY COMPANY,171,12.6,5.2,,
75040,ONCOR ELECTRIC DELIVERY COMPANY,Wires company (TDU),base_tdsp,yes,ERCOT,ONCOR ELECTRIC DELIVERY COMPANY,171,12.6,5.2,City of Garland - (TX),
75041,ONCOR ELECTRIC DELIVERY COMPANY,Wires company (TDU),base_tdsp,yes,ERCOT,ONCOR ELECTRIC DELIVERY COMPANY,171,12.6,5.2,City of Garland - (TX),
75042,ONCOR ELECTRIC DELIVERY COMPANY,Wires company (TDU),base_tdsp,yes,ERCOT,ONCOR ELECTRIC DELIVERY COMPANY,171,12.6,5.2,City of Garland - (TX),
75043,ONCOR ELECTRIC DELIVERY COMPANY,Wires company (TDU),base_tdsp,yes,ERCOT,ONCOR ELECTRIC DELIVERY COMPANY,171,12.6,5.2,City of Garland - (TX),
75044,ONCOR ELECTRIC DELIVERY COMPANY,Wires company (TDU),base_tdsp,yes,ERCOT,ONCOR ELECTRIC DELIVERY COMPANY,171,12.6,5.2,"City of Garland - (TX); Grayson-Collin Elec Coop, Inc",
75045,City of Garland - (TX),Municipal,municipal,no,,,0,,,,0.13475407562789377
75046,ONCOR ELECTRIC DELIVERY COMPANY,Wires company (TDU),base_tdsp,yes,ERCOT,ONCOR ELECTRIC DELIVERY COMPANY,171,12.6,5.2,City of Garland - (TX),
75047,City of Garland - (TX),Municipal,municipal,no,,,0,,,,0.13475407562789377
75048,ONCOR ELECTRIC DELIVERY COMPANY,Wires company (TDU),base_tdsp,yes,ERCOT,ONCOR ELECTRIC DELIVERY COMPANY,171,12.6,5.2,"City of Garland - (TX); Grayson-Collin Elec Coop, Inc",
75049,City of Garland - (TX),Municipal,municipal,no,,,0,,,,0.13475407562789377
75050,ONCOR ELECTRIC DELIVERY COMPANY,Wires company (TDU),base_tdsp,yes,ERCOT,ONCOR ELECTRIC DELIVERY COMPANY,171,12.6,5.2,,
75051,ONCOR ELECTRIC DELIVERY COMPANY,Wires company (TDU),base_tdsp,yes,ERCOT,ONCOR ELECTRIC DELIVERY COMPANY,171,12.6,5.2,,
75052,ONCOR ELECTRIC DELIVERY COMPANY,Wires company (TDU),base_tdsp,yes,ERCOT,ONCOR ELECTRIC DELIVERY COMPANY,171,12.6,5.2,,
75054,ONCOR ELECTRIC DELIVERY COMPANY,Wires company (TDU),base_tdsp,yes,ERCOT,ONCOR ELECTRIC DELIVERY COMPANY,171,12.6,5.2,,
75056,ONCOR ELECTRIC DELIVERY COMPANY,Wires company (TDU),base_tdsp,yes,ERCOT,ONCOR ELECTRIC DELIVERY COMPANY; TEXAS-NEW MEXICO POWER COMPANY,338,13.6,5.2,"Denton County Elec Coop, Inc",
75057,ONCOR ELECTRIC DELIVERY COMPANY,Wires company (TDU),base_tdsp,yes,ERCOT,ONCOR ELECTRIC DELIVERY COMPANY; TEXAS-NEW MEXICO POWER COMPANY,338,13.6,5.2,"Denton County Elec Coop, Inc",
75058,ONCOR ELECTRIC DELIVERY COMPANY,Wires company (TDU),base_tdsp,yes,ERCOT,ONCOR ELECTRIC DELIVERY COMPANY,171,12.6,5.2,"Grayson-Collin Elec Coop, Inc",
75060,ONCOR ELECTRIC DELIVERY COMPANY,Wires company (TDU),base_tdsp,yes,ERCOT,ONCOR ELECTRIC DELIVERY COMPANY,171,12.6,5.2,,
75061,ONCOR ELECTRIC DELIVERY COMPANY,Wires company (TDU),base_tdsp,yes,ERCOT,ONCOR ELECTRIC DELIVERY COMPANY,171,12.6,5.2,,
75062,ONCOR ELECTRIC DELIVERY COMPANY,Wires company (TDU),base_tdsp,yes,ERCOT,ONCOR ELECTRIC DELIVERY COMPANY,171,12.6,5.2,,
75063,ONCOR ELECTRIC DELIVERY COMPANY,Wires company (TDU),base_tdsp,yes,ERCOT,ONCOR ELECTRIC DELIVERY COMPANY,171,12.6,5.2,,
75065,ONCOR ELECTRIC DELIVERY COMPANY,Wires company (TDU),base_tdsp,yes,ERCOT,ONCOR ELECTRIC DELIVERY COMPANY,171,12.6,5.2,"Denton County Elec Coop, Inc",
75067,ONCOR ELECTRIC DELIVERY COMPANY,Wires company (TDU),base_tdsp,yes,ERCOT,ONCOR ELECTRIC DELIVERY COMPANY; TEXAS-NEW MEXICO POWER COMPANY,338,13.6,5.2,"Denton County Elec Coop, Inc",
75068,ONCOR ELECTRIC DELIVERY COMPANY,Wires company (TDU),base_tdsp,yes,ERCOT,ONCOR ELECTRIC DELIVERY COMPANY,171,12.6,5.2,"Denton County Elec Coop, Inc",
75069,ONCOR ELECTRIC DELIVERY COMPANY,Wires company (TDU),base_tdsp,yes,ERCOT,ONCOR ELECTRIC DELIVERY COMPANY,171,12.6,5.2,"Denton County Elec Coop, Inc; Grayson-Collin Elec Coop, Inc",
75070,ONCOR ELECTRIC DELIVERY COMPANY,Wires company (TDU),base_tdsp,yes,ERCOT,ONCOR ELECTRIC DELIVERY COMPANY,171,12.6,5.2,"Denton County Elec Coop, Inc; Grayson-Collin Elec Coop, Inc",
75071,ONCOR ELECTRIC DELIVERY COMPANY,Wires company (TDU),base_tdsp,yes,ERCOT,ONCOR ELECTRIC DELIVERY COMPANY,171,12.6,5.2,"Denton County Elec Coop, Inc; Grayson-Collin Elec Coop, Inc",
75072,ONCOR ELECTRIC DELIVERY COMPANY,Wires company (TDU),base_tdsp,yes,ERCOT,ONCOR ELECTRIC DELIVERY COMPANY,171,12.6,5.2,,
75074,ONCOR ELECTRIC DELIVERY COMPANY,Wires company (TDU),base_tdsp,yes,ERCOT,ONCOR ELECTRIC DELIVERY COMPANY,171,12.6,5.2,"Denton County Elec Coop, Inc; Grayson-Collin Elec Coop, Inc",
75075,ONCOR ELECTRIC DELIVERY COMPANY,Wires company (TDU),base_tdsp,yes,ERCOT,ONCOR ELECTRIC DELIVERY COMPANY,171,12.6,5.2,"Grayson-Collin Elec Coop, Inc",
75076,ONCOR ELECTRIC DELIVERY COMPANY,Wires company (TDU),base_tdsp,yes,ERCOT,ONCOR ELECTRIC DELIVERY COMPANY,171,12.6,5.2,"Grayson-Collin Elec Coop, Inc",
75077,ONCOR ELECTRIC DELIVERY COMPANY,Wires company (TDU),base_tdsp,yes,ERCOT,ONCOR ELECTRIC DELIVERY COMPANY; TEXAS-NEW MEXICO POWER COMPANY,338,13.6,5.2,"Denton County Elec Coop, Inc",
75078,ONCOR ELECTRIC DELIVERY COMPANY,Wires company (TDU),base_tdsp,yes,ERCOT,ONCOR ELECTRIC DELIVERY COMPANY,171,12.6,5.2,"Denton County Elec Coop, Inc; Grayson-Collin Elec Coop, Inc",
75080,ONCOR ELECTRIC DELIVERY COMPANY,Wires company (TDU),base_tdsp,yes,ERCOT,ONCOR ELECTRIC DELIVERY COMPANY,171,12.6,5.2,"Grayson-Collin Elec Coop, Inc",
75081,ONCOR ELECTRIC DELIVERY COMPANY,Wires company (TDU),base_tdsp,yes,ERCOT,ONCOR ELECTRIC DELIVERY COMPANY,171,12.6,5.2,City of Garland - (TX),
75082,ONCOR ELECTRIC DELIVERY COMPANY,Wires company (TDU),base_tdsp,yes,ERCOT,ONCOR ELECTRIC DELIVERY COMPANY,171,12.6,5.2,"City of Garland - (TX); Grayson-Collin Elec Coop, Inc",
75086,"Grayson-Collin Elec Coop, Inc",Cooperative,coop,no,,,0,,,,0.1640044565941887
75087,ONCOR ELECTRIC DELIVERY COMPANY,Wires company (TDU),base_tdsp,yes,ERCOT,ONCOR ELECTRIC DELIVERY COMPANY,171,12.6,5.2,"Grayson-Collin Elec Coop, Inc",
75088,ONCOR ELECTRIC DELIVERY COMPANY,Wires company (TDU),base_tdsp,yes,ERCOT,ONCOR ELECTRIC DELIVERY COMPANY,171,12.6,5.2,City of Garland - (TX),
75089,ONCOR ELECTRIC DELIVERY COMPANY,Wires company (TDU),base_tdsp,yes,ERCOT,ONCOR ELECTRIC DELIVERY COMPANY,171,12.6,5.2,City of Garland - (TX),
75090,ONCOR ELECTRIC DELIVERY COMPANY,Wires company (TDU),base_tdsp,yes,ERCOT,ONCOR ELECTRIC DELIVERY COMPANY,171,12.6,5.2,"Grayson-Collin Elec Coop, Inc",
75091,ONCOR ELECTRIC DELIVERY COMPANY,Wires company (TDU),base_tdsp,yes,ERCOT,ONCOR ELECTRIC DELIVERY COMPANY,171,12.6,5.2,"Grayson-Collin Elec Coop, Inc",
75092,ONCOR ELECTRIC DELIVERY COMPANY,Wires company (TDU),base_tdsp,yes,ERCOT,ONCOR ELECTRIC DELIVERY COMPANY,171,12.6,5.2,"Grayson-Collin Elec Coop, Inc",
75093,ONCOR ELECTRIC DELIVERY COMPANY,Wires company (TDU),base_tdsp,yes,ERCOT,ONCOR ELECTRIC DELIVERY COMPANY,171,12.6,5.2,"Denton County Elec Coop, Inc; Grayson-Collin Elec Coop, Inc",
75094,ONCOR ELECTRIC DELIVERY COMPANY,Wires company (TDU),base_tdsp,yes,ERCOT,ONCOR ELECTRIC DELIVERY COMPANY,171,12.6,5.2,"Grayson-Collin Elec Coop, Inc",
75097,"Grayson-Collin Elec Coop, Inc",Cooperative,coop,no,,,0,,,,0.1640044565941887
75098,ONCOR ELECTRIC DELIVERY COMPANY,Wires company (TDU),base_tdsp,yes,ERCOT,ONCOR ELECTRIC DELIVERY COMPANY,171,12.6,5.2,"City of Garland - (TX); Grayson-Collin Elec Coop, Inc",
75101,ONCOR ELECTRIC DELIVERY COMPANY,Wires company (TDU),base_tdsp,yes,ERCOT,ONCOR ELECTRIC DELIVERY COMPANY,171,12.6,5.2,,
75102,ONCOR ELECTRIC DELIVERY COMPANY,Wires company (TDU),base_tdsp,yes,ERCOT,ONCOR ELECTRIC DELIVERY COMPANY,171,12.6,5.2,,
75103,ONCOR ELECTRIC DELIVERY COMPANY,Wires company (TDU),base_tdsp,yes,ERCOT,ONCOR ELECTRIC DELIVERY COMPANY,171,12.6,5.2,,
75104,ONCOR ELECTRIC DELIVERY COMPANY,Wires company (TDU),base_tdsp,yes,ERCOT,ONCOR ELECTRIC DELIVERY COMPANY,171,12.6,5.2,,
75105,,,none,no,,,0,,,,
75109,ONCOR ELECTRIC DELIVERY COMPANY,Wires company (TDU),base_tdsp,yes,ERCOT,ONCOR ELECTRIC DELIVERY COMPANY,171,12.6,5.2,,
75110,ONCOR ELECTRIC DELIVERY COMPANY,Wires company (TDU),base_tdsp,yes,ERCOT,ONCOR ELECTRIC DELIVERY COMPANY,171,12.6,5.2,"Navarro County Elec Coop, Inc",
75114,ONCOR ELECTRIC DELIVERY COMPANY,Wires company (TDU),base_tdsp,yes,ERCOT,ONCOR ELECTRIC DELIVERY COMPANY,171,12.6,5.2,,
75115,ONCOR ELECTRIC DELIVERY COMPANY,Wires company (TDU),base_tdsp,yes,ERCOT,ONCOR ELECTRIC DELIVERY COMPANY,171,12.6,5.2,,
75116,ONCOR ELECTRIC DELIVERY COMPANY,Wires company (TDU),base_tdsp,yes,ERCOT,ONCOR ELECTRIC DELIVERY COMPANY,171,12.6,5.2,,
75117,ONCOR ELECTRIC DELIVERY COMPANY,Wires company (TDU),base_tdsp,yes,ERCOT,ONCOR ELECTRIC DELIVERY COMPANY; TEXAS-NEW MEXICO POWER COMPANY,338,13.6,5.2,"Farmers Electric Coop, Inc - (TX)",
75119,ONCOR ELECTRIC DELIVERY COMPANY,Wires company (TDU),base_tdsp,yes,ERCOT,ONCOR ELECTRIC DELIVERY COMPANY,171,12.6,5.2,,
75121,ONCOR ELECTRIC DELIVERY COMPANY,Wires company (TDU),base_tdsp,yes,ERCOT,ONCOR ELECTRIC DELIVERY COMPANY,171,12.6,5.2,"Grayson-Collin Elec Coop, Inc",
75124,ONCOR ELECTRIC DELIVERY COMPANY,Wires company (TDU),base_tdsp,yes,ERCOT,ONCOR ELECTRIC DELIVERY COMPANY,171,12.6,5.2,,
75125,ONCOR ELECTRIC DELIVERY COMPANY,Wires company (TDU),base_tdsp,yes,ERCOT,ONCOR ELECTRIC DELIVERY COMPANY,171,12.6,5.2,,
75126,ONCOR ELECTRIC DELIVERY COMPANY,Wires company (TDU),base_tdsp,yes,ERCOT,ONCOR ELECTRIC DELIVERY COMPANY,171,12.6,5.2,,
75127,ONCOR ELECTRIC DELIVERY COMPANY,Wires company (TDU),base_tdsp,yes,ERCOT,ONCOR ELECTRIC DELIVERY COMPANY,171,12.6,5.2,,
75134,ONCOR ELECTRIC DELIVERY COMPANY,Wires company (TDU),base_tdsp,yes,ERCOT,ONCOR ELECTRIC DELIVERY COMPANY,171,12.6,5.2,,
75135,ONCOR ELECTRIC DELIVERY COMPANY,Wires company (TDU),base_tdsp,yes,ERCOT,ONCOR ELECTRIC DELIVERY COMPANY,171,12.6,5.2,"Grayson-Collin Elec Coop, Inc",
75137,ONCOR ELECTRIC DELIVERY COMPANY,Wires company (TDU),base_tdsp,yes,ERCOT,ONCOR ELECTRIC DELIVERY COMPANY,171,12.6,5.2,,
75140,"Farmers Electric Coop, Inc - (TX)",Cooperative,coop,no,,,0,,,"Wood County Electric Coop, Inc; Southwestern Electric Power Co",0.11513822160011435
75141,ONCOR ELECTRIC DELIVERY COMPANY,Wires company (TDU),base_tdsp,yes,ERCOT,ONCOR ELECTRIC DELIVERY COMPANY,171,12.6,5.2,,
75142,ONCOR ELECTRIC DELIVERY COMPANY,Wires company (TDU),base_tdsp,yes,ERCOT,ONCOR ELECTRIC DELIVERY COMPANY,171,12.6,5.2,,
75143,ONCOR ELECTRIC DELIVERY COMPANY,Wires company (TDU),base_tdsp,yes,ERCOT,ONCOR ELECTRIC DELIVERY COMPANY,171,12.6,5.2,,
75144,ONCOR ELECTRIC DELIVERY COMPANY,Wires company (TDU),base_tdsp,yes,ERCOT,ONCOR ELECTRIC DELIVERY COMPANY,171,12.6,5.2,,
75146,ONCOR ELECTRIC DELIVERY COMPANY,Wires company (TDU),base_tdsp,yes,ERCOT,ONCOR ELECTRIC DELIVERY COMPANY,171,12.6,5.2,,
75147,ONCOR ELECTRIC DELIVERY COMPANY,Wires company (TDU),base_tdsp,yes,ERCOT,ONCOR ELECTRIC DELIVERY COMPANY,171,12.6,5.2,,
75148,ONCOR ELECTRIC DELIVERY COMPANY,Wires company (TDU),base_tdsp,yes,ERCOT,ONCOR ELECTRIC DELIVERY COMPANY,171,12.6,5.2,,
75149,ONCOR ELECTRIC DELIVERY COMPANY,Wires company (TDU),base_tdsp,yes,ERCOT,ONCOR ELECTRIC DELIVERY COMPANY,171,12.6,5.2,,
75150,ONCOR ELECTRIC DELIVERY COMPANY,Wires company (TDU),base_tdsp,yes,ERCOT,ONCOR ELECTRIC DELIVERY COMPANY,171,12.6,5.2,City of Garland - (TX),
75152,ONCOR ELECTRIC DELIVERY COMPANY,Wires company (TDU),base_tdsp,yes,ERCOT,ONCOR ELECTRIC DELIVERY COMPANY,171,12.6,5.2,,
75153,AEP TEXAS NORTH,Wires company (TDU),base_tdsp,yes,ERCOT,AEP TEXAS NORTH; ONCOR ELECTRIC DELIVERY COMPANY,338,12.65,5.2,,
75154,ONCOR ELECTRIC DELIVERY COMPANY,Wires company (TDU),base_tdsp,yes,ERCOT,ONCOR ELECTRIC DELIVERY COMPANY,171,12.6,5.2,,
75155,ONCOR ELECTRIC DELIVERY COMPANY,Wires company (TDU),base_tdsp,yes,ERCOT,ONCOR ELECTRIC DELIVERY COMPANY,171,12.6,5.2,,
75156,ONCOR ELECTRIC DELIVERY COMPANY,Wires company (TDU),base_tdsp,yes,ERCOT,ONCOR ELECTRIC DELIVERY COMPANY,171,12.6,5.2,,
75157,ONCOR ELECTRIC DELIVERY COMPANY,Wires company (TDU),base_tdsp,yes,ERCOT,ONCOR ELECTRIC DELIVERY COMPANY,171,12.6,5.2,,
75158,,,none,no,,,0,,,,
75159,ONCOR ELECTRIC DELIVERY COMPANY,Wires company (TDU),base_tdsp,yes,ERCOT,ONCOR ELECTRIC DELIVERY COMPANY,171,12.6,5.2,,
75160,ONCOR ELECTRIC DELIVERY COMPANY,Wires company (TDU),base_tdsp,yes,ERCOT,ONCOR ELECTRIC DELIVERY COMPANY,171,12.6,5.2,,
75161,ONCOR ELECTRIC DELIVERY COMPANY,Wires company (TDU),base_tdsp,yes,ERCOT,ONCOR ELECTRIC DELIVERY COMPANY,171,12.6,5.2,,
75163,ONCOR ELECTRIC DELIVERY COMPANY,Wires company (TDU),base_tdsp,yes,ERCOT,ONCOR ELECTRIC DELIVERY COMPANY,171,12.6,5.2,,
75164,ONCOR ELECTRIC DELIVERY COMPANY,Wires company (TDU),base_tdsp,yes,ERCOT,ONCOR ELECTRIC DELIVERY COMPANY,171,12.6,5.2,"Grayson-Collin Elec Coop, Inc",
75165,ONCOR ELECTRIC DELIVERY COMPANY,Wires company (TDU),base_tdsp,yes,ERCOT,ONCOR ELECTRIC DELIVERY COMPANY,171,12.6,5.2,,
75166,ONCOR ELECTRIC DELIVERY COMPANY,Wires company (TDU),base_tdsp,yes,ERCOT,ONCOR ELECTRIC DELIVERY COMPANY,171,12.6,5.2,"Grayson-Collin Elec Coop, Inc",
75167,ONCOR ELECTRIC DELIVERY COMPANY,Wires company (TDU),base_tdsp,yes,ERCOT,ONCOR ELECTRIC DELIVERY COMPANY,171,12.6,5.2,,
75169,ONCOR ELECTRIC DELIVERY COMPANY,Wires company (TDU),base_tdsp,yes,ERCOT,ONCOR ELECTRIC DELIVERY COMPANY,171,12.6,5.2,"Farmers Electric Coop, Inc - (TX)",
75172,ONCOR ELECTRIC DELIVERY COMPANY,Wires company (TDU),base_tdsp,yes,ERCOT,ONCOR ELECTRIC DELIVERY COMPANY,171,12.6,5.2,,
75173,ONCOR ELECTRIC DELIVERY COMPANY,Wires company (TDU),base_tdsp,yes,ERCOT,ONCOR ELECTRIC DELIVERY COMPANY,171,12.6,5.2,"Grayson-Collin Elec Coop, Inc",
75180,ONCOR ELECTRIC DELIVERY COMPANY,Wires company (TDU),base_tdsp,yes,ERCOT,ONCOR ELECTRIC DELIVERY COMPANY,171,12.6,5.2,,
75181,ONCOR ELECTRIC DELIVERY COMPANY,Wires company (TDU),base_tdsp,yes,ERCOT,ONCOR ELECTRIC DELIVERY COMPANY,171,12.6,5.2,,
75182,ONCOR ELECTRIC DELIVERY COMPANY,Wires company (TDU),base_tdsp,yes,ERCOT,ONCOR ELECTRIC DELIVERY COMPANY,171,12.6,5.2,City of Garland - (TX),
75189,ONCOR ELECTRIC DELIVERY COMPANY,Wires company (TDU),base_tdsp,yes,ERCOT,ONCOR ELECTRIC DELIVERY COMPANY,171,12.6,5.2,"Grayson-Collin Elec Coop, Inc",
75201,ONCOR ELECTRIC DELIVERY COMPANY,Wires company (TDU),base_tdsp,yes,ERCOT,ONCOR ELECTRIC DELIVERY COMPANY,171,12.6,5.2,,
75202,ONCOR ELECTRIC DELIVERY COMPANY,Wires company (TDU),base_tdsp,yes,ERCOT,ONCOR ELECTRIC DELIVERY COMPANY,171,12.6,5.2,,
75203,ONCOR ELECTRIC DELIVERY COMPANY,Wires company (TDU),base_tdsp,yes,ERCOT,ONCOR ELECTRIC DELIVERY COMPANY,171,12.6,5.2,,
75204,ONCOR ELECTRIC DELIVERY COMPANY,Wires company (TDU),base_tdsp,yes,ERCOT,ONCOR ELECTRIC DELIVERY COMPANY,171,12.6,5.2,,
75205,ONCOR ELECTRIC DELIVERY COMPANY,Wires company (TDU),base_tdsp,yes,ERCOT,ONCOR ELECTRIC DELIVERY COMPANY,171,12.6,5.2,,
75206,ONCOR ELECTRIC DELIVERY COMPANY,Wires company (TDU),base_tdsp,yes,ERCOT,ONCOR ELECTRIC DELIVERY COMPANY,171,12.6,5.2,,
75207,ONCOR ELECTRIC DELIVERY COMPANY,Wires company (TDU),base_tdsp,yes,ERCOT,ONCOR ELECTRIC DELIVERY COMPANY,171,12.6,5.2,,
75208,ONCOR ELECTRIC DELIVERY COMPANY,Wires company (TDU),base_tdsp,yes,ERCOT,ONCOR ELECTRIC DELIVERY COMPANY,171,12.6,5.2,,
75209,ONCOR ELECTRIC DELIVERY COMPANY,Wires company (TDU),base_tdsp,yes,ERCOT,ONCOR ELECTRIC DELIVERY COMPANY,171,12.6,5.2,,
75210,ONCOR ELECTRIC DELIVERY COMPANY,Wires company (TDU),base_tdsp,yes,ERCOT,ONCOR ELECTRIC DELIVERY COMPANY,171,12.6,5.2,,
75211,ONCOR ELECTRIC DELIVERY COMPANY,Wires company (TDU),base_tdsp,yes,ERCOT,ONCOR ELECTRIC DELIVERY COMPANY,171,12.6,5.2,,
75212,ONCOR ELECTRIC DELIVERY COMPANY,Wires company (TDU),base_tdsp,yes,ERCOT,ONCOR ELECTRIC DELIVERY COMPANY,171,12.6,5.2,,
75214,ONCOR ELECTRIC DELIVERY COMPANY,Wires company (TDU),base_tdsp,yes,ERCOT,ONCOR ELECTRIC DELIVERY COMPANY,171,12.6,5.2,,
75215,ONCOR ELECTRIC DELIVERY COMPANY,Wires company (TDU),base_tdsp,yes,ERCOT,ONCOR ELECTRIC DELIVERY COMPANY,171,12.6,5.2,,
75216,ONCOR ELECTRIC DELIVERY COMPANY,Wires company (TDU),base_tdsp,yes,ERCOT,ONCOR ELECTRIC DELIVERY COMPANY,171,12.6,5.2,,
75217,ONCOR ELECTRIC DELIVERY COMPANY,Wires company (TDU),base_tdsp,yes,ERCOT,ONCOR ELECTRIC DELIVERY COMPANY,171,12.6,5.2,,
75218,ONCOR ELECTRIC DELIVERY COMPANY,Wires company (TDU),base_tdsp,yes,ERCOT,ONCOR ELECTRIC DELIVERY COMPANY,171,12.6,5.2,City of Garland - (TX),
75219,ONCOR ELECTRIC DELIVERY COMPANY,Wires company (TDU),base_tdsp,yes,ERCOT,ONCOR ELECTRIC DELIVERY COMPANY,171,12.6,5.2,,
75220,ONCOR ELECTRIC DELIVERY COMPANY,Wires company (TDU),base_tdsp,yes,ERCOT,ONCOR ELECTRIC DELIVERY COMPANY,171,12.6,5.2,,
75223,ONCOR ELECTRIC DELIVERY COMPANY,Wires company (TDU),base_tdsp,yes,ERCOT,ONCOR ELECTRIC DELIVERY COMPANY,171,12.6,5.2,,
75224,ONCOR ELECTRIC DELIVERY COMPANY,Wires company (TDU),base_tdsp,yes,ERCOT,ONCOR ELECTRIC DELIVERY COMPANY,171,12.6,5.2,,
75225,ONCOR ELECTRIC DELIVERY COMPANY,Wires company (TDU),base_tdsp,yes,ERCOT,ONCOR ELECTRIC DELIVERY COMPANY,171,12.6,5.2,,
75226,ONCOR ELECTRIC DELIVERY COMPANY,Wires company (TDU),base_tdsp,yes,ERCOT,ONCOR ELECTRIC DELIVERY COMPANY,171,12.6,5.2,,
75227,ONCOR ELECTRIC DELIVERY COMPANY,Wires company (TDU),base_tdsp,yes,ERCOT,ONCOR ELECTRIC DELIVERY COMPANY,171,12.6,5.2,,
75228,ONCOR ELECTRIC DELIVERY COMPANY,Wires company (TDU),base_tdsp,yes,ERCOT,ONCOR ELECTRIC DELIVERY COMPANY,171,12.6,5.2,City of Garland - (TX),
75229,ONCOR ELECTRIC DELIVERY COMPANY,Wires company (TDU),base_tdsp,yes,ERCOT,ONCOR ELECTRIC DELIVERY COMPANY,171,12.6,5.2,,
75230,ONCOR ELECTRIC DELIVERY COMPANY,Wires company (TDU),base_tdsp,yes,ERCOT,ONCOR ELECTRIC DELIVERY COMPANY,171,12.6,5.2,,
75231,ONCOR ELECTRIC DELIVERY COMPANY,Wires company (TDU),base_tdsp,yes,ERCOT,ONCOR ELECTRIC DELIVERY COMPANY,171,12.6,5.2,,
75232,ONCOR ELECTRIC DELIVERY COMPANY,Wires company (TDU),base_tdsp,yes,ERCOT,ONCOR ELECTRIC DELIVERY COMPANY,171,12.6,5.2,,
75233,ONCOR ELECTRIC DELIVERY COMPANY,Wires company (TDU),base_tdsp,yes,ERCOT,ONCOR ELECTRIC DELIVERY COMPANY,171,12.6,5.2,,
75234,ONCOR ELECTRIC DELIVERY COMPANY,Wires company (TDU),base_tdsp,yes,ERCOT,ONCOR ELECTRIC DELIVERY COMPANY,171,12.6,5.2,,
75235,ONCOR ELECTRIC DELIVERY COMPANY,Wires company (TDU),base_tdsp,yes,ERCOT,ONCOR ELECTRIC DELIVERY COMPANY,171,12.6,5.2,,
75236,ONCOR ELECTRIC DELIVERY COMPANY,Wires company (TDU),base_tdsp,yes,ERCOT,ONCOR ELECTRIC DELIVERY COMPANY,171,12.6,5.2,,
75237,ONCOR ELECTRIC DELIVERY COMPANY,Wires company (TDU),base_tdsp,yes,ERCOT,ONCOR ELECTRIC DELIVERY COMPANY,171,12.6,5.2,,
75238,ONCOR ELECTRIC DELIVERY COMPANY,Wires company (TDU),base_tdsp,yes,ERCOT,ONCOR ELECTRIC DELIVERY COMPANY,171,12.6,5.2,City of Garland - (TX),
75240,ONCOR ELECTRIC DELIVERY COMPANY,Wires company (TDU),base_tdsp,yes,ERCOT,ONCOR ELECTRIC DELIVERY COMPANY,171,12.6,5.2,,
75241,ONCOR ELECTRIC DELIVERY COMPANY,Wires company (TDU),base_tdsp,yes,ERCOT,ONCOR ELECTRIC DELIVERY COMPANY,171,12.6,5.2,,
75243,ONCOR ELECTRIC DELIVERY COMPANY,Wires company (TDU),base_tdsp,yes,ERCOT,ONCOR ELECTRIC DELIVERY COMPANY,171,12.6,5.2,City of Garland - (TX),
75244,ONCOR ELECTRIC DELIVERY COMPANY,Wires company (TDU),base_tdsp,yes,ERCOT,ONCOR ELECTRIC DELIVERY COMPANY,171,12.6,5.2,,
75246,ONCOR ELECTRIC DELIVERY COMPANY,Wires company (TDU),base_tdsp,yes,ERCOT,ONCOR ELECTRIC DELIVERY COMPANY,171,12.6,5.2,,
75247,ONCOR ELECTRIC DELIVERY COMPANY,Wires company (TDU),base_tdsp,yes,ERCOT,ONCOR ELECTRIC DELIVERY COMPANY,171,12.6,5.2,,
75248,ONCOR ELECTRIC DELIVERY COMPANY,Wires company (TDU),base_tdsp,yes,ERCOT,ONCOR ELECTRIC DELIVERY COMPANY,171,12.6,5.2,"Grayson-Collin Elec Coop, Inc",
75249,ONCOR ELECTRIC DELIVERY COMPANY,Wires company (TDU),base_tdsp,yes,ERCOT,ONCOR ELECTRIC DELIVERY COMPANY,171,12.6,5.2,,
75251,ONCOR ELECTRIC DELIVERY COMPANY,Wires company (TDU),base_tdsp,yes,ERCOT,ONCOR ELECTRIC DELIVERY COMPANY,171,12.6,5.2,,
75252,ONCOR ELECTRIC DELIVERY COMPANY,Wires company (TDU),base_tdsp,yes,ERCOT,ONCOR ELECTRIC DELIVERY COMPANY,171,12.6,5.2,"Grayson-Collin Elec Coop, Inc",
75253,ONCOR ELECTRIC DELIVERY COMPANY,Wires company (TDU),base_tdsp,yes,ERCOT,ONCOR ELECTRIC DELIVERY COMPANY,171,12.6,5.2,,
75254,ONCOR ELECTRIC DELIVERY COMPANY,Wires company (TDU),base_tdsp,yes,ERCOT,ONCOR ELECTRIC DELIVERY COMPANY,171,12.6,5.2,,
75287,ONCOR ELECTRIC DELIVERY COMPANY,Wires company (TDU),base_tdsp,yes,ERCOT,ONCOR ELECTRIC DELIVERY COMPANY,171,12.6,5.2,"Denton County Elec Coop, Inc; Grayson-Collin Elec Coop, Inc",
75370,"Grayson-Collin Elec Coop, Inc",Cooperative,coop,no,,,0,,,,0.1640044565941887
75379,"Grayson-Collin Elec Coop, Inc",Cooperative,coop,no,,,0,,,,0.1640044565941887
75401,ONCOR ELECTRIC DELIVERY COMPANY,Wires company (TDU),base_tdsp,yes,ERCOT,ONCOR ELECTRIC DELIVERY COMPANY,171,12.6,5.2,City of Greenville - (TX),
75402,ONCOR ELECTRIC DELIVERY COMPANY,Wires company (TDU),base_tdsp,yes,ERCOT,ONCOR ELECTRIC DELIVERY COMPANY,171,12.6,5.2,City of Greenville - (TX),
75403,ONCOR ELECTRIC DELIVERY COMPANY,Wires company (TDU),base_tdsp,yes,ERCOT,ONCOR ELECTRIC DELIVERY COMPANY,171,12.6,5.2,City of Greenville - (TX),
75404,ONCOR ELECTRIC DELIVERY COMPANY,Wires company (TDU),base_tdsp,yes,ERCOT,ONCOR ELECTRIC DELIVERY COMPANY,171,12.6,5.2,City of Greenville - (TX),
75407,ONCOR ELECTRIC DELIVERY COMPANY,Wires company (TDU),base_tdsp,yes,ERCOT,ONCOR ELECTRIC DELIVERY COMPANY; TEXAS-NEW MEXICO POWER COMPANY,338,13.6,5.2,"Grayson-Collin Elec Coop, Inc",
75409,ONCOR ELECTRIC DELIVERY COMPANY,Wires company (TDU),base_tdsp,yes,ERCOT,ONCOR ELECTRIC DELIVERY COMPANY; TEXAS-NEW MEXICO POWER COMPANY,338,13.6,5.2,"Grayson-Collin Elec Coop, Inc",
75410,"Farmers Electric Coop, Inc - (TX)",Cooperative,coop,no,,,0,,,"Wood County Electric Coop, Inc; Southwestern Electric Power Co",0.11513822160011435
75411,ONCOR ELECTRIC DELIVERY COMPANY,Wires company (TDU),base_tdsp,yes,ERCOT,ONCOR ELECTRIC DELIVERY COMPANY,171,12.6,5.2,,
75412,TEXAS-NEW MEXICO POWER COMPANY,Wires company (TDU),base_tdsp,yes,ERCOT,TEXAS-NEW MEXICO POWER COMPANY,167,15.1,8.0,Lamar County Elec Coop Assn,
75413,TEXAS-NEW MEXICO POWER COMPANY,Wires company (TDU),base_tdsp,yes,ERCOT,TEXAS-NEW MEXICO POWER COMPANY,167,15.1,8.0,,
75414,ONCOR ELECTRIC DELIVERY COMPANY,Wires company (TDU),base_tdsp,yes,ERCOT,ONCOR ELECTRIC DELIVERY COMPANY; TEXAS-NEW MEXICO POWER COMPANY,338,13.6,5.2,"Grayson-Collin Elec Coop, Inc",
75415,ONCOR ELECTRIC DELIVERY COMPANY,Wires company (TDU),base_tdsp,yes,ERCOT,ONCOR ELECTRIC DELIVERY COMPANY,171,12.6,5.2,,
75416,TEXAS-NEW MEXICO POWER COMPANY,Wires company (TDU),base_tdsp,yes,ERCOT,TEXAS-NEW MEXICO POWER COMPANY,167,15.1,8.0,Lamar County Elec Coop Assn,
75417,TEXAS-NEW MEXICO POWER COMPANY,Wires company (TDU),base_tdsp,yes,ERCOT,TEXAS-NEW MEXICO POWER COMPANY,167,15.1,8.0,"Farmers Electric Coop, Inc - (TX); Lamar County Elec Coop Assn; Southwestern Electric Power Co",
75418,ONCOR ELECTRIC DELIVERY COMPANY,Wires company (TDU),base_tdsp,yes,ERCOT,ONCOR ELECTRIC DELIVERY COMPANY,171,12.6,5.2,Fannin County Electric Coop,
75420,ONCOR ELECTRIC DELIVERY COMPANY,Wires company (TDU),base_tdsp,yes,ERCOT,ONCOR ELECTRIC DELIVERY COMPANY,171,12.6,5.2,,
75421,ONCOR ELECTRIC DELIVERY COMPANY,Wires company (TDU),base_tdsp,yes,ERCOT,ONCOR ELECTRIC DELIVERY COMPANY,171,12.6,5.2,,
75422,ONCOR ELECTRIC DELIVERY COMPANY,Wires company (TDU),base_tdsp,yes,ERCOT,ONCOR ELECTRIC DELIVERY COMPANY,171,12.6,5.2,,
75423,ONCOR ELECTRIC DELIVERY COMPANY,Wires company (TDU),base_tdsp,yes,ERCOT,ONCOR ELECTRIC DELIVERY COMPANY; TEXAS-NEW MEXICO POWER COMPANY,338,13.6,5.2,"Grayson-Collin Elec Coop, Inc",
75424,ONCOR ELECTRIC DELIVERY COMPANY,Wires company (TDU),base_tdsp,yes,ERCOT,ONCOR ELECTRIC DELIVERY COMPANY; TEXAS-NEW MEXICO POWER COMPANY,338,13.6,5.2,"Grayson-Collin Elec Coop, Inc",
75426,ONCOR ELECTRIC DELIVERY COMPANY,Wires company (TDU),base_tdsp,yes,ERCOT,ONCOR ELECTRIC DELIVERY COMPANY,171,12.6,5.2,Lamar County Elec Coop Assn,
75428,ONCOR ELECTRIC DELIVERY COMPANY,Wires company (TDU),base_tdsp,yes,ERCOT,ONCOR ELECTRIC DELIVERY COMPANY,171,12.6,5.2,,
75431,ONCOR ELECTRIC DELIVERY COMPANY,Wires company (TDU),base_tdsp,yes,ERCOT,ONCOR ELECTRIC DELIVERY COMPANY,171,12.6,5.2,Southwestern Electric Power Co,
75432,ONCOR ELECTRIC DELIVERY COMPANY,Wires company (TDU),base_tdsp,yes,ERCOT,ONCOR ELECTRIC DELIVERY COMPANY,171,12.6,5.2,"Farmers Electric Coop, Inc - (TX); Lamar County Elec Coop Assn; Southwestern Electric Power Co",
75433,ONCOR ELECTRIC DELIVERY COMPANY,Wires company (TDU),base_tdsp,yes,ERCOT,ONCOR ELECTRIC DELIVERY COMPANY,171,12.6,5.2,,
75434,TEXAS-NEW MEXICO POWER COMPANY,Wires company (TDU),base_tdsp,yes,ERCOT,TEXAS-NEW MEXICO POWER COMPANY,167,15.1,8.0,Lamar County Elec Coop Assn,
75435,TEXAS-NEW MEXICO POWER COMPANY,Wires company (TDU),base_tdsp,yes,ERCOT,TEXAS-NEW MEXICO POWER COMPANY,167,15.1,8.0,"Farmers Electric Coop, Inc - (TX); Lamar County Elec Coop Assn",
75436,TEXAS-NEW MEXICO POWER COMPANY,Wires company (TDU),base_tdsp,yes,ERCOT,TEXAS-NEW MEXICO POWER COMPANY,167,15.1,8.0,Lamar County Elec Coop Assn,
75437,ONCOR ELECTRIC DELIVERY COMPANY,Wires company (TDU),base_tdsp,yes,ERCOT,ONCOR ELECTRIC DELIVERY COMPANY,171,12.6,5.2,"Farmers Electric Coop, Inc - (TX); Southwestern Electric Power Co",
75438,ONCOR ELECTRIC DELIVERY COMPANY,Wires company (TDU),base_tdsp,yes,ERCOT,ONCOR ELECTRIC DELIVERY COMPANY,171,12.6,5.2,Fannin County Electric Coop,
75439,ONCOR ELECTRIC DELIVERY COMPANY,Wires company (TDU),base_tdsp,yes,ERCOT,ONCOR ELECTRIC DELIVERY COMPANY,171,12.6,5.2,"Grayson-Collin Elec Coop, Inc",
75440,TEXAS-NEW MEXICO POWER COMPANY,Wires company (TDU),base_tdsp,yes,ERCOT,TEXAS-NEW MEXICO POWER COMPANY,167,15.1,8.0,"Farmers Electric Coop, Inc - (TX); Southwestern Electric Power Co",
75441,ONCOR ELECTRIC DELIVERY COMPANY,Wires company (TDU),base_tdsp,yes,ERCOT,ONCOR ELECTRIC DELIVERY COMPANY,171,12.6,5.2,,
75442,ONCOR ELECTRIC DELIVERY COMPANY,Wires company (TDU),base_tdsp,yes,ERCOT,ONCOR ELECTRIC DELIVERY COMPANY; TEXAS-NEW MEXICO POWER COMPANY,338,13.6,5.2,"Grayson-Collin Elec Coop, Inc",
75444,Southwestern Electric Power Co,Investor Owned,ioi_non_ercot,no,non-ERCOT,,0,,,,0.12025334637662972
75446,ONCOR ELECTRIC DELIVERY COMPANY,Wires company (TDU),base_tdsp,yes,ERCOT,ONCOR ELECTRIC DELIVERY COMPANY,171,12.6,5.2,Fannin County Electric Coop,
75447,ONCOR ELECTRIC DELIVERY COMPANY,Wires company (TDU),base_tdsp,yes,ERCOT,ONCOR ELECTRIC DELIVERY COMPANY,171,12.6,5.2,Fannin County Electric Coop,
75448,ONCOR ELECTRIC DELIVERY COMPANY,Wires company (TDU),base_tdsp,yes,ERCOT,ONCOR ELECTRIC DELIVERY COMPANY,171,12.6,5.2,,
75449,ONCOR ELECTRIC DELIVERY COMPANY,Wires company (TDU),base_tdsp,yes,ERCOT,ONCOR ELECTRIC DELIVERY COMPANY,171,12.6,5.2,,
75450,"Farmers Electric Coop, Inc - (TX)",Cooperative,coop,no,,,0,,,,0.11513822160011435
75451,"Bowie-Cass Electric Coop, Inc",Cooperative,coop,no,,,0,,,"Upshur Rural Elec Coop Corp; Wood County Electric Coop, Inc; Southwestern Electric Power Co",0.12564696965847794
75452,ONCOR ELECTRIC DELIVERY COMPANY,Wires company (TDU),base_tdsp,yes,ERCOT,ONCOR ELECTRIC DELIVERY COMPANY; TEXAS-NEW MEXICO POWER COMPANY,338,13.6,5.2,"Grayson-Collin Elec Coop, Inc",
75453,TEXAS-NEW MEXICO POWER COMPANY,Wires company (TDU),base_tdsp,yes,ERCOT,TEXAS-NEW MEXICO POWER COMPANY,167,15.1,8.0,"Farmers Electric Coop, Inc - (TX)",
75454,ONCOR ELECTRIC DELIVERY COMPANY,Wires company (TDU),base_tdsp,yes,ERCOT,ONCOR ELECTRIC DELIVERY COMPANY,171,12.6,5.2,"Grayson-Collin Elec Coop, Inc",
75455,"Bowie-Cass Electric Coop, Inc",Cooperative,coop,no,,,0,,,"Farmers Electric Coop, Inc - (TX); Upshur Rural Elec Coop Corp; Southwestern Electric Power Co",0.12564696965847794
75456,Southwestern Electric Power Co,Investor Owned,ioi_non_ercot,no,non-ERCOT,,0,,,,0.12025334637662972
75457,"Bowie-Cass Electric Coop, Inc",Cooperative,coop,no,,,0,,,"Farmers Electric Coop, Inc - (TX); Wood County Electric Coop, Inc; Southwestern Electric Power Co",0.12564696965847794
75459,ONCOR ELECTRIC DELIVERY COMPANY,Wires company (TDU),base_tdsp,yes,ERCOT,ONCOR ELECTRIC DELIVERY COMPANY,171,12.6,5.2,"Grayson-Collin Elec Coop, Inc",
75460,ONCOR ELECTRIC DELIVERY COMPANY,Wires company (TDU),base_tdsp,yes,ERCOT,ONCOR ELECTRIC DELIVERY COMPANY,171,12.6,5.2,"Farmers Electric Coop, Inc - (TX); Lamar County Elec Coop Assn",
75462,ONCOR ELECTRIC DELIVERY COMPANY,Wires company (TDU),base_tdsp,yes,ERCOT,ONCOR ELECTRIC DELIVERY COMPANY; TEXAS-NEW MEXICO POWER COMPANY,338,13.6,5.2,,
75468,TEXAS-NEW MEXICO POWER COMPANY,Wires company (TDU),base_tdsp,yes,ERCOT,TEXAS-NEW MEXICO POWER COMPANY,167,15.1,8.0,Lamar County Elec Coop Assn,
75469,ONCOR ELECTRIC DELIVERY COMPANY,Wires company (TDU),base_tdsp,yes,ERCOT,ONCOR ELECTRIC DELIVERY COMPANY,171,12.6,5.2,,
75470,ONCOR ELECTRIC DELIVERY COMPANY,Wires company (TDU),base_tdsp,yes,ERCOT,ONCOR ELECTRIC DELIVERY COMPANY,171,12.6,5.2,Fannin County Electric Coop,
75471,"Wood County Electric Coop, Inc",Cooperative,coop,no,,,0,,,Southwestern Electric Power Co,0.1282620898614865
75472,TEXAS-NEW MEXICO POWER COMPANY,Wires company (TDU),base_tdsp,yes,ERCOT,TEXAS-NEW MEXICO POWER COMPANY,167,15.1,8.0,"Farmers Electric Coop, Inc - (TX)",
75473,ONCOR ELECTRIC DELIVERY COMPANY,Wires company (TDU),base_tdsp,yes,ERCOT,ONCOR ELECTRIC DELIVERY COMPANY,171,12.6,5.2,Lamar County Elec Coop Assn,
75474,ONCOR ELECTRIC DELIVERY COMPANY,Wires company (TDU),base_tdsp,yes,ERCOT,ONCOR ELECTRIC DELIVERY COMPANY,171,12.6,5.2,"Farmers Electric Coop, Inc - (TX)",
75475,TEXAS-NEW MEXICO POWER COMPANY,Wires company (TDU),base_tdsp,yes,ERCOT,TEXAS-NEW MEXICO POWER COMPANY,167,15.1,8.0,,
75476,ONCOR ELECTRIC DELIVERY COMPANY,Wires company (TDU),base_tdsp,yes,ERCOT,ONCOR ELECTRIC DELIVERY COMPANY,171,12.6,5.2,,
75477,ONCOR ELECTRIC DELIVERY COMPANY,Wires company (TDU),base_tdsp,yes,ERCOT,ONCOR ELECTRIC DELIVERY COMPANY,171,12.6,5.2,"Farmers Electric Coop, Inc - (TX); Lamar County Elec Coop Assn",
75478,"Wood County Electric Coop, Inc",Cooperative,coop,no,,,0,,,Southwestern Electric Power Co,0.1282620898614865
75479,ONCOR ELECTRIC DELIVERY COMPANY,Wires company (TDU),base_tdsp,yes,ERCOT,ONCOR ELECTRIC DELIVERY COMPANY,171,12.6,5.2,"Grayson-Collin Elec Coop, Inc",
75480,"Bowie-Cass Electric Coop, Inc",Cooperative,coop,no,,,0,,,"Upshur Rural Elec Coop Corp; Wood County Electric Coop, Inc; Southwestern Electric Power Co",0.12564696965847794
75481,ONCOR ELECTRIC DELIVERY COMPANY,Wires company (TDU),base_tdsp,yes,ERCOT,ONCOR ELECTRIC DELIVERY COMPANY,171,12.6,5.2,"Farmers Electric Coop, Inc - (TX); Southwestern Electric Power Co",
75482,ONCOR ELECTRIC DELIVERY COMPANY,Wires company (TDU),base_tdsp,yes,ERCOT,ONCOR ELECTRIC DELIVERY COMPANY,171,12.6,5.2,"Farmers Electric Coop, Inc - (TX); Southwestern Electric Power Co",
75485,TEXAS-NEW MEXICO POWER COMPANY,Wires company (TDU),base_tdsp,yes,ERCOT,TEXAS-NEW MEXICO POWER COMPANY,167,15.1,8.0,"Grayson-Collin Elec Coop, Inc",
75486,ONCOR ELECTRIC DELIVERY COMPANY,Wires company (TDU),base_tdsp,yes,ERCOT,ONCOR ELECTRIC DELIVERY COMPANY,171,12.6,5.2,Fannin County Electric Coop,
75487,TEXAS-NEW MEXICO POWER COMPANY,Wires company (TDU),base_tdsp,yes,ERCOT,TEXAS-NEW MEXICO POWER COMPANY,167,15.1,8.0,"Farmers Electric Coop, Inc - (TX); Lamar County Elec Coop Assn; Southwestern Electric Power Co",
75488,ONCOR ELECTRIC DELIVERY COMPANY,Wires company (TDU),base_tdsp,yes,ERCOT,ONCOR ELECTRIC DELIVERY COMPANY,171,12.6,5.2,Fannin County Electric Coop,
75489,TEXAS-NEW MEXICO POWER COMPANY,Wires company (TDU),base_tdsp,yes,ERCOT,TEXAS-NEW MEXICO POWER COMPANY,167,15.1,8.0,"Grayson-Collin Elec Coop, Inc",
75490,TEXAS-NEW MEXICO POWER COMPANY,Wires company (TDU),base_tdsp,yes,ERCOT,TEXAS-NEW MEXICO POWER COMPANY,167,15.1,8.0,"Grayson-Collin Elec Coop, Inc",
75491,TEXAS-NEW MEXICO POWER COMPANY,Wires company (TDU),base_tdsp,yes,ERCOT,TEXAS-NEW MEXICO POWER COMPANY,167,15.1,8.0,"Grayson-Collin Elec Coop, Inc",
75492,ONCOR ELECTRIC DELIVERY COMPANY,Wires company (TDU),base_tdsp,yes,ERCOT,ONCOR ELECTRIC DELIVERY COMPANY,171,12.6,5.2,,
75493,Southwestern Electric Power Co,Investor Owned,ioi_non_ercot,no,non-ERCOT,,0,,,,0.12025334637662972
75494,Upshur Rural Elec Coop Corp,Cooperative,coop,no,,,0,,,"Wood County Electric Coop, Inc; Southwestern Electric Power Co",0.12396459838605603
75495,ONCOR ELECTRIC DELIVERY COMPANY,Wires company (TDU),base_tdsp,yes,ERCOT,ONCOR ELECTRIC DELIVERY COMPANY,171,12.6,5.2,"Grayson-Collin Elec Coop, Inc",
75496,ONCOR ELECTRIC DELIVERY COMPANY,Wires company (TDU),base_tdsp,yes,ERCOT,ONCOR ELECTRIC DELIVERY COMPANY,171,12.6,5.2,,
75497,ONCOR ELECTRIC DELIVERY COMPANY,Wires company (TDU),base_tdsp,yes,ERCOT,ONCOR ELECTRIC DELIVERY COMPANY,171,12.6,5.2,"Farmers Electric Coop, Inc - (TX); Wood County Electric Coop, Inc; Southwestern Electric Power Co",
75501,"Bowie-Cass Electric Coop, Inc",Cooperative,coop,no,,,0,,,Southwest Arkansas E C C; Southwestern Electric Power Co,0.12564696965847794
75503,"Bowie-Cass Electric Coop, Inc",Cooperative,coop,no,,,0,,,Southwest Arkansas E C C; Southwestern Electric Power Co,0.12564696965847794
75504,"Bowie-Cass Electric Coop, Inc",Cooperative,coop,no,,,0,,,,0.12564696965847794
75505,Southwestern Electric Power Co,Investor Owned,ioi_non_ercot,no,non-ERCOT,,0,,,,0.12025334637662972
75507,"Bowie-Cass Electric Coop, Inc",Cooperative,coop,no,,,0,,,,0.12564696965847794
75550,ONCOR ELECTRIC DELIVERY COMPANY,Wires company (TDU),base_tdsp,yes,ERCOT,ONCOR ELECTRIC DELIVERY COMPANY,171,12.6,5.2,Lamar County Elec Coop Assn; Southwestern Electric Power Co,
75551,"Bowie-Cass Electric Coop, Inc",Cooperative,coop,no,,,0,,,Southwest Arkansas E C C; Southwestern Electric Power Co,0.12564696965847794
75554,ONCOR ELECTRIC DELIVERY COMPANY,Wires company (TDU),base_tdsp,yes,ERCOT,ONCOR ELECTRIC DELIVERY COMPANY,171,12.6,5.2,"Bowie-Cass Electric Coop, Inc; Lamar County Elec Coop Assn; Southwestern Electric Power Co",
75555,"Bowie-Cass Electric Coop, Inc",Cooperative,coop,no,,,0,,,"Panola-Harrison Elec Coop, Inc; Southwest Arkansas E C C; Upshur Rural Elec Coop Corp; Southwestern Electric Power Co",0.12564696965847794
75556,"Bowie-Cass Electric Coop, Inc",Cooperative,coop,no,,,0,,,Southwest Arkansas E C C; Southwestern Electric Power Co,0.12564696965847794
75558,Southwestern Electric Power Co,Investor Owned,ioi_non_ercot,no,non-ERCOT,,0,,,,0.12025334637662972
75559,"Bowie-Cass Electric Coop, Inc",Cooperative,coop,no,,,0,,,Lamar County Elec Coop Assn; Southwest Arkansas E C C; Southwestern Electric Power Co,0.12564696965847794
75560,"Bowie-Cass Electric Coop, Inc",Cooperative,coop,no,,,0,,,Southwestern Electric Power Co,0.12564696965847794
75561,"Bowie-Cass Electric Coop, Inc",Cooperative,coop,no,,,0,,,Southwest Arkansas E C C; Southwestern Electric Power Co,0.12564696965847794
75562,"Bowie-Cass Electric Coop, Inc",Cooperative,coop,no,,,0,,,Southwestern Electric Power Co,0.12564696965847794
75563,"Bowie-Cass Electric Coop, Inc",Cooperative,coop,no,,,0,,,Upshur Rural Elec Coop Corp; Southwestern Electric Power Co,0.12564696965847794
75564,Upshur Rural Elec Coop Corp,Cooperative,coop,no,,,0,,,,0.12396459838605603
75565,Southwestern Electric Power Co,Investor Owned,ioi_non_ercot,no,non-ERCOT,,0,,,,0.12025334637662972
75566,"Bowie-Cass Electric Coop, Inc",Cooperative,coop,no,,,0,,,Southwestern Electric Power Co,0.12564696965847794
75567,"Bowie-Cass Electric Coop, Inc",Cooperative,coop,no,,,0,,,Southwestern Electric Power Co,0.12564696965847794
75568,"Bowie-Cass Electric Coop, Inc",Cooperative,coop,no,,,0,,,Southwestern Electric Power Co,0.12564696965847794
75569,Southwestern Electric Power Co,Investor Owned,ioi_non_ercot,no,non-ERCOT,,0,,,,0.12025334637662972
75570,"Bowie-Cass Electric Coop, Inc",Cooperative,coop,no,,,0,,,Southwest Arkansas E C C; Southwestern Electric Power Co,0.12564696965847794
75571,"Bowie-Cass Electric Coop, Inc",Cooperative,coop,no,,,0,,,Southwestern Electric Power Co,0.12564696965847794
75572,"Bowie-Cass Electric Coop, Inc",Cooperative,coop,no,,,0,,,Southwest Arkansas E C C; Southwestern Electric Power Co,0.12564696965847794
75573,"Bowie-Cass Electric Coop, Inc",Cooperative,coop,no,,,0,,,,0.12564696965847794
75574,"Bowie-Cass Electric Coop, Inc",Cooperative,coop,no,,,0,,,Southwestern Electric Power Co,0.12564696965847794
75599,Southwestern Electric Power Co,Investor Owned,ioi_non_ercot,no,non-ERCOT,,0,,,,0.12025334637662972
75601,Southwestern Electric Power Co,Investor Owned,ioi_non_ercot,no,non-ERCOT,,0,,,,0.12025334637662972
75602,"Rusk County Electric Coop, Inc",Cooperative,coop,no,,,0,,,Southwestern Electric Power Co,0.12895279910622157
75603,"Rusk County Electric Coop, Inc",Cooperative,coop,no,,,0,,,Southwestern Electric Power Co,0.12895279910622157
75604,Southwestern Electric Power Co,Investor Owned,ioi_non_ercot,no,non-ERCOT,,0,,,,0.12025334637662972
75605,Upshur Rural Elec Coop Corp,Cooperative,coop,no,,,0,,,Southwestern Electric Power Co,0.12396459838605603
75606,Southwestern Electric Power Co,Investor Owned,ioi_non_ercot,no,non-ERCOT,,0,,,,0.12025334637662972
75607,Southwestern Electric Power Co,Investor Owned,ioi_non_ercot,no,non-ERCOT,,0,,,,0.12025334637662972
75608,Southwestern Electric Power Co,Investor Owned,ioi_non_ercot,no,non-ERCOT,,0,,,,0.12025334637662972
75615,Southwestern Electric Power Co,Investor Owned,ioi_non_ercot,no,non-ERCOT,,0,,,,0.12025334637662972
75630,"Bowie-Cass Electric Coop, Inc",Cooperative,coop,no,,,0,,,Upshur Rural Elec Coop Corp; Southwestern Electric Power Co,0.12564696965847794
75631,"Panola-Harrison Elec Coop, Inc",Cooperative,coop,no,,,0,,,"Rusk County Electric Coop, Inc; Southwestern Electric Power Co",0.09409557401120287
75633,Deep East Texas Elec Coop Inc,Cooperative,coop,no,,,0,,,"Panola-Harrison Elec Coop, Inc; Rusk County Electric Coop, Inc; Southwestern Electric Power Co",0.13100998789221177
75636,Southwestern Electric Power Co,Investor Owned,ioi_non_ercot,no,non-ERCOT,,0,,,,0.12025334637662972
75637,"Rusk County Electric Coop, Inc",Cooperative,coop,no,,,0,,,,0.12895279910622157
75638,"Bowie-Cass Electric Coop, Inc",Cooperative,coop,no,,,0,,,Upshur Rural Elec Coop Corp; Southwestern Electric Power Co,0.12564696965847794
75639,"Panola-Harrison Elec Coop, Inc",Cooperative,coop,no,,,0,,,Southwestern Electric Power Co,0.09409557401120287
75640,Upshur Rural Elec Coop Corp,Cooperative,coop,no,,,0,,,Southwestern Electric Power Co,0.12396459838605603
75641,"Rusk County Electric Coop, Inc",Cooperative,coop,no,,,0,,,Southwestern Electric Power Co,0.12895279910622157
75642,"Panola-Harrison Elec Coop, Inc",Cooperative,coop,no,,,0,,,,0.09409557401120287
75643,Deep East Texas Elec Coop Inc,Cooperative,coop,no,,,0,,,"Rusk County Electric Coop, Inc; Southwestern Electric Power Co",0.13100998789221177
75644,Upshur Rural Elec Coop Corp,Cooperative,coop,no,,,0,,,"Wood County Electric Coop, Inc; Southwestern Electric Power Co",0.12396459838605603
75645,Upshur Rural Elec Coop Corp,Cooperative,coop,no,,,0,,,Southwestern Electric Power Co,0.12396459838605603
75647,Southwestern Electric Power Co,Investor Owned,ioi_non_ercot,no,non-ERCOT,,0,,,,0.12025334637662972
75650,"Rusk County Electric Coop, Inc",Cooperative,coop,no,,,0,,,Upshur Rural Elec Coop Corp; Southwestern Electric Power Co,0.12895279910622157
75651,Upshur Rural Elec Coop Corp,Cooperative,coop,no,,,0,,,Southwestern Electric Power Co,0.12396459838605603
75652,ONCOR ELECTRIC DELIVERY COMPANY,Wires company (TDU),base_tdsp,yes,ERCOT,ONCOR ELECTRIC DELIVERY COMPANY,171,12.6,5.2,"Rusk County Electric Coop, Inc; Southwestern Electric Power Co",
75653,Southwestern Electric Power Co,Investor Owned,ioi_non_ercot,no,non-ERCOT,,0,,,,0.12025334637662972
75654,ONCOR ELECTRIC DELIVERY COMPANY,Wires company (TDU),base_tdsp,yes,ERCOT,ONCOR ELECTRIC DELIVERY COMPANY,171,12.6,5.2,"Cherokee County Elec Coop Assn - (TX); Rusk County Electric Coop, Inc; Southwestern Electric Power Co",
75656,"Bowie-Cass Electric Coop, Inc",Cooperative,coop,no,,,0,,,Southwestern Electric Power Co,0.12564696965847794
75657,"Bowie-Cass Electric Coop, Inc",Cooperative,coop,no,,,0,,,"Panola-Harrison Elec Coop, Inc; Upshur Rural Elec Coop Corp; Southwestern Electric Power Co",0.12564696965847794
75658,Southwestern Electric Power Co,Investor Owned,ioi_non_ercot,no,non-ERCOT,,0,,,,0.12025334637662972
75659,Southwestern Electric Power Co,Investor Owned,ioi_non_ercot,no,non-ERCOT,,0,,,,0.12025334637662972
75660,Southwestern Electric Power Co,Investor Owned,ioi_non_ercot,no,non-ERCOT,,0,,,,0.12025334637662972
75661,"Panola-Harrison Elec Coop, Inc",Cooperative,coop,no,,,0,,,Upshur Rural Elec Coop Corp; Southwestern Electric Power Co,0.09409557401120287
75662,"Rusk County Electric Coop, Inc",Cooperative,coop,no,,,0,,,Southwestern Electric Power Co,0.12895279910622157
75663,Southwestern Electric Power Co,Investor Owned,ioi_non_ercot,no,non-ERCOT,,0,,,,0.12025334637662972
75666,Southwestern Electric Power Co,Investor Owned,ioi_non_ercot,no,non-ERCOT,,0,,,,0.12025334637662972
75667,ONCOR ELECTRIC DELIVERY COMPANY,Wires company (TDU),base_tdsp,yes,ERCOT,ONCOR ELECTRIC DELIVERY COMPANY,171,12.6,5.2,Cherokee County Elec Coop Assn - (TX); Southwestern Electric Power Co,
75668,"Bowie-Cass Electric Coop, Inc",Cooperative,coop,no,,,0,,,Upshur Rural Elec Coop Corp; Southwestern Electric Power Co,0.12564696965847794
75669,"Rusk County Electric Coop, Inc",Cooperative,coop,no,,,0,,,Southwestern Electric Power Co,0.12895279910622157
75670,"Rusk County Electric Coop, Inc",Cooperative,coop,no,,,0,,,Upshur Rural Elec Coop Corp; Southwestern Electric Power Co,0.12895279910622157
75671,Southwestern Electric Power Co,Investor Owned,ioi_non_ercot,no,non-ERCOT,,0,,,,0.12025334637662972
75672,"Panola-Harrison Elec Coop, Inc",Cooperative,coop,no,,,0,,,"Rusk County Electric Coop, Inc; Upshur Rural Elec Coop Corp; Southwestern Electric Power Co",0.09409557401120287
75680,Southwestern Electric Power Co,Investor Owned,ioi_non_ercot,no,non-ERCOT,,0,,,,0.12025334637662972
75681,Cherokee County Elec Coop Assn - (TX),Cooperative,coop,no,,,0,,,"Rusk County Electric Coop, Inc; Southwestern Electric Power Co",0.14916409900306027
75682,Southwestern Electric Power Co,Investor Owned,ioi_non_ercot,no,non-ERCOT,,0,,,,0.12025334637662972
75683,"Bowie-Cass Electric Coop, Inc",Cooperative,coop,no,,,0,,,Upshur Rural Elec Coop Corp; Southwestern Electric Power Co,0.12564696965847794
75684,ONCOR ELECTRIC DELIVERY COMPANY,Wires company (TDU),base_tdsp,yes,ERCOT,ONCOR ELECTRIC DELIVERY COMPANY,171,12.6,5.2,"Rusk County Electric Coop, Inc; Southwestern Electric Power Co",
75685,Southwestern Electric Power Co,Investor Owned,ioi_non_ercot,no,non-ERCOT,,0,,,,0.12025334637662972
75686,"Bowie-Cass Electric Coop, Inc",Cooperative,coop,no,,,0,,,Upshur Rural Elec Coop Corp; Southwestern Electric Power Co,0.12564696965847794
75687,Southwestern Electric Power Co,Investor Owned,ioi_non_ercot,no,non-ERCOT,,0,,,,0.12025334637662972
75688,Southwestern Electric Power Co,Investor Owned,ioi_non_ercot,no,non-ERCOT,,0,,,,0.12025334637662972
75689,Southwestern Electric Power Co,Investor Owned,ioi_non_ercot,no,non-ERCOT,,0,,,,0.12025334637662972
75691,"Panola-Harrison Elec Coop, Inc",Cooperative,coop,no,,,0,,,"Rusk County Electric Coop, Inc; Southwestern Electric Power Co",0.09409557401120287
75692,"Panola-Harrison Elec Coop, Inc",Cooperative,coop,no,,,0,,,Southwestern Electric Power Co,0.09409557401120287
75693,Southwestern Electric Power Co,Investor Owned,ioi_non_ercot,no,non-ERCOT,,0,,,,0.12025334637662972
75694,Southwestern Electric Power Co,Investor Owned,ioi_non_ercot,no,non-ERCOT,,0,,,,0.12025334637662972
75701,ONCOR ELECTRIC DELIVERY COMPANY,Wires company (TDU),base_tdsp,yes,ERCOT,ONCOR ELECTRIC DELIVERY COMPANY,171,12.6,5.2,,
75702,ONCOR ELECTRIC DELIVERY COMPANY,Wires company (TDU),base_tdsp,yes,ERCOT,ONCOR ELECTRIC DELIVERY COMPANY,171,12.6,5.2,,
75703,ONCOR ELECTRIC DELIVERY COMPANY,Wires company (TDU),base_tdsp,yes,ERCOT,ONCOR ELECTRIC DELIVERY COMPANY,171,12.6,5.2,,
75704,ONCOR ELECTRIC DELIVERY COMPANY,Wires company (TDU),base_tdsp,yes,ERCOT,ONCOR ELECTRIC DELIVERY COMPANY,171,12.6,5.2,,
75705,ONCOR ELECTRIC DELIVERY COMPANY,Wires company (TDU),base_tdsp,yes,ERCOT,ONCOR ELECTRIC DELIVERY COMPANY,171,12.6,5.2,Southwestern Electric Power Co,
75706,ONCOR ELECTRIC DELIVERY COMPANY,Wires company (TDU),base_tdsp,yes,ERCOT,ONCOR ELECTRIC DELIVERY COMPANY,171,12.6,5.2,Southwestern Electric Power Co,
75707,ONCOR ELECTRIC DELIVERY COMPANY,Wires company (TDU),base_tdsp,yes,ERCOT,ONCOR ELECTRIC DELIVERY COMPANY,171,12.6,5.2,,
75708,ONCOR ELECTRIC DELIVERY COMPANY,Wires company (TDU),base_tdsp,yes,ERCOT,ONCOR ELECTRIC DELIVERY COMPANY,171,12.6,5.2,Southwestern Electric Power Co,
75709,ONCOR ELECTRIC DELIVERY COMPANY,Wires company (TDU),base_tdsp,yes,ERCOT,ONCOR ELECTRIC DELIVERY COMPANY,171,12.6,5.2,,
75711,ONCOR ELECTRIC DELIVERY COMPANY,Wires company (TDU),base_tdsp,yes,ERCOT,ONCOR ELECTRIC DELIVERY COMPANY,171,12.6,5.2,,
75750,ONCOR ELECTRIC DELIVERY COMPANY,Wires company (TDU),base_tdsp,yes,ERCOT,ONCOR ELECTRIC DELIVERY COMPANY,171,12.6,5.2,Southwestern Electric Power Co,
75751,ONCOR ELECTRIC DELIVERY COMPANY,Wires company (TDU),base_tdsp,yes,ERCOT,ONCOR ELECTRIC DELIVERY COMPANY,171,12.6,5.2,Trinity Valley Elec Coop Inc,
75752,ONCOR ELECTRIC DELIVERY COMPANY,Wires company (TDU),base_tdsp,yes,ERCOT,ONCOR ELECTRIC DELIVERY COMPANY,171,12.6,5.2,Trinity Valley Elec Coop Inc,
75754,ONCOR ELECTRIC DELIVERY COMPANY,Wires company (TDU),base_tdsp,yes,ERCOT,ONCOR ELECTRIC DELIVERY COMPANY,171,12.6,5.2,,
75755,Upshur Rural Elec Coop Corp,Cooperative,coop,no,,,0,,,"Wood County Electric Coop, Inc; Southwestern Electric Power Co",0.12396459838605603
75756,ONCOR ELECTRIC DELIVERY COMPANY,Wires company (TDU),base_tdsp,yes,ERCOT,ONCOR ELECTRIC DELIVERY COMPANY,171,12.6,5.2,,
75757,ONCOR ELECTRIC DELIVERY COMPANY,Wires company (TDU),base_tdsp,yes,ERCOT,ONCOR ELECTRIC DELIVERY COMPANY,171,12.6,5.2,,
75758,ONCOR ELECTRIC DELIVERY COMPANY,Wires company (TDU),base_tdsp,yes,ERCOT,ONCOR ELECTRIC DELIVERY COMPANY,171,12.6,5.2,,
75759,,,none,no,,,0,,,,
75760,ONCOR ELECTRIC DELIVERY COMPANY,Wires company (TDU),base_tdsp,yes,ERCOT,ONCOR ELECTRIC DELIVERY COMPANY,171,12.6,5.2,Cherokee County Elec Coop Assn - (TX); Southwestern Electric Power Co,
75762,ONCOR ELECTRIC DELIVERY COMPANY,Wires company (TDU),base_tdsp,yes,ERCOT,ONCOR ELECTRIC DELIVERY COMPANY,171,12.6,5.2,,
75763,ONCOR ELECTRIC DELIVERY COMPANY,Wires company (TDU),base_tdsp,yes,ERCOT,ONCOR ELECTRIC DELIVERY COMPANY,171,12.6,5.2,,
75764,ONCOR ELECTRIC DELIVERY COMPANY,Wires company (TDU),base_tdsp,yes,ERCOT,ONCOR ELECTRIC DELIVERY COMPANY,171,12.6,5.2,,
75765,Upshur Rural Elec Coop Corp,Cooperative,coop,no,,,0,,,"Wood County Electric Coop, Inc; Southwestern Electric Power Co",0.12396459838605603
75766,ONCOR ELECTRIC DELIVERY COMPANY,Wires company (TDU),base_tdsp,yes,ERCOT,ONCOR ELECTRIC DELIVERY COMPANY,171,12.6,5.2,Cherokee County Elec Coop Assn - (TX); Southwestern Electric Power Co,
75770,ONCOR ELECTRIC DELIVERY COMPANY,Wires company (TDU),base_tdsp,yes,ERCOT,ONCOR ELECTRIC DELIVERY COMPANY,171,12.6,5.2,,
75771,ONCOR ELECTRIC DELIVERY COMPANY,Wires company (TDU),base_tdsp,yes,ERCOT,ONCOR ELECTRIC DELIVERY COMPANY,171,12.6,5.2,Southwestern Electric Power Co,
75773,ONCOR ELECTRIC DELIVERY COMPANY,Wires company (TDU),base_tdsp,yes,ERCOT,ONCOR ELECTRIC DELIVERY COMPANY,171,12.6,5.2,"Wood County Electric Coop, Inc; Southwestern Electric Power Co",
75778,ONCOR ELECTRIC DELIVERY COMPANY,Wires company (TDU),base_tdsp,yes,ERCOT,ONCOR ELECTRIC DELIVERY COMPANY,171,12.6,5.2,,
75779,ONCOR ELECTRIC DELIVERY COMPANY,Wires company (TDU),base_tdsp,yes,ERCOT,ONCOR ELECTRIC DELIVERY COMPANY,171,12.6,5.2,,
75780,ONCOR ELECTRIC DELIVERY COMPANY,Wires company (TDU),base_tdsp,yes,ERCOT,ONCOR ELECTRIC DELIVERY COMPANY,171,12.6,5.2,,
75782,ONCOR ELECTRIC DELIVERY COMPANY,Wires company (TDU),base_tdsp,yes,ERCOT,ONCOR ELECTRIC DELIVERY COMPANY,171,12.6,5.2,,
75783,ONCOR ELECTRIC DELIVERY COMPANY,Wires company (TDU),base_tdsp,yes,ERCOT,ONCOR ELECTRIC DELIVERY COMPANY,171,12.6,5.2,"Wood County Electric Coop, Inc; Southwestern Electric Power Co",
75784,Cherokee County Elec Coop Assn - (TX),Cooperative,coop,no,,,0,,,Southwestern Electric Power Co,0.14916409900306027
75785,ONCOR ELECTRIC DELIVERY COMPANY,Wires company (TDU),base_tdsp,yes,ERCOT,ONCOR ELECTRIC DELIVERY COMPANY,171,12.6,5.2,,
75788,,,none,no,,,0,,,,
75789,ONCOR ELECTRIC DELIVERY COMPANY,Wires company (TDU),base_tdsp,yes,ERCOT,ONCOR ELECTRIC DELIVERY COMPANY,171,12.6,5.2,Cherokee County Elec Coop Assn - (TX); Southwestern Electric Power Co,
75790,ONCOR ELECTRIC DELIVERY COMPANY,Wires company (TDU),base_tdsp,yes,ERCOT,ONCOR ELECTRIC DELIVERY COMPANY,171,12.6,5.2,,
75791,ONCOR ELECTRIC DELIVERY COMPANY,Wires company (TDU),base_tdsp,yes,ERCOT,ONCOR ELECTRIC DELIVERY COMPANY,171,12.6,5.2,,
75792,Southwestern Electric Power Co,Investor Owned,ioi_non_ercot,no,non-ERCOT,,0,,,,0.12025334637662972
75797,Southwestern Electric Power Co,Investor Owned,ioi_non_ercot,no,non-ERCOT,,0,,,,0.12025334637662972
75801,ONCOR ELECTRIC DELIVERY COMPANY,Wires company (TDU),base_tdsp,yes,ERCOT,ONCOR ELECTRIC DELIVERY COMPANY,171,12.6,5.2,Houston County Elec Coop Inc; Entergy Texas Inc.,
75803,ONCOR ELECTRIC DELIVERY COMPANY,Wires company (TDU),base_tdsp,yes,ERCOT,ONCOR ELECTRIC DELIVERY COMPANY,171,12.6,5.2,Houston County Elec Coop Inc; Trinity Valley Elec Coop Inc; Entergy Texas Inc.,
75831,ONCOR ELECTRIC DELIVERY COMPANY,Wires company (TDU),base_tdsp,yes,ERCOT,ONCOR ELECTRIC DELIVERY COMPANY,171,12.6,5.2,"Houston County Elec Coop Inc; Navasota Valley Elec Coop, Inc; Entergy Texas Inc.",
75833,ONCOR ELECTRIC DELIVERY COMPANY,Wires company (TDU),base_tdsp,yes,ERCOT,ONCOR ELECTRIC DELIVERY COMPANY,171,12.6,5.2,"Houston County Elec Coop Inc; Mid-South Electric Coop Assn; Navasota Valley Elec Coop, Inc; Entergy Texas Inc.",
75834,Entergy Texas Inc.,Investor Owned,ioi_non_ercot,no,non-ERCOT,,0,,,,0.1366459934147402
75835,ONCOR ELECTRIC DELIVERY COMPANY,Wires company (TDU),base_tdsp,yes,ERCOT,ONCOR ELECTRIC DELIVERY COMPANY,171,12.6,5.2,Houston County Elec Coop Inc; Mid-South Electric Coop Assn; Entergy Texas Inc.,
75838,"Navasota Valley Elec Coop, Inc",Cooperative,coop,no,,,0,,,Entergy Texas Inc.,0.15754613767238312
75839,ONCOR ELECTRIC DELIVERY COMPANY,Wires company (TDU),base_tdsp,yes,ERCOT,ONCOR ELECTRIC DELIVERY COMPANY,171,12.6,5.2,Houston County Elec Coop Inc; Entergy Texas Inc.,
75840,ONCOR ELECTRIC DELIVERY COMPANY,Wires company (TDU),base_tdsp,yes,ERCOT,ONCOR ELECTRIC DELIVERY COMPANY,171,12.6,5.2,Trinity Valley Elec Coop Inc,
75844,ONCOR ELECTRIC DELIVERY COMPANY,Wires company (TDU),base_tdsp,yes,ERCOT,ONCOR ELECTRIC DELIVERY COMPANY,171,12.6,5.2,Houston County Elec Coop Inc; Entergy Texas Inc.,
75845,Houston County Elec Coop Inc,Cooperative,coop,no,,,0,,,Sam Houston Electric Coop Inc; Entergy Texas Inc.,0.16600964239754953
75846,ONCOR ELECTRIC DELIVERY COMPANY,Wires company (TDU),base_tdsp,yes,ERCOT,ONCOR ELECTRIC DELIVERY COMPANY,171,12.6,5.2,"Houston County Elec Coop Inc; Navasota Valley Elec Coop, Inc; Heart of Texas Electric Coop; Entergy Texas Inc.",
75847,Cherokee County Elec Coop Assn - (TX),Cooperative,coop,no,,,0,,,Houston County Elec Coop Inc; Entergy Texas Inc.,0.14916409900306027
75848,,,none,no,,,0,,,,
75849,ONCOR ELECTRIC DELIVERY COMPANY,Wires company (TDU),base_tdsp,yes,ERCOT,ONCOR ELECTRIC DELIVERY COMPANY,171,12.6,5.2,,
75850,ONCOR ELECTRIC DELIVERY COMPANY,Wires company (TDU),base_tdsp,yes,ERCOT,ONCOR ELECTRIC DELIVERY COMPANY,171,12.6,5.2,Mid-South Electric Coop Assn; Entergy Texas Inc.,
75851,ONCOR ELECTRIC DELIVERY COMPANY,Wires company (TDU),base_tdsp,yes,ERCOT,ONCOR ELECTRIC DELIVERY COMPANY,171,12.6,5.2,Houston County Elec Coop Inc; Mid-South Electric Coop Assn; Entergy Texas Inc.,
75852,Mid-South Electric Coop Assn,Cooperative,coop,no,,,0,,,Entergy Texas Inc.,0.14083167598808907
75853,ONCOR ELECTRIC DELIVERY COMPANY,Wires company (TDU),base_tdsp,yes,ERCOT,ONCOR ELECTRIC DELIVERY COMPANY,171,12.6,5.2,Trinity Valley Elec Coop Inc,
75855,ONCOR ELECTRIC DELIVERY COMPANY,Wires company (TDU),base_tdsp,yes,ERCOT,ONCOR ELECTRIC DELIVERY COMPANY,171,12.6,5.2,Houston County Elec Coop Inc; Trinity Valley Elec Coop Inc; Entergy Texas Inc.,
75856,Houston County Elec Coop Inc,Cooperative,coop,no,,,0,,,Entergy Texas Inc.,0.16600964239754953
75858,Houston County Elec Coop Inc,Cooperative,coop,no,,,0,,,Entergy Texas Inc.,0.16600964239754953
75859,ONCOR ELECTRIC DELIVERY COMPANY,Wires company (TDU),base_tdsp,yes,ERCOT,ONCOR ELECTRIC DELIVERY COMPANY,171,12.6,5.2,Trinity Valley Elec Coop Inc,
75860,ONCOR ELECTRIC DELIVERY COMPANY,Wires company (TDU),base_tdsp,yes,ERCOT,ONCOR ELECTRIC DELIVERY COMPANY,171,12.6,5.2,"Navasota Valley Elec Coop, Inc; Entergy Texas Inc.",
75861,ONCOR ELECTRIC DELIVERY COMPANY,Wires company (TDU),base_tdsp,yes,ERCOT,ONCOR ELECTRIC DELIVERY COMPANY,171,12.6,5.2,Trinity Valley Elec Coop Inc,
75862,Houston County Elec Coop Inc,Cooperative,coop,no,,,0,,,Mid-South Electric Coop Assn; Sam Houston Electric Coop Inc; Entergy Texas Inc.,0.16600964239754953
75865,Entergy Texas Inc.,Investor Owned,ioi_non_ercot,no,non-ERCOT,,0,,,,0.1366459934147402
75880,Trinity Valley Elec Coop Inc,Cooperative,coop,no,,,0,,,,0.11259310885568671
75882,Trinity Valley Elec Coop Inc,Cooperative,coop,no,,,0,,,,0.11259310885568671
75884,Trinity Valley Elec Coop Inc,Cooperative,coop,no,,,0,,,,0.11259310885568671
75886,Trinity Valley Elec Coop Inc,Cooperative,coop,no,,,0,,,,0.11259310885568671
75901,ONCOR ELECTRIC DELIVERY COMPANY,Wires company (TDU),base_tdsp,yes,ERCOT,ONCOR ELECTRIC DELIVERY COMPANY,171,12.6,5.2,Sam Houston Electric Coop Inc; Entergy Texas Inc.,
75903,,,none,no,,,0,,,,
75904,ONCOR ELECTRIC DELIVERY COMPANY,Wires company (TDU),base_tdsp,yes,ERCOT,ONCOR ELECTRIC DELIVERY COMPANY,171,12.6,5.2,Houston County Elec Coop Inc; Entergy Texas Inc.,
75925,ONCOR ELECTRIC DELIVERY COMPANY,Wires company (TDU),base_tdsp,yes,ERCOT,ONCOR ELECTRIC DELIVERY COMPANY,171,12.6,5.2,Cherokee County Elec Coop Assn - (TX); Houston County Elec Coop Inc,
75926,Houston County Elec Coop Inc,Cooperative,coop,no,,,0,,,Entergy Texas Inc.,0.16600964239754953
75928,"Jasper-Newton Elec Coop, Inc",Cooperative,coop,no,,,0,,,Entergy Texas Inc.,0.1295961422543701
75929,Deep East Texas Elec Coop Inc,Cooperative,coop,no,,,0,,,"Jasper-Newton Elec Coop, Inc; Entergy Texas Inc.",0.13100998789221177
75930,Deep East Texas Elec Coop Inc,Cooperative,coop,no,,,0,,,"Jasper-Newton Elec Coop, Inc; Entergy Texas Inc.",0.13100998789221177
75931,Deep East Texas Elec Coop Inc,Cooperative,coop,no,,,0,,,"Jasper-Newton Elec Coop, Inc; Entergy Texas Inc.",0.13100998789221177
75932,Deep East Texas Elec Coop Inc,Cooperative,coop,no,,,0,,,"Jasper-Newton Elec Coop, Inc; Entergy Texas Inc.",0.13100998789221177
75933,"Jasper-Newton Elec Coop, Inc",Cooperative,coop,no,,,0,,,Entergy Texas Inc.,0.1295961422543701
75934,Sam Houston Electric Coop Inc,Cooperative,coop,no,,,0,,,Entergy Texas Inc.,0.12621721354208612
75935,Deep East Texas Elec Coop Inc,Cooperative,coop,no,,,0,,,Southwestern Electric Power Co,0.13100998789221177
75936,Sam Houston Electric Coop Inc,Cooperative,coop,no,,,0,,,Entergy Texas Inc.,0.12621721354208612
75937,ONCOR ELECTRIC DELIVERY COMPANY,Wires company (TDU),base_tdsp,yes,ERCOT,ONCOR ELECTRIC DELIVERY COMPANY,171,12.6,5.2,Deep East Texas Elec Coop Inc,
75938,"Jasper-Newton Elec Coop, Inc",Cooperative,coop,no,,,0,,,Sam Houston Electric Coop Inc; Entergy Texas Inc.,0.1295961422543701
75939,Houston County Elec Coop Inc,Cooperative,coop,no,,,0,,,Sam Houston Electric Coop Inc; Entergy Texas Inc.,0.16600964239754953
75941,ONCOR ELECTRIC DELIVERY COMPANY,Wires company (TDU),base_tdsp,yes,ERCOT,ONCOR ELECTRIC DELIVERY COMPANY,171,12.6,5.2,Houston County Elec Coop Inc; Sam Houston Electric Coop Inc; Entergy Texas Inc.,
75942,Entergy Texas Inc.,Investor Owned,ioi_non_ercot,no,non-ERCOT,,0,,,,0.1366459934147402
75943,ONCOR ELECTRIC DELIVERY COMPANY,Wires company (TDU),base_tdsp,yes,ERCOT,ONCOR ELECTRIC DELIVERY COMPANY,171,12.6,5.2,,
75944,Deep East Texas Elec Coop Inc,Cooperative,coop,no,,,0,,,,0.13100998789221177
75946,Deep East Texas Elec Coop Inc,Cooperative,coop,no,,,0,,,"Rusk County Electric Coop, Inc; Southwestern Electric Power Co",0.13100998789221177
75948,Deep East Texas Elec Coop Inc,Cooperative,coop,no,,,0,,,"Jasper-Newton Elec Coop, Inc; Southwestern Electric Power Co; Entergy Texas Inc.",0.13100998789221177
75949,ONCOR ELECTRIC DELIVERY COMPANY,Wires company (TDU),base_tdsp,yes,ERCOT,ONCOR ELECTRIC DELIVERY COMPANY,171,12.6,5.2,"Jasper-Newton Elec Coop, Inc; Sam Houston Electric Coop Inc; Entergy Texas Inc.",
75951,Deep East Texas Elec Coop Inc,Cooperative,coop,no,,,0,,,"Jasper-Newton Elec Coop, Inc; Entergy Texas Inc.",0.13100998789221177
75954,Deep East Texas Elec Coop Inc,Cooperative,coop,no,,,0,,,"Panola-Harrison Elec Coop, Inc; Southwestern Electric Power Co",0.13100998789221177
75956,"Jasper-Newton Elec Coop, Inc",Cooperative,coop,no,,,0,,,Entergy Texas Inc.,0.1295961422543701
75959,Deep East Texas Elec Coop Inc,Cooperative,coop,no,,,0,,,Southwestern Electric Power Co,0.13100998789221177
75960,Sam Houston Electric Coop Inc,Cooperative,coop,no,,,0,,,Entergy Texas Inc.,0.12621721354208612
75961,ONCOR ELECTRIC DELIVERY COMPANY,Wires company (TDU),base_tdsp,yes,ERCOT,ONCOR ELECTRIC DELIVERY COMPANY,171,12.6,5.2,Deep East Texas Elec Coop Inc; Southwestern Electric Power Co,
75962,ONCOR ELECTRIC DELIVERY COMPANY,Wires company (TDU),base_tdsp,yes,ERCOT,ONCOR ELECTRIC DELIVERY COMPANY,171,12.6,5.2,,
75964,ONCOR ELECTRIC DELIVERY COMPANY,Wires company (TDU),base_tdsp,yes,ERCOT,ONCOR ELECTRIC DELIVERY COMPANY,171,12.6,5.2,,
75965,ONCOR ELECTRIC DELIVERY COMPANY,Wires company (TDU),base_tdsp,yes,ERCOT,ONCOR ELECTRIC DELIVERY COMPANY,171,12.6,5.2,"Rusk County Electric Coop, Inc; Southwestern Electric Power Co",
75966,Deep East Texas Elec Coop Inc,Cooperative,coop,no,,,0,,,"Jasper-Newton Elec Coop, Inc; Entergy Texas Inc.",0.13100998789221177
75968,Deep East Texas Elec Coop Inc,Cooperative,coop,no,,,0,,,"Jasper-Newton Elec Coop, Inc",0.13100998789221177
75969,ONCOR ELECTRIC DELIVERY COMPANY,Wires company (TDU),base_tdsp,yes,ERCOT,ONCOR ELECTRIC DELIVERY COMPANY,171,12.6,5.2,Houston County Elec Coop Inc; Entergy Texas Inc.,
75972,Deep East Texas Elec Coop Inc,Cooperative,coop,no,,,0,,,Southwestern Electric Power Co,0.13100998789221177
75973,Deep East Texas Elec Coop Inc,Cooperative,coop,no,,,0,,,Southwestern Electric Power Co,0.13100998789221177
75974,Deep East Texas Elec Coop Inc,Cooperative,coop,no,,,0,,,"Panola-Harrison Elec Coop, Inc; Southwestern Electric Power Co",0.13100998789221177
75975,Deep East Texas Elec Coop Inc,Cooperative,coop,no,,,0,,,"Rusk County Electric Coop, Inc; Southwestern Electric Power Co",0.13100998789221177
75976,ONCOR ELECTRIC DELIVERY COMPANY,Wires company (TDU),base_tdsp,yes,ERCOT,ONCOR ELECTRIC DELIVERY COMPANY,171,12.6,5.2,,
75977,"Jasper-Newton Elec Coop, Inc",Cooperative,coop,no,,,0,,,Entergy Texas Inc.,0.1295961422543701
75979,"Jasper-Newton Elec Coop, Inc",Cooperative,coop,no,,,0,,,Sam Houston Electric Coop Inc; Entergy Texas Inc.,0.1295961422543701
75980,ONCOR ELECTRIC DELIVERY COMPANY,Wires company (TDU),base_tdsp,yes,ERCOT,ONCOR ELECTRIC DELIVERY COMPANY,171,12.6,5.2,"Deep East Texas Elec Coop Inc; Jasper-Newton Elec Coop, Inc; Sam Houston Electric Coop Inc; Entergy Texas Inc.",
75990,Entergy Texas Inc.,Investor Owned,ioi_non_ercot,no,non-ERCOT,,0,,,,0.1366459934147402
76001,ONCOR ELECTRIC DELIVERY COMPANY,Wires company (TDU),base_tdsp,yes,ERCOT,ONCOR ELECTRIC DELIVERY COMPANY,171,12.6,5.2,,
76002,ONCOR ELECTRIC DELIVERY COMPANY,Wires company (TDU),base_tdsp,yes,ERCOT,ONCOR ELECTRIC DELIVERY COMPANY,171,12.6,5.2,,
76005,ONCOR ELECTRIC DELIVERY COMPANY,Wires company (TDU),base_tdsp,yes,ERCOT,ONCOR ELECTRIC DELIVERY COMPANY,171,12.6,5.2,,
76006,ONCOR ELECTRIC DELIVERY COMPANY,Wires company (TDU),base_tdsp,yes,ERCOT,ONCOR ELECTRIC DELIVERY COMPANY,171,12.6,5.2,,
76008,ONCOR ELECTRIC DELIVERY COMPANY,Wires company (TDU),base_tdsp,yes,ERCOT,ONCOR ELECTRIC DELIVERY COMPANY,171,12.6,5.2,,
76009,ONCOR ELECTRIC DELIVERY COMPANY,Wires company (TDU),base_tdsp,yes,ERCOT,ONCOR ELECTRIC DELIVERY COMPANY,171,12.6,5.2,,
76010,ONCOR ELECTRIC DELIVERY COMPANY,Wires company (TDU),base_tdsp,yes,ERCOT,ONCOR ELECTRIC DELIVERY COMPANY,171,12.6,5.2,,
76011,ONCOR ELECTRIC DELIVERY COMPANY,Wires company (TDU),base_tdsp,yes,ERCOT,ONCOR ELECTRIC DELIVERY COMPANY,171,12.6,5.2,,
76012,ONCOR ELECTRIC DELIVERY COMPANY,Wires company (TDU),base_tdsp,yes,ERCOT,ONCOR ELECTRIC DELIVERY COMPANY,171,12.6,5.2,,
76013,ONCOR ELECTRIC DELIVERY COMPANY,Wires company (TDU),base_tdsp,yes,ERCOT,ONCOR ELECTRIC DELIVERY COMPANY,171,12.6,5.2,,
76014,ONCOR ELECTRIC DELIVERY COMPANY,Wires company (TDU),base_tdsp,yes,ERCOT,ONCOR ELECTRIC DELIVERY COMPANY,171,12.6,5.2,,
76015,ONCOR ELECTRIC DELIVERY COMPANY,Wires company (TDU),base_tdsp,yes,ERCOT,ONCOR ELECTRIC DELIVERY COMPANY,171,12.6,5.2,,
76016,ONCOR ELECTRIC DELIVERY COMPANY,Wires company (TDU),base_tdsp,yes,ERCOT,ONCOR ELECTRIC DELIVERY COMPANY,171,12.6,5.2,,
76017,ONCOR ELECTRIC DELIVERY COMPANY,Wires company (TDU),base_tdsp,yes,ERCOT,ONCOR ELECTRIC DELIVERY COMPANY,171,12.6,5.2,,
76018,ONCOR ELECTRIC DELIVERY COMPANY,Wires company (TDU),base_tdsp,yes,ERCOT,ONCOR ELECTRIC DELIVERY COMPANY,171,12.6,5.2,,
76020,AEP TEXAS NORTH,Wires company (TDU),base_tdsp,yes,ERCOT,AEP TEXAS NORTH; ONCOR ELECTRIC DELIVERY COMPANY,338,12.65,5.2,Wise Electric Coop Inc,
76021,ONCOR ELECTRIC DELIVERY COMPANY,Wires company (TDU),base_tdsp,yes,ERCOT,ONCOR ELECTRIC DELIVERY COMPANY,171,12.6,5.2,,
76022,ONCOR ELECTRIC DELIVERY COMPANY,Wires company (TDU),base_tdsp,yes,ERCOT,ONCOR ELECTRIC DELIVERY COMPANY,171,12.6,5.2,,
76023,ONCOR ELECTRIC DELIVERY COMPANY,Wires company (TDU),base_tdsp,yes,ERCOT,ONCOR ELECTRIC DELIVERY COMPANY,171,12.6,5.2,Wise Electric Coop Inc,
76028,ONCOR ELECTRIC DELIVERY COMPANY,Wires company (TDU),base_tdsp,yes,ERCOT,ONCOR ELECTRIC DELIVERY COMPANY,171,12.6,5.2,,
76031,ONCOR ELECTRIC DELIVERY COMPANY,Wires company (TDU),base_tdsp,yes,ERCOT,ONCOR ELECTRIC DELIVERY COMPANY,171,12.6,5.2,"HILCO Electric Cooperative, Inc.; United Electric Coop Service Inc - (TX); Heart of Texas Electric Coop",
76033,ONCOR ELECTRIC DELIVERY COMPANY,Wires company (TDU),base_tdsp,yes,ERCOT,ONCOR ELECTRIC DELIVERY COMPANY,171,12.6,5.2,United Electric Coop Service Inc - (TX); Heart of Texas Electric Coop,
76034,ONCOR ELECTRIC DELIVERY COMPANY,Wires company (TDU),base_tdsp,yes,ERCOT,ONCOR ELECTRIC DELIVERY COMPANY,171,12.6,5.2,,
76035,ONCOR ELECTRIC DELIVERY COMPANY,Wires company (TDU),base_tdsp,yes,ERCOT,ONCOR ELECTRIC DELIVERY COMPANY,171,12.6,5.2,"Tri-County Electric Coop, Inc (TX)",
76036,ONCOR ELECTRIC DELIVERY COMPANY,Wires company (TDU),base_tdsp,yes,ERCOT,ONCOR ELECTRIC DELIVERY COMPANY,171,12.6,5.2,,
76039,ONCOR ELECTRIC DELIVERY COMPANY,Wires company (TDU),base_tdsp,yes,ERCOT,ONCOR ELECTRIC DELIVERY COMPANY,171,12.6,5.2,,
76040,ONCOR ELECTRIC DELIVERY COMPANY,Wires company (TDU),base_tdsp,yes,ERCOT,ONCOR ELECTRIC DELIVERY COMPANY,171,12.6,5.2,,
76041,ONCOR ELECTRIC DELIVERY COMPANY,Wires company (TDU),base_tdsp,yes,ERCOT,ONCOR ELECTRIC DELIVERY COMPANY,171,12.6,5.2,,
76043,TEXAS-NEW MEXICO POWER COMPANY,Wires company (TDU),base_tdsp,yes,ERCOT,TEXAS-NEW MEXICO POWER COMPANY,167,15.1,8.0,United Electric Coop Service Inc - (TX); Heart of Texas Electric Coop,
76044,ONCOR ELECTRIC DELIVERY COMPANY,Wires company (TDU),base_tdsp,yes,ERCOT,ONCOR ELECTRIC DELIVERY COMPANY,171,12.6,5.2,United Electric Coop Service Inc - (TX),
76048,ONCOR ELECTRIC DELIVERY COMPANY,Wires company (TDU),base_tdsp,yes,ERCOT,ONCOR ELECTRIC DELIVERY COMPANY; TEXAS-NEW MEXICO POWER COMPANY,338,13.6,5.2,"Tri-County Electric Coop, Inc (TX); United Electric Coop Service Inc - (TX)",
76049,ONCOR ELECTRIC DELIVERY COMPANY,Wires company (TDU),base_tdsp,yes,ERCOT,ONCOR ELECTRIC DELIVERY COMPANY,171,12.6,5.2,"Tri-County Electric Coop, Inc (TX); United Electric Coop Service Inc - (TX)",
76050,ONCOR ELECTRIC DELIVERY COMPANY,Wires company (TDU),base_tdsp,yes,ERCOT,ONCOR ELECTRIC DELIVERY COMPANY; TEXAS-NEW MEXICO POWER COMPANY,338,13.6,5.2,"HILCO Electric Cooperative, Inc.",
76051,ONCOR ELECTRIC DELIVERY COMPANY,Wires company (TDU),base_tdsp,yes,ERCOT,ONCOR ELECTRIC DELIVERY COMPANY,171,12.6,5.2,"Denton County Elec Coop, Inc",
76052,ONCOR ELECTRIC DELIVERY COMPANY,Wires company (TDU),base_tdsp,yes,ERCOT,ONCOR ELECTRIC DELIVERY COMPANY,171,12.6,5.2,"Denton County Elec Coop, Inc; Tri-County Electric Coop, Inc (TX); Wise Electric Coop Inc",
76053,ONCOR ELECTRIC DELIVERY COMPANY,Wires company (TDU),base_tdsp,yes,ERCOT,ONCOR ELECTRIC DELIVERY COMPANY,171,12.6,5.2,,
76054,ONCOR ELECTRIC DELIVERY COMPANY,Wires company (TDU),base_tdsp,yes,ERCOT,ONCOR ELECTRIC DELIVERY COMPANY,171,12.6,5.2,,
76055,ONCOR ELECTRIC DELIVERY COMPANY,Wires company (TDU),base_tdsp,yes,ERCOT,ONCOR ELECTRIC DELIVERY COMPANY; TEXAS-NEW MEXICO POWER COMPANY,338,13.6,5.2,"HILCO Electric Cooperative, Inc.",
76058,ONCOR ELECTRIC DELIVERY COMPANY,Wires company (TDU),base_tdsp,yes,ERCOT,ONCOR ELECTRIC DELIVERY COMPANY,171,12.6,5.2,United Electric Coop Service Inc - (TX),
76059,ONCOR ELECTRIC DELIVERY COMPANY,Wires company (TDU),base_tdsp,yes,ERCOT,ONCOR ELECTRIC DELIVERY COMPANY,171,12.6,5.2,,
76060,ONCOR ELECTRIC DELIVERY COMPANY,Wires company (TDU),base_tdsp,yes,ERCOT,ONCOR ELECTRIC DELIVERY COMPANY,171,12.6,5.2,,
76061,,,none,no,,,0,,,,
76063,ONCOR ELECTRIC DELIVERY COMPANY,Wires company (TDU),base_tdsp,yes,ERCOT,ONCOR ELECTRIC DELIVERY COMPANY,171,12.6,5.2,,
76064,ONCOR ELECTRIC DELIVERY COMPANY,Wires company (TDU),base_tdsp,yes,ERCOT,ONCOR ELECTRIC DELIVERY COMPANY,171,12.6,5.2,,
76065,ONCOR ELECTRIC DELIVERY COMPANY,Wires company (TDU),base_tdsp,yes,ERCOT,ONCOR ELECTRIC DELIVERY COMPANY,171,12.6,5.2,,
76066,ONCOR ELECTRIC DELIVERY COMPANY,Wires company (TDU),base_tdsp,yes,ERCOT,ONCOR ELECTRIC DELIVERY COMPANY,171,12.6,5.2,"Tri-County Electric Coop, Inc (TX)",
76067,ONCOR ELECTRIC DELIVERY COMPANY,Wires company (TDU),base_tdsp,yes,ERCOT,ONCOR ELECTRIC DELIVERY COMPANY,171,12.6,5.2,,
76070,United Electric Coop Service Inc - (TX),Cooperative,coop,no,,,0,,,Heart of Texas Electric Coop,0.12998031604969906
76071,ONCOR ELECTRIC DELIVERY COMPANY,Wires company (TDU),base_tdsp,yes,ERCOT,ONCOR ELECTRIC DELIVERY COMPANY,171,12.6,5.2,Wise Electric Coop Inc,
76073,ONCOR ELECTRIC DELIVERY COMPANY,Wires company (TDU),base_tdsp,yes,ERCOT,ONCOR ELECTRIC DELIVERY COMPANY,171,12.6,5.2,Wise Electric Coop Inc,
76077,TEXAS-NEW MEXICO POWER COMPANY,Wires company (TDU),base_tdsp,yes,ERCOT,TEXAS-NEW MEXICO POWER COMPANY,167,15.1,8.0,United Electric Coop Service Inc - (TX),
76078,ONCOR ELECTRIC DELIVERY COMPANY,Wires company (TDU),base_tdsp,yes,ERCOT,ONCOR ELECTRIC DELIVERY COMPANY,171,12.6,5.2,"Denton County Elec Coop, Inc; Tri-County Electric Coop, Inc (TX); Wise Electric Coop Inc",
76082,ONCOR ELECTRIC DELIVERY COMPANY,Wires company (TDU),base_tdsp,yes,ERCOT,ONCOR ELECTRIC DELIVERY COMPANY,171,12.6,5.2,Wise Electric Coop Inc,
76084,ONCOR ELECTRIC DELIVERY COMPANY,Wires company (TDU),base_tdsp,yes,ERCOT,ONCOR ELECTRIC DELIVERY COMPANY,171,12.6,5.2,,
76085,ONCOR ELECTRIC DELIVERY COMPANY,Wires company (TDU),base_tdsp,yes,ERCOT,ONCOR ELECTRIC DELIVERY COMPANY,171,12.6,5.2,Weatherford Mun Utility System,
76086,ONCOR ELECTRIC DELIVERY COMPANY,Wires company (TDU),base_tdsp,yes,ERCOT,ONCOR ELECTRIC DELIVERY COMPANY,171,12.6,5.2,Weatherford Mun Utility System,
76087,ONCOR ELECTRIC DELIVERY COMPANY,Wires company (TDU),base_tdsp,yes,ERCOT,ONCOR ELECTRIC DELIVERY COMPANY,171,12.6,5.2,"Tri-County Electric Coop, Inc (TX)",
76088,ONCOR ELECTRIC DELIVERY COMPANY,Wires company (TDU),base_tdsp,yes,ERCOT,ONCOR ELECTRIC DELIVERY COMPANY,171,12.6,5.2,"Weatherford Mun Utility System; Tri-County Electric Coop, Inc (TX)",
76092,ONCOR ELECTRIC DELIVERY COMPANY,Wires company (TDU),base_tdsp,yes,ERCOT,ONCOR ELECTRIC DELIVERY COMPANY,171,12.6,5.2,,
76093,TEXAS-NEW MEXICO POWER COMPANY,Wires company (TDU),base_tdsp,yes,ERCOT,TEXAS-NEW MEXICO POWER COMPANY,167,15.1,8.0,"HILCO Electric Cooperative, Inc.; Heart of Texas Electric Coop",
76102,ONCOR ELECTRIC DELIVERY COMPANY,Wires company (TDU),base_tdsp,yes,ERCOT,ONCOR ELECTRIC DELIVERY COMPANY,171,12.6,5.2,,
76103,ONCOR ELECTRIC DELIVERY COMPANY,Wires company (TDU),base_tdsp,yes,ERCOT,ONCOR ELECTRIC DELIVERY COMPANY,171,12.6,5.2,,
76104,ONCOR ELECTRIC DELIVERY COMPANY,Wires company (TDU),base_tdsp,yes,ERCOT,ONCOR ELECTRIC DELIVERY COMPANY,171,12.6,5.2,,
76105,ONCOR ELECTRIC DELIVERY COMPANY,Wires company (TDU),base_tdsp,yes,ERCOT,ONCOR ELECTRIC DELIVERY COMPANY,171,12.6,5.2,,
76106,ONCOR ELECTRIC DELIVERY COMPANY,Wires company (TDU),base_tdsp,yes,ERCOT,ONCOR ELECTRIC DELIVERY COMPANY,171,12.6,5.2,,
76107,ONCOR ELECTRIC DELIVERY COMPANY,Wires company (TDU),base_tdsp,yes,ERCOT,ONCOR ELECTRIC DELIVERY COMPANY,171,12.6,5.2,,
76108,ONCOR ELECTRIC DELIVERY COMPANY,Wires company (TDU),base_tdsp,yes,ERCOT,ONCOR ELECTRIC DELIVERY COMPANY,171,12.6,5.2,,
76109,ONCOR ELECTRIC DELIVERY COMPANY,Wires company (TDU),base_tdsp,yes,ERCOT,ONCOR ELECTRIC DELIVERY COMPANY,171,12.6,5.2,,
76110,ONCOR ELECTRIC DELIVERY COMPANY,Wires company (TDU),base_tdsp,yes,ERCOT,ONCOR ELECTRIC DELIVERY COMPANY,171,12.6,5.2,,
76111,ONCOR ELECTRIC DELIVERY COMPANY,Wires company (TDU),base_tdsp,yes,ERCOT,ONCOR ELECTRIC DELIVERY COMPANY,171,12.6,5.2,,
76112,ONCOR ELECTRIC DELIVERY COMPANY,Wires company (TDU),base_tdsp,yes,ERCOT,ONCOR ELECTRIC DELIVERY COMPANY,171,12.6,5.2,,
76114,ONCOR ELECTRIC DELIVERY COMPANY,Wires company (TDU),base_tdsp,yes,ERCOT,ONCOR ELECTRIC DELIVERY COMPANY,171,12.6,5.2,,
76115,ONCOR ELECTRIC DELIVERY COMPANY,Wires company (TDU),base_tdsp,yes,ERCOT,ONCOR ELECTRIC DELIVERY COMPANY,171,12.6,5.2,,
76116,ONCOR ELECTRIC DELIVERY COMPANY,Wires company (TDU),base_tdsp,yes,ERCOT,ONCOR ELECTRIC DELIVERY COMPANY,171,12.6,5.2,,
76117,ONCOR ELECTRIC DELIVERY COMPANY,Wires company (TDU),base_tdsp,yes,ERCOT,ONCOR ELECTRIC DELIVERY COMPANY,171,12.6,5.2,,
76118,ONCOR ELECTRIC DELIVERY COMPANY,Wires company (TDU),base_tdsp,yes,ERCOT,ONCOR ELECTRIC DELIVERY COMPANY,171,12.6,5.2,,
76119,ONCOR ELECTRIC DELIVERY COMPANY,Wires company (TDU),base_tdsp,yes,ERCOT,ONCOR ELECTRIC DELIVERY COMPANY,171,12.6,5.2,,
76120,ONCOR ELECTRIC DELIVERY COMPANY,Wires company (TDU),base_tdsp,yes,ERCOT,ONCOR ELECTRIC DELIVERY COMPANY,171,12.6,5.2,,
76123,ONCOR ELECTRIC DELIVERY COMPANY,Wires company (TDU),base_tdsp,yes,ERCOT,ONCOR ELECTRIC DELIVERY COMPANY,171,12.6,5.2,,
76126,ONCOR ELECTRIC DELIVERY COMPANY,Wires company (TDU),base_tdsp,yes,ERCOT,ONCOR ELECTRIC DELIVERY COMPANY,171,12.6,5.2,,
76127,ONCOR ELECTRIC DELIVERY COMPANY,Wires company (TDU),base_tdsp,yes,ERCOT,ONCOR ELECTRIC DELIVERY COMPANY,171,12.6,5.2,,
76129,ONCOR ELECTRIC DELIVERY COMPANY,Wires company (TDU),base_tdsp,yes,ERCOT,ONCOR ELECTRIC DELIVERY COMPANY,171,12.6,5.2,,
76131,ONCOR ELECTRIC DELIVERY COMPANY,Wires company (TDU),base_tdsp,yes,ERCOT,ONCOR ELECTRIC DELIVERY COMPANY,171,12.6,5.2,,
76132,ONCOR ELECTRIC DELIVERY COMPANY,Wires company (TDU),base_tdsp,yes,ERCOT,ONCOR ELECTRIC DELIVERY COMPANY,171,12.6,5.2,,
76133,ONCOR ELECTRIC DELIVERY COMPANY,Wires company (TDU),base_tdsp,yes,ERCOT,ONCOR ELECTRIC DELIVERY COMPANY,171,12.6,5.2,,
76134,ONCOR ELECTRIC DELIVERY COMPANY,Wires company (TDU),base_tdsp,yes,ERCOT,ONCOR ELECTRIC DELIVERY COMPANY,171,12.6,5.2,,
76135,ONCOR ELECTRIC DELIVERY COMPANY,Wires company (TDU),base_tdsp,yes,ERCOT,ONCOR ELECTRIC DELIVERY COMPANY,171,12.6,5.2,,
76137,ONCOR ELECTRIC DELIVERY COMPANY,Wires company (TDU),base_tdsp,yes,ERCOT,ONCOR ELECTRIC DELIVERY COMPANY,171,12.6,5.2,,
76140,ONCOR ELECTRIC DELIVERY COMPANY,Wires company (TDU),base_tdsp,yes,ERCOT,ONCOR ELECTRIC DELIVERY COMPANY,171,12.6,5.2,,
76148,ONCOR ELECTRIC DELIVERY COMPANY,Wires company (TDU),base_tdsp,yes,ERCOT,ONCOR ELECTRIC DELIVERY COMPANY,171,12.6,5.2,,
76155,ONCOR ELECTRIC DELIVERY COMPANY,Wires company (TDU),base_tdsp,yes,ERCOT,ONCOR ELECTRIC DELIVERY COMPANY,171,12.6,5.2,,
76164,ONCOR ELECTRIC DELIVERY COMPANY,Wires company (TDU),base_tdsp,yes,ERCOT,ONCOR ELECTRIC DELIVERY COMPANY,171,12.6,5.2,,
76177,ONCOR ELECTRIC DELIVERY COMPANY,Wires company (TDU),base_tdsp,yes,ERCOT,ONCOR ELECTRIC DELIVERY COMPANY,171,12.6,5.2,"Denton County Elec Coop, Inc; Tri-County Electric Coop, Inc (TX)",
76179,ONCOR ELECTRIC DELIVERY COMPANY,Wires company (TDU),base_tdsp,yes,ERCOT,ONCOR ELECTRIC DELIVERY COMPANY,171,12.6,5.2,,
76180,ONCOR ELECTRIC DELIVERY COMPANY,Wires company (TDU),base_tdsp,yes,ERCOT,ONCOR ELECTRIC DELIVERY COMPANY,171,12.6,5.2,,
76182,ONCOR ELECTRIC DELIVERY COMPANY,Wires company (TDU),base_tdsp,yes,ERCOT,ONCOR ELECTRIC DELIVERY COMPANY,171,12.6,5.2,,
76201,ONCOR ELECTRIC DELIVERY COMPANY,Wires company (TDU),base_tdsp,yes,ERCOT,ONCOR ELECTRIC DELIVERY COMPANY,171,12.6,5.2,"City of Denton - (TX); Denton County Elec Coop, Inc",
76202,City of Denton - (TX),Municipal,municipal,no,,,0,,,"Denton County Elec Coop, Inc",0.12811958227720907
76203,City of Denton - (TX),Municipal,municipal,no,,,0,,,"Denton County Elec Coop, Inc",0.12811958227720907
76204,City of Denton - (TX),Municipal,municipal,no,,,0,,,"Denton County Elec Coop, Inc",0.12811958227720907
76205,ONCOR ELECTRIC DELIVERY COMPANY,Wires company (TDU),base_tdsp,yes,ERCOT,ONCOR ELECTRIC DELIVERY COMPANY; TEXAS-NEW MEXICO POWER COMPANY,338,13.6,5.2,"City of Denton - (TX); Denton County Elec Coop, Inc",
76206,"Denton County Elec Coop, Inc",Cooperative,coop,no,,,0,,,,0.13774442493832942
76207,ONCOR ELECTRIC DELIVERY COMPANY,Wires company (TDU),base_tdsp,yes,ERCOT,ONCOR ELECTRIC DELIVERY COMPANY,171,12.6,5.2,"City of Denton - (TX); Denton County Elec Coop, Inc",
76208,ONCOR ELECTRIC DELIVERY COMPANY,Wires company (TDU),base_tdsp,yes,ERCOT,ONCOR ELECTRIC DELIVERY COMPANY,171,12.6,5.2,"City of Denton - (TX); Denton County Elec Coop, Inc",
76209,ONCOR ELECTRIC DELIVERY COMPANY,Wires company (TDU),base_tdsp,yes,ERCOT,ONCOR ELECTRIC DELIVERY COMPANY; TEXAS-NEW MEXICO POWER COMPANY,338,13.6,5.2,"City of Denton - (TX); Denton County Elec Coop, Inc",
76210,ONCOR ELECTRIC DELIVERY COMPANY,Wires company (TDU),base_tdsp,yes,ERCOT,ONCOR ELECTRIC DELIVERY COMPANY,171,12.6,5.2,"Denton County Elec Coop, Inc",
76225,ONCOR ELECTRIC DELIVERY COMPANY,Wires company (TDU),base_tdsp,yes,ERCOT,ONCOR ELECTRIC DELIVERY COMPANY,171,12.6,5.2,Wise Electric Coop Inc,
76226,ONCOR ELECTRIC DELIVERY COMPANY,Wires company (TDU),base_tdsp,yes,ERCOT,ONCOR ELECTRIC DELIVERY COMPANY,171,12.6,5.2,"Denton County Elec Coop, Inc; Tri-County Electric Coop, Inc (TX)",
76227,ONCOR ELECTRIC DELIVERY COMPANY,Wires company (TDU),base_tdsp,yes,ERCOT,ONCOR ELECTRIC DELIVERY COMPANY; TEXAS-NEW MEXICO POWER COMPANY,338,13.6,5.2,"Denton County Elec Coop, Inc",
76228,ONCOR ELECTRIC DELIVERY COMPANY,Wires company (TDU),base_tdsp,yes,ERCOT,ONCOR ELECTRIC DELIVERY COMPANY,171,12.6,5.2,Cooke County Elec Coop Assn; Wise Electric Coop Inc,
76230,ONCOR ELECTRIC DELIVERY COMPANY,Wires company (TDU),base_tdsp,yes,ERCOT,ONCOR ELECTRIC DELIVERY COMPANY,171,12.6,5.2,Cooke County Elec Coop Assn; Wise Electric Coop Inc,
76233,ONCOR ELECTRIC DELIVERY COMPANY,Wires company (TDU),base_tdsp,yes,ERCOT,ONCOR ELECTRIC DELIVERY COMPANY,171,12.6,5.2,"Denton County Elec Coop, Inc; Grayson-Collin Elec Coop, Inc",
76234,ONCOR ELECTRIC DELIVERY COMPANY,Wires company (TDU),base_tdsp,yes,ERCOT,ONCOR ELECTRIC DELIVERY COMPANY,171,12.6,5.2,"Cooke County Elec Coop Assn; Denton County Elec Coop, Inc; Tri-County Electric Coop, Inc (TX); Wise Electric Coop Inc",
76238,Cooke County Elec Coop Assn,Cooperative,coop,no,,,0,,,"Denton County Elec Coop, Inc; Wise Electric Coop Inc",0.1400907646925346
76239,Cooke County Elec Coop Assn,Cooperative,coop,no,,,0,,,Wise Electric Coop Inc,0.1400907646925346
76240,ONCOR ELECTRIC DELIVERY COMPANY,Wires company (TDU),base_tdsp,yes,ERCOT,ONCOR ELECTRIC DELIVERY COMPANY,171,12.6,5.2,"Cooke County Elec Coop Assn; Denton County Elec Coop, Inc; Grayson-Collin Elec Coop, Inc",
76244,ONCOR ELECTRIC DELIVERY COMPANY,Wires company (TDU),base_tdsp,yes,ERCOT,ONCOR ELECTRIC DELIVERY COMPANY,171,12.6,5.2,"Denton County Elec Coop, Inc",
76245,"Grayson-Collin Elec Coop, Inc",Cooperative,coop,no,,,0,,,,0.1640044565941887
76246,Cooke County Elec Coop Assn,Cooperative,coop,no,,,0,,,Wise Electric Coop Inc,0.1400907646925346
76247,ONCOR ELECTRIC DELIVERY COMPANY,Wires company (TDU),base_tdsp,yes,ERCOT,ONCOR ELECTRIC DELIVERY COMPANY,171,12.6,5.2,"Denton County Elec Coop, Inc; Tri-County Electric Coop, Inc (TX); Wise Electric Coop Inc",
76248,ONCOR ELECTRIC DELIVERY COMPANY,Wires company (TDU),base_tdsp,yes,ERCOT,ONCOR ELECTRIC DELIVERY COMPANY,171,12.6,5.2,,
76249,ONCOR ELECTRIC DELIVERY COMPANY,Wires company (TDU),base_tdsp,yes,ERCOT,ONCOR ELECTRIC DELIVERY COMPANY,171,12.6,5.2,"Cooke County Elec Coop Assn; Denton County Elec Coop, Inc; Tri-County Electric Coop, Inc (TX); Wise Electric Coop Inc",
76250,ONCOR ELECTRIC DELIVERY COMPANY,Wires company (TDU),base_tdsp,yes,ERCOT,ONCOR ELECTRIC DELIVERY COMPANY,171,12.6,5.2,,
76251,TEXAS-NEW MEXICO POWER COMPANY,Wires company (TDU),base_tdsp,yes,ERCOT,TEXAS-NEW MEXICO POWER COMPANY,167,15.1,8.0,Cooke County Elec Coop Assn; Wise Electric Coop Inc,
76252,ONCOR ELECTRIC DELIVERY COMPANY,Wires company (TDU),base_tdsp,yes,ERCOT,ONCOR ELECTRIC DELIVERY COMPANY,171,12.6,5.2,Cooke County Elec Coop Assn,
76253,ONCOR ELECTRIC DELIVERY COMPANY,Wires company (TDU),base_tdsp,yes,ERCOT,ONCOR ELECTRIC DELIVERY COMPANY,171,12.6,5.2,,
76255,TEXAS-NEW MEXICO POWER COMPANY,Wires company (TDU),base_tdsp,yes,ERCOT,TEXAS-NEW MEXICO POWER COMPANY,167,15.1,8.0,Cooke County Elec Coop Assn; Wise Electric Coop Inc,
76258,TEXAS-NEW MEXICO POWER COMPANY,Wires company (TDU),base_tdsp,yes,ERCOT,TEXAS-NEW MEXICO POWER COMPANY,167,15.1,8.0,"Denton County Elec Coop, Inc; Grayson-Collin Elec Coop, Inc",
76259,ONCOR ELECTRIC DELIVERY COMPANY,Wires company (TDU),base_tdsp,yes,ERCOT,ONCOR ELECTRIC DELIVERY COMPANY,171,12.6,5.2,"Denton County Elec Coop, Inc; Tri-County Electric Coop, Inc (TX); Wise Electric Coop Inc",
76261,TEXAS-NEW MEXICO POWER COMPANY,Wires company (TDU),base_tdsp,yes,ERCOT,TEXAS-NEW MEXICO POWER COMPANY,167,15.1,8.0,Cooke County Elec Coop Assn; Wise Electric Coop Inc,
76262,ONCOR ELECTRIC DELIVERY COMPANY,Wires company (TDU),base_tdsp,yes,ERCOT,ONCOR ELECTRIC DELIVERY COMPANY,171,12.6,5.2,"Denton County Elec Coop, Inc; Tri-County Electric Coop, Inc (TX)",
76263,Cooke County Elec Coop Assn,Cooperative,coop,no,,,0,,,Wise Electric Coop Inc,0.1400907646925346
76264,ONCOR ELECTRIC DELIVERY COMPANY,Wires company (TDU),base_tdsp,yes,ERCOT,ONCOR ELECTRIC DELIVERY COMPANY,171,12.6,5.2,"Grayson-Collin Elec Coop, Inc",
76265,TEXAS-NEW MEXICO POWER COMPANY,Wires company (TDU),base_tdsp,yes,ERCOT,TEXAS-NEW MEXICO POWER COMPANY,167,15.1,8.0,Cooke County Elec Coop Assn; Wise Electric Coop Inc,
76266,Cooke County Elec Coop Assn,Cooperative,coop,no,,,0,,,"Denton County Elec Coop, Inc; Wise Electric Coop Inc",0.1400907646925346
76267,ONCOR ELECTRIC DELIVERY COMPANY,Wires company (TDU),base_tdsp,yes,ERCOT,ONCOR ELECTRIC DELIVERY COMPANY,171,12.6,5.2,Cooke County Elec Coop Assn,
76268,ONCOR ELECTRIC DELIVERY COMPANY,Wires company (TDU),base_tdsp,yes,ERCOT,ONCOR ELECTRIC DELIVERY COMPANY,171,12.6,5.2,"Grayson-Collin Elec Coop, Inc",
76270,ONCOR ELECTRIC DELIVERY COMPANY,Wires company (TDU),base_tdsp,yes,ERCOT,ONCOR ELECTRIC DELIVERY COMPANY,171,12.6,5.2,Wise Electric Coop Inc,
76271,TEXAS-NEW MEXICO POWER COMPANY,Wires company (TDU),base_tdsp,yes,ERCOT,TEXAS-NEW MEXICO POWER COMPANY,167,15.1,8.0,"Denton County Elec Coop, Inc; Grayson-Collin Elec Coop, Inc",
76272,ONCOR ELECTRIC DELIVERY COMPANY,Wires company (TDU),base_tdsp,yes,ERCOT,ONCOR ELECTRIC DELIVERY COMPANY,171,12.6,5.2,"Denton County Elec Coop, Inc",
76273,ONCOR ELECTRIC DELIVERY COMPANY,Wires company (TDU),base_tdsp,yes,ERCOT,ONCOR ELECTRIC DELIVERY COMPANY,171,12.6,5.2,"Grayson-Collin Elec Coop, Inc",
76301,ONCOR ELECTRIC DELIVERY COMPANY,Wires company (TDU),base_tdsp,yes,ERCOT,ONCOR ELECTRIC DELIVERY COMPANY; TEXAS-NEW MEXICO POWER COMPANY,338,13.6,5.2,,
76302,ONCOR ELECTRIC DELIVERY COMPANY,Wires company (TDU),base_tdsp,yes,ERCOT,ONCOR ELECTRIC DELIVERY COMPANY,171,12.6,5.2,,
76305,ONCOR ELECTRIC DELIVERY COMPANY,Wires company (TDU),base_tdsp,yes,ERCOT,ONCOR ELECTRIC DELIVERY COMPANY; TEXAS-NEW MEXICO POWER COMPANY,338,13.6,5.2,,
76306,ONCOR ELECTRIC DELIVERY COMPANY,Wires company (TDU),base_tdsp,yes,ERCOT,ONCOR ELECTRIC DELIVERY COMPANY,171,12.6,5.2,,
76308,ONCOR ELECTRIC DELIVERY COMPANY,Wires company (TDU),base_tdsp,yes,ERCOT,ONCOR ELECTRIC DELIVERY COMPANY,171,12.6,5.2,,
76309,ONCOR ELECTRIC DELIVERY COMPANY,Wires company (TDU),base_tdsp,yes,ERCOT,ONCOR ELECTRIC DELIVERY COMPANY,171,12.6,5.2,,
76310,ONCOR ELECTRIC DELIVERY COMPANY,Wires company (TDU),base_tdsp,yes,ERCOT,ONCOR ELECTRIC DELIVERY COMPANY; TEXAS-NEW MEXICO POWER COMPANY,338,13.6,5.2,,
76311,ONCOR ELECTRIC DELIVERY COMPANY,Wires company (TDU),base_tdsp,yes,ERCOT,ONCOR ELECTRIC DELIVERY COMPANY,171,12.6,5.2,,
76351,ONCOR ELECTRIC DELIVERY COMPANY,Wires company (TDU),base_tdsp,yes,ERCOT,ONCOR ELECTRIC DELIVERY COMPANY,171,12.6,5.2,,
76354,ONCOR ELECTRIC DELIVERY COMPANY,Wires company (TDU),base_tdsp,yes,ERCOT,ONCOR ELECTRIC DELIVERY COMPANY,171,12.6,5.2,,
76357,TEXAS-NEW MEXICO POWER COMPANY,Wires company (TDU),base_tdsp,yes,ERCOT,TEXAS-NEW MEXICO POWER COMPANY,167,15.1,8.0,,
76360,AEP TEXAS NORTH,Wires company (TDU),base_tdsp,yes,ERCOT,AEP TEXAS NORTH; ONCOR ELECTRIC DELIVERY COMPANY,338,12.65,5.2,,
76363,AEP TEXAS NORTH,Wires company (TDU),base_tdsp,yes,ERCOT,AEP TEXAS NORTH,167,12.7,6.2,,
76364,AEP TEXAS NORTH,Wires company (TDU),base_tdsp,yes,ERCOT,AEP TEXAS NORTH,167,12.7,6.2,,
76365,ONCOR ELECTRIC DELIVERY COMPANY,Wires company (TDU),base_tdsp,yes,ERCOT,ONCOR ELECTRIC DELIVERY COMPANY; TEXAS-NEW MEXICO POWER COMPANY,338,13.6,5.2,,
76366,ONCOR ELECTRIC DELIVERY COMPANY,Wires company (TDU),base_tdsp,yes,ERCOT,ONCOR ELECTRIC DELIVERY COMPANY,171,12.6,5.2,,
76367,ONCOR ELECTRIC DELIVERY COMPANY,Wires company (TDU),base_tdsp,yes,ERCOT,ONCOR ELECTRIC DELIVERY COMPANY,171,12.6,5.2,,
76370,TEXAS-NEW MEXICO POWER COMPANY,Wires company (TDU),base_tdsp,yes,ERCOT,TEXAS-NEW MEXICO POWER COMPANY,167,15.1,8.0,,
76371,AEP TEXAS NORTH,Wires company (TDU),base_tdsp,yes,ERCOT,AEP TEXAS NORTH,167,12.7,6.2,,
76372,TEXAS-NEW MEXICO POWER COMPANY,Wires company (TDU),base_tdsp,yes,ERCOT,TEXAS-NEW MEXICO POWER COMPANY,167,15.1,8.0,,
76373,AEP TEXAS NORTH,Wires company (TDU),base_tdsp,yes,ERCOT,AEP TEXAS NORTH,167,12.7,6.2,,
76374,ONCOR ELECTRIC DELIVERY COMPANY,Wires company (TDU),base_tdsp,yes,ERCOT,ONCOR ELECTRIC DELIVERY COMPANY; TEXAS-NEW MEXICO POWER COMPANY,338,13.6,5.2,,
76377,TEXAS-NEW MEXICO POWER COMPANY,Wires company (TDU),base_tdsp,yes,ERCOT,TEXAS-NEW MEXICO POWER COMPANY,167,15.1,8.0,,
76379,,,none,no,,,0,,,,
76380,ONCOR ELECTRIC DELIVERY COMPANY,Wires company (TDU),base_tdsp,yes,ERCOT,ONCOR ELECTRIC DELIVERY COMPANY,171,12.6,5.2,,
76384,AEP TEXAS NORTH,Wires company (TDU),base_tdsp,yes,ERCOT,AEP TEXAS NORTH,167,12.7,6.2,,
76388,AEP TEXAS NORTH,Wires company (TDU),base_tdsp,yes,ERCOT,AEP TEXAS NORTH,167,12.7,6.2,"Big Country Electric Coop, Inc",
76389,,,none,no,,,0,,,,
76401,ONCOR ELECTRIC DELIVERY COMPANY,Wires company (TDU),base_tdsp,yes,ERCOT,ONCOR ELECTRIC DELIVERY COMPANY; TEXAS-NEW MEXICO POWER COMPANY,338,13.6,5.2,"Tri-County Electric Coop, Inc (TX)",
76402,ONCOR ELECTRIC DELIVERY COMPANY,Wires company (TDU),base_tdsp,yes,ERCOT,ONCOR ELECTRIC DELIVERY COMPANY,171,12.6,5.2,,
76424,ONCOR ELECTRIC DELIVERY COMPANY,Wires company (TDU),base_tdsp,yes,ERCOT,ONCOR ELECTRIC DELIVERY COMPANY,171,12.6,5.2,Comanche County Elec Coop Assn,
76426,ONCOR ELECTRIC DELIVERY COMPANY,Wires company (TDU),base_tdsp,yes,ERCOT,ONCOR ELECTRIC DELIVERY COMPANY,171,12.6,5.2,Wise Electric Coop Inc,
76427,TEXAS-NEW MEXICO POWER COMPANY,Wires company (TDU),base_tdsp,yes,ERCOT,TEXAS-NEW MEXICO POWER COMPANY,167,15.1,8.0,,
76429,ONCOR ELECTRIC DELIVERY COMPANY,Wires company (TDU),base_tdsp,yes,ERCOT,ONCOR ELECTRIC DELIVERY COMPANY,171,12.6,5.2,,
76430,AEP TEXAS NORTH,Wires company (TDU),base_tdsp,yes,ERCOT,AEP TEXAS NORTH; ONCOR ELECTRIC DELIVERY COMPANY,338,12.65,5.2,"Big Country Electric Coop, Inc; Comanche County Elec Coop Assn",
76431,ONCOR ELECTRIC DELIVERY COMPANY,Wires company (TDU),base_tdsp,yes,ERCOT,ONCOR ELECTRIC DELIVERY COMPANY,171,12.6,5.2,Wise Electric Coop Inc,
76432,ONCOR ELECTRIC DELIVERY COMPANY,Wires company (TDU),base_tdsp,yes,ERCOT,ONCOR ELECTRIC DELIVERY COMPANY,171,12.6,5.2,Comanche County Elec Coop Assn; Hamilton County Elec Coop Assn,
76433,TEXAS-NEW MEXICO POWER COMPANY,Wires company (TDU),base_tdsp,yes,ERCOT,TEXAS-NEW MEXICO POWER COMPANY,167,15.1,8.0,United Electric Coop Service Inc - (TX),
76435,ONCOR ELECTRIC DELIVERY COMPANY,Wires company (TDU),base_tdsp,yes,ERCOT,ONCOR ELECTRIC DELIVERY COMPANY,171,12.6,5.2,Comanche County Elec Coop Assn,
76436,TEXAS-NEW MEXICO POWER COMPANY,Wires company (TDU),base_tdsp,yes,ERCOT,TEXAS-NEW MEXICO POWER COMPANY,167,15.1,8.0,Heart of Texas Electric Coop,
76437,AEP TEXAS NORTH,Wires company (TDU),base_tdsp,yes,ERCOT,AEP TEXAS NORTH; ONCOR ELECTRIC DELIVERY COMPANY,338,12.65,5.2,Comanche County Elec Coop Assn,
76442,ONCOR ELECTRIC DELIVERY COMPANY,Wires company (TDU),base_tdsp,yes,ERCOT,ONCOR ELECTRIC DELIVERY COMPANY; TEXAS-NEW MEXICO POWER COMPANY,338,13.6,5.2,Comanche County Elec Coop Assn; Hamilton County Elec Coop Assn,
76443,AEP TEXAS NORTH,Wires company (TDU),base_tdsp,yes,ERCOT,AEP TEXAS NORTH,167,12.7,6.2,Comanche County Elec Coop Assn,
76444,ONCOR ELECTRIC DELIVERY COMPANY,Wires company (TDU),base_tdsp,yes,ERCOT,ONCOR ELECTRIC DELIVERY COMPANY,171,12.6,5.2,Comanche County Elec Coop Assn,
76445,ONCOR ELECTRIC DELIVERY COMPANY,Wires company (TDU),base_tdsp,yes,ERCOT,ONCOR ELECTRIC DELIVERY COMPANY,171,12.6,5.2,,
76446,ONCOR ELECTRIC DELIVERY COMPANY,Wires company (TDU),base_tdsp,yes,ERCOT,ONCOR ELECTRIC DELIVERY COMPANY,171,12.6,5.2,Heart of Texas Electric Coop,
76448,ONCOR ELECTRIC DELIVERY COMPANY,Wires company (TDU),base_tdsp,yes,ERCOT,ONCOR ELECTRIC DELIVERY COMPANY,171,12.6,5.2,Comanche County Elec Coop Assn,
76449,ONCOR ELECTRIC DELIVERY COMPANY,Wires company (TDU),base_tdsp,yes,ERCOT,ONCOR ELECTRIC DELIVERY COMPANY,171,12.6,5.2,"Tri-County Electric Coop, Inc (TX)",
76450,ONCOR ELECTRIC DELIVERY COMPANY,Wires company (TDU),base_tdsp,yes,ERCOT,ONCOR ELECTRIC DELIVERY COMPANY; TEXAS-NEW MEXICO POWER COMPANY,338,13.6,5.2,,
76452,Hamilton County Elec Coop Assn,Cooperative,coop,no,,,0,,,,0.1369407507445114
76453,TEXAS-NEW MEXICO POWER COMPANY,Wires company (TDU),base_tdsp,yes,ERCOT,TEXAS-NEW MEXICO POWER COMPANY,167,15.1,8.0,,
76454,ONCOR ELECTRIC DELIVERY COMPANY,Wires company (TDU),base_tdsp,yes,ERCOT,ONCOR ELECTRIC DELIVERY COMPANY,171,12.6,5.2,Comanche County Elec Coop Assn,
76455,TEXAS-NEW MEXICO POWER COMPANY,Wires company (TDU),base_tdsp,yes,ERCOT,TEXAS-NEW MEXICO POWER COMPANY,167,15.1,8.0,Hamilton County Elec Coop Assn; Heart of Texas Electric Coop,
76457,TEXAS-NEW MEXICO POWER COMPANY,Wires company (TDU),base_tdsp,yes,ERCOT,TEXAS-NEW MEXICO POWER COMPANY,167,15.1,8.0,Hamilton County Elec Coop Assn; United Electric Coop Service Inc - (TX); Heart of Texas Electric Coop,
76458,ONCOR ELECTRIC DELIVERY COMPANY,Wires company (TDU),base_tdsp,yes,ERCOT,ONCOR ELECTRIC DELIVERY COMPANY,171,12.6,5.2,"Tri-County Electric Coop, Inc (TX); Wise Electric Coop Inc",
76459,TEXAS-NEW MEXICO POWER COMPANY,Wires company (TDU),base_tdsp,yes,ERCOT,TEXAS-NEW MEXICO POWER COMPANY,167,15.1,8.0,,
76460,ONCOR ELECTRIC DELIVERY COMPANY,Wires company (TDU),base_tdsp,yes,ERCOT,ONCOR ELECTRIC DELIVERY COMPANY; TEXAS-NEW MEXICO POWER COMPANY,338,13.6,5.2,,
76462,ONCOR ELECTRIC DELIVERY COMPANY,Wires company (TDU),base_tdsp,yes,ERCOT,ONCOR ELECTRIC DELIVERY COMPANY,171,12.6,5.2,"Tri-County Electric Coop, Inc (TX)",
76463,TEXAS-NEW MEXICO POWER COMPANY,Wires company (TDU),base_tdsp,yes,ERCOT,TEXAS-NEW MEXICO POWER COMPANY,167,15.1,8.0,,
76464,AEP TEXAS NORTH,Wires company (TDU),base_tdsp,yes,ERCOT,AEP TEXAS NORTH,167,12.7,6.2,Comanche County Elec Coop Assn,
76466,,,none,no,,,0,,,,
76467,United Electric Coop Service Inc - (TX),Cooperative,coop,no,,,0,,,,0.12998031604969906
76469,AEP TEXAS NORTH,Wires company (TDU),base_tdsp,yes,ERCOT,AEP TEXAS NORTH,167,12.7,6.2,,
76470,ONCOR ELECTRIC DELIVERY COMPANY,Wires company (TDU),base_tdsp,yes,ERCOT,ONCOR ELECTRIC DELIVERY COMPANY,171,12.6,5.2,Comanche County Elec Coop Assn,
76471,AEP TEXAS NORTH,Wires company (TDU),base_tdsp,yes,ERCOT,AEP TEXAS NORTH,167,12.7,6.2,Comanche County Elec Coop Assn,
76472,ONCOR ELECTRIC DELIVERY COMPANY,Wires company (TDU),base_tdsp,yes,ERCOT,ONCOR ELECTRIC DELIVERY COMPANY; TEXAS-NEW MEXICO POWER COMPANY,338,13.6,5.2,"Tri-County Electric Coop, Inc (TX)",
76474,Comanche County Elec Coop Assn,Cooperative,coop,no,,,0,,,,0.1551570041113031
76475,TEXAS-NEW MEXICO POWER COMPANY,Wires company (TDU),base_tdsp,yes,ERCOT,TEXAS-NEW MEXICO POWER COMPANY,167,15.1,8.0,,
76476,TEXAS-NEW MEXICO POWER COMPANY,Wires company (TDU),base_tdsp,yes,ERCOT,TEXAS-NEW MEXICO POWER COMPANY,167,15.1,8.0,United Electric Coop Service Inc - (TX),
76481,TEXAS-NEW MEXICO POWER COMPANY,Wires company (TDU),base_tdsp,yes,ERCOT,TEXAS-NEW MEXICO POWER COMPANY,167,15.1,8.0,,
76483,AEP TEXAS NORTH,Wires company (TDU),base_tdsp,yes,ERCOT,AEP TEXAS NORTH,167,12.7,6.2,"Big Country Electric Coop, Inc",
76484,ONCOR ELECTRIC DELIVERY COMPANY,Wires company (TDU),base_tdsp,yes,ERCOT,ONCOR ELECTRIC DELIVERY COMPANY; TEXAS-NEW MEXICO POWER COMPANY,338,13.6,5.2,,
76485,"Tri-County Electric Coop, Inc (TX)",Cooperative,coop,no,,,0,,,,0.12651845720011412
76486,ONCOR ELECTRIC DELIVERY COMPANY,Wires company (TDU),base_tdsp,yes,ERCOT,ONCOR ELECTRIC DELIVERY COMPANY,171,12.6,5.2,,
76487,ONCOR ELECTRIC DELIVERY COMPANY,Wires company (TDU),base_tdsp,yes,ERCOT,ONCOR ELECTRIC DELIVERY COMPANY,171,12.6,5.2,"Tri-County Electric Coop, Inc (TX); Wise Electric Coop Inc",
76490,ONCOR ELECTRIC DELIVERY COMPANY,Wires company (TDU),base_tdsp,yes,ERCOT,ONCOR ELECTRIC DELIVERY COMPANY,171,12.6,5.2,,
76491,AEP TEXAS NORTH,Wires company (TDU),base_tdsp,yes,ERCOT,AEP TEXAS NORTH,167,12.7,6.2,,
76501,ONCOR ELECTRIC DELIVERY COMPANY,Wires company (TDU),base_tdsp,yes,ERCOT,ONCOR ELECTRIC DELIVERY COMPANY,171,12.6,5.2,"Bartlett Electric Coop, Inc; Heart of Texas Electric Coop",
76502,ONCOR ELECTRIC DELIVERY COMPANY,Wires company (TDU),base_tdsp,yes,ERCOT,ONCOR ELECTRIC DELIVERY COMPANY,171,12.6,5.2,"Bartlett Electric Coop, Inc; Heart of Texas Electric Coop",
76503,ONCOR ELECTRIC DELIVERY COMPANY,Wires company (TDU),base_tdsp,yes,ERCOT,ONCOR ELECTRIC DELIVERY COMPANY,171,12.6,5.2,"Bartlett Electric Coop, Inc; Heart of Texas Electric Coop",
76504,ONCOR ELECTRIC DELIVERY COMPANY,Wires company (TDU),base_tdsp,yes,ERCOT,ONCOR ELECTRIC DELIVERY COMPANY,171,12.6,5.2,"Bartlett Electric Coop, Inc; Heart of Texas Electric Coop",
76505,ONCOR ELECTRIC DELIVERY COMPANY,Wires company (TDU),base_tdsp,yes,ERCOT,ONCOR ELECTRIC DELIVERY COMPANY,171,12.6,5.2,"Bartlett Electric Coop, Inc; Heart of Texas Electric Coop",
76508,ONCOR ELECTRIC DELIVERY COMPANY,Wires company (TDU),base_tdsp,yes,ERCOT,ONCOR ELECTRIC DELIVERY COMPANY,171,12.6,5.2,"Bartlett Electric Coop, Inc; Heart of Texas Electric Coop",
76511,ONCOR ELECTRIC DELIVERY COMPANY,Wires company (TDU),base_tdsp,yes,ERCOT,ONCOR ELECTRIC DELIVERY COMPANY,171,12.6,5.2,"Bartlett Electric Coop, Inc; Heart of Texas Electric Coop; Entergy Texas Inc.",
76513,ONCOR ELECTRIC DELIVERY COMPANY,Wires company (TDU),base_tdsp,yes,ERCOT,ONCOR ELECTRIC DELIVERY COMPANY,171,12.6,5.2,"Bartlett Electric Coop, Inc; Heart of Texas Electric Coop",
76518,ONCOR ELECTRIC DELIVERY COMPANY,Wires company (TDU),base_tdsp,yes,ERCOT,ONCOR ELECTRIC DELIVERY COMPANY,171,12.6,5.2,"Bartlett Electric Coop, Inc; Heart of Texas Electric Coop; Entergy Texas Inc.",
76519,ONCOR ELECTRIC DELIVERY COMPANY,Wires company (TDU),base_tdsp,yes,ERCOT,ONCOR ELECTRIC DELIVERY COMPANY,171,12.6,5.2,"Bartlett Electric Coop, Inc; Heart of Texas Electric Coop; Entergy Texas Inc.",
76520,ONCOR ELECTRIC DELIVERY COMPANY,Wires company (TDU),base_tdsp,yes,ERCOT,ONCOR ELECTRIC DELIVERY COMPANY,171,12.6,5.2,"Bartlett Electric Coop, Inc; Heart of Texas Electric Coop; Entergy Texas Inc.",
76522,ONCOR ELECTRIC DELIVERY COMPANY,Wires company (TDU),base_tdsp,yes,ERCOT,ONCOR ELECTRIC DELIVERY COMPANY,171,12.6,5.2,"Bartlett Electric Coop, Inc; Hamilton County Elec Coop Assn; Heart of Texas Electric Coop",
76523,"Bartlett Electric Coop, Inc",Cooperative,coop,no,,,0,,,Heart of Texas Electric Coop,0.16087274616563196
76524,ONCOR ELECTRIC DELIVERY COMPANY,Wires company (TDU),base_tdsp,yes,ERCOT,ONCOR ELECTRIC DELIVERY COMPANY,171,12.6,5.2,"Bartlett Electric Coop, Inc; Heart of Texas Electric Coop",
76525,Hamilton County Elec Coop Assn,Cooperative,coop,no,,,0,,,Heart of Texas Electric Coop,0.1369407507445114
76526,Heart of Texas Electric Coop,Cooperative,coop,no,,,0,,,,0.12623769605981833
76527,ONCOR ELECTRIC DELIVERY COMPANY,Wires company (TDU),base_tdsp,yes,ERCOT,ONCOR ELECTRIC DELIVERY COMPANY,171,12.6,5.2,"Bartlett Electric Coop, Inc; Pedernales Electric Coop, Inc; Heart of Texas Electric Coop",
76528,ONCOR ELECTRIC DELIVERY COMPANY,Wires company (TDU),base_tdsp,yes,ERCOT,ONCOR ELECTRIC DELIVERY COMPANY; TEXAS-NEW MEXICO POWER COMPANY,338,13.6,5.2,"Bartlett Electric Coop, Inc; Hamilton County Elec Coop Assn; Heart of Texas Electric Coop",
76530,ONCOR ELECTRIC DELIVERY COMPANY,Wires company (TDU),base_tdsp,yes,ERCOT,ONCOR ELECTRIC DELIVERY COMPANY,171,12.6,5.2,"Bartlett Electric Coop, Inc; Heart of Texas Electric Coop; Entergy Texas Inc.",
76531,TEXAS-NEW MEXICO POWER COMPANY,Wires company (TDU),base_tdsp,yes,ERCOT,TEXAS-NEW MEXICO POWER COMPANY,167,15.1,8.0,Hamilton County Elec Coop Assn; Heart of Texas Electric Coop,
76533,"Bartlett Electric Coop, Inc",Cooperative,coop,no,,,0,,,Heart of Texas Electric Coop,0.16087274616563196
76534,ONCOR ELECTRIC DELIVERY COMPANY,Wires company (TDU),base_tdsp,yes,ERCOT,ONCOR ELECTRIC DELIVERY COMPANY,171,12.6,5.2,"Bartlett Electric Coop, Inc; Heart of Texas Electric Coop; Entergy Texas Inc.",
76537,ONCOR ELECTRIC DELIVERY COMPANY,Wires company (TDU),base_tdsp,yes,ERCOT,ONCOR ELECTRIC DELIVERY COMPANY,171,12.6,5.2,"Bartlett Electric Coop, Inc; Heart of Texas Electric Coop",
76538,TEXAS-NEW MEXICO POWER COMPANY,Wires company (TDU),base_tdsp,yes,ERCOT,TEXAS-NEW MEXICO POWER COMPANY,167,15.1,8.0,Heart of Texas Electric Coop,
76539,ONCOR ELECTRIC DELIVERY COMPANY,Wires company (TDU),base_tdsp,yes,ERCOT,ONCOR ELECTRIC DELIVERY COMPANY,171,12.6,5.2,"Bartlett Electric Coop, Inc; Hamilton County Elec Coop Assn; Pedernales Electric Coop, Inc; Heart of Texas Electric Coop",
76540,ONCOR ELECTRIC DELIVERY COMPANY,Wires company (TDU),base_tdsp,yes,ERCOT,ONCOR ELECTRIC DELIVERY COMPANY,171,12.6,5.2,"Bartlett Electric Coop, Inc; Heart of Texas Electric Coop",
76541,ONCOR ELECTRIC DELIVERY COMPANY,Wires company (TDU),base_tdsp,yes,ERCOT,ONCOR ELECTRIC DELIVERY COMPANY,171,12.6,5.2,"Bartlett Electric Coop, Inc; Heart of Texas Electric Coop",
76542,ONCOR ELECTRIC DELIVERY COMPANY,Wires company (TDU),base_tdsp,yes,ERCOT,ONCOR ELECTRIC DELIVERY COMPANY,171,12.6,5.2,"Bartlett Electric Coop, Inc; Heart of Texas Electric Coop",
76543,ONCOR ELECTRIC DELIVERY COMPANY,Wires company (TDU),base_tdsp,yes,ERCOT,ONCOR ELECTRIC DELIVERY COMPANY,171,12.6,5.2,"Bartlett Electric Coop, Inc; Heart of Texas Electric Coop",
76544,ONCOR ELECTRIC DELIVERY COMPANY,Wires company (TDU),base_tdsp,yes,ERCOT,ONCOR ELECTRIC DELIVERY COMPANY,171,12.6,5.2,"Bartlett Electric Coop, Inc; Heart of Texas Electric Coop",
76547,"Bartlett Electric Coop, Inc",Cooperative,coop,no,,,0,,,Heart of Texas Electric Coop,0.16087274616563196
76548,ONCOR ELECTRIC DELIVERY COMPANY,Wires company (TDU),base_tdsp,yes,ERCOT,ONCOR ELECTRIC DELIVERY COMPANY,171,12.6,5.2,"Bartlett Electric Coop, Inc; Heart of Texas Electric Coop",
76549,ONCOR ELECTRIC DELIVERY COMPANY,Wires company (TDU),base_tdsp,yes,ERCOT,ONCOR ELECTRIC DELIVERY COMPANY,171,12.6,5.2,"Bartlett Electric Coop, Inc; Pedernales Electric Coop, Inc; Heart of Texas Electric Coop",
76550,Hamilton County Elec Coop Assn,Cooperative,coop,no,,,0,,,"Pedernales Electric Coop, Inc; Heart of Texas Electric Coop",0.1369407507445114
76554,ONCOR ELECTRIC DELIVERY COMPANY,Wires company (TDU),base_tdsp,yes,ERCOT,ONCOR ELECTRIC DELIVERY COMPANY,171,12.6,5.2,"Bartlett Electric Coop, Inc; Heart of Texas Electric Coop",
76556,ONCOR ELECTRIC DELIVERY COMPANY,Wires company (TDU),base_tdsp,yes,ERCOT,ONCOR ELECTRIC DELIVERY COMPANY,171,12.6,5.2,"Bartlett Electric Coop, Inc; Bluebonnet Electric Coop, Inc; Heart of Texas Electric Coop; Entergy Texas Inc.",
76557,ONCOR ELECTRIC DELIVERY COMPANY,Wires company (TDU),base_tdsp,yes,ERCOT,ONCOR ELECTRIC DELIVERY COMPANY,171,12.6,5.2,"Bartlett Electric Coop, Inc; Heart of Texas Electric Coop",
76558,Heart of Texas Electric Coop,Cooperative,coop,no,,,0,,,,0.12623769605981833
76559,ONCOR ELECTRIC DELIVERY COMPANY,Wires company (TDU),base_tdsp,yes,ERCOT,ONCOR ELECTRIC DELIVERY COMPANY,171,12.6,5.2,"Bartlett Electric Coop, Inc; Heart of Texas Electric Coop",
76561,ONCOR ELECTRIC DELIVERY COMPANY,Wires company (TDU),base_tdsp,yes,ERCOT,ONCOR ELECTRIC DELIVERY COMPANY,171,12.6,5.2,Heart of Texas Electric Coop,
76564,ONCOR ELECTRIC DELIVERY COMPANY,Wires company (TDU),base_tdsp,yes,ERCOT,ONCOR ELECTRIC DELIVERY COMPANY,171,12.6,5.2,"Bartlett Electric Coop, Inc; Heart of Texas Electric Coop",
76565,Hamilton County Elec Coop Assn,Cooperative,coop,no,,,0,,,Heart of Texas Electric Coop,0.1369407507445114
76566,Hamilton County Elec Coop Assn,Cooperative,coop,no,,,0,,,Heart of Texas Electric Coop,0.1369407507445114
76567,ONCOR ELECTRIC DELIVERY COMPANY,Wires company (TDU),base_tdsp,yes,ERCOT,ONCOR ELECTRIC DELIVERY COMPANY,171,12.6,5.2,"Bartlett Electric Coop, Inc; Bluebonnet Electric Coop, Inc; Heart of Texas Electric Coop; Entergy Texas Inc.",
76569,ONCOR ELECTRIC DELIVERY COMPANY,Wires company (TDU),base_tdsp,yes,ERCOT,ONCOR ELECTRIC DELIVERY COMPANY,171,12.6,5.2,"Bartlett Electric Coop, Inc; Heart of Texas Electric Coop; Entergy Texas Inc.",
76570,ONCOR ELECTRIC DELIVERY COMPANY,Wires company (TDU),base_tdsp,yes,ERCOT,ONCOR ELECTRIC DELIVERY COMPANY,171,12.6,5.2,"Bartlett Electric Coop, Inc; Heart of Texas Electric Coop; Entergy Texas Inc.",
76571,ONCOR ELECTRIC DELIVERY COMPANY,Wires company (TDU),base_tdsp,yes,ERCOT,ONCOR ELECTRIC DELIVERY COMPANY,171,12.6,5.2,"Bartlett Electric Coop, Inc; Heart of Texas Electric Coop",
76573,"Bartlett Electric Coop, Inc",Cooperative,coop,no,,,0,,,,0.16087274616563196
76574,ONCOR ELECTRIC DELIVERY COMPANY,Wires company (TDU),base_tdsp,yes,ERCOT,ONCOR ELECTRIC DELIVERY COMPANY,171,12.6,5.2,"Bartlett Electric Coop, Inc; Heart of Texas Electric Coop",
76577,ONCOR ELECTRIC DELIVERY COMPANY,Wires company (TDU),base_tdsp,yes,ERCOT,ONCOR ELECTRIC DELIVERY COMPANY,171,12.6,5.2,"Bartlett Electric Coop, Inc; Bluebonnet Electric Coop, Inc; Heart of Texas Electric Coop; Entergy Texas Inc.",
76578,ONCOR ELECTRIC DELIVERY COMPANY,Wires company (TDU),base_tdsp,yes,ERCOT,ONCOR ELECTRIC DELIVERY COMPANY,171,12.6,5.2,"Bartlett Electric Coop, Inc; Bluebonnet Electric Coop, Inc; Heart of Texas Electric Coop",
76579,ONCOR ELECTRIC DELIVERY COMPANY,Wires company (TDU),base_tdsp,yes,ERCOT,ONCOR ELECTRIC DELIVERY COMPANY,171,12.6,5.2,"Bartlett Electric Coop, Inc; Heart of Texas Electric Coop",
76596,Heart of Texas Electric Coop,Cooperative,coop,no,,,0,,,,0.12623769605981833
76597,Heart of Texas Electric Coop,Cooperative,coop,no,,,0,,,,0.12623769605981833
76598,Heart of Texas Electric Coop,Cooperative,coop,no,,,0,,,,0.12623769605981833
76599,Heart of Texas Electric Coop,Cooperative,coop,no,,,0,,,,0.12623769605981833
76621,ONCOR ELECTRIC DELIVERY COMPANY,Wires company (TDU),base_tdsp,yes,ERCOT,ONCOR ELECTRIC DELIVERY COMPANY,171,12.6,5.2,Heart of Texas Electric Coop,
76622,Heart of Texas Electric Coop,Cooperative,coop,no,,,0,,,,0.12623769605981833
76623,ONCOR ELECTRIC DELIVERY COMPANY,Wires company (TDU),base_tdsp,yes,ERCOT,ONCOR ELECTRIC DELIVERY COMPANY,171,12.6,5.2,,
76624,ONCOR ELECTRIC DELIVERY COMPANY,Wires company (TDU),base_tdsp,yes,ERCOT,ONCOR ELECTRIC DELIVERY COMPANY,171,12.6,5.2,Heart of Texas Electric Coop,
76626,ONCOR ELECTRIC DELIVERY COMPANY,Wires company (TDU),base_tdsp,yes,ERCOT,ONCOR ELECTRIC DELIVERY COMPANY,171,12.6,5.2,"Navarro County Elec Coop, Inc",
76627,TEXAS-NEW MEXICO POWER COMPANY,Wires company (TDU),base_tdsp,yes,ERCOT,TEXAS-NEW MEXICO POWER COMPANY,167,15.1,8.0,"HILCO Electric Cooperative, Inc.; Heart of Texas Electric Coop",
76628,ONCOR ELECTRIC DELIVERY COMPANY,Wires company (TDU),base_tdsp,yes,ERCOT,ONCOR ELECTRIC DELIVERY COMPANY,171,12.6,5.2,,
76629,TEXAS-NEW MEXICO POWER COMPANY,Wires company (TDU),base_tdsp,yes,ERCOT,TEXAS-NEW MEXICO POWER COMPANY,167,15.1,8.0,"Bartlett Electric Coop, Inc; Heart of Texas Electric Coop; Entergy Texas Inc.",
76630,ONCOR ELECTRIC DELIVERY COMPANY,Wires company (TDU),base_tdsp,yes,ERCOT,ONCOR ELECTRIC DELIVERY COMPANY,171,12.6,5.2,Heart of Texas Electric Coop,
76631,ONCOR ELECTRIC DELIVERY COMPANY,Wires company (TDU),base_tdsp,yes,ERCOT,ONCOR ELECTRIC DELIVERY COMPANY,171,12.6,5.2,,
76632,ONCOR ELECTRIC DELIVERY COMPANY,Wires company (TDU),base_tdsp,yes,ERCOT,ONCOR ELECTRIC DELIVERY COMPANY,171,12.6,5.2,Heart of Texas Electric Coop,
76633,ONCOR ELECTRIC DELIVERY COMPANY,Wires company (TDU),base_tdsp,yes,ERCOT,ONCOR ELECTRIC DELIVERY COMPANY,171,12.6,5.2,Heart of Texas Electric Coop,
76634,TEXAS-NEW MEXICO POWER COMPANY,Wires company (TDU),base_tdsp,yes,ERCOT,TEXAS-NEW MEXICO POWER COMPANY,167,15.1,8.0,Heart of Texas Electric Coop,
76635,ONCOR ELECTRIC DELIVERY COMPANY,Wires company (TDU),base_tdsp,yes,ERCOT,ONCOR ELECTRIC DELIVERY COMPANY,171,12.6,5.2,,
76636,TEXAS-NEW MEXICO POWER COMPANY,Wires company (TDU),base_tdsp,yes,ERCOT,TEXAS-NEW MEXICO POWER COMPANY,167,15.1,8.0,"HILCO Electric Cooperative, Inc.",
76637,Heart of Texas Electric Coop,Cooperative,coop,no,,,0,,,,0.12623769605981833
76638,TEXAS-NEW MEXICO POWER COMPANY,Wires company (TDU),base_tdsp,yes,ERCOT,TEXAS-NEW MEXICO POWER COMPANY,167,15.1,8.0,Heart of Texas Electric Coop,
76639,ONCOR ELECTRIC DELIVERY COMPANY,Wires company (TDU),base_tdsp,yes,ERCOT,ONCOR ELECTRIC DELIVERY COMPANY,171,12.6,5.2,"Navarro County Elec Coop, Inc",
76640,ONCOR ELECTRIC DELIVERY COMPANY,Wires company (TDU),base_tdsp,yes,ERCOT,ONCOR ELECTRIC DELIVERY COMPANY,171,12.6,5.2,Heart of Texas Electric Coop,
76641,ONCOR ELECTRIC DELIVERY COMPANY,Wires company (TDU),base_tdsp,yes,ERCOT,ONCOR ELECTRIC DELIVERY COMPANY,171,12.6,5.2,,
76642,ONCOR ELECTRIC DELIVERY COMPANY,Wires company (TDU),base_tdsp,yes,ERCOT,ONCOR ELECTRIC DELIVERY COMPANY,171,12.6,5.2,"Navasota Valley Elec Coop, Inc; Heart of Texas Electric Coop",
76643,ONCOR ELECTRIC DELIVERY COMPANY,Wires company (TDU),base_tdsp,yes,ERCOT,ONCOR ELECTRIC DELIVERY COMPANY,171,12.6,5.2,Heart of Texas Electric Coop,
76644,Heart of Texas Electric Coop,Cooperative,coop,no,,,0,,,,0.12623769605981833
76645,ONCOR ELECTRIC DELIVERY COMPANY,Wires company (TDU),base_tdsp,yes,ERCOT,ONCOR ELECTRIC DELIVERY COMPANY,171,12.6,5.2,"HILCO Electric Cooperative, Inc.",
76648,ONCOR ELECTRIC DELIVERY COMPANY,Wires company (TDU),base_tdsp,yes,ERCOT,ONCOR ELECTRIC DELIVERY COMPANY,171,12.6,5.2,,
76649,TEXAS-NEW MEXICO POWER COMPANY,Wires company (TDU),base_tdsp,yes,ERCOT,TEXAS-NEW MEXICO POWER COMPANY,167,15.1,8.0,United Electric Coop Service Inc - (TX); Heart of Texas Electric Coop,
76650,ONCOR ELECTRIC DELIVERY COMPANY,Wires company (TDU),base_tdsp,yes,ERCOT,ONCOR ELECTRIC DELIVERY COMPANY,171,12.6,5.2,,
76651,ONCOR ELECTRIC DELIVERY COMPANY,Wires company (TDU),base_tdsp,yes,ERCOT,ONCOR ELECTRIC DELIVERY COMPANY,171,12.6,5.2,,
76652,TEXAS-NEW MEXICO POWER COMPANY,Wires company (TDU),base_tdsp,yes,ERCOT,TEXAS-NEW MEXICO POWER COMPANY,167,15.1,8.0,"HILCO Electric Cooperative, Inc.; United Electric Coop Service Inc - (TX); Heart of Texas Electric Coop",
76653,"Navasota Valley Elec Coop, Inc",Cooperative,coop,no,,,0,,,Heart of Texas Electric Coop; Entergy Texas Inc.,0.15754613767238312
76654,ONCOR ELECTRIC DELIVERY COMPANY,Wires company (TDU),base_tdsp,yes,ERCOT,ONCOR ELECTRIC DELIVERY COMPANY,171,12.6,5.2,Heart of Texas Electric Coop,
76655,ONCOR ELECTRIC DELIVERY COMPANY,Wires company (TDU),base_tdsp,yes,ERCOT,ONCOR ELECTRIC DELIVERY COMPANY,171,12.6,5.2,Heart of Texas Electric Coop,
76656,ONCOR ELECTRIC DELIVERY COMPANY,Wires company (TDU),base_tdsp,yes,ERCOT,ONCOR ELECTRIC DELIVERY COMPANY,171,12.6,5.2,"Bartlett Electric Coop, Inc; Heart of Texas Electric Coop",
76657,ONCOR ELECTRIC DELIVERY COMPANY,Wires company (TDU),base_tdsp,yes,ERCOT,ONCOR ELECTRIC DELIVERY COMPANY,171,12.6,5.2,Heart of Texas Electric Coop,
76660,ONCOR ELECTRIC DELIVERY COMPANY,Wires company (TDU),base_tdsp,yes,ERCOT,ONCOR ELECTRIC DELIVERY COMPANY,171,12.6,5.2,,
76661,ONCOR ELECTRIC DELIVERY COMPANY,Wires company (TDU),base_tdsp,yes,ERCOT,ONCOR ELECTRIC DELIVERY COMPANY,171,12.6,5.2,Heart of Texas Electric Coop,
76664,ONCOR ELECTRIC DELIVERY COMPANY,Wires company (TDU),base_tdsp,yes,ERCOT,ONCOR ELECTRIC DELIVERY COMPANY,171,12.6,5.2,Heart of Texas Electric Coop,
76665,TEXAS-NEW MEXICO POWER COMPANY,Wires company (TDU),base_tdsp,yes,ERCOT,TEXAS-NEW MEXICO POWER COMPANY,167,15.1,8.0,United Electric Coop Service Inc - (TX); Heart of Texas Electric Coop,
76666,ONCOR ELECTRIC DELIVERY COMPANY,Wires company (TDU),base_tdsp,yes,ERCOT,ONCOR ELECTRIC DELIVERY COMPANY,171,12.6,5.2,,
76667,ONCOR ELECTRIC DELIVERY COMPANY,Wires company (TDU),base_tdsp,yes,ERCOT,ONCOR ELECTRIC DELIVERY COMPANY,171,12.6,5.2,,
76670,ONCOR ELECTRIC DELIVERY COMPANY,Wires company (TDU),base_tdsp,yes,ERCOT,ONCOR ELECTRIC DELIVERY COMPANY,171,12.6,5.2,,
76671,TEXAS-NEW MEXICO POWER COMPANY,Wires company (TDU),base_tdsp,yes,ERCOT,TEXAS-NEW MEXICO POWER COMPANY,167,15.1,8.0,"HILCO Electric Cooperative, Inc.; United Electric Coop Service Inc - (TX); Heart of Texas Electric Coop",
76673,ONCOR ELECTRIC DELIVERY COMPANY,Wires company (TDU),base_tdsp,yes,ERCOT,ONCOR ELECTRIC DELIVERY COMPANY,171,12.6,5.2,Heart of Texas Electric Coop,
76676,ONCOR ELECTRIC DELIVERY COMPANY,Wires company (TDU),base_tdsp,yes,ERCOT,ONCOR ELECTRIC DELIVERY COMPANY,171,12.6,5.2,,
76678,ONCOR ELECTRIC DELIVERY COMPANY,Wires company (TDU),base_tdsp,yes,ERCOT,ONCOR ELECTRIC DELIVERY COMPANY,171,12.6,5.2,,
76679,ONCOR ELECTRIC DELIVERY COMPANY,Wires company (TDU),base_tdsp,yes,ERCOT,ONCOR ELECTRIC DELIVERY COMPANY,171,12.6,5.2,"Navarro County Elec Coop, Inc",
76680,ONCOR ELECTRIC DELIVERY COMPANY,Wires company (TDU),base_tdsp,yes,ERCOT,ONCOR ELECTRIC DELIVERY COMPANY,171,12.6,5.2,"Bartlett Electric Coop, Inc; Heart of Texas Electric Coop; Entergy Texas Inc.",
76681,ONCOR ELECTRIC DELIVERY COMPANY,Wires company (TDU),base_tdsp,yes,ERCOT,ONCOR ELECTRIC DELIVERY COMPANY,171,12.6,5.2,"Navarro County Elec Coop, Inc",
76682,ONCOR ELECTRIC DELIVERY COMPANY,Wires company (TDU),base_tdsp,yes,ERCOT,ONCOR ELECTRIC DELIVERY COMPANY,171,12.6,5.2,Heart of Texas Electric Coop,
76684,Heart of Texas Electric Coop,Cooperative,coop,no,,,0,,,,0.12623769605981833
76685,ONCOR ELECTRIC DELIVERY COMPANY,Wires company (TDU),base_tdsp,yes,ERCOT,ONCOR ELECTRIC DELIVERY COMPANY,171,12.6,5.2,Heart of Texas Electric Coop,
76686,ONCOR ELECTRIC DELIVERY COMPANY,Wires company (TDU),base_tdsp,yes,ERCOT,ONCOR ELECTRIC DELIVERY COMPANY,171,12.6,5.2,,
76687,ONCOR ELECTRIC DELIVERY COMPANY,Wires company (TDU),base_tdsp,yes,ERCOT,ONCOR ELECTRIC DELIVERY COMPANY,171,12.6,5.2,"Navasota Valley Elec Coop, Inc; Heart of Texas Electric Coop; Entergy Texas Inc.",
76689,TEXAS-NEW MEXICO POWER COMPANY,Wires company (TDU),base_tdsp,yes,ERCOT,TEXAS-NEW MEXICO POWER COMPANY,167,15.1,8.0,Heart of Texas Electric Coop,
76690,TEXAS-NEW MEXICO POWER COMPANY,Wires company (TDU),base_tdsp,yes,ERCOT,TEXAS-NEW MEXICO POWER COMPANY,167,15.1,8.0,United Electric Coop Service Inc - (TX); Heart of Texas Electric Coop,
76691,ONCOR ELECTRIC DELIVERY COMPANY,Wires company (TDU),base_tdsp,yes,ERCOT,ONCOR ELECTRIC DELIVERY COMPANY,171,12.6,5.2,Heart of Texas Electric Coop,
76692,ONCOR ELECTRIC DELIVERY COMPANY,Wires company (TDU),base_tdsp,yes,ERCOT,ONCOR ELECTRIC DELIVERY COMPANY; TEXAS-NEW MEXICO POWER COMPANY,338,13.6,5.2,"HILCO Electric Cooperative, Inc.; Heart of Texas Electric Coop",
76693,ONCOR ELECTRIC DELIVERY COMPANY,Wires company (TDU),base_tdsp,yes,ERCOT,ONCOR ELECTRIC DELIVERY COMPANY,171,12.6,5.2,,
76701,ONCOR ELECTRIC DELIVERY COMPANY,Wires company (TDU),base_tdsp,yes,ERCOT,ONCOR ELECTRIC DELIVERY COMPANY,171,12.6,5.2,Heart of Texas Electric Coop,
76702,ONCOR ELECTRIC DELIVERY COMPANY,Wires company (TDU),base_tdsp,yes,ERCOT,ONCOR ELECTRIC DELIVERY COMPANY,171,12.6,5.2,Heart of Texas Electric Coop,
76703,ONCOR ELECTRIC DELIVERY COMPANY,Wires company (TDU),base_tdsp,yes,ERCOT,ONCOR ELECTRIC DELIVERY COMPANY,171,12.6,5.2,Heart of Texas Electric Coop,
76704,ONCOR ELECTRIC DELIVERY COMPANY,Wires company (TDU),base_tdsp,yes,ERCOT,ONCOR ELECTRIC DELIVERY COMPANY,171,12.6,5.2,Heart of Texas Electric Coop,
76705,ONCOR ELECTRIC DELIVERY COMPANY,Wires company (TDU),base_tdsp,yes,ERCOT,ONCOR ELECTRIC DELIVERY COMPANY,171,12.6,5.2,Heart of Texas Electric Coop,
76706,ONCOR ELECTRIC DELIVERY COMPANY,Wires company (TDU),base_tdsp,yes,ERCOT,ONCOR ELECTRIC DELIVERY COMPANY,171,12.6,5.2,Heart of Texas Electric Coop,
76707,ONCOR ELECTRIC DELIVERY COMPANY,Wires company (TDU),base_tdsp,yes,ERCOT,ONCOR ELECTRIC DELIVERY COMPANY,171,12.6,5.2,Heart of Texas Electric Coop,
76708,ONCOR ELECTRIC DELIVERY COMPANY,Wires company (TDU),base_tdsp,yes,ERCOT,ONCOR ELECTRIC DELIVERY COMPANY,171,12.6,5.2,Heart of Texas Electric Coop,
76710,ONCOR ELECTRIC DELIVERY COMPANY,Wires company (TDU),base_tdsp,yes,ERCOT,ONCOR ELECTRIC DELIVERY COMPANY,171,12.6,5.2,Heart of Texas Electric Coop,
76711,ONCOR ELECTRIC DELIVERY COMPANY,Wires company (TDU),base_tdsp,yes,ERCOT,ONCOR ELECTRIC DELIVERY COMPANY,171,12.6,5.2,Heart of Texas Electric Coop,
76712,ONCOR ELECTRIC DELIVERY COMPANY,Wires company (TDU),base_tdsp,yes,ERCOT,ONCOR ELECTRIC DELIVERY COMPANY,171,12.6,5.2,Heart of Texas Electric Coop,
76714,ONCOR ELECTRIC DELIVERY COMPANY,Wires company (TDU),base_tdsp,yes,ERCOT,ONCOR ELECTRIC DELIVERY COMPANY,171,12.6,5.2,Heart of Texas Electric Coop,
76715,Heart of Texas Electric Coop,Cooperative,coop,no,,,0,,,,0.12623769605981833
76716,Heart of Texas Electric Coop,Cooperative,coop,no,,,0,,,,0.12623769605981833
76797,Heart of Texas Electric Coop,Cooperative,coop,no,,,0,,,,0.12623769605981833
76798,Heart of Texas Electric Coop,Cooperative,coop,no,,,0,,,,0.12623769605981833
76799,Heart of Texas Electric Coop,Cooperative,coop,no,,,0,,,,0.12623769605981833
76801,AEP TEXAS NORTH,Wires company (TDU),base_tdsp,yes,ERCOT,AEP TEXAS NORTH; ONCOR ELECTRIC DELIVERY COMPANY,338,12.65,5.2,Comanche County Elec Coop Assn; Hamilton County Elec Coop Assn,
76802,ONCOR ELECTRIC DELIVERY COMPANY,Wires company (TDU),base_tdsp,yes,ERCOT,ONCOR ELECTRIC DELIVERY COMPANY,171,12.6,5.2,Comanche County Elec Coop Assn,
76820,"Central Texas Elec Coop, Inc",Cooperative,coop,no,,,0,,,,0.11027817039654494
76821,AEP TEXAS NORTH,Wires company (TDU),base_tdsp,yes,ERCOT,AEP TEXAS NORTH,167,12.7,6.2,,
76823,ONCOR ELECTRIC DELIVERY COMPANY,Wires company (TDU),base_tdsp,yes,ERCOT,ONCOR ELECTRIC DELIVERY COMPANY,171,12.6,5.2,Comanche County Elec Coop Assn,
76824,Hamilton County Elec Coop Assn,Cooperative,coop,no,,,0,,,,0.1369407507445114
76825,AEP TEXAS NORTH,Wires company (TDU),base_tdsp,yes,ERCOT,AEP TEXAS NORTH; ONCOR ELECTRIC DELIVERY COMPANY,338,12.65,5.2,"Central Texas Elec Coop, Inc",
76827,ONCOR ELECTRIC DELIVERY COMPANY,Wires company (TDU),base_tdsp,yes,ERCOT,ONCOR ELECTRIC DELIVERY COMPANY,171,12.6,5.2,,
76828,AEP TEXAS NORTH,Wires company (TDU),base_tdsp,yes,ERCOT,AEP TEXAS NORTH,167,12.7,6.2,Comanche County Elec Coop Assn,
76831,"Central Texas Elec Coop, Inc",Cooperative,coop,no,,,0,,,,0.11027817039654494
76832,"Central Texas Elec Coop, Inc",Cooperative,coop,no,,,0,,,"Hamilton County Elec Coop Assn; Pedernales Electric Coop, Inc",0.11027817039654494
76834,ONCOR ELECTRIC DELIVERY COMPANY,Wires company (TDU),base_tdsp,yes,ERCOT,ONCOR ELECTRIC DELIVERY COMPANY,171,12.6,5.2,Comanche County Elec Coop Assn,
76836,ONCOR ELECTRIC DELIVERY COMPANY,Wires company (TDU),base_tdsp,yes,ERCOT,ONCOR ELECTRIC DELIVERY COMPANY,171,12.6,5.2,,
76837,AEP TEXAS NORTH,Wires company (TDU),base_tdsp,yes,ERCOT,AEP TEXAS NORTH; ONCOR ELECTRIC DELIVERY COMPANY,338,12.65,5.2,"Concho Valley Elec Coop Inc; Southwest Texas Elec Coop, Inc",
76841,"Pedernales Electric Coop, Inc",Cooperative,coop,no,,,0,,,"Southwest Texas Elec Coop, Inc",0.12218223657681021
76842,"Central Texas Elec Coop, Inc",Cooperative,coop,no,,,0,,,,0.11027817039654494
76844,ONCOR ELECTRIC DELIVERY COMPANY,Wires company (TDU),base_tdsp,yes,ERCOT,ONCOR ELECTRIC DELIVERY COMPANY,171,12.6,5.2,Hamilton County Elec Coop Assn,
76845,,,none,no,,,0,,,,
76848,ONCOR ELECTRIC DELIVERY COMPANY,Wires company (TDU),base_tdsp,yes,ERCOT,ONCOR ELECTRIC DELIVERY COMPANY,171,12.6,5.2,"Central Texas Elec Coop, Inc",
76849,AEP TEXAS NORTH,Wires company (TDU),base_tdsp,yes,ERCOT,AEP TEXAS NORTH,167,12.7,6.2,"Central Texas Elec Coop, Inc; Pedernales Electric Coop, Inc",
76852,ONCOR ELECTRIC DELIVERY COMPANY,Wires company (TDU),base_tdsp,yes,ERCOT,ONCOR ELECTRIC DELIVERY COMPANY,171,12.6,5.2,,
76853,ONCOR ELECTRIC DELIVERY COMPANY,Wires company (TDU),base_tdsp,yes,ERCOT,ONCOR ELECTRIC DELIVERY COMPANY,171,12.6,5.2,Hamilton County Elec Coop Assn; Heart of Texas Electric Coop,
76854,"Central Texas Elec Coop, Inc",Cooperative,coop,no,,,0,,,"Pedernales Electric Coop, Inc",0.11027817039654494
76856,ONCOR ELECTRIC DELIVERY COMPANY,Wires company (TDU),base_tdsp,yes,ERCOT,ONCOR ELECTRIC DELIVERY COMPANY,171,12.6,5.2,"Central Texas Elec Coop, Inc",
76857,AEP TEXAS NORTH,Wires company (TDU),base_tdsp,yes,ERCOT,AEP TEXAS NORTH,167,12.7,6.2,Comanche County Elec Coop Assn,
76858,AEP TEXAS NORTH,Wires company (TDU),base_tdsp,yes,ERCOT,AEP TEXAS NORTH; ONCOR ELECTRIC DELIVERY COMPANY,338,12.65,5.2,,
76859,AEP TEXAS NORTH,Wires company (TDU),base_tdsp,yes,ERCOT,AEP TEXAS NORTH; ONCOR ELECTRIC DELIVERY COMPANY,338,12.65,5.2,"Central Texas Elec Coop, Inc; Pedernales Electric Coop, Inc; Southwest Texas Elec Coop, Inc",
76861,AEP TEXAS NORTH,Wires company (TDU),base_tdsp,yes,ERCOT,AEP TEXAS NORTH,167,12.7,6.2,Concho Valley Elec Coop Inc,
76862,ONCOR ELECTRIC DELIVERY COMPANY,Wires company (TDU),base_tdsp,yes,ERCOT,ONCOR ELECTRIC DELIVERY COMPANY,171,12.6,5.2,Concho Valley Elec Coop Inc,
76864,ONCOR ELECTRIC DELIVERY COMPANY,Wires company (TDU),base_tdsp,yes,ERCOT,ONCOR ELECTRIC DELIVERY COMPANY,171,12.6,5.2,Hamilton County Elec Coop Assn,
76865,AEP TEXAS NORTH,Wires company (TDU),base_tdsp,yes,ERCOT,AEP TEXAS NORTH,167,12.7,6.2,,
76866,AEP TEXAS NORTH,Wires company (TDU),base_tdsp,yes,ERCOT,AEP TEXAS NORTH,167,12.7,6.2,Concho Valley Elec Coop Inc,
76869,"Central Texas Elec Coop, Inc",Cooperative,coop,no,,,0,,,,0.11027817039654494
76870,Hamilton County Elec Coop Assn,Cooperative,coop,no,,,0,,,Heart of Texas Electric Coop,0.1369407507445114
76871,ONCOR ELECTRIC DELIVERY COMPANY,Wires company (TDU),base_tdsp,yes,ERCOT,ONCOR ELECTRIC DELIVERY COMPANY,171,12.6,5.2,"Central Texas Elec Coop, Inc; Hamilton County Elec Coop Assn",
76872,AEP TEXAS NORTH,Wires company (TDU),base_tdsp,yes,ERCOT,AEP TEXAS NORTH; ONCOR ELECTRIC DELIVERY COMPANY,338,12.65,5.2,,
76873,,,none,no,,,0,,,,
76874,"Pedernales Electric Coop, Inc",Cooperative,coop,no,,,0,,,,0.12218223657681021
76875,AEP TEXAS NORTH,Wires company (TDU),base_tdsp,yes,ERCOT,AEP TEXAS NORTH,167,12.7,6.2,,
76877,ONCOR ELECTRIC DELIVERY COMPANY,Wires company (TDU),base_tdsp,yes,ERCOT,ONCOR ELECTRIC DELIVERY COMPANY,171,12.6,5.2,"Central Texas Elec Coop, Inc; Hamilton County Elec Coop Assn",
76878,AEP TEXAS NORTH,Wires company (TDU),base_tdsp,yes,ERCOT,AEP TEXAS NORTH; ONCOR ELECTRIC DELIVERY COMPANY,338,12.65,5.2,,
76880,Hamilton County Elec Coop Assn,Cooperative,coop,no,,,0,,,,0.1369407507445114
76882,AEP TEXAS NORTH,Wires company (TDU),base_tdsp,yes,ERCOT,AEP TEXAS NORTH,167,12.7,6.2,,
76883,"Pedernales Electric Coop, Inc",Cooperative,coop,no,,,0,,,,0.12218223657681021
76884,AEP TEXAS NORTH,Wires company (TDU),base_tdsp,yes,ERCOT,AEP TEXAS NORTH,167,12.7,6.2,,
76885,"Central Texas Elec Coop, Inc",Cooperative,coop,no,,,0,,,,0.11027817039654494
76887,ONCOR ELECTRIC DELIVERY COMPANY,Wires company (TDU),base_tdsp,yes,ERCOT,ONCOR ELECTRIC DELIVERY COMPANY,171,12.6,5.2,,
76888,,,none,no,,,0,,,,
76890,ONCOR ELECTRIC DELIVERY COMPANY,Wires company (TDU),base_tdsp,yes,ERCOT,ONCOR ELECTRIC DELIVERY COMPANY,171,12.6,5.2,Comanche County Elec Coop Assn; Hamilton County Elec Coop Assn,
76901,AEP TEXAS NORTH,Wires company (TDU),base_tdsp,yes,ERCOT,AEP TEXAS NORTH,167,12.7,6.2,Concho Valley Elec Coop Inc,
76903,AEP TEXAS NORTH,Wires company (TDU),base_tdsp,yes,ERCOT,AEP TEXAS NORTH,167,12.7,6.2,,
76904,AEP TEXAS NORTH,Wires company (TDU),base_tdsp,yes,ERCOT,AEP TEXAS NORTH,167,12.7,6.2,"Concho Valley Elec Coop Inc; Southwest Texas Elec Coop, Inc",
76905,AEP TEXAS NORTH,Wires company (TDU),base_tdsp,yes,ERCOT,AEP TEXAS NORTH,167,12.7,6.2,Concho Valley Elec Coop Inc,
76908,AEP TEXAS NORTH,Wires company (TDU),base_tdsp,yes,ERCOT,AEP TEXAS NORTH,167,12.7,6.2,,
76909,AEP TEXAS NORTH,Wires company (TDU),base_tdsp,yes,ERCOT,AEP TEXAS NORTH,167,12.7,6.2,,
76930,AEP TEXAS NORTH,Wires company (TDU),base_tdsp,yes,ERCOT,AEP TEXAS NORTH,167,12.7,6.2,"Concho Valley Elec Coop Inc; Rio Grande Electric Coop, Inc; Southwest Texas Elec Coop, Inc",
76932,AEP TEXAS NORTH,Wires company (TDU),base_tdsp,yes,ERCOT,AEP TEXAS NORTH; ONCOR ELECTRIC DELIVERY COMPANY,338,12.65,5.2,"Concho Valley Elec Coop Inc; Rio Grande Electric Coop, Inc; Southwest Texas Elec Coop, Inc",
76933,AEP TEXAS NORTH,Wires company (TDU),base_tdsp,yes,ERCOT,AEP TEXAS NORTH,167,12.7,6.2,Concho Valley Elec Coop Inc,
76934,AEP TEXAS NORTH,Wires company (TDU),base_tdsp,yes,ERCOT,AEP TEXAS NORTH,167,12.7,6.2,Concho Valley Elec Coop Inc,
76935,AEP TEXAS NORTH,Wires company (TDU),base_tdsp,yes,ERCOT,AEP TEXAS NORTH,167,12.7,6.2,"Concho Valley Elec Coop Inc; Pedernales Electric Coop, Inc; Southwest Texas Elec Coop, Inc",
76936,AEP TEXAS NORTH,Wires company (TDU),base_tdsp,yes,ERCOT,AEP TEXAS NORTH,167,12.7,6.2,"Concho Valley Elec Coop Inc; Pedernales Electric Coop, Inc; Southwest Texas Elec Coop, Inc",
76937,AEP TEXAS NORTH,Wires company (TDU),base_tdsp,yes,ERCOT,AEP TEXAS NORTH,167,12.7,6.2,Concho Valley Elec Coop Inc,
76940,AEP TEXAS NORTH,Wires company (TDU),base_tdsp,yes,ERCOT,AEP TEXAS NORTH,167,12.7,6.2,Concho Valley Elec Coop Inc,
76941,AEP TEXAS NORTH,Wires company (TDU),base_tdsp,yes,ERCOT,AEP TEXAS NORTH; ONCOR ELECTRIC DELIVERY COMPANY,338,12.65,5.2,"Concho Valley Elec Coop Inc; Southwest Texas Elec Coop, Inc",
76943,AEP TEXAS NORTH,Wires company (TDU),base_tdsp,yes,ERCOT,AEP TEXAS NORTH,167,12.7,6.2,"Rio Grande Electric Coop, Inc; Southwest Texas Elec Coop, Inc",
76945,AEP TEXAS NORTH,Wires company (TDU),base_tdsp,yes,ERCOT,AEP TEXAS NORTH,167,12.7,6.2,Concho Valley Elec Coop Inc,
76950,AEP TEXAS NORTH,Wires company (TDU),base_tdsp,yes,ERCOT,AEP TEXAS NORTH,167,12.7,6.2,"Pedernales Electric Coop, Inc; Rio Grande Electric Coop, Inc; Southwest Texas Elec Coop, Inc",
76951,AEP TEXAS NORTH,Wires company (TDU),base_tdsp,yes,ERCOT,AEP TEXAS NORTH; ONCOR ELECTRIC DELIVERY COMPANY,338,12.65,5.2,Concho Valley Elec Coop Inc,
76953,,,none,no,,,0,,,,
76955,Concho Valley Elec Coop Inc,Cooperative,coop,no,,,0,,,,0.12725345966837054
76957,AEP TEXAS NORTH,Wires company (TDU),base_tdsp,yes,ERCOT,AEP TEXAS NORTH,167,12.7,6.2,Concho Valley Elec Coop Inc,
76958,AEP TEXAS NORTH,Wires company (TDU),base_tdsp,yes,ERCOT,AEP TEXAS NORTH; ONCOR ELECTRIC DELIVERY COMPANY,338,12.65,5.2,,
77002,CENTERPOINT ENERGY HOUSTON ELECTRIC LLC,Wires company (TDU),base_tdsp,yes,ERCOT,CENTERPOINT ENERGY HOUSTON ELECTRIC LLC,173,13.0,6.2,,
77003,CENTERPOINT ENERGY HOUSTON ELECTRIC LLC,Wires company (TDU),base_tdsp,yes,ERCOT,CENTERPOINT ENERGY HOUSTON ELECTRIC LLC,173,13.0,6.2,,
77004,CENTERPOINT ENERGY HOUSTON ELECTRIC LLC,Wires company (TDU),base_tdsp,yes,ERCOT,CENTERPOINT ENERGY HOUSTON ELECTRIC LLC,173,13.0,6.2,,
77005,CENTERPOINT ENERGY HOUSTON ELECTRIC LLC,Wires company (TDU),base_tdsp,yes,ERCOT,CENTERPOINT ENERGY HOUSTON ELECTRIC LLC,173,13.0,6.2,,
77006,CENTERPOINT ENERGY HOUSTON ELECTRIC LLC,Wires company (TDU),base_tdsp,yes,ERCOT,CENTERPOINT ENERGY HOUSTON ELECTRIC LLC,173,13.0,6.2,,
77007,CENTERPOINT ENERGY HOUSTON ELECTRIC LLC,Wires company (TDU),base_tdsp,yes,ERCOT,CENTERPOINT ENERGY HOUSTON ELECTRIC LLC,173,13.0,6.2,,
77008,CENTERPOINT ENERGY HOUSTON ELECTRIC LLC,Wires company (TDU),base_tdsp,yes,ERCOT,CENTERPOINT ENERGY HOUSTON ELECTRIC LLC,173,13.0,6.2,,
77009,CENTERPOINT ENERGY HOUSTON ELECTRIC LLC,Wires company (TDU),base_tdsp,yes,ERCOT,CENTERPOINT ENERGY HOUSTON ELECTRIC LLC,173,13.0,6.2,,
77010,CENTERPOINT ENERGY HOUSTON ELECTRIC LLC,Wires company (TDU),base_tdsp,yes,ERCOT,CENTERPOINT ENERGY HOUSTON ELECTRIC LLC,173,13.0,6.2,,
77011,CENTERPOINT ENERGY HOUSTON ELECTRIC LLC,Wires company (TDU),base_tdsp,yes,ERCOT,CENTERPOINT ENERGY HOUSTON ELECTRIC LLC,173,13.0,6.2,,
77012,CENTERPOINT ENERGY HOUSTON ELECTRIC LLC,Wires company (TDU),base_tdsp,yes,ERCOT,CENTERPOINT ENERGY HOUSTON ELECTRIC LLC,173,13.0,6.2,,
77013,CENTERPOINT ENERGY HOUSTON ELECTRIC LLC,Wires company (TDU),base_tdsp,yes,ERCOT,CENTERPOINT ENERGY HOUSTON ELECTRIC LLC,173,13.0,6.2,,
77014,CENTERPOINT ENERGY HOUSTON ELECTRIC LLC,Wires company (TDU),base_tdsp,yes,ERCOT,CENTERPOINT ENERGY HOUSTON ELECTRIC LLC,173,13.0,6.2,,
77015,CENTERPOINT ENERGY HOUSTON ELECTRIC LLC,Wires company (TDU),base_tdsp,yes,ERCOT,CENTERPOINT ENERGY HOUSTON ELECTRIC LLC,173,13.0,6.2,,
77016,CENTERPOINT ENERGY HOUSTON ELECTRIC LLC,Wires company (TDU),base_tdsp,yes,ERCOT,CENTERPOINT ENERGY HOUSTON ELECTRIC LLC,173,13.0,6.2,,
77017,CENTERPOINT ENERGY HOUSTON ELECTRIC LLC,Wires company (TDU),base_tdsp,yes,ERCOT,CENTERPOINT ENERGY HOUSTON ELECTRIC LLC,173,13.0,6.2,,
77018,CENTERPOINT ENERGY HOUSTON ELECTRIC LLC,Wires company (TDU),base_tdsp,yes,ERCOT,CENTERPOINT ENERGY HOUSTON ELECTRIC LLC,173,13.0,6.2,,
77019,CENTERPOINT ENERGY HOUSTON ELECTRIC LLC,Wires company (TDU),base_tdsp,yes,ERCOT,CENTERPOINT ENERGY HOUSTON ELECTRIC LLC,173,13.0,6.2,,
77020,CENTERPOINT ENERGY HOUSTON ELECTRIC LLC,Wires company (TDU),base_tdsp,yes,ERCOT,CENTERPOINT ENERGY HOUSTON ELECTRIC LLC,173,13.0,6.2,,
77021,CENTERPOINT ENERGY HOUSTON ELECTRIC LLC,Wires company (TDU),base_tdsp,yes,ERCOT,CENTERPOINT ENERGY HOUSTON ELECTRIC LLC,173,13.0,6.2,,
77022,CENTERPOINT ENERGY HOUSTON ELECTRIC LLC,Wires company (TDU),base_tdsp,yes,ERCOT,CENTERPOINT ENERGY HOUSTON ELECTRIC LLC,173,13.0,6.2,,
77023,CENTERPOINT ENERGY HOUSTON ELECTRIC LLC,Wires company (TDU),base_tdsp,yes,ERCOT,CENTERPOINT ENERGY HOUSTON ELECTRIC LLC,173,13.0,6.2,,
77024,CENTERPOINT ENERGY HOUSTON ELECTRIC LLC,Wires company (TDU),base_tdsp,yes,ERCOT,CENTERPOINT ENERGY HOUSTON ELECTRIC LLC,173,13.0,6.2,,
77025,CENTERPOINT ENERGY HOUSTON ELECTRIC LLC,Wires company (TDU),base_tdsp,yes,ERCOT,CENTERPOINT ENERGY HOUSTON ELECTRIC LLC,173,13.0,6.2,,
77026,CENTERPOINT ENERGY HOUSTON ELECTRIC LLC,Wires company (TDU),base_tdsp,yes,ERCOT,CENTERPOINT ENERGY HOUSTON ELECTRIC LLC,173,13.0,6.2,,
77027,CENTERPOINT ENERGY HOUSTON ELECTRIC LLC,Wires company (TDU),base_tdsp,yes,ERCOT,CENTERPOINT ENERGY HOUSTON ELECTRIC LLC,173,13.0,6.2,,
77028,CENTERPOINT ENERGY HOUSTON ELECTRIC LLC,Wires company (TDU),base_tdsp,yes,ERCOT,CENTERPOINT ENERGY HOUSTON ELECTRIC LLC,173,13.0,6.2,,
77029,CENTERPOINT ENERGY HOUSTON ELECTRIC LLC,Wires company (TDU),base_tdsp,yes,ERCOT,CENTERPOINT ENERGY HOUSTON ELECTRIC LLC,173,13.0,6.2,,
77030,CENTERPOINT ENERGY HOUSTON ELECTRIC LLC,Wires company (TDU),base_tdsp,yes,ERCOT,CENTERPOINT ENERGY HOUSTON ELECTRIC LLC,173,13.0,6.2,,
77031,CENTERPOINT ENERGY HOUSTON ELECTRIC LLC,Wires company (TDU),base_tdsp,yes,ERCOT,CENTERPOINT ENERGY HOUSTON ELECTRIC LLC,173,13.0,6.2,,
77032,CENTERPOINT ENERGY HOUSTON ELECTRIC LLC,Wires company (TDU),base_tdsp,yes,ERCOT,CENTERPOINT ENERGY HOUSTON ELECTRIC LLC,173,13.0,6.2,,
77033,CENTERPOINT ENERGY HOUSTON ELECTRIC LLC,Wires company (TDU),base_tdsp,yes,ERCOT,CENTERPOINT ENERGY HOUSTON ELECTRIC LLC,173,13.0,6.2,,
77034,CENTERPOINT ENERGY HOUSTON ELECTRIC LLC,Wires company (TDU),base_tdsp,yes,ERCOT,CENTERPOINT ENERGY HOUSTON ELECTRIC LLC,173,13.0,6.2,,
77035,CENTERPOINT ENERGY HOUSTON ELECTRIC LLC,Wires company (TDU),base_tdsp,yes,ERCOT,CENTERPOINT ENERGY HOUSTON ELECTRIC LLC,173,13.0,6.2,,
77036,CENTERPOINT ENERGY HOUSTON ELECTRIC LLC,Wires company (TDU),base_tdsp,yes,ERCOT,CENTERPOINT ENERGY HOUSTON ELECTRIC LLC,173,13.0,6.2,,
77037,CENTERPOINT ENERGY HOUSTON ELECTRIC LLC,Wires company (TDU),base_tdsp,yes,ERCOT,CENTERPOINT ENERGY HOUSTON ELECTRIC LLC,173,13.0,6.2,,
77038,CENTERPOINT ENERGY HOUSTON ELECTRIC LLC,Wires company (TDU),base_tdsp,yes,ERCOT,CENTERPOINT ENERGY HOUSTON ELECTRIC LLC,173,13.0,6.2,,
77039,CENTERPOINT ENERGY HOUSTON ELECTRIC LLC,Wires company (TDU),base_tdsp,yes,ERCOT,CENTERPOINT ENERGY HOUSTON ELECTRIC LLC,173,13.0,6.2,,
77040,CENTERPOINT ENERGY HOUSTON ELECTRIC LLC,Wires company (TDU),base_tdsp,yes,ERCOT,CENTERPOINT ENERGY HOUSTON ELECTRIC LLC,173,13.0,6.2,,
77041,CENTERPOINT ENERGY HOUSTON ELECTRIC LLC,Wires company (TDU),base_tdsp,yes,ERCOT,CENTERPOINT ENERGY HOUSTON ELECTRIC LLC,173,13.0,6.2,,
77042,CENTERPOINT ENERGY HOUSTON ELECTRIC LLC,Wires company (TDU),base_tdsp,yes,ERCOT,CENTERPOINT ENERGY HOUSTON ELECTRIC LLC,173,13.0,6.2,,
77043,CENTERPOINT ENERGY HOUSTON ELECTRIC LLC,Wires company (TDU),base_tdsp,yes,ERCOT,CENTERPOINT ENERGY HOUSTON ELECTRIC LLC,173,13.0,6.2,,
77044,CENTERPOINT ENERGY HOUSTON ELECTRIC LLC,Wires company (TDU),base_tdsp,yes,ERCOT,CENTERPOINT ENERGY HOUSTON ELECTRIC LLC,173,13.0,6.2,,
77045,CENTERPOINT ENERGY HOUSTON ELECTRIC LLC,Wires company (TDU),base_tdsp,yes,ERCOT,CENTERPOINT ENERGY HOUSTON ELECTRIC LLC,173,13.0,6.2,,
77046,CENTERPOINT ENERGY HOUSTON ELECTRIC LLC,Wires company (TDU),base_tdsp,yes,ERCOT,CENTERPOINT ENERGY HOUSTON ELECTRIC LLC,173,13.0,6.2,,
77047,CENTERPOINT ENERGY HOUSTON ELECTRIC LLC,Wires company (TDU),base_tdsp,yes,ERCOT,CENTERPOINT ENERGY HOUSTON ELECTRIC LLC,173,13.0,6.2,,
77048,CENTERPOINT ENERGY HOUSTON ELECTRIC LLC,Wires company (TDU),base_tdsp,yes,ERCOT,CENTERPOINT ENERGY HOUSTON ELECTRIC LLC,173,13.0,6.2,,
77049,CENTERPOINT ENERGY HOUSTON ELECTRIC LLC,Wires company (TDU),base_tdsp,yes,ERCOT,CENTERPOINT ENERGY HOUSTON ELECTRIC LLC,173,13.0,6.2,,
77050,CENTERPOINT ENERGY HOUSTON ELECTRIC LLC,Wires company (TDU),base_tdsp,yes,ERCOT,CENTERPOINT ENERGY HOUSTON ELECTRIC LLC,173,13.0,6.2,,
77051,CENTERPOINT ENERGY HOUSTON ELECTRIC LLC,Wires company (TDU),base_tdsp,yes,ERCOT,CENTERPOINT ENERGY HOUSTON ELECTRIC LLC,173,13.0,6.2,,
77053,CENTERPOINT ENERGY HOUSTON ELECTRIC LLC,Wires company (TDU),base_tdsp,yes,ERCOT,CENTERPOINT ENERGY HOUSTON ELECTRIC LLC,173,13.0,6.2,,
77054,CENTERPOINT ENERGY HOUSTON ELECTRIC LLC,Wires company (TDU),base_tdsp,yes,ERCOT,CENTERPOINT ENERGY HOUSTON ELECTRIC LLC,173,13.0,6.2,,
77055,CENTERPOINT ENERGY HOUSTON ELECTRIC LLC,Wires company (TDU),base_tdsp,yes,ERCOT,CENTERPOINT ENERGY HOUSTON ELECTRIC LLC,173,13.0,6.2,,
77056,CENTERPOINT ENERGY HOUSTON ELECTRIC LLC,Wires company (TDU),base_tdsp,yes,ERCOT,CENTERPOINT ENERGY HOUSTON ELECTRIC LLC,173,13.0,6.2,,
77057,CENTERPOINT ENERGY HOUSTON ELECTRIC LLC,Wires company (TDU),base_tdsp,yes,ERCOT,CENTERPOINT ENERGY HOUSTON ELECTRIC LLC,173,13.0,6.2,,
77058,CENTERPOINT ENERGY HOUSTON ELECTRIC LLC,Wires company (TDU),base_tdsp,yes,ERCOT,CENTERPOINT ENERGY HOUSTON ELECTRIC LLC,173,13.0,6.2,,
77059,CENTERPOINT ENERGY HOUSTON ELECTRIC LLC,Wires company (TDU),base_tdsp,yes,ERCOT,CENTERPOINT ENERGY HOUSTON ELECTRIC LLC,173,13.0,6.2,,
77060,CENTERPOINT ENERGY HOUSTON ELECTRIC LLC,Wires company (TDU),base_tdsp,yes,ERCOT,CENTERPOINT ENERGY HOUSTON ELECTRIC LLC,173,13.0,6.2,,
77061,CENTERPOINT ENERGY HOUSTON ELECTRIC LLC,Wires company (TDU),base_tdsp,yes,ERCOT,CENTERPOINT ENERGY HOUSTON ELECTRIC LLC,173,13.0,6.2,,
77062,CENTERPOINT ENERGY HOUSTON ELECTRIC LLC,Wires company (TDU),base_tdsp,yes,ERCOT,CENTERPOINT ENERGY HOUSTON ELECTRIC LLC,173,13.0,6.2,,
77063,CENTERPOINT ENERGY HOUSTON ELECTRIC LLC,Wires company (TDU),base_tdsp,yes,ERCOT,CENTERPOINT ENERGY HOUSTON ELECTRIC LLC,173,13.0,6.2,,
77064,CENTERPOINT ENERGY HOUSTON ELECTRIC LLC,Wires company (TDU),base_tdsp,yes,ERCOT,CENTERPOINT ENERGY HOUSTON ELECTRIC LLC,173,13.0,6.2,,
77065,CENTERPOINT ENERGY HOUSTON ELECTRIC LLC,Wires company (TDU),base_tdsp,yes,ERCOT,CENTERPOINT ENERGY HOUSTON ELECTRIC LLC,173,13.0,6.2,,
77066,CENTERPOINT ENERGY HOUSTON ELECTRIC LLC,Wires company (TDU),base_tdsp,yes,ERCOT,CENTERPOINT ENERGY HOUSTON ELECTRIC LLC,173,13.0,6.2,,
77067,CENTERPOINT ENERGY HOUSTON ELECTRIC LLC,Wires company (TDU),base_tdsp,yes,ERCOT,CENTERPOINT ENERGY HOUSTON ELECTRIC LLC,173,13.0,6.2,,
77068,CENTERPOINT ENERGY HOUSTON ELECTRIC LLC,Wires company (TDU),base_tdsp,yes,ERCOT,CENTERPOINT ENERGY HOUSTON ELECTRIC LLC,173,13.0,6.2,,
77069,CENTERPOINT ENERGY HOUSTON ELECTRIC LLC,Wires company (TDU),base_tdsp,yes,ERCOT,CENTERPOINT ENERGY HOUSTON ELECTRIC LLC,173,13.0,6.2,,
77070,CENTERPOINT ENERGY HOUSTON ELECTRIC LLC,Wires company (TDU),base_tdsp,yes,ERCOT,CENTERPOINT ENERGY HOUSTON ELECTRIC LLC,173,13.0,6.2,,
77071,CENTERPOINT ENERGY HOUSTON ELECTRIC LLC,Wires company (TDU),base_tdsp,yes,ERCOT,CENTERPOINT ENERGY HOUSTON ELECTRIC LLC,173,13.0,6.2,,
77072,CENTERPOINT ENERGY HOUSTON ELECTRIC LLC,Wires company (TDU),base_tdsp,yes,ERCOT,CENTERPOINT ENERGY HOUSTON ELECTRIC LLC,173,13.0,6.2,,
77073,CENTERPOINT ENERGY HOUSTON ELECTRIC LLC,Wires company (TDU),base_tdsp,yes,ERCOT,CENTERPOINT ENERGY HOUSTON ELECTRIC LLC,173,13.0,6.2,,
77074,CENTERPOINT ENERGY HOUSTON ELECTRIC LLC,Wires company (TDU),base_tdsp,yes,ERCOT,CENTERPOINT ENERGY HOUSTON ELECTRIC LLC,173,13.0,6.2,,
77075,CENTERPOINT ENERGY HOUSTON ELECTRIC LLC,Wires company (TDU),base_tdsp,yes,ERCOT,CENTERPOINT ENERGY HOUSTON ELECTRIC LLC,173,13.0,6.2,,
77076,CENTERPOINT ENERGY HOUSTON ELECTRIC LLC,Wires company (TDU),base_tdsp,yes,ERCOT,CENTERPOINT ENERGY HOUSTON ELECTRIC LLC,173,13.0,6.2,,
77077,CENTERPOINT ENERGY HOUSTON ELECTRIC LLC,Wires company (TDU),base_tdsp,yes,ERCOT,CENTERPOINT ENERGY HOUSTON ELECTRIC LLC,173,13.0,6.2,,
77078,CENTERPOINT ENERGY HOUSTON ELECTRIC LLC,Wires company (TDU),base_tdsp,yes,ERCOT,CENTERPOINT ENERGY HOUSTON ELECTRIC LLC,173,13.0,6.2,,
77079,CENTERPOINT ENERGY HOUSTON ELECTRIC LLC,Wires company (TDU),base_tdsp,yes,ERCOT,CENTERPOINT ENERGY HOUSTON ELECTRIC LLC,173,13.0,6.2,,
77080,CENTERPOINT ENERGY HOUSTON ELECTRIC LLC,Wires company (TDU),base_tdsp,yes,ERCOT,CENTERPOINT ENERGY HOUSTON ELECTRIC LLC,173,13.0,6.2,,
77081,CENTERPOINT ENERGY HOUSTON ELECTRIC LLC,Wires company (TDU),base_tdsp,yes,ERCOT,CENTERPOINT ENERGY HOUSTON ELECTRIC LLC,173,13.0,6.2,,
77082,CENTERPOINT ENERGY HOUSTON ELECTRIC LLC,Wires company (TDU),base_tdsp,yes,ERCOT,CENTERPOINT ENERGY HOUSTON ELECTRIC LLC,173,13.0,6.2,,
77083,CENTERPOINT ENERGY HOUSTON ELECTRIC LLC,Wires company (TDU),base_tdsp,yes,ERCOT,CENTERPOINT ENERGY HOUSTON ELECTRIC LLC,173,13.0,6.2,,
77084,CENTERPOINT ENERGY HOUSTON ELECTRIC LLC,Wires company (TDU),base_tdsp,yes,ERCOT,CENTERPOINT ENERGY HOUSTON ELECTRIC LLC,173,13.0,6.2,,
77085,CENTERPOINT ENERGY HOUSTON ELECTRIC LLC,Wires company (TDU),base_tdsp,yes,ERCOT,CENTERPOINT ENERGY HOUSTON ELECTRIC LLC,173,13.0,6.2,,
77086,CENTERPOINT ENERGY HOUSTON ELECTRIC LLC,Wires company (TDU),base_tdsp,yes,ERCOT,CENTERPOINT ENERGY HOUSTON ELECTRIC LLC,173,13.0,6.2,,
77087,CENTERPOINT ENERGY HOUSTON ELECTRIC LLC,Wires company (TDU),base_tdsp,yes,ERCOT,CENTERPOINT ENERGY HOUSTON ELECTRIC LLC,173,13.0,6.2,,
77088,CENTERPOINT ENERGY HOUSTON ELECTRIC LLC,Wires company (TDU),base_tdsp,yes,ERCOT,CENTERPOINT ENERGY HOUSTON ELECTRIC LLC,173,13.0,6.2,,
77089,CENTERPOINT ENERGY HOUSTON ELECTRIC LLC,Wires company (TDU),base_tdsp,yes,ERCOT,CENTERPOINT ENERGY HOUSTON ELECTRIC LLC,173,13.0,6.2,,
77090,CENTERPOINT ENERGY HOUSTON ELECTRIC LLC,Wires company (TDU),base_tdsp,yes,ERCOT,CENTERPOINT ENERGY HOUSTON ELECTRIC LLC,173,13.0,6.2,,
77091,CENTERPOINT ENERGY HOUSTON ELECTRIC LLC,Wires company (TDU),base_tdsp,yes,ERCOT,CENTERPOINT ENERGY HOUSTON ELECTRIC LLC,173,13.0,6.2,,
77092,CENTERPOINT ENERGY HOUSTON ELECTRIC LLC,Wires company (TDU),base_tdsp,yes,ERCOT,CENTERPOINT ENERGY HOUSTON ELECTRIC LLC,173,13.0,6.2,,
77093,CENTERPOINT ENERGY HOUSTON ELECTRIC LLC,Wires company (TDU),base_tdsp,yes,ERCOT,CENTERPOINT ENERGY HOUSTON ELECTRIC LLC,173,13.0,6.2,,
77094,CENTERPOINT ENERGY HOUSTON ELECTRIC LLC,Wires company (TDU),base_tdsp,yes,ERCOT,CENTERPOINT ENERGY HOUSTON ELECTRIC LLC,173,13.0,6.2,,
77095,CENTERPOINT ENERGY HOUSTON ELECTRIC LLC,Wires company (TDU),base_tdsp,yes,ERCOT,CENTERPOINT ENERGY HOUSTON ELECTRIC LLC,173,13.0,6.2,,
77096,CENTERPOINT ENERGY HOUSTON ELECTRIC LLC,Wires company (TDU),base_tdsp,yes,ERCOT,CENTERPOINT ENERGY HOUSTON ELECTRIC LLC,173,13.0,6.2,,
77098,CENTERPOINT ENERGY HOUSTON ELECTRIC LLC,Wires company (TDU),base_tdsp,yes,ERCOT,CENTERPOINT ENERGY HOUSTON ELECTRIC LLC,173,13.0,6.2,,
77099,CENTERPOINT ENERGY HOUSTON ELECTRIC LLC,Wires company (TDU),base_tdsp,yes,ERCOT,CENTERPOINT ENERGY HOUSTON ELECTRIC LLC,173,13.0,6.2,,
77204,,,none,no,,,0,,,,
77301,Mid-South Electric Coop Assn,Cooperative,coop,no,,,0,,,Entergy Texas Inc.,0.14083167598808907
77302,CENTERPOINT ENERGY HOUSTON ELECTRIC LLC,Wires company (TDU),base_tdsp,yes,ERCOT,CENTERPOINT ENERGY HOUSTON ELECTRIC LLC,173,13.0,6.2,Mid-South Electric Coop Assn; Entergy Texas Inc.,
77303,Mid-South Electric Coop Assn,Cooperative,coop,no,,,0,,,Entergy Texas Inc.,0.14083167598808907
77304,Mid-South Electric Coop Assn,Cooperative,coop,no,,,0,,,Entergy Texas Inc.,0.14083167598808907
77305,Mid-South Electric Coop Assn,Cooperative,coop,no,,,0,,,Entergy Texas Inc.,0.14083167598808907
77306,Mid-South Electric Coop Assn,Cooperative,coop,no,,,0,,,Entergy Texas Inc.,0.14083167598808907
77316,CENTERPOINT ENERGY HOUSTON ELECTRIC LLC,Wires company (TDU),base_tdsp,yes,ERCOT,CENTERPOINT ENERGY HOUSTON ELECTRIC LLC,173,13.0,6.2,Mid-South Electric Coop Assn; Entergy Texas Inc.,
77318,Mid-South Electric Coop Assn,Cooperative,coop,no,,,0,,,Entergy Texas Inc.,0.14083167598808907
77320,Mid-South Electric Coop Assn,Cooperative,coop,no,,,0,,,Sam Houston Electric Coop Inc; Entergy Texas Inc.,0.14083167598808907
77325,Mid-South Electric Coop Assn,Cooperative,coop,no,,,0,,,Entergy Texas Inc.,0.14083167598808907
77326,Sam Houston Electric Coop Inc,Cooperative,coop,no,,,0,,,,0.12621721354208612
77327,Mid-South Electric Coop Assn,Cooperative,coop,no,,,0,,,Sam Houston Electric Coop Inc; Entergy Texas Inc.,0.14083167598808907
77328,Mid-South Electric Coop Assn,Cooperative,coop,no,,,0,,,Sam Houston Electric Coop Inc; Entergy Texas Inc.,0.14083167598808907
77331,Sam Houston Electric Coop Inc,Cooperative,coop,no,,,0,,,Entergy Texas Inc.,0.12621721354208612
77332,Entergy Texas Inc.,Investor Owned,ioi_non_ercot,no,non-ERCOT,,0,,,,0.1366459934147402
77333,Mid-South Electric Coop Assn,Cooperative,coop,no,,,0,,,Entergy Texas Inc.,0.14083167598808907
77334,Mid-South Electric Coop Assn,Cooperative,coop,no,,,0,,,Entergy Texas Inc.,0.14083167598808907
77335,Sam Houston Electric Coop Inc,Cooperative,coop,no,,,0,,,Entergy Texas Inc.,0.12621721354208612
77336,CENTERPOINT ENERGY HOUSTON ELECTRIC LLC,Wires company (TDU),base_tdsp,yes,ERCOT,CENTERPOINT ENERGY HOUSTON ELECTRIC LLC,173,13.0,6.2,Mid-South Electric Coop Assn; Entergy Texas Inc.,
77338,CENTERPOINT ENERGY HOUSTON ELECTRIC LLC,Wires company (TDU),base_tdsp,yes,ERCOT,CENTERPOINT ENERGY HOUSTON ELECTRIC LLC,173,13.0,6.2,Mid-South Electric Coop Assn; Entergy Texas Inc.,
77339,CENTERPOINT ENERGY HOUSTON ELECTRIC LLC,Wires company (TDU),base_tdsp,yes,ERCOT,CENTERPOINT ENERGY HOUSTON ELECTRIC LLC,173,13.0,6.2,Mid-South Electric Coop Assn; Entergy Texas Inc.,
77340,Mid-South Electric Coop Assn,Cooperative,coop,no,,,0,,,Sam Houston Electric Coop Inc; Entergy Texas Inc.,0.14083167598808907
77341,Mid-South Electric Coop Assn,Cooperative,coop,no,,,0,,,Entergy Texas Inc.,0.14083167598808907
77342,Mid-South Electric Coop Assn,Cooperative,coop,no,,,0,,,Entergy Texas Inc.,0.14083167598808907
77343,Mid-South Electric Coop Assn,Cooperative,coop,no,,,0,,,Entergy Texas Inc.,0.14083167598808907
77344,Mid-South Electric Coop Assn,Cooperative,coop,no,,,0,,,Entergy Texas Inc.,0.14083167598808907
77345,CENTERPOINT ENERGY HOUSTON ELECTRIC LLC,Wires company (TDU),base_tdsp,yes,ERCOT,CENTERPOINT ENERGY HOUSTON ELECTRIC LLC,173,13.0,6.2,,
77346,CENTERPOINT ENERGY HOUSTON ELECTRIC LLC,Wires company (TDU),base_tdsp,yes,ERCOT,CENTERPOINT ENERGY HOUSTON ELECTRIC LLC,173,13.0,6.2,,
77348,Mid-South Electric Coop Assn,Cooperative,coop,no,,,0,,,Entergy Texas Inc.,0.14083167598808907
77349,Mid-South Electric Coop Assn,Cooperative,coop,no,,,0,,,Entergy Texas Inc.,0.14083167598808907
77350,Sam Houston Electric Coop Inc,Cooperative,coop,no,,,0,,,,0.12621721354208612
77351,Sam Houston Electric Coop Inc,Cooperative,coop,no,,,0,,,Entergy Texas Inc.,0.12621721354208612
77353,Mid-South Electric Coop Assn,Cooperative,coop,no,,,0,,,Entergy Texas Inc.,0.14083167598808907
77354,CENTERPOINT ENERGY HOUSTON ELECTRIC LLC,Wires company (TDU),base_tdsp,yes,ERCOT,CENTERPOINT ENERGY HOUSTON ELECTRIC LLC,173,13.0,6.2,Mid-South Electric Coop Assn; Entergy Texas Inc.,
77355,CENTERPOINT ENERGY HOUSTON ELECTRIC LLC,Wires company (TDU),base_tdsp,yes,ERCOT,CENTERPOINT ENERGY HOUSTON ELECTRIC LLC,173,13.0,6.2,Mid-South Electric Coop Assn; Entergy Texas Inc.,
77356,Mid-South Electric Coop Assn,Cooperative,coop,no,,,0,,,Entergy Texas Inc.,0.14083167598808907
77357,CENTERPOINT ENERGY HOUSTON ELECTRIC LLC,Wires company (TDU),base_tdsp,yes,ERCOT,CENTERPOINT ENERGY HOUSTON ELECTRIC LLC,173,13.0,6.2,Mid-South Electric Coop Assn; Entergy Texas Inc.,
77358,Mid-South Electric Coop Assn,Cooperative,coop,no,,,0,,,Sam Houston Electric Coop Inc; Entergy Texas Inc.,0.14083167598808907
77359,Mid-South Electric Coop Assn,Cooperative,coop,no,,,0,,,Sam Houston Electric Coop Inc; Entergy Texas Inc.,0.14083167598808907
77360,Sam Houston Electric Coop Inc,Cooperative,coop,no,,,0,,,Entergy Texas Inc.,0.12621721354208612
77362,CENTERPOINT ENERGY HOUSTON ELECTRIC LLC,Wires company (TDU),base_tdsp,yes,ERCOT,CENTERPOINT ENERGY HOUSTON ELECTRIC LLC,173,13.0,6.2,Mid-South Electric Coop Assn; Entergy Texas Inc.,
77363,CENTERPOINT ENERGY HOUSTON ELECTRIC LLC,Wires company (TDU),base_tdsp,yes,ERCOT,CENTERPOINT ENERGY HOUSTON ELECTRIC LLC,173,13.0,6.2,Mid-South Electric Coop Assn; Entergy Texas Inc.,
77364,Sam Houston Electric Coop Inc,Cooperative,coop,no,,,0,,,Entergy Texas Inc.,0.12621721354208612
77365,CENTERPOINT ENERGY HOUSTON ELECTRIC LLC,Wires company (TDU),base_tdsp,yes,ERCOT,CENTERPOINT ENERGY HOUSTON ELECTRIC LLC,173,13.0,6.2,Mid-South Electric Coop Assn; Entergy Texas Inc.,
77367,Mid-South Electric Coop Assn,Cooperative,coop,no,,,0,,,Entergy Texas Inc.,0.14083167598808907
77368,Sam Houston Electric Coop Inc,Cooperative,coop,no,,,0,,,Entergy Texas Inc.,0.12621721354208612
77369,Sam Houston Electric Coop Inc,Cooperative,coop,no,,,0,,,Entergy Texas Inc.,0.12621721354208612
77371,Sam Houston Electric Coop Inc,Cooperative,coop,no,,,0,,,Entergy Texas Inc.,0.12621721354208612
77372,Mid-South Electric Coop Assn,Cooperative,coop,no,,,0,,,Entergy Texas Inc.,0.14083167598808907
77373,CENTERPOINT ENERGY HOUSTON ELECTRIC LLC,Wires company (TDU),base_tdsp,yes,ERCOT,CENTERPOINT ENERGY HOUSTON ELECTRIC LLC,173,13.0,6.2,Mid-South Electric Coop Assn; Entergy Texas Inc.,
77374,Sam Houston Electric Coop Inc,Cooperative,coop,no,,,0,,,Entergy Texas Inc.,0.12621721354208612
77375,CENTERPOINT ENERGY HOUSTON ELECTRIC LLC,Wires company (TDU),base_tdsp,yes,ERCOT,CENTERPOINT ENERGY HOUSTON ELECTRIC LLC,173,13.0,6.2,Mid-South Electric Coop Assn; Entergy Texas Inc.,
77376,Sam Houston Electric Coop Inc,Cooperative,coop,no,,,0,,,Entergy Texas Inc.,0.12621721354208612
77377,CENTERPOINT ENERGY HOUSTON ELECTRIC LLC,Wires company (TDU),base_tdsp,yes,ERCOT,CENTERPOINT ENERGY HOUSTON ELECTRIC LLC,173,13.0,6.2,Mid-South Electric Coop Assn; Entergy Texas Inc.,
77378,Mid-South Electric Coop Assn,Cooperative,coop,no,,,0,,,Entergy Texas Inc.,0.14083167598808907
77379,CENTERPOINT ENERGY HOUSTON ELECTRIC LLC,Wires company (TDU),base_tdsp,yes,ERCOT,CENTERPOINT ENERGY HOUSTON ELECTRIC LLC,173,13.0,6.2,,
77380,CENTERPOINT ENERGY HOUSTON ELECTRIC LLC,Wires company (TDU),base_tdsp,yes,ERCOT,CENTERPOINT ENERGY HOUSTON ELECTRIC LLC,173,13.0,6.2,Mid-South Electric Coop Assn; Entergy Texas Inc.,
77381,CENTERPOINT ENERGY HOUSTON ELECTRIC LLC,Wires company (TDU),base_tdsp,yes,ERCOT,CENTERPOINT ENERGY HOUSTON ELECTRIC LLC,173,13.0,6.2,Mid-South Electric Coop Assn; Entergy Texas Inc.,
77382,CENTERPOINT ENERGY HOUSTON ELECTRIC LLC,Wires company (TDU),base_tdsp,yes,ERCOT,CENTERPOINT ENERGY HOUSTON ELECTRIC LLC,173,13.0,6.2,Mid-South Electric Coop Assn; Entergy Texas Inc.,
77384,CENTERPOINT ENERGY HOUSTON ELECTRIC LLC,Wires company (TDU),base_tdsp,yes,ERCOT,CENTERPOINT ENERGY HOUSTON ELECTRIC LLC,173,13.0,6.2,Mid-South Electric Coop Assn; Entergy Texas Inc.,
77385,CENTERPOINT ENERGY HOUSTON ELECTRIC LLC,Wires company (TDU),base_tdsp,yes,ERCOT,CENTERPOINT ENERGY HOUSTON ELECTRIC LLC,173,13.0,6.2,Mid-South Electric Coop Assn; Entergy Texas Inc.,
77386,CENTERPOINT ENERGY HOUSTON ELECTRIC LLC,Wires company (TDU),base_tdsp,yes,ERCOT,CENTERPOINT ENERGY HOUSTON ELECTRIC LLC,173,13.0,6.2,Mid-South Electric Coop Assn; Entergy Texas Inc.,
77387,Mid-South Electric Coop Assn,Cooperative,coop,no,,,0,,,Entergy Texas Inc.,0.14083167598808907
77388,CENTERPOINT ENERGY HOUSTON ELECTRIC LLC,Wires company (TDU),base_tdsp,yes,ERCOT,CENTERPOINT ENERGY HOUSTON ELECTRIC LLC,173,13.0,6.2,,
77389,CENTERPOINT ENERGY HOUSTON ELECTRIC LLC,Wires company (TDU),base_tdsp,yes,ERCOT,CENTERPOINT ENERGY HOUSTON ELECTRIC LLC,173,13.0,6.2,Mid-South Electric Coop Assn; Entergy Texas Inc.,
77393,Mid-South Electric Coop Assn,Cooperative,coop,no,,,0,,,Entergy Texas Inc.,0.14083167598808907
77396,CENTERPOINT ENERGY HOUSTON ELECTRIC LLC,Wires company (TDU),base_tdsp,yes,ERCOT,CENTERPOINT ENERGY HOUSTON ELECTRIC LLC,173,13.0,6.2,,
77399,Entergy Texas Inc.,Investor Owned,ioi_non_ercot,no,non-ERCOT,,0,,,,0.1366459934147402
77401,CENTERPOINT ENERGY HOUSTON ELECTRIC LLC,Wires company (TDU),base_tdsp,yes,ERCOT,CENTERPOINT ENERGY HOUSTON ELECTRIC LLC,173,13.0,6.2,,
77406,CENTERPOINT ENERGY HOUSTON ELECTRIC LLC,Wires company (TDU),base_tdsp,yes,ERCOT,CENTERPOINT ENERGY HOUSTON ELECTRIC LLC,173,13.0,6.2,,
77407,CENTERPOINT ENERGY HOUSTON ELECTRIC LLC,Wires company (TDU),base_tdsp,yes,ERCOT,CENTERPOINT ENERGY HOUSTON ELECTRIC LLC,173,13.0,6.2,,
77412,"San Bernard Electric Coop, Inc",Cooperative,coop,no,,,0,,,,0.141632240928005
77414,AEP TEXAS CENTRAL,Wires company (TDU),base_tdsp,yes,ERCOT,AEP TEXAS CENTRAL; CENTERPOINT ENERGY HOUSTON ELECTRIC LLC,339,12.6,5.7,"Jackson Electric Coop, Inc - (TX); Wharton County Elec Coop, Inc",
77415,"Jackson Electric Coop, Inc - (TX)",Cooperative,coop,no,,,0,,,,0.13417350975470688
77417,CENTERPOINT ENERGY HOUSTON ELECTRIC LLC,Wires company (TDU),base_tdsp,yes,ERCOT,CENTERPOINT ENERGY HOUSTON ELECTRIC LLC,173,13.0,6.2,,
77418,CENTERPOINT ENERGY HOUSTON ELECTRIC LLC,Wires company (TDU),base_tdsp,yes,ERCOT,CENTERPOINT ENERGY HOUSTON ELECTRIC LLC,173,13.0,6.2,"Bluebonnet Electric Coop, Inc; Fayette Electric Coop, Inc; Entergy Texas Inc.",
77419,AEP TEXAS CENTRAL,Wires company (TDU),base_tdsp,yes,ERCOT,AEP TEXAS CENTRAL,166,12.05,5.7,,
77420,CENTERPOINT ENERGY HOUSTON ELECTRIC LLC,Wires company (TDU),base_tdsp,yes,ERCOT,CENTERPOINT ENERGY HOUSTON ELECTRIC LLC,173,13.0,6.2,"Jackson Electric Coop, Inc - (TX)",
77422,CENTERPOINT ENERGY HOUSTON ELECTRIC LLC,Wires company (TDU),base_tdsp,yes,ERCOT,CENTERPOINT ENERGY HOUSTON ELECTRIC LLC; TEXAS-NEW MEXICO POWER COMPANY,340,13.8,6.2,"Jackson Electric Coop, Inc - (TX)",
77423,CENTERPOINT ENERGY HOUSTON ELECTRIC LLC,Wires company (TDU),base_tdsp,yes,ERCOT,CENTERPOINT ENERGY HOUSTON ELECTRIC LLC,173,13.0,6.2,Entergy Texas Inc.,
77426,"Bluebonnet Electric Coop, Inc",Cooperative,coop,no,,,0,,,Entergy Texas Inc.,0.11415535256836253
77428,"Jackson Electric Coop, Inc - (TX)",Cooperative,coop,no,,,0,,,,0.13417350975470688
77429,CENTERPOINT ENERGY HOUSTON ELECTRIC LLC,Wires company (TDU),base_tdsp,yes,ERCOT,CENTERPOINT ENERGY HOUSTON ELECTRIC LLC,173,13.0,6.2,,
77430,CENTERPOINT ENERGY HOUSTON ELECTRIC LLC,Wires company (TDU),base_tdsp,yes,ERCOT,CENTERPOINT ENERGY HOUSTON ELECTRIC LLC,173,13.0,6.2,,
77431,,,none,no,,,0,,,,
77432,"Wharton County Elec Coop, Inc",Cooperative,coop,no,,,0,,,,0.13369077845605315
77433,CENTERPOINT ENERGY HOUSTON ELECTRIC LLC,Wires company (TDU),base_tdsp,yes,ERCOT,CENTERPOINT ENERGY HOUSTON ELECTRIC LLC,173,13.0,6.2,,
77434,AEP TEXAS CENTRAL,Wires company (TDU),base_tdsp,yes,ERCOT,AEP TEXAS CENTRAL; CENTERPOINT ENERGY HOUSTON ELECTRIC LLC,339,12.6,5.7,"Wharton County Elec Coop, Inc",
77435,CENTERPOINT ENERGY HOUSTON ELECTRIC LLC,Wires company (TDU),base_tdsp,yes,ERCOT,CENTERPOINT ENERGY HOUSTON ELECTRIC LLC,173,13.0,6.2,,
77436,CENTERPOINT ENERGY HOUSTON ELECTRIC LLC,Wires company (TDU),base_tdsp,yes,ERCOT,CENTERPOINT ENERGY HOUSTON ELECTRIC LLC,173,13.0,6.2,,
77437,AEP TEXAS CENTRAL,Wires company (TDU),base_tdsp,yes,ERCOT,AEP TEXAS CENTRAL; CENTERPOINT ENERGY HOUSTON ELECTRIC LLC,339,12.6,5.7,"Wharton County Elec Coop, Inc",
77440,AEP TEXAS CENTRAL,Wires company (TDU),base_tdsp,yes,ERCOT,AEP TEXAS CENTRAL,166,12.05,5.7,,
77441,CENTERPOINT ENERGY HOUSTON ELECTRIC LLC,Wires company (TDU),base_tdsp,yes,ERCOT,CENTERPOINT ENERGY HOUSTON ELECTRIC LLC,173,13.0,6.2,Entergy Texas Inc.,
77442,AEP TEXAS CENTRAL,Wires company (TDU),base_tdsp,yes,ERCOT,AEP TEXAS CENTRAL,166,12.05,5.7,"Guadalupe Valley Elec Coop Inc; Jackson Electric Coop, Inc - (TX); San Bernard Electric Coop, Inc; Wharton County Elec Coop, Inc",
77444,CENTERPOINT ENERGY HOUSTON ELECTRIC LLC,Wires company (TDU),base_tdsp,yes,ERCOT,CENTERPOINT ENERGY HOUSTON ELECTRIC LLC,173,13.0,6.2,,
77445,CENTERPOINT ENERGY HOUSTON ELECTRIC LLC,Wires company (TDU),base_tdsp,yes,ERCOT,CENTERPOINT ENERGY HOUSTON ELECTRIC LLC,173,13.0,6.2,"Bluebonnet Electric Coop, Inc; Mid-South Electric Coop Assn; Entergy Texas Inc.",
77446,CENTERPOINT ENERGY HOUSTON ELECTRIC LLC,Wires company (TDU),base_tdsp,yes,ERCOT,CENTERPOINT ENERGY HOUSTON ELECTRIC LLC,173,13.0,6.2,,
77447,CENTERPOINT ENERGY HOUSTON ELECTRIC LLC,Wires company (TDU),base_tdsp,yes,ERCOT,CENTERPOINT ENERGY HOUSTON ELECTRIC LLC,173,13.0,6.2,Mid-South Electric Coop Assn; Entergy Texas Inc.,
77448,CENTERPOINT ENERGY HOUSTON ELECTRIC LLC,Wires company (TDU),base_tdsp,yes,ERCOT,CENTERPOINT ENERGY HOUSTON ELECTRIC LLC,173,13.0,6.2,,
77449,CENTERPOINT ENERGY HOUSTON ELECTRIC LLC,Wires company (TDU),base_tdsp,yes,ERCOT,CENTERPOINT ENERGY HOUSTON ELECTRIC LLC,173,13.0,6.2,,
77450,CENTERPOINT ENERGY HOUSTON ELECTRIC LLC,Wires company (TDU),base_tdsp,yes,ERCOT,CENTERPOINT ENERGY HOUSTON ELECTRIC LLC,173,13.0,6.2,,
77451,CENTERPOINT ENERGY HOUSTON ELECTRIC LLC,Wires company (TDU),base_tdsp,yes,ERCOT,CENTERPOINT ENERGY HOUSTON ELECTRIC LLC,173,13.0,6.2,,
77453,CENTERPOINT ENERGY HOUSTON ELECTRIC LLC,Wires company (TDU),base_tdsp,yes,ERCOT,CENTERPOINT ENERGY HOUSTON ELECTRIC LLC,173,13.0,6.2,,
77454,CENTERPOINT ENERGY HOUSTON ELECTRIC LLC,Wires company (TDU),base_tdsp,yes,ERCOT,CENTERPOINT ENERGY HOUSTON ELECTRIC LLC,173,13.0,6.2,,
77455,AEP TEXAS CENTRAL,Wires company (TDU),base_tdsp,yes,ERCOT,AEP TEXAS CENTRAL,166,12.05,5.7,"Jackson Electric Coop, Inc - (TX); San Bernard Electric Coop, Inc; Wharton County Elec Coop, Inc",
77456,AEP TEXAS CENTRAL,Wires company (TDU),base_tdsp,yes,ERCOT,AEP TEXAS CENTRAL; CENTERPOINT ENERGY HOUSTON ELECTRIC LLC,339,12.6,5.7,"Wharton County Elec Coop, Inc",
77457,AEP TEXAS CENTRAL,Wires company (TDU),base_tdsp,yes,ERCOT,AEP TEXAS CENTRAL,166,12.05,5.7,"Jackson Electric Coop, Inc - (TX)",
77458,AEP TEXAS CENTRAL,Wires company (TDU),base_tdsp,yes,ERCOT,AEP TEXAS CENTRAL,166,12.05,5.7,"Wharton County Elec Coop, Inc",
77459,CENTERPOINT ENERGY HOUSTON ELECTRIC LLC,Wires company (TDU),base_tdsp,yes,ERCOT,CENTERPOINT ENERGY HOUSTON ELECTRIC LLC,173,13.0,6.2,,
77460,AEP TEXAS CENTRAL,Wires company (TDU),base_tdsp,yes,ERCOT,AEP TEXAS CENTRAL,166,12.05,5.7,,
77461,CENTERPOINT ENERGY HOUSTON ELECTRIC LLC,Wires company (TDU),base_tdsp,yes,ERCOT,CENTERPOINT ENERGY HOUSTON ELECTRIC LLC,173,13.0,6.2,,
77464,CENTERPOINT ENERGY HOUSTON ELECTRIC LLC,Wires company (TDU),base_tdsp,yes,ERCOT,CENTERPOINT ENERGY HOUSTON ELECTRIC LLC,173,13.0,6.2,,
77465,AEP TEXAS CENTRAL,Wires company (TDU),base_tdsp,yes,ERCOT,AEP TEXAS CENTRAL,166,12.05,5.7,"Jackson Electric Coop, Inc - (TX); Victoria Electric Coop, Inc; Wharton County Elec Coop, Inc",
77466,CENTERPOINT ENERGY HOUSTON ELECTRIC LLC,Wires company (TDU),base_tdsp,yes,ERCOT,CENTERPOINT ENERGY HOUSTON ELECTRIC LLC,173,13.0,6.2,,
77467,CENTERPOINT ENERGY HOUSTON ELECTRIC LLC,Wires company (TDU),base_tdsp,yes,ERCOT,CENTERPOINT ENERGY HOUSTON ELECTRIC LLC,173,13.0,6.2,,
77468,CENTERPOINT ENERGY HOUSTON ELECTRIC LLC,Wires company (TDU),base_tdsp,yes,ERCOT,CENTERPOINT ENERGY HOUSTON ELECTRIC LLC,173,13.0,6.2,"Jackson Electric Coop, Inc - (TX)",
77469,CENTERPOINT ENERGY HOUSTON ELECTRIC LLC,Wires company (TDU),base_tdsp,yes,ERCOT,CENTERPOINT ENERGY HOUSTON ELECTRIC LLC,173,13.0,6.2,,
77470,"San Bernard Electric Coop, Inc",Cooperative,coop,no,,,0,,,,0.141632240928005
77471,CENTERPOINT ENERGY HOUSTON ELECTRIC LLC,Wires company (TDU),base_tdsp,yes,ERCOT,CENTERPOINT ENERGY HOUSTON ELECTRIC LLC,173,13.0,6.2,,
77473,CENTERPOINT ENERGY HOUSTON ELECTRIC LLC,Wires company (TDU),base_tdsp,yes,ERCOT,CENTERPOINT ENERGY HOUSTON ELECTRIC LLC,173,13.0,6.2,,
77474,CENTERPOINT ENERGY HOUSTON ELECTRIC LLC,Wires company (TDU),base_tdsp,yes,ERCOT,CENTERPOINT ENERGY HOUSTON ELECTRIC LLC,173,13.0,6.2,"San Bernard Electric Coop, Inc; Entergy Texas Inc.",
77475,"San Bernard Electric Coop, Inc",Cooperative,coop,no,,,0,,,,0.141632240928005
77476,CENTERPOINT ENERGY HOUSTON ELECTRIC LLC,Wires company (TDU),base_tdsp,yes,ERCOT,CENTERPOINT ENERGY HOUSTON ELECTRIC LLC,173,13.0,6.2,,
77477,CENTERPOINT ENERGY HOUSTON ELECTRIC LLC,Wires company (TDU),base_tdsp,yes,ERCOT,CENTERPOINT ENERGY HOUSTON ELECTRIC LLC,173,13.0,6.2,,
77478,CENTERPOINT ENERGY HOUSTON ELECTRIC LLC,Wires company (TDU),base_tdsp,yes,ERCOT,CENTERPOINT ENERGY HOUSTON ELECTRIC LLC,173,13.0,6.2,,
77479,CENTERPOINT ENERGY HOUSTON ELECTRIC LLC,Wires company (TDU),base_tdsp,yes,ERCOT,CENTERPOINT ENERGY HOUSTON ELECTRIC LLC,173,13.0,6.2,,
77480,CENTERPOINT ENERGY HOUSTON ELECTRIC LLC,Wires company (TDU),base_tdsp,yes,ERCOT,CENTERPOINT ENERGY HOUSTON ELECTRIC LLC; TEXAS-NEW MEXICO POWER COMPANY,340,13.8,6.2,"Jackson Electric Coop, Inc - (TX)",
77481,CENTERPOINT ENERGY HOUSTON ELECTRIC LLC,Wires company (TDU),base_tdsp,yes,ERCOT,CENTERPOINT ENERGY HOUSTON ELECTRIC LLC,173,13.0,6.2,,
77482,CENTERPOINT ENERGY HOUSTON ELECTRIC LLC,Wires company (TDU),base_tdsp,yes,ERCOT,CENTERPOINT ENERGY HOUSTON ELECTRIC LLC,173,13.0,6.2,"Jackson Electric Coop, Inc - (TX)",
77483,AEP TEXAS CENTRAL,Wires company (TDU),base_tdsp,yes,ERCOT,AEP TEXAS CENTRAL,166,12.05,5.7,"Jackson Electric Coop, Inc - (TX)",
77484,CENTERPOINT ENERGY HOUSTON ELECTRIC LLC,Wires company (TDU),base_tdsp,yes,ERCOT,CENTERPOINT ENERGY HOUSTON ELECTRIC LLC,173,13.0,6.2,Mid-South Electric Coop Assn; Entergy Texas Inc.,
77485,CENTERPOINT ENERGY HOUSTON ELECTRIC LLC,Wires company (TDU),base_tdsp,yes,ERCOT,CENTERPOINT ENERGY HOUSTON ELECTRIC LLC,173,13.0,6.2,,
77486,CENTERPOINT ENERGY HOUSTON ELECTRIC LLC,Wires company (TDU),base_tdsp,yes,ERCOT,CENTERPOINT ENERGY HOUSTON ELECTRIC LLC; TEXAS-NEW MEXICO POWER COMPANY,340,13.8,6.2,,
77488,CENTERPOINT ENERGY HOUSTON ELECTRIC LLC,Wires company (TDU),base_tdsp,yes,ERCOT,CENTERPOINT ENERGY HOUSTON ELECTRIC LLC,173,13.0,6.2,"Jackson Electric Coop, Inc - (TX); Wharton County Elec Coop, Inc",
77489,CENTERPOINT ENERGY HOUSTON ELECTRIC LLC,Wires company (TDU),base_tdsp,yes,ERCOT,CENTERPOINT ENERGY HOUSTON ELECTRIC LLC,173,13.0,6.2,,
77493,CENTERPOINT ENERGY HOUSTON ELECTRIC LLC,Wires company (TDU),base_tdsp,yes,ERCOT,CENTERPOINT ENERGY HOUSTON ELECTRIC LLC,173,13.0,6.2,Entergy Texas Inc.,
77494,CENTERPOINT ENERGY HOUSTON ELECTRIC LLC,Wires company (TDU),base_tdsp,yes,ERCOT,CENTERPOINT ENERGY HOUSTON ELECTRIC LLC,173,13.0,6.2,Entergy Texas Inc.,
77498,CENTERPOINT ENERGY HOUSTON ELECTRIC LLC,Wires company (TDU),base_tdsp,yes,ERCOT,CENTERPOINT ENERGY HOUSTON ELECTRIC LLC,173,13.0,6.2,,
77502,CENTERPOINT ENERGY HOUSTON ELECTRIC LLC,Wires company (TDU),base_tdsp,yes,ERCOT,CENTERPOINT ENERGY HOUSTON ELECTRIC LLC,173,13.0,6.2,,
77503,CENTERPOINT ENERGY HOUSTON ELECTRIC LLC,Wires company (TDU),base_tdsp,yes,ERCOT,CENTERPOINT ENERGY HOUSTON ELECTRIC LLC,173,13.0,6.2,,
77504,CENTERPOINT ENERGY HOUSTON ELECTRIC LLC,Wires company (TDU),base_tdsp,yes,ERCOT,CENTERPOINT ENERGY HOUSTON ELECTRIC LLC,173,13.0,6.2,,
77505,CENTERPOINT ENERGY HOUSTON ELECTRIC LLC,Wires company (TDU),base_tdsp,yes,ERCOT,CENTERPOINT ENERGY HOUSTON ELECTRIC LLC,173,13.0,6.2,,
77506,CENTERPOINT ENERGY HOUSTON ELECTRIC LLC,Wires company (TDU),base_tdsp,yes,ERCOT,CENTERPOINT ENERGY HOUSTON ELECTRIC LLC,173,13.0,6.2,,
77507,CENTERPOINT ENERGY HOUSTON ELECTRIC LLC,Wires company (TDU),base_tdsp,yes,ERCOT,CENTERPOINT ENERGY HOUSTON ELECTRIC LLC,173,13.0,6.2,,
77510,CENTERPOINT ENERGY HOUSTON ELECTRIC LLC,Wires company (TDU),base_tdsp,yes,ERCOT,CENTERPOINT ENERGY HOUSTON ELECTRIC LLC,173,13.0,6.2,,
77511,CENTERPOINT ENERGY HOUSTON ELECTRIC LLC,Wires company (TDU),base_tdsp,yes,ERCOT,CENTERPOINT ENERGY HOUSTON ELECTRIC LLC; TEXAS-NEW MEXICO POWER COMPANY,340,13.8,6.2,,
77514,Entergy Texas Inc.,Investor Owned,ioi_non_ercot,no,non-ERCOT,,0,,,,0.1366459934147402
77515,CENTERPOINT ENERGY HOUSTON ELECTRIC LLC,Wires company (TDU),base_tdsp,yes,ERCOT,CENTERPOINT ENERGY HOUSTON ELECTRIC LLC; TEXAS-NEW MEXICO POWER COMPANY,340,13.8,6.2,"Jackson Electric Coop, Inc - (TX)",
77517,CENTERPOINT ENERGY HOUSTON ELECTRIC LLC,Wires company (TDU),base_tdsp,yes,ERCOT,CENTERPOINT ENERGY HOUSTON ELECTRIC LLC,173,13.0,6.2,,
77518,CENTERPOINT ENERGY HOUSTON ELECTRIC LLC,Wires company (TDU),base_tdsp,yes,ERCOT,CENTERPOINT ENERGY HOUSTON ELECTRIC LLC,173,13.0,6.2,,
77519,Entergy Texas Inc.,Investor Owned,ioi_non_ercot,no,non-ERCOT,,0,,,,0.1366459934147402
77520,CENTERPOINT ENERGY HOUSTON ELECTRIC LLC,Wires company (TDU),base_tdsp,yes,ERCOT,CENTERPOINT ENERGY HOUSTON ELECTRIC LLC,173,13.0,6.2,Entergy Texas Inc.,
77521,CENTERPOINT ENERGY HOUSTON ELECTRIC LLC,Wires company (TDU),base_tdsp,yes,ERCOT,CENTERPOINT ENERGY HOUSTON ELECTRIC LLC,173,13.0,6.2,Entergy Texas Inc.,
77523,CENTERPOINT ENERGY HOUSTON ELECTRIC LLC,Wires company (TDU),base_tdsp,yes,ERCOT,CENTERPOINT ENERGY HOUSTON ELECTRIC LLC,173,13.0,6.2,Entergy Texas Inc.,
77530,CENTERPOINT ENERGY HOUSTON ELECTRIC LLC,Wires company (TDU),base_tdsp,yes,ERCOT,CENTERPOINT ENERGY HOUSTON ELECTRIC LLC,173,13.0,6.2,,
77531,CENTERPOINT ENERGY HOUSTON ELECTRIC LLC,Wires company (TDU),base_tdsp,yes,ERCOT,CENTERPOINT ENERGY HOUSTON ELECTRIC LLC,173,13.0,6.2,,
77532,CENTERPOINT ENERGY HOUSTON ELECTRIC LLC,Wires company (TDU),base_tdsp,yes,ERCOT,CENTERPOINT ENERGY HOUSTON ELECTRIC LLC,173,13.0,6.2,Entergy Texas Inc.,
77533,Entergy Texas Inc.,Investor Owned,ioi_non_ercot,no,non-ERCOT,,0,,,,0.1366459934147402
77534,CENTERPOINT ENERGY HOUSTON ELECTRIC LLC,Wires company (TDU),base_tdsp,yes,ERCOT,CENTERPOINT ENERGY HOUSTON ELECTRIC LLC,173,13.0,6.2,,
77535,CENTERPOINT ENERGY HOUSTON ELECTRIC LLC,Wires company (TDU),base_tdsp,yes,ERCOT,CENTERPOINT ENERGY HOUSTON ELECTRIC LLC,173,13.0,6.2,Entergy Texas Inc.,
77536,CENTERPOINT ENERGY HOUSTON ELECTRIC LLC,Wires company (TDU),base_tdsp,yes,ERCOT,CENTERPOINT ENERGY HOUSTON ELECTRIC LLC,173,13.0,6.2,,
77538,Entergy Texas Inc.,Investor Owned,ioi_non_ercot,no,non-ERCOT,,0,,,,0.1366459934147402
77539,CENTERPOINT ENERGY HOUSTON ELECTRIC LLC,Wires company (TDU),base_tdsp,yes,ERCOT,CENTERPOINT ENERGY HOUSTON ELECTRIC LLC; TEXAS-NEW MEXICO POWER COMPANY,340,13.8,6.2,,
77541,CENTERPOINT ENERGY HOUSTON ELECTRIC LLC,Wires company (TDU),base_tdsp,yes,ERCOT,CENTERPOINT ENERGY HOUSTON ELECTRIC LLC,173,13.0,6.2,,
77545,CENTERPOINT ENERGY HOUSTON ELECTRIC LLC,Wires company (TDU),base_tdsp,yes,ERCOT,CENTERPOINT ENERGY HOUSTON ELECTRIC LLC,173,13.0,6.2,,
77546,CENTERPOINT ENERGY HOUSTON ELECTRIC LLC,Wires company (TDU),base_tdsp,yes,ERCOT,CENTERPOINT ENERGY HOUSTON ELECTRIC LLC; TEXAS-NEW MEXICO POWER COMPANY,340,13.8,6.2,,
77547,CENTERPOINT ENERGY HOUSTON ELECTRIC LLC,Wires company (TDU),base_tdsp,yes,ERCOT,CENTERPOINT ENERGY HOUSTON ELECTRIC LLC,173,13.0,6.2,,
77550,CENTERPOINT ENERGY HOUSTON ELECTRIC LLC,Wires company (TDU),base_tdsp,yes,ERCOT,CENTERPOINT ENERGY HOUSTON ELECTRIC LLC; TEXAS-NEW MEXICO POWER COMPANY,340,13.8,6.2,,
77551,CENTERPOINT ENERGY HOUSTON ELECTRIC LLC,Wires company (TDU),base_tdsp,yes,ERCOT,CENTERPOINT ENERGY HOUSTON ELECTRIC LLC,173,13.0,6.2,,
77554,CENTERPOINT ENERGY HOUSTON ELECTRIC LLC,Wires company (TDU),base_tdsp,yes,ERCOT,CENTERPOINT ENERGY HOUSTON ELECTRIC LLC,173,13.0,6.2,,
77555,,,none,no,,,0,,,,
77560,Entergy Texas Inc.,Investor Owned,ioi_non_ercot,no,non-ERCOT,,0,,,,0.1366459934147402
77561,Entergy Texas Inc.,Investor Owned,ioi_non_ercot,no,non-ERCOT,,0,,,,0.1366459934147402
77562,CENTERPOINT ENERGY HOUSTON ELECTRIC LLC,Wires company (TDU),base_tdsp,yes,ERCOT,CENTERPOINT ENERGY HOUSTON ELECTRIC LLC,173,13.0,6.2,,
77563,CENTERPOINT ENERGY HOUSTON ELECTRIC LLC,Wires company (TDU),base_tdsp,yes,ERCOT,CENTERPOINT ENERGY HOUSTON ELECTRIC LLC,173,13.0,6.2,,
77564,Entergy Texas Inc.,Investor Owned,ioi_non_ercot,no,non-ERCOT,,0,,,,0.1366459934147402
77565,CENTERPOINT ENERGY HOUSTON ELECTRIC LLC,Wires company (TDU),base_tdsp,yes,ERCOT,CENTERPOINT ENERGY HOUSTON ELECTRIC LLC; TEXAS-NEW MEXICO POWER COMPANY,340,13.8,6.2,,
77566,CENTERPOINT ENERGY HOUSTON ELECTRIC LLC,Wires company (TDU),base_tdsp,yes,ERCOT,CENTERPOINT ENERGY HOUSTON ELECTRIC LLC,173,13.0,6.2,,
77568,CENTERPOINT ENERGY HOUSTON ELECTRIC LLC,Wires company (TDU),base_tdsp,yes,ERCOT,CENTERPOINT ENERGY HOUSTON ELECTRIC LLC; TEXAS-NEW MEXICO POWER COMPANY,340,13.8,6.2,,
77571,CENTERPOINT ENERGY HOUSTON ELECTRIC LLC,Wires company (TDU),base_tdsp,yes,ERCOT,CENTERPOINT ENERGY HOUSTON ELECTRIC LLC,173,13.0,6.2,,
77573,CENTERPOINT ENERGY HOUSTON ELECTRIC LLC,Wires company (TDU),base_tdsp,yes,ERCOT,CENTERPOINT ENERGY HOUSTON ELECTRIC LLC; TEXAS-NEW MEXICO POWER COMPANY,340,13.8,6.2,,
77575,CENTERPOINT ENERGY HOUSTON ELECTRIC LLC,Wires company (TDU),base_tdsp,yes,ERCOT,CENTERPOINT ENERGY HOUSTON ELECTRIC LLC,173,13.0,6.2,Entergy Texas Inc.,
77577,CENTERPOINT ENERGY HOUSTON ELECTRIC LLC,Wires company (TDU),base_tdsp,yes,ERCOT,CENTERPOINT ENERGY HOUSTON ELECTRIC LLC,173,13.0,6.2,,
77578,CENTERPOINT ENERGY HOUSTON ELECTRIC LLC,Wires company (TDU),base_tdsp,yes,ERCOT,CENTERPOINT ENERGY HOUSTON ELECTRIC LLC,173,13.0,6.2,,
77580,CENTERPOINT ENERGY HOUSTON ELECTRIC LLC,Wires company (TDU),base_tdsp,yes,ERCOT,CENTERPOINT ENERGY HOUSTON ELECTRIC LLC,173,13.0,6.2,Entergy Texas Inc.,
77581,CENTERPOINT ENERGY HOUSTON ELECTRIC LLC,Wires company (TDU),base_tdsp,yes,ERCOT,CENTERPOINT ENERGY HOUSTON ELECTRIC LLC; TEXAS-NEW MEXICO POWER COMPANY,340,13.8,6.2,,
77582,Entergy Texas Inc.,Investor Owned,ioi_non_ercot,no,non-ERCOT,,0,,,,0.1366459934147402
77583,CENTERPOINT ENERGY HOUSTON ELECTRIC LLC,Wires company (TDU),base_tdsp,yes,ERCOT,CENTERPOINT ENERGY HOUSTON ELECTRIC LLC,173,13.0,6.2,,
77584,CENTERPOINT ENERGY HOUSTON ELECTRIC LLC,Wires company (TDU),base_tdsp,yes,ERCOT,CENTERPOINT ENERGY HOUSTON ELECTRIC LLC; TEXAS-NEW MEXICO POWER COMPANY,340,13.8,6.2,,
77585,Entergy Texas Inc.,Investor Owned,ioi_non_ercot,no,non-ERCOT,,0,,,,0.1366459934147402
77586,CENTERPOINT ENERGY HOUSTON ELECTRIC LLC,Wires company (TDU),base_tdsp,yes,ERCOT,CENTERPOINT ENERGY HOUSTON ELECTRIC LLC,173,13.0,6.2,,
77587,CENTERPOINT ENERGY HOUSTON ELECTRIC LLC,Wires company (TDU),base_tdsp,yes,ERCOT,CENTERPOINT ENERGY HOUSTON ELECTRIC LLC,173,13.0,6.2,,
77590,CENTERPOINT ENERGY HOUSTON ELECTRIC LLC,Wires company (TDU),base_tdsp,yes,ERCOT,CENTERPOINT ENERGY HOUSTON ELECTRIC LLC; TEXAS-NEW MEXICO POWER COMPANY,340,13.8,6.2,,
77591,CENTERPOINT ENERGY HOUSTON ELECTRIC LLC,Wires company (TDU),base_tdsp,yes,ERCOT,CENTERPOINT ENERGY HOUSTON ELECTRIC LLC; TEXAS-NEW MEXICO POWER COMPANY,340,13.8,6.2,,
77597,CENTERPOINT ENERGY HOUSTON ELECTRIC LLC,Wires company (TDU),base_tdsp,yes,ERCOT,CENTERPOINT ENERGY HOUSTON ELECTRIC LLC,173,13.0,6.2,Entergy Texas Inc.,
77598,CENTERPOINT ENERGY HOUSTON ELECTRIC LLC,Wires company (TDU),base_tdsp,yes,ERCOT,CENTERPOINT ENERGY HOUSTON ELECTRIC LLC,173,13.0,6.2,,
77611,Entergy Texas Inc.,Investor Owned,ioi_non_ercot,no,non-ERCOT,,0,,,,0.1366459934147402
77612,Entergy Texas Inc.,Investor Owned,ioi_non_ercot,no,non-ERCOT,,0,,,,0.1366459934147402
77613,Entergy Texas Inc.,Investor Owned,ioi_non_ercot,no,non-ERCOT,,0,,,,0.1366459934147402
77614,Entergy Texas Inc.,Investor Owned,ioi_non_ercot,no,non-ERCOT,,0,,,,0.1366459934147402
77615,Entergy Texas Inc.,Investor Owned,ioi_non_ercot,no,non-ERCOT,,0,,,,0.1366459934147402
77616,Entergy Texas Inc.,Investor Owned,ioi_non_ercot,no,non-ERCOT,,0,,,,0.1366459934147402
77617,Entergy Texas Inc.,Investor Owned,ioi_non_ercot,no,non-ERCOT,,0,,,,0.1366459934147402
77619,Entergy Texas Inc.,Investor Owned,ioi_non_ercot,no,non-ERCOT,,0,,,,0.1366459934147402
77622,Entergy Texas Inc.,Investor Owned,ioi_non_ercot,no,non-ERCOT,,0,,,,0.1366459934147402
77623,Entergy Texas Inc.,Investor Owned,ioi_non_ercot,no,non-ERCOT,,0,,,,0.1366459934147402
77624,Entergy Texas Inc.,Investor Owned,ioi_non_ercot,no,non-ERCOT,,0,,,,0.1366459934147402
77625,Entergy Texas Inc.,Investor Owned,ioi_non_ercot,no,non-ERCOT,,0,,,,0.1366459934147402
77626,Entergy Texas Inc.,Investor Owned,ioi_non_ercot,no,non-ERCOT,,0,,,,0.1366459934147402
77627,Entergy Texas Inc.,Investor Owned,ioi_non_ercot,no,non-ERCOT,,0,,,,0.1366459934147402
77629,Entergy Texas Inc.,Investor Owned,ioi_non_ercot,no,non-ERCOT,,0,,,,0.1366459934147402
77630,Entergy Texas Inc.,Investor Owned,ioi_non_ercot,no,non-ERCOT,,0,,,,0.1366459934147402
77631,Entergy Texas Inc.,Investor Owned,ioi_non_ercot,no,non-ERCOT,,0,,,,0.1366459934147402
77632,Entergy Texas Inc.,Investor Owned,ioi_non_ercot,no,non-ERCOT,,0,,,,0.1366459934147402
77639,Entergy Texas Inc.,Investor Owned,ioi_non_ercot,no,non-ERCOT,,0,,,,0.1366459934147402
77640,Entergy Texas Inc.,Investor Owned,ioi_non_ercot,no,non-ERCOT,,0,,,,0.1366459934147402
77641,Entergy Texas Inc.,Investor Owned,ioi_non_ercot,no,non-ERCOT,,0,,,,0.1366459934147402
77642,Entergy Texas Inc.,Investor Owned,ioi_non_ercot,no,non-ERCOT,,0,,,,0.1366459934147402
77643,Entergy Texas Inc.,Investor Owned,ioi_non_ercot,no,non-ERCOT,,0,,,,0.1366459934147402
77650,Entergy Texas Inc.,Investor Owned,ioi_non_ercot,no,non-ERCOT,,0,,,,0.1366459934147402
77651,Entergy Texas Inc.,Investor Owned,ioi_non_ercot,no,non-ERCOT,,0,,,,0.1366459934147402
77655,Entergy Texas Inc.,Investor Owned,ioi_non_ercot,no,non-ERCOT,,0,,,,0.1366459934147402
77656,Entergy Texas Inc.,Investor Owned,ioi_non_ercot,no,non-ERCOT,,0,,,,0.1366459934147402
77657,Entergy Texas Inc.,Investor Owned,ioi_non_ercot,no,non-ERCOT,,0,,,,0.1366459934147402
77659,Entergy Texas Inc.,Investor Owned,ioi_non_ercot,no,non-ERCOT,,0,,,,0.1366459934147402
77660,"Jasper-Newton Elec Coop, Inc",Cooperative,coop,no,,,0,,,Entergy Texas Inc.,0.1295961422543701
77661,Entergy Texas Inc.,Investor Owned,ioi_non_ercot,no,non-ERCOT,,0,,,,0.1366459934147402
77662,Entergy Texas Inc.,Investor Owned,ioi_non_ercot,no,non-ERCOT,,0,,,,0.1366459934147402
77663,Entergy Texas Inc.,Investor Owned,ioi_non_ercot,no,non-ERCOT,,0,,,,0.1366459934147402
77664,Entergy Texas Inc.,Investor Owned,ioi_non_ercot,no,non-ERCOT,,0,,,,0.1366459934147402
77665,Entergy Texas Inc.,Investor Owned,ioi_non_ercot,no,non-ERCOT,,0,,,,0.1366459934147402
77670,Entergy Texas Inc.,Investor Owned,ioi_non_ercot,no,non-ERCOT,,0,,,,0.1366459934147402
77701,Entergy Texas Inc.,Investor Owned,ioi_non_ercot,no,non-ERCOT,,0,,,,0.1366459934147402
77702,Entergy Texas Inc.,Investor Owned,ioi_non_ercot,no,non-ERCOT,,0,,,,0.1366459934147402
77703,Entergy Texas Inc.,Investor Owned,ioi_non_ercot,no,non-ERCOT,,0,,,,0.1366459934147402
77704,Entergy Texas Inc.,Investor Owned,ioi_non_ercot,no,non-ERCOT,,0,,,,0.1366459934147402
77705,Entergy Texas Inc.,Investor Owned,ioi_non_ercot,no,non-ERCOT,,0,,,,0.1366459934147402
77706,Entergy Texas Inc.,Investor Owned,ioi_non_ercot,no,non-ERCOT,,0,,,,0.1366459934147402
77707,Entergy Texas Inc.,Investor Owned,ioi_non_ercot,no,non-ERCOT,,0,,,,0.1366459934147402
77708,Entergy Texas Inc.,Investor Owned,ioi_non_ercot,no,non-ERCOT,,0,,,,0.1366459934147402
77709,Entergy Texas Inc.,Investor Owned,ioi_non_ercot,no,non-ERCOT,,0,,,,0.1366459934147402
77710,Entergy Texas Inc.,Investor Owned,ioi_non_ercot,no,non-ERCOT,,0,,,,0.1366459934147402
77713,Entergy Texas Inc.,Investor Owned,ioi_non_ercot,no,non-ERCOT,,0,,,,0.1366459934147402
77720,Entergy Texas Inc.,Investor Owned,ioi_non_ercot,no,non-ERCOT,,0,,,,0.1366459934147402
77725,Entergy Texas Inc.,Investor Owned,ioi_non_ercot,no,non-ERCOT,,0,,,,0.1366459934147402
77726,Entergy Texas Inc.,Investor Owned,ioi_non_ercot,no,non-ERCOT,,0,,,,0.1366459934147402
77801,City of Bryan - (TX),Municipal,municipal,no,,,0,,,City of College Station - (TX); Entergy Texas Inc.,0.11384231601443516
77802,City of Bryan - (TX),Municipal,municipal,no,,,0,,,City of College Station - (TX); Mid-South Electric Coop Assn; Entergy Texas Inc.,0.11384231601443516
77803,City of Bryan - (TX),Municipal,municipal,no,,,0,,,Mid-South Electric Coop Assn; Entergy Texas Inc.,0.11384231601443516
77805,City of Bryan - (TX),Municipal,municipal,no,,,0,,,,0.11384231601443516
77806,City of Bryan - (TX),Municipal,municipal,no,,,0,,,,0.11384231601443516
77807,City of Bryan - (TX),Municipal,municipal,no,,,0,,,"City of College Station - (TX); Bartlett Electric Coop, Inc; Bluebonnet Electric Coop, Inc; Mid-South Electric Coop Assn; Heart of Texas Electric Coop; Entergy Texas Inc.",0.11384231601443516
77808,City of Bryan - (TX),Municipal,municipal,no,,,0,,,Mid-South Electric Coop Assn; Heart of Texas Electric Coop; Entergy Texas Inc.,0.11384231601443516
77830,Mid-South Electric Coop Assn,Cooperative,coop,no,,,0,,,Entergy Texas Inc.,0.14083167598808907
77831,Mid-South Electric Coop Assn,Cooperative,coop,no,,,0,,,Entergy Texas Inc.,0.14083167598808907
77833,City of Brenham - (TX),Municipal,municipal,no,,,0,,,"Bartlett Electric Coop, Inc; Bluebonnet Electric Coop, Inc; Fayette Electric Coop, Inc; Mid-South Electric Coop Assn; Entergy Texas Inc.",0.10578108941418293
77834,City of Brenham - (TX),Municipal,municipal,no,,,0,,,,0.10578108941418293
77835,"Bartlett Electric Coop, Inc",Cooperative,coop,no,,,0,,,"Bluebonnet Electric Coop, Inc; Fayette Electric Coop, Inc; Entergy Texas Inc.",0.16087274616563196
77836,"Bartlett Electric Coop, Inc",Cooperative,coop,no,,,0,,,"Bluebonnet Electric Coop, Inc; Mid-South Electric Coop Assn; Heart of Texas Electric Coop; Entergy Texas Inc.",0.16087274616563196
77837,"Bartlett Electric Coop, Inc",Cooperative,coop,no,,,0,,,"Navasota Valley Elec Coop, Inc; Heart of Texas Electric Coop; Entergy Texas Inc.",0.16087274616563196
77838,"Bartlett Electric Coop, Inc",Cooperative,coop,no,,,0,,,Entergy Texas Inc.,0.16087274616563196
77840,City of Bryan - (TX),Municipal,municipal,no,,,0,,,City of College Station - (TX); Mid-South Electric Coop Assn; Entergy Texas Inc.,0.11384231601443516
77841,City of College Station - (TX),Municipal,municipal,no,,,0,,,,0.14566872515897217
77842,City of College Station - (TX),Municipal,municipal,no,,,0,,,,0.14566872515897217
77843,City of College Station - (TX),Municipal,municipal,no,,,0,,,Entergy Texas Inc.,0.14566872515897217
77844,City of College Station - (TX),Municipal,municipal,no,,,0,,,,0.14566872515897217
77845,City of Bryan - (TX),Municipal,municipal,no,,,0,,,"City of College Station - (TX); Bartlett Electric Coop, Inc; Bluebonnet Electric Coop, Inc; Mid-South Electric Coop Assn; Entergy Texas Inc.",0.11384231601443516
77850,"Navasota Valley Elec Coop, Inc",Cooperative,coop,no,,,0,,,Entergy Texas Inc.,0.15754613767238312
77852,"Bartlett Electric Coop, Inc",Cooperative,coop,no,,,0,,,Entergy Texas Inc.,0.16087274616563196
77853,"Bartlett Electric Coop, Inc",Cooperative,coop,no,,,0,,,"Bluebonnet Electric Coop, Inc; Entergy Texas Inc.",0.16087274616563196
77855,ONCOR ELECTRIC DELIVERY COMPANY,Wires company (TDU),base_tdsp,yes,ERCOT,ONCOR ELECTRIC DELIVERY COMPANY,171,12.6,5.2,"Navasota Valley Elec Coop, Inc",
77856,"Navasota Valley Elec Coop, Inc",Cooperative,coop,no,,,0,,,Heart of Texas Electric Coop; Entergy Texas Inc.,0.15754613767238312
77857,"Bartlett Electric Coop, Inc",Cooperative,coop,no,,,0,,,Heart of Texas Electric Coop; Entergy Texas Inc.,0.16087274616563196
77859,"Bartlett Electric Coop, Inc",Cooperative,coop,no,,,0,,,"Mid-South Electric Coop Assn; Navasota Valley Elec Coop, Inc; Heart of Texas Electric Coop; Entergy Texas Inc.",0.16087274616563196
77861,Mid-South Electric Coop Assn,Cooperative,coop,no,,,0,,,Entergy Texas Inc.,0.14083167598808907
77862,Mid-South Electric Coop Assn,Cooperative,coop,no,,,0,,,,0.14083167598808907
77863,"Bartlett Electric Coop, Inc",Cooperative,coop,no,,,0,,,Entergy Texas Inc.,0.16087274616563196
77864,Mid-South Electric Coop Assn,Cooperative,coop,no,,,0,,,Entergy Texas Inc.,0.14083167598808907
77865,ONCOR ELECTRIC DELIVERY COMPANY,Wires company (TDU),base_tdsp,yes,ERCOT,ONCOR ELECTRIC DELIVERY COMPANY,171,12.6,5.2,"Navasota Valley Elec Coop, Inc; Heart of Texas Electric Coop; Entergy Texas Inc.",
77866,Mid-South Electric Coop Assn,Cooperative,coop,no,,,0,,,Entergy Texas Inc.,0.14083167598808907
77867,Heart of Texas Electric Coop,Cooperative,coop,no,,,0,,,Entergy Texas Inc.,0.12623769605981833
77868,"Bartlett Electric Coop, Inc",Cooperative,coop,no,,,0,,,"Bluebonnet Electric Coop, Inc; Mid-South Electric Coop Assn; Entergy Texas Inc.",0.16087274616563196
77870,"Navasota Valley Elec Coop, Inc",Cooperative,coop,no,,,0,,,,0.15754613767238312
77871,Mid-South Electric Coop Assn,Cooperative,coop,no,,,0,,,"Navasota Valley Elec Coop, Inc; Heart of Texas Electric Coop; Entergy Texas Inc.",0.14083167598808907
77872,Mid-South Electric Coop Assn,Cooperative,coop,no,,,0,,,Entergy Texas Inc.,0.14083167598808907
77873,Mid-South Electric Coop Assn,Cooperative,coop,no,,,0,,,Entergy Texas Inc.,0.14083167598808907
77875,Mid-South Electric Coop Assn,Cooperative,coop,no,,,0,,,Entergy Texas Inc.,0.14083167598808907
77876,Mid-South Electric Coop Assn,Cooperative,coop,no,,,0,,,Entergy Texas Inc.,0.14083167598808907
77878,"Bartlett Electric Coop, Inc",Cooperative,coop,no,,,0,,,"Bluebonnet Electric Coop, Inc",0.16087274616563196
77879,"Bartlett Electric Coop, Inc",Cooperative,coop,no,,,0,,,"Bluebonnet Electric Coop, Inc; Mid-South Electric Coop Assn; Entergy Texas Inc.",0.16087274616563196
77880,"Bluebonnet Electric Coop, Inc",Cooperative,coop,no,,,0,,,Mid-South Electric Coop Assn; Entergy Texas Inc.,0.11415535256836253
77881,Mid-South Electric Coop Assn,Cooperative,coop,no,,,0,,,,0.14083167598808907
77882,Entergy Texas Inc.,Investor Owned,ioi_non_ercot,no,non-ERCOT,,0,,,,0.1366459934147402
77901,AEP TEXAS CENTRAL,Wires company (TDU),base_tdsp,yes,ERCOT,AEP TEXAS CENTRAL,166,12.05,5.7,"Victoria Electric Coop, Inc",
77904,AEP TEXAS CENTRAL,Wires company (TDU),base_tdsp,yes,ERCOT,AEP TEXAS CENTRAL,166,12.05,5.7,"Victoria Electric Coop, Inc",
77905,AEP TEXAS CENTRAL,Wires company (TDU),base_tdsp,yes,ERCOT,AEP TEXAS CENTRAL,166,12.05,5.7,"Victoria Electric Coop, Inc",
77950,AEP TEXAS CENTRAL,Wires company (TDU),base_tdsp,yes,ERCOT,AEP TEXAS CENTRAL,166,12.05,5.7,,
77951,AEP TEXAS CENTRAL,Wires company (TDU),base_tdsp,yes,ERCOT,AEP TEXAS CENTRAL,166,12.05,5.7,"Victoria Electric Coop, Inc",
77954,Guadalupe Valley Elec Coop Inc,Cooperative,coop,no,,,0,,,"Victoria Electric Coop, Inc",0.12486205657266077
77957,AEP TEXAS CENTRAL,Wires company (TDU),base_tdsp,yes,ERCOT,AEP TEXAS CENTRAL,166,12.05,5.7,"Guadalupe Valley Elec Coop Inc; Jackson Electric Coop, Inc - (TX); San Bernard Electric Coop, Inc; Victoria Electric Coop, Inc; Wharton County Elec Coop, Inc",
77960,"Victoria Electric Coop, Inc",Cooperative,coop,no,,,0,,,,0.12132498280193116
77961,,,none,no,,,0,,,,
77962,AEP TEXAS CENTRAL,Wires company (TDU),base_tdsp,yes,ERCOT,AEP TEXAS CENTRAL,166,12.05,5.7,"Jackson Electric Coop, Inc - (TX)",
77963,AEP TEXAS CENTRAL,Wires company (TDU),base_tdsp,yes,ERCOT,AEP TEXAS CENTRAL,166,12.05,5.7,"Karnes Electric Coop Inc; San Patricio Electric Coop Inc; Victoria Electric Coop, Inc",
77964,"Fayette Electric Coop, Inc",Cooperative,coop,no,,,0,,,"Guadalupe Valley Elec Coop Inc; Jackson Electric Coop, Inc - (TX); San Bernard Electric Coop, Inc; Victoria Electric Coop, Inc; Wharton County Elec Coop, Inc",0.12542758057452627
77967,"Victoria Electric Coop, Inc",Cooperative,coop,no,,,0,,,,0.12132498280193116
77968,AEP TEXAS CENTRAL,Wires company (TDU),base_tdsp,yes,ERCOT,AEP TEXAS CENTRAL,166,12.05,5.7,"Jackson Electric Coop, Inc - (TX); Victoria Electric Coop, Inc",
77969,"Jackson Electric Coop, Inc - (TX)",Cooperative,coop,no,,,0,,,"Victoria Electric Coop, Inc",0.13417350975470688
77970,"Jackson Electric Coop, Inc - (TX)",Cooperative,coop,no,,,0,,,,0.13417350975470688
77971,AEP TEXAS CENTRAL,Wires company (TDU),base_tdsp,yes,ERCOT,AEP TEXAS CENTRAL,166,12.05,5.7,"Jackson Electric Coop, Inc - (TX)",
77973,"Victoria Electric Coop, Inc",Cooperative,coop,no,,,0,,,,0.12132498280193116
77974,"Victoria Electric Coop, Inc",Cooperative,coop,no,,,0,,,,0.12132498280193116
77975,"Fayette Electric Coop, Inc",Cooperative,coop,no,,,0,,,Guadalupe Valley Elec Coop Inc,0.12542758057452627
77976,"Victoria Electric Coop, Inc",Cooperative,coop,no,,,0,,,,0.12132498280193116
77977,AEP TEXAS CENTRAL,Wires company (TDU),base_tdsp,yes,ERCOT,AEP TEXAS CENTRAL,166,12.05,5.7,"Victoria Electric Coop, Inc",
77978,AEP TEXAS CENTRAL,Wires company (TDU),base_tdsp,yes,ERCOT,AEP TEXAS CENTRAL,166,12.05,5.7,"Victoria Electric Coop, Inc",
77979,AEP TEXAS CENTRAL,Wires company (TDU),base_tdsp,yes,ERCOT,AEP TEXAS CENTRAL,166,12.05,5.7,"Victoria Electric Coop, Inc",
77982,"Victoria Electric Coop, Inc",Cooperative,coop,no,,,0,,,,0.12132498280193116
77983,AEP TEXAS CENTRAL,Wires company (TDU),base_tdsp,yes,ERCOT,AEP TEXAS CENTRAL,166,12.05,5.7,"Victoria Electric Coop, Inc",
77984,Guadalupe Valley Elec Coop Inc,Cooperative,coop,no,,,0,,,"Victoria Electric Coop, Inc",0.12486205657266077
77986,"San Bernard Electric Coop, Inc",Cooperative,coop,no,,,0,,,,0.141632240928005
77987,Guadalupe Valley Elec Coop Inc,Cooperative,coop,no,,,0,,,,0.12486205657266077
77988,,,none,no,,,0,,,,
77990,AEP TEXAS CENTRAL,Wires company (TDU),base_tdsp,yes,ERCOT,AEP TEXAS CENTRAL,166,12.05,5.7,"San Patricio Electric Coop Inc; Victoria Electric Coop, Inc",
77991,"Jackson Electric Coop, Inc - (TX)",Cooperative,coop,no,,,0,,,,0.13417350975470688
77993,AEP TEXAS CENTRAL,Wires company (TDU),base_tdsp,yes,ERCOT,AEP TEXAS CENTRAL,166,12.05,5.7,,
77994,AEP TEXAS CENTRAL,Wires company (TDU),base_tdsp,yes,ERCOT,AEP TEXAS CENTRAL,166,12.05,5.7,"Guadalupe Valley Elec Coop Inc; Victoria Electric Coop, Inc",
77995,Guadalupe Valley Elec Coop Inc,Cooperative,coop,no,,,0,,,"Jackson Electric Coop, Inc - (TX); Victoria Electric Coop, Inc",0.12486205657266077
78001,AEP TEXAS CENTRAL,Wires company (TDU),base_tdsp,yes,ERCOT,AEP TEXAS CENTRAL,166,12.05,5.7,"Medina Electric Coop, Inc",
78002,City of San Antonio - (TX),Municipal,municipal,no,,,0,,,,0.12432968896776977
78003,"Bandera Electric Coop, Inc",Cooperative,coop,no,,,0,,,,0.12401152270639165
78004,"Bandera Electric Coop, Inc",Cooperative,coop,no,,,0,,,"Pedernales Electric Coop, Inc",0.12401152270639165
78005,AEP TEXAS CENTRAL,Wires company (TDU),base_tdsp,yes,ERCOT,AEP TEXAS CENTRAL,166,12.05,5.7,Karnes Electric Coop Inc,
78006,City of San Antonio - (TX),Municipal,municipal,no,,,0,,,"Bandera Electric Coop, Inc; Central Texas Elec Coop, Inc; Pedernales Electric Coop, Inc",0.12432968896776977
78007,Karnes Electric Coop Inc,Cooperative,coop,no,,,0,,,San Patricio Electric Coop Inc,0.0990299895962391
78008,Karnes Electric Coop Inc,Cooperative,coop,no,,,0,,,,0.0990299895962391
78009,City of San Antonio - (TX),Municipal,municipal,no,,,0,,,"Medina Electric Coop, Inc",0.12432968896776977
78010,"Bandera Electric Coop, Inc",Cooperative,coop,no,,,0,,,"Central Texas Elec Coop, Inc",0.12401152270639165
78011,AEP TEXAS CENTRAL,Wires company (TDU),base_tdsp,yes,ERCOT,AEP TEXAS CENTRAL,166,12.05,5.7,Karnes Electric Coop Inc,
78012,AEP TEXAS CENTRAL,Wires company (TDU),base_tdsp,yes,ERCOT,AEP TEXAS CENTRAL,166,12.05,5.7,Karnes Electric Coop Inc,
78013,"Bandera Electric Coop, Inc",Cooperative,coop,no,,,0,,,"Central Texas Elec Coop, Inc",0.12401152270639165
78014,AEP TEXAS CENTRAL,Wires company (TDU),base_tdsp,yes,ERCOT,AEP TEXAS CENTRAL,166,12.05,5.7,"Karnes Electric Coop Inc; Medina Electric Coop, Inc",
78015,City of San Antonio - (TX),Municipal,municipal,no,,,0,,,"Bandera Electric Coop, Inc",0.12432968896776977
78016,AEP TEXAS CENTRAL,Wires company (TDU),base_tdsp,yes,ERCOT,AEP TEXAS CENTRAL,166,12.05,5.7,"City of San Antonio - (TX); Karnes Electric Coop Inc; Medina Electric Coop, Inc",
78017,AEP TEXAS CENTRAL,Wires company (TDU),base_tdsp,yes,ERCOT,AEP TEXAS CENTRAL,166,12.05,5.7,"Medina Electric Coop, Inc",
78019,AEP TEXAS CENTRAL,Wires company (TDU),base_tdsp,yes,ERCOT,AEP TEXAS CENTRAL,166,12.05,5.7,"Medina Electric Coop, Inc",
78021,Karnes Electric Coop Inc,Cooperative,coop,no,,,0,,,"Medina Electric Coop, Inc",0.0990299895962391
78022,AEP TEXAS CENTRAL,Wires company (TDU),base_tdsp,yes,ERCOT,AEP TEXAS CENTRAL; NUECES ELECTRIC COOPERATIVE,167,12.1,5.7,Nueces Electric Cooperative; San Patricio Electric Coop Inc,
78023,City of San Antonio - (TX),Municipal,municipal,no,,,0,,,"Bandera Electric Coop, Inc",0.12432968896776977
78024,"Bandera Electric Coop, Inc",Cooperative,coop,no,,,0,,,"Central Texas Elec Coop, Inc",0.12401152270639165
78025,"Bandera Electric Coop, Inc",Cooperative,coop,no,,,0,,,"Central Texas Elec Coop, Inc",0.12401152270639165
78026,AEP TEXAS CENTRAL,Wires company (TDU),base_tdsp,yes,ERCOT,AEP TEXAS CENTRAL,166,12.05,5.7,Karnes Electric Coop Inc,
78027,"Bandera Electric Coop, Inc",Cooperative,coop,no,,,0,,,"Pedernales Electric Coop, Inc",0.12401152270639165
78028,Kerrville Public Utility Board,Municipal,municipal,no,,,0,,,"Bandera Electric Coop, Inc; Central Texas Elec Coop, Inc",0.08709696598758417
78029,"Bandera Electric Coop, Inc",Cooperative,coop,no,,,0,,,,0.12401152270639165
78039,City of San Antonio - (TX),Municipal,municipal,no,,,0,,,"Medina Electric Coop, Inc",0.12432968896776977
78040,AEP TEXAS CENTRAL,Wires company (TDU),base_tdsp,yes,ERCOT,AEP TEXAS CENTRAL,166,12.05,5.7,,
78041,AEP TEXAS CENTRAL,Wires company (TDU),base_tdsp,yes,ERCOT,AEP TEXAS CENTRAL,166,12.05,5.7,"Medina Electric Coop, Inc",
78043,AEP TEXAS CENTRAL,Wires company (TDU),base_tdsp,yes,ERCOT,AEP TEXAS CENTRAL,166,12.05,5.7,,
78044,"Medina Electric Coop, Inc",Cooperative,coop,no,,,0,,,,0.12096339104255678
78045,AEP TEXAS CENTRAL,Wires company (TDU),base_tdsp,yes,ERCOT,AEP TEXAS CENTRAL,166,12.05,5.7,"Medina Electric Coop, Inc; Rio Grande Electric Coop, Inc",
78046,AEP TEXAS CENTRAL,Wires company (TDU),base_tdsp,yes,ERCOT,AEP TEXAS CENTRAL,166,12.05,5.7,"Medina Electric Coop, Inc",
78050,AEP TEXAS CENTRAL,Wires company (TDU),base_tdsp,yes,ERCOT,AEP TEXAS CENTRAL,166,12.05,5.7,Karnes Electric Coop Inc,
78052,AEP TEXAS CENTRAL,Wires company (TDU),base_tdsp,yes,ERCOT,AEP TEXAS CENTRAL,166,12.05,5.7,"City of San Antonio - (TX); Karnes Electric Coop Inc; Medina Electric Coop, Inc",
78054,City of San Antonio - (TX),Municipal,municipal,no,,,0,,,,0.12432968896776977
78055,"Bandera Electric Coop, Inc",Cooperative,coop,no,,,0,,,,0.12401152270639165
78056,City of San Antonio - (TX),Municipal,municipal,no,,,0,,,"Bandera Electric Coop, Inc; Medina Electric Coop, Inc",0.12432968896776977
78057,AEP TEXAS CENTRAL,Wires company (TDU),base_tdsp,yes,ERCOT,AEP TEXAS CENTRAL,166,12.05,5.7,"Karnes Electric Coop Inc; Medina Electric Coop, Inc",
78058,"Bandera Electric Coop, Inc",Cooperative,coop,no,,,0,,,"Central Texas Elec Coop, Inc; Pedernales Electric Coop, Inc",0.12401152270639165
78059,AEP TEXAS CENTRAL,Wires company (TDU),base_tdsp,yes,ERCOT,AEP TEXAS CENTRAL,166,12.05,5.7,City of San Antonio - (TX); Karnes Electric Coop Inc,
78060,AEP TEXAS CENTRAL,Wires company (TDU),base_tdsp,yes,ERCOT,AEP TEXAS CENTRAL,166,12.05,5.7,San Patricio Electric Coop Inc,
78061,AEP TEXAS CENTRAL,Wires company (TDU),base_tdsp,yes,ERCOT,AEP TEXAS CENTRAL,166,12.05,5.7,"Karnes Electric Coop Inc; Medina Electric Coop, Inc",
78062,Karnes Electric Coop Inc,Cooperative,coop,no,,,0,,,,0.0990299895962391
78063,City of San Antonio - (TX),Municipal,municipal,no,,,0,,,"Bandera Electric Coop, Inc",0.12432968896776977
78064,AEP TEXAS CENTRAL,Wires company (TDU),base_tdsp,yes,ERCOT,AEP TEXAS CENTRAL,166,12.05,5.7,City of San Antonio - (TX); Karnes Electric Coop Inc,
78065,AEP TEXAS CENTRAL,Wires company (TDU),base_tdsp,yes,ERCOT,AEP TEXAS CENTRAL,166,12.05,5.7,City of San Antonio - (TX); Karnes Electric Coop Inc,
78066,City of San Antonio - (TX),Municipal,municipal,no,,,0,,,"Bandera Electric Coop, Inc; Medina Electric Coop, Inc",0.12432968896776977
78067,AEP TEXAS CENTRAL,Wires company (TDU),base_tdsp,yes,ERCOT,AEP TEXAS CENTRAL,166,12.05,5.7,,
78069,City of San Antonio - (TX),Municipal,municipal,no,,,0,,,Karnes Electric Coop Inc,0.12432968896776977
78070,City of San Antonio - (TX),Municipal,municipal,no,,,0,,,"Pedernales Electric Coop, Inc",0.12432968896776977
78071,AEP TEXAS CENTRAL,Wires company (TDU),base_tdsp,yes,ERCOT,AEP TEXAS CENTRAL,166,12.05,5.7,Karnes Electric Coop Inc; San Patricio Electric Coop Inc,
78072,NUECES ELECTRIC COOPERATIVE,Wires company (TDU),competitive,no,ERCOT,NUECES ELECTRIC COOPERATIVE,1,16.3,16.3,"Karnes Electric Coop Inc; Medina Electric Coop, Inc; Nueces Electric Cooperative; San Patricio Electric Coop Inc",
78073,City of San Antonio - (TX),Municipal,municipal,no,,,0,,,Karnes Electric Coop Inc,0.12432968896776977
78074,"Bandera Electric Coop, Inc",Cooperative,coop,no,,,0,,,,0.12401152270639165
78075,Karnes Electric Coop Inc,Cooperative,coop,no,,,0,,,,0.0990299895962391
78076,AEP TEXAS CENTRAL,Wires company (TDU),base_tdsp,yes,ERCOT,AEP TEXAS CENTRAL,166,12.05,5.7,"Medina Electric Coop, Inc",
78101,City of San Antonio - (TX),Municipal,municipal,no,,,0,,,Guadalupe Valley Elec Coop Inc,0.12432968896776977
78102,AEP TEXAS CENTRAL,Wires company (TDU),base_tdsp,yes,ERCOT,AEP TEXAS CENTRAL,166,12.05,5.7,San Patricio Electric Coop Inc,
78104,AEP TEXAS CENTRAL,Wires company (TDU),base_tdsp,yes,ERCOT,AEP TEXAS CENTRAL,166,12.05,5.7,,
78107,AEP TEXAS CENTRAL,Wires company (TDU),base_tdsp,yes,ERCOT,AEP TEXAS CENTRAL,166,12.05,5.7,San Patricio Electric Coop Inc,
78108,City of San Antonio - (TX),Municipal,municipal,no,,,0,,,"Guadalupe Valley Elec Coop Inc; Pedernales Electric Coop, Inc",0.12432968896776977
78109,City of San Antonio - (TX),Municipal,municipal,no,,,0,,,,0.12432968896776977
78111,Karnes Electric Coop Inc,Cooperative,coop,no,,,0,,,"Victoria Electric Coop, Inc",0.0990299895962391
78112,City of San Antonio - (TX),Municipal,municipal,no,,,0,,,Guadalupe Valley Elec Coop Inc; Karnes Electric Coop Inc,0.12432968896776977
78113,Guadalupe Valley Elec Coop Inc,Cooperative,coop,no,,,0,,,Karnes Electric Coop Inc,0.12486205657266077
78114,City of Floresville,Municipal,municipal,no,,,0,,,City of San Antonio - (TX); Guadalupe Valley Elec Coop Inc; Karnes Electric Coop Inc,0.12374172236662953
78115,Guadalupe Valley Elec Coop Inc,Cooperative,coop,no,,,0,,,,0.12486205657266077
78116,AEP TEXAS CENTRAL,Wires company (TDU),base_tdsp,yes,ERCOT,AEP TEXAS CENTRAL,166,12.05,5.7,"Guadalupe Valley Elec Coop Inc; Karnes Electric Coop Inc; Victoria Electric Coop, Inc",
78117,Karnes Electric Coop Inc,Cooperative,coop,no,,,0,,,,0.0990299895962391
78118,AEP TEXAS CENTRAL,Wires company (TDU),base_tdsp,yes,ERCOT,AEP TEXAS CENTRAL,166,12.05,5.7,"Karnes Electric Coop Inc; Victoria Electric Coop, Inc",
78119,AEP TEXAS CENTRAL,Wires company (TDU),base_tdsp,yes,ERCOT,AEP TEXAS CENTRAL,166,12.05,5.7,Karnes Electric Coop Inc; San Patricio Electric Coop Inc,
78121,City of San Antonio - (TX),Municipal,municipal,no,,,0,,,Guadalupe Valley Elec Coop Inc,0.12432968896776977
78122,AEP TEXAS CENTRAL,Wires company (TDU),base_tdsp,yes,ERCOT,AEP TEXAS CENTRAL,166,12.05,5.7,Guadalupe Valley Elec Coop Inc,
78123,Guadalupe Valley Elec Coop Inc,Cooperative,coop,no,,,0,,,,0.12486205657266077
78124,City of San Antonio - (TX),Municipal,municipal,no,,,0,,,"Guadalupe Valley Elec Coop Inc; Pedernales Electric Coop, Inc",0.12432968896776977
78125,San Patricio Electric Coop Inc,Cooperative,coop,no,,,0,,,,0.13990204875130852
78130,City of New Braunfels - (TX),Municipal,municipal,no,,,0,,,"Bluebonnet Electric Coop, Inc; Guadalupe Valley Elec Coop Inc; Pedernales Electric Coop, Inc",0.13175949261429284
78131,City of New Braunfels - (TX),Municipal,municipal,no,,,0,,,,0.13175949261429284
78132,City of San Antonio - (TX),Municipal,municipal,no,,,0,,,"Guadalupe Valley Elec Coop Inc; Pedernales Electric Coop, Inc",0.12432968896776977
78133,"Pedernales Electric Coop, Inc",Cooperative,coop,no,,,0,,,,0.12218223657681021
78135,"Pedernales Electric Coop, Inc",Cooperative,coop,no,,,0,,,,0.12218223657681021
78140,AEP TEXAS CENTRAL,Wires company (TDU),base_tdsp,yes,ERCOT,AEP TEXAS CENTRAL,166,12.05,5.7,Guadalupe Valley Elec Coop Inc; Karnes Electric Coop Inc,
78141,AEP TEXAS CENTRAL,Wires company (TDU),base_tdsp,yes,ERCOT,AEP TEXAS CENTRAL,166,12.05,5.7,"Karnes Electric Coop Inc; Victoria Electric Coop, Inc",
78143,Guadalupe Valley Elec Coop Inc,Cooperative,coop,no,,,0,,,,0.12486205657266077
78144,Karnes Electric Coop Inc,Cooperative,coop,no,,,0,,,,0.0990299895962391
78145,AEP TEXAS CENTRAL,Wires company (TDU),base_tdsp,yes,ERCOT,AEP TEXAS CENTRAL,166,12.05,5.7,,
78146,AEP TEXAS CENTRAL,Wires company (TDU),base_tdsp,yes,ERCOT,AEP TEXAS CENTRAL,166,12.05,5.7,,
78147,Karnes Electric Coop Inc,Cooperative,coop,no,,,0,,,,0.0990299895962391
78148,City of San Antonio - (TX),Municipal,municipal,no,,,0,,,Guadalupe Valley Elec Coop Inc,0.12432968896776977
78150,City of San Antonio - (TX),Municipal,municipal,no,,,0,,,,0.12432968896776977
78151,AEP TEXAS CENTRAL,Wires company (TDU),base_tdsp,yes,ERCOT,AEP TEXAS CENTRAL,166,12.05,5.7,"Karnes Electric Coop Inc; Victoria Electric Coop, Inc",
78152,City of San Antonio - (TX),Municipal,municipal,no,,,0,,,Guadalupe Valley Elec Coop Inc,0.12432968896776977
78154,City of San Antonio - (TX),Municipal,municipal,no,,,0,,,Guadalupe Valley Elec Coop Inc,0.12432968896776977
78155,City of San Antonio - (TX),Municipal,municipal,no,,,0,,,"City of Seguin - (TX); Bluebonnet Electric Coop, Inc; Guadalupe Valley Elec Coop Inc; Pedernales Electric Coop, Inc",0.12432968896776977
78156,City of Seguin - (TX),Municipal,municipal,no,,,0,,,,0.10886446886446886
78159,AEP TEXAS CENTRAL,Wires company (TDU),base_tdsp,yes,ERCOT,AEP TEXAS CENTRAL,166,12.05,5.7,"Guadalupe Valley Elec Coop Inc; Karnes Electric Coop Inc; Victoria Electric Coop, Inc",
78160,Guadalupe Valley Elec Coop Inc,Cooperative,coop,no,,,0,,,Karnes Electric Coop Inc,0.12486205657266077
78161,Guadalupe Valley Elec Coop Inc,Cooperative,coop,no,,,0,,,,0.12486205657266077
78162,AEP TEXAS CENTRAL,Wires company (TDU),base_tdsp,yes,ERCOT,AEP TEXAS CENTRAL,166,12.05,5.7,,
78163,City of San Antonio - (TX),Municipal,municipal,no,,,0,,,"Bandera Electric Coop, Inc; Pedernales Electric Coop, Inc",0.12432968896776977
78164,AEP TEXAS CENTRAL,Wires company (TDU),base_tdsp,yes,ERCOT,AEP TEXAS CENTRAL,166,12.05,5.7,"Karnes Electric Coop Inc; Victoria Electric Coop, Inc",
78201,City of San Antonio - (TX),Municipal,municipal,no,,,0,,,,0.12432968896776977
78202,City of San Antonio - (TX),Municipal,municipal,no,,,0,,,,0.12432968896776977
78203,City of San Antonio - (TX),Municipal,municipal,no,,,0,,,,0.12432968896776977
78204,City of San Antonio - (TX),Municipal,municipal,no,,,0,,,,0.12432968896776977
78205,City of San Antonio - (TX),Municipal,municipal,no,,,0,,,,0.12432968896776977
78206,City of San Antonio - (TX),Municipal,municipal,no,,,0,,,,0.12432968896776977
78207,City of San Antonio - (TX),Municipal,municipal,no,,,0,,,,0.12432968896776977
78208,City of San Antonio - (TX),Municipal,municipal,no,,,0,,,,0.12432968896776977
78209,City of San Antonio - (TX),Municipal,municipal,no,,,0,,,,0.12432968896776977
78210,City of San Antonio - (TX),Municipal,municipal,no,,,0,,,,0.12432968896776977
78211,City of San Antonio - (TX),Municipal,municipal,no,,,0,,,,0.12432968896776977
78212,City of San Antonio - (TX),Municipal,municipal,no,,,0,,,,0.12432968896776977
78213,City of San Antonio - (TX),Municipal,municipal,no,,,0,,,,0.12432968896776977
78214,City of San Antonio - (TX),Municipal,municipal,no,,,0,,,,0.12432968896776977
78215,City of San Antonio - (TX),Municipal,municipal,no,,,0,,,,0.12432968896776977
78216,City of San Antonio - (TX),Municipal,municipal,no,,,0,,,,0.12432968896776977
78217,City of San Antonio - (TX),Municipal,municipal,no,,,0,,,,0.12432968896776977
78218,City of San Antonio - (TX),Municipal,municipal,no,,,0,,,,0.12432968896776977
78219,City of San Antonio - (TX),Municipal,municipal,no,,,0,,,,0.12432968896776977
78220,City of San Antonio - (TX),Municipal,municipal,no,,,0,,,,0.12432968896776977
78221,City of San Antonio - (TX),Municipal,municipal,no,,,0,,,,0.12432968896776977
78222,City of San Antonio - (TX),Municipal,municipal,no,,,0,,,,0.12432968896776977
78223,City of San Antonio - (TX),Municipal,municipal,no,,,0,,,Guadalupe Valley Elec Coop Inc,0.12432968896776977
78224,City of San Antonio - (TX),Municipal,municipal,no,,,0,,,,0.12432968896776977
78225,City of San Antonio - (TX),Municipal,municipal,no,,,0,,,,0.12432968896776977
78226,City of San Antonio - (TX),Municipal,municipal,no,,,0,,,,0.12432968896776977
78227,City of San Antonio - (TX),Municipal,municipal,no,,,0,,,,0.12432968896776977
78228,City of San Antonio - (TX),Municipal,municipal,no,,,0,,,,0.12432968896776977
78229,City of San Antonio - (TX),Municipal,municipal,no,,,0,,,,0.12432968896776977
78230,City of San Antonio - (TX),Municipal,municipal,no,,,0,,,,0.12432968896776977
78231,City of San Antonio - (TX),Municipal,municipal,no,,,0,,,,0.12432968896776977
78232,City of San Antonio - (TX),Municipal,municipal,no,,,0,,,,0.12432968896776977
78233,City of San Antonio - (TX),Municipal,municipal,no,,,0,,,,0.12432968896776977
78234,City of San Antonio - (TX),Municipal,municipal,no,,,0,,,,0.12432968896776977
78235,City of San Antonio - (TX),Municipal,municipal,no,,,0,,,,0.12432968896776977
78236,City of San Antonio - (TX),Municipal,municipal,no,,,0,,,,0.12432968896776977
78237,City of San Antonio - (TX),Municipal,municipal,no,,,0,,,,0.12432968896776977
78238,City of San Antonio - (TX),Municipal,municipal,no,,,0,,,,0.12432968896776977
78239,City of San Antonio - (TX),Municipal,municipal,no,,,0,,,,0.12432968896776977
78240,City of San Antonio - (TX),Municipal,municipal,no,,,0,,,,0.12432968896776977
78241,City of San Antonio - (TX),Municipal,municipal,no,,,0,,,,0.12432968896776977
78242,City of San Antonio - (TX),Municipal,municipal,no,,,0,,,,0.12432968896776977
78243,City of San Antonio - (TX),Municipal,municipal,no,,,0,,,,0.12432968896776977
78244,City of San Antonio - (TX),Municipal,municipal,no,,,0,,,,0.12432968896776977
78245,City of San Antonio - (TX),Municipal,municipal,no,,,0,,,,0.12432968896776977
78246,City of San Antonio - (TX),Municipal,municipal,no,,,0,,,,0.12432968896776977
78247,City of San Antonio - (TX),Municipal,municipal,no,,,0,,,,0.12432968896776977
78248,City of San Antonio - (TX),Municipal,municipal,no,,,0,,,,0.12432968896776977
78249,City of San Antonio - (TX),Municipal,municipal,no,,,0,,,,0.12432968896776977
78250,City of San Antonio - (TX),Municipal,municipal,no,,,0,,,,0.12432968896776977
78251,City of San Antonio - (TX),Municipal,municipal,no,,,0,,,,0.12432968896776977
78252,City of San Antonio - (TX),Municipal,municipal,no,,,0,,,,0.12432968896776977
78253,City of San Antonio - (TX),Municipal,municipal,no,,,0,,,"Bandera Electric Coop, Inc",0.12432968896776977
78254,City of San Antonio - (TX),Municipal,municipal,no,,,0,,,,0.12432968896776977
78255,City of San Antonio - (TX),Municipal,municipal,no,,,0,,,,0.12432968896776977
78256,City of San Antonio - (TX),Municipal,municipal,no,,,0,,,,0.12432968896776977
78257,City of San Antonio - (TX),Municipal,municipal,no,,,0,,,,0.12432968896776977
78258,City of San Antonio - (TX),Municipal,municipal,no,,,0,,,,0.12432968896776977
78259,City of San Antonio - (TX),Municipal,municipal,no,,,0,,,,0.12432968896776977
78260,City of San Antonio - (TX),Municipal,municipal,no,,,0,,,,0.12432968896776977
78261,City of San Antonio - (TX),Municipal,municipal,no,,,0,,,,0.12432968896776977
78263,City of San Antonio - (TX),Municipal,municipal,no,,,0,,,,0.12432968896776977
78264,City of San Antonio - (TX),Municipal,municipal,no,,,0,,,Karnes Electric Coop Inc,0.12432968896776977
78265,City of San Antonio - (TX),Municipal,municipal,no,,,0,,,,0.12432968896776977
78266,City of San Antonio - (TX),Municipal,municipal,no,,,0,,,,0.12432968896776977
78268,City of San Antonio - (TX),Municipal,municipal,no,,,0,,,,0.12432968896776977
78269,City of San Antonio - (TX),Municipal,municipal,no,,,0,,,,0.12432968896776977
78270,City of San Antonio - (TX),Municipal,municipal,no,,,0,,,,0.12432968896776977
78278,City of San Antonio - (TX),Municipal,municipal,no,,,0,,,,0.12432968896776977
78279,City of San Antonio - (TX),Municipal,municipal,no,,,0,,,,0.12432968896776977
78280,City of San Antonio - (TX),Municipal,municipal,no,,,0,,,,0.12432968896776977
78283,City of San Antonio - (TX),Municipal,municipal,no,,,0,,,,0.12432968896776977
78284,City of San Antonio - (TX),Municipal,municipal,no,,,0,,,,0.12432968896776977
78285,City of San Antonio - (TX),Municipal,municipal,no,,,0,,,,0.12432968896776977
78288,City of San Antonio - (TX),Municipal,municipal,no,,,0,,,,0.12432968896776977
78289,City of San Antonio - (TX),Municipal,municipal,no,,,0,,,,0.12432968896776977
78291,City of San Antonio - (TX),Municipal,municipal,no,,,0,,,,0.12432968896776977
78292,City of San Antonio - (TX),Municipal,municipal,no,,,0,,,,0.12432968896776977
78293,City of San Antonio - (TX),Municipal,municipal,no,,,0,,,,0.12432968896776977
78294,City of San Antonio - (TX),Municipal,municipal,no,,,0,,,,0.12432968896776977
78295,City of San Antonio - (TX),Municipal,municipal,no,,,0,,,,0.12432968896776977
78296,City of San Antonio - (TX),Municipal,municipal,no,,,0,,,,0.12432968896776977
78297,City of San Antonio - (TX),Municipal,municipal,no,,,0,,,,0.12432968896776977
78298,City of San Antonio - (TX),Municipal,municipal,no,,,0,,,,0.12432968896776977
78299,City of San Antonio - (TX),Municipal,municipal,no,,,0,,,,0.12432968896776977
78330,AEP TEXAS CENTRAL,Wires company (TDU),base_tdsp,yes,ERCOT,AEP TEXAS CENTRAL; NUECES ELECTRIC COOPERATIVE,167,12.1,5.7,,
78332,AEP TEXAS CENTRAL,Wires company (TDU),base_tdsp,yes,ERCOT,AEP TEXAS CENTRAL; NUECES ELECTRIC COOPERATIVE,167,12.1,5.7,Nueces Electric Cooperative,
78336,AEP TEXAS CENTRAL,Wires company (TDU),base_tdsp,yes,ERCOT,AEP TEXAS CENTRAL,166,12.05,5.7,,
78338,,,none,no,,,0,,,,
78339,AEP TEXAS CENTRAL,Wires company (TDU),base_tdsp,yes,ERCOT,AEP TEXAS CENTRAL; NUECES ELECTRIC COOPERATIVE,167,12.1,5.7,,
78340,AEP TEXAS CENTRAL,Wires company (TDU),base_tdsp,yes,ERCOT,AEP TEXAS CENTRAL,166,12.05,5.7,,
78341,AEP TEXAS CENTRAL,Wires company (TDU),base_tdsp,yes,ERCOT,AEP TEXAS CENTRAL; NUECES ELECTRIC COOPERATIVE,167,12.1,5.7,,
78342,AEP TEXAS CENTRAL,Wires company (TDU),base_tdsp,yes,ERCOT,AEP TEXAS CENTRAL; NUECES ELECTRIC COOPERATIVE,167,12.1,5.7,,
78343,AEP TEXAS CENTRAL,Wires company (TDU),base_tdsp,yes,ERCOT,AEP TEXAS CENTRAL; NUECES ELECTRIC COOPERATIVE,167,12.1,5.7,Nueces Electric Cooperative,
78344,AEP TEXAS CENTRAL,Wires company (TDU),base_tdsp,yes,ERCOT,AEP TEXAS CENTRAL,166,12.05,5.7,"Medina Electric Coop, Inc",
78347,AEP TEXAS CENTRAL,Wires company (TDU),base_tdsp,yes,ERCOT,AEP TEXAS CENTRAL,166,12.05,5.7,,
78349,AEP TEXAS CENTRAL,Wires company (TDU),base_tdsp,yes,ERCOT,AEP TEXAS CENTRAL,166,12.05,5.7,Nueces Electric Cooperative,
78351,AEP TEXAS CENTRAL,Wires company (TDU),base_tdsp,yes,ERCOT,AEP TEXAS CENTRAL; NUECES ELECTRIC COOPERATIVE,167,12.1,5.7,,
78352,AEP TEXAS CENTRAL,Wires company (TDU),base_tdsp,yes,ERCOT,AEP TEXAS CENTRAL,166,12.05,5.7,,
78353,AEP TEXAS CENTRAL,Wires company (TDU),base_tdsp,yes,ERCOT,AEP TEXAS CENTRAL,166,12.05,5.7,"Magic Valley Electric Coop Inc; Medina Electric Coop, Inc",
78355,AEP TEXAS CENTRAL,Wires company (TDU),base_tdsp,yes,ERCOT,AEP TEXAS CENTRAL,166,12.05,5.7,"Medina Electric Coop, Inc; Nueces Electric Cooperative",
78357,AEP TEXAS CENTRAL,Wires company (TDU),base_tdsp,yes,ERCOT,AEP TEXAS CENTRAL; NUECES ELECTRIC COOPERATIVE,167,12.1,5.7,"Medina Electric Coop, Inc; Nueces Electric Cooperative",
78358,AEP TEXAS CENTRAL,Wires company (TDU),base_tdsp,yes,ERCOT,AEP TEXAS CENTRAL,166,12.05,5.7,,
78359,AEP TEXAS CENTRAL,Wires company (TDU),base_tdsp,yes,ERCOT,AEP TEXAS CENTRAL,166,12.05,5.7,,
78361,AEP TEXAS CENTRAL,Wires company (TDU),base_tdsp,yes,ERCOT,AEP TEXAS CENTRAL,166,12.05,5.7,"Medina Electric Coop, Inc",
78362,AEP TEXAS CENTRAL,Wires company (TDU),base_tdsp,yes,ERCOT,AEP TEXAS CENTRAL,166,12.05,5.7,,
78363,AEP TEXAS CENTRAL,Wires company (TDU),base_tdsp,yes,ERCOT,AEP TEXAS CENTRAL; NUECES ELECTRIC COOPERATIVE,167,12.1,5.7,Nueces Electric Cooperative,
78368,AEP TEXAS CENTRAL,Wires company (TDU),base_tdsp,yes,ERCOT,AEP TEXAS CENTRAL; NUECES ELECTRIC COOPERATIVE,167,12.1,5.7,San Patricio Electric Coop Inc,
78369,AEP TEXAS CENTRAL,Wires company (TDU),base_tdsp,yes,ERCOT,AEP TEXAS CENTRAL,166,12.05,5.7,"Medina Electric Coop, Inc",
78370,AEP TEXAS CENTRAL,Wires company (TDU),base_tdsp,yes,ERCOT,AEP TEXAS CENTRAL,166,12.05,5.7,San Patricio Electric Coop Inc,
78371,AEP TEXAS CENTRAL,Wires company (TDU),base_tdsp,yes,ERCOT,AEP TEXAS CENTRAL,166,12.05,5.7,"Medina Electric Coop, Inc",
78372,AEP TEXAS CENTRAL,Wires company (TDU),base_tdsp,yes,ERCOT,AEP TEXAS CENTRAL; NUECES ELECTRIC COOPERATIVE,167,12.1,5.7,Nueces Electric Cooperative; San Patricio Electric Coop Inc,
78373,AEP TEXAS CENTRAL,Wires company (TDU),base_tdsp,yes,ERCOT,AEP TEXAS CENTRAL,166,12.05,5.7,,
78374,AEP TEXAS CENTRAL,Wires company (TDU),base_tdsp,yes,ERCOT,AEP TEXAS CENTRAL,166,12.05,5.7,,
78375,AEP TEXAS CENTRAL,Wires company (TDU),base_tdsp,yes,ERCOT,AEP TEXAS CENTRAL,166,12.05,5.7,Nueces Electric Cooperative,
78376,AEP TEXAS CENTRAL,Wires company (TDU),base_tdsp,yes,ERCOT,AEP TEXAS CENTRAL,166,12.05,5.7,,
78377,AEP TEXAS CENTRAL,Wires company (TDU),base_tdsp,yes,ERCOT,AEP TEXAS CENTRAL,166,12.05,5.7,"San Patricio Electric Coop Inc; Victoria Electric Coop, Inc",
78379,AEP TEXAS CENTRAL,Wires company (TDU),base_tdsp,yes,ERCOT,AEP TEXAS CENTRAL; NUECES ELECTRIC COOPERATIVE,167,12.1,5.7,Nueces Electric Cooperative,
78380,AEP TEXAS CENTRAL,Wires company (TDU),base_tdsp,yes,ERCOT,AEP TEXAS CENTRAL; NUECES ELECTRIC COOPERATIVE,167,12.1,5.7,Nueces Electric Cooperative,
78382,AEP TEXAS CENTRAL,Wires company (TDU),base_tdsp,yes,ERCOT,AEP TEXAS CENTRAL,166,12.05,5.7,"Victoria Electric Coop, Inc",
78383,AEP TEXAS CENTRAL,Wires company (TDU),base_tdsp,yes,ERCOT,AEP TEXAS CENTRAL; NUECES ELECTRIC COOPERATIVE,167,12.1,5.7,Nueces Electric Cooperative; San Patricio Electric Coop Inc,
78384,AEP TEXAS CENTRAL,Wires company (TDU),base_tdsp,yes,ERCOT,AEP TEXAS CENTRAL; NUECES ELECTRIC COOPERATIVE,167,12.1,5.7,Nueces Electric Cooperative,
78385,Magic Valley Electric Coop Inc,Cooperative,coop,no,,,0,,,Nueces Electric Cooperative,0.1020138639955681
78387,AEP TEXAS CENTRAL,Wires company (TDU),base_tdsp,yes,ERCOT,AEP TEXAS CENTRAL,166,12.05,5.7,San Patricio Electric Coop Inc,
78389,AEP TEXAS CENTRAL,Wires company (TDU),base_tdsp,yes,ERCOT,AEP TEXAS CENTRAL,166,12.05,5.7,San Patricio Electric Coop Inc,
78390,AEP TEXAS CENTRAL,Wires company (TDU),base_tdsp,yes,ERCOT,AEP TEXAS CENTRAL,166,12.05,5.7,San Patricio Electric Coop Inc,
78391,AEP TEXAS CENTRAL,Wires company (TDU),base_tdsp,yes,ERCOT,AEP TEXAS CENTRAL,166,12.05,5.7,,
78393,AEP TEXAS CENTRAL,Wires company (TDU),base_tdsp,yes,ERCOT,AEP TEXAS CENTRAL,166,12.05,5.7,San Patricio Electric Coop Inc,
78401,AEP TEXAS CENTRAL,Wires company (TDU),base_tdsp,yes,ERCOT,AEP TEXAS CENTRAL,166,12.05,5.7,,
78402,AEP TEXAS CENTRAL,Wires company (TDU),base_tdsp,yes,ERCOT,AEP TEXAS CENTRAL,166,12.05,5.7,,
78404,AEP TEXAS CENTRAL,Wires company (TDU),base_tdsp,yes,ERCOT,AEP TEXAS CENTRAL,166,12.05,5.7,,
78405,AEP TEXAS CENTRAL,Wires company (TDU),base_tdsp,yes,ERCOT,AEP TEXAS CENTRAL,166,12.05,5.7,,
78406,AEP TEXAS CENTRAL,Wires company (TDU),base_tdsp,yes,ERCOT,AEP TEXAS CENTRAL; NUECES ELECTRIC COOPERATIVE,167,12.1,5.7,,
78407,AEP TEXAS CENTRAL,Wires company (TDU),base_tdsp,yes,ERCOT,AEP TEXAS CENTRAL,166,12.05,5.7,San Patricio Electric Coop Inc,
78408,AEP TEXAS CENTRAL,Wires company (TDU),base_tdsp,yes,ERCOT,AEP TEXAS CENTRAL,166,12.05,5.7,,
78409,AEP TEXAS CENTRAL,Wires company (TDU),base_tdsp,yes,ERCOT,AEP TEXAS CENTRAL,166,12.05,5.7,San Patricio Electric Coop Inc,
78410,AEP TEXAS CENTRAL,Wires company (TDU),base_tdsp,yes,ERCOT,AEP TEXAS CENTRAL; NUECES ELECTRIC COOPERATIVE,167,12.1,5.7,San Patricio Electric Coop Inc,
78411,AEP TEXAS CENTRAL,Wires company (TDU),base_tdsp,yes,ERCOT,AEP TEXAS CENTRAL,166,12.05,5.7,,
78412,AEP TEXAS CENTRAL,Wires company (TDU),base_tdsp,yes,ERCOT,AEP TEXAS CENTRAL,166,12.05,5.7,,
78413,AEP TEXAS CENTRAL,Wires company (TDU),base_tdsp,yes,ERCOT,AEP TEXAS CENTRAL; NUECES ELECTRIC COOPERATIVE,167,12.1,5.7,,
78414,AEP TEXAS CENTRAL,Wires company (TDU),base_tdsp,yes,ERCOT,AEP TEXAS CENTRAL,166,12.05,5.7,,
78415,AEP TEXAS CENTRAL,Wires company (TDU),base_tdsp,yes,ERCOT,AEP TEXAS CENTRAL; NUECES ELECTRIC COOPERATIVE,167,12.1,5.7,,
78416,AEP TEXAS CENTRAL,Wires company (TDU),base_tdsp,yes,ERCOT,AEP TEXAS CENTRAL,166,12.05,5.7,,
78417,AEP TEXAS CENTRAL,Wires company (TDU),base_tdsp,yes,ERCOT,AEP TEXAS CENTRAL,166,12.05,5.7,,
78418,AEP TEXAS CENTRAL,Wires company (TDU),base_tdsp,yes,ERCOT,AEP TEXAS CENTRAL,166,12.05,5.7,,
78419,AEP TEXAS CENTRAL,Wires company (TDU),base_tdsp,yes,ERCOT,AEP TEXAS CENTRAL,166,12.05,5.7,,
78501,AEP TEXAS CENTRAL,Wires company (TDU),base_tdsp,yes,ERCOT,AEP TEXAS CENTRAL,166,12.05,5.7,,
78503,AEP TEXAS CENTRAL,Wires company (TDU),base_tdsp,yes,ERCOT,AEP TEXAS CENTRAL; ONCOR ELECTRIC DELIVERY COMPANY,337,12.3,5.2,,
78504,AEP TEXAS CENTRAL,Wires company (TDU),base_tdsp,yes,ERCOT,AEP TEXAS CENTRAL,166,12.05,5.7,Magic Valley Electric Coop Inc,
78516,AEP TEXAS CENTRAL,Wires company (TDU),base_tdsp,yes,ERCOT,AEP TEXAS CENTRAL,166,12.05,5.7,Magic Valley Electric Coop Inc,
78520,AEP TEXAS CENTRAL,Wires company (TDU),base_tdsp,yes,ERCOT,AEP TEXAS CENTRAL,166,12.05,5.7,Brownsville Public Utilities Board,
78521,AEP TEXAS CENTRAL,Wires company (TDU),base_tdsp,yes,ERCOT,AEP TEXAS CENTRAL,166,12.05,5.7,Brownsville Public Utilities Board; Magic Valley Electric Coop Inc,
78522,AEP TEXAS CENTRAL,Wires company (TDU),base_tdsp,yes,ERCOT,AEP TEXAS CENTRAL,166,12.05,5.7,Brownsville Public Utilities Board,
78523,Brownsville Public Utilities Board,Municipal,municipal,no,,,0,,,,0.1270297891081877
78526,AEP TEXAS CENTRAL,Wires company (TDU),base_tdsp,yes,ERCOT,AEP TEXAS CENTRAL,166,12.05,5.7,Brownsville Public Utilities Board; Magic Valley Electric Coop Inc,
78535,AEP TEXAS CENTRAL,Wires company (TDU),base_tdsp,yes,ERCOT,AEP TEXAS CENTRAL,166,12.05,5.7,,
78536,Magic Valley Electric Coop Inc,Cooperative,coop,no,,,0,,,"Medina Electric Coop, Inc",0.1020138639955681
78537,AEP TEXAS CENTRAL,Wires company (TDU),base_tdsp,yes,ERCOT,AEP TEXAS CENTRAL,166,12.05,5.7,Magic Valley Electric Coop Inc,
78538,AEP TEXAS CENTRAL,Wires company (TDU),base_tdsp,yes,ERCOT,AEP TEXAS CENTRAL,166,12.05,5.7,Magic Valley Electric Coop Inc,
78539,AEP TEXAS CENTRAL,Wires company (TDU),base_tdsp,yes,ERCOT,AEP TEXAS CENTRAL,166,12.05,5.7,Magic Valley Electric Coop Inc,
78541,AEP TEXAS CENTRAL,Wires company (TDU),base_tdsp,yes,ERCOT,AEP TEXAS CENTRAL,166,12.05,5.7,Magic Valley Electric Coop Inc,
78542,AEP TEXAS CENTRAL,Wires company (TDU),base_tdsp,yes,ERCOT,AEP TEXAS CENTRAL,166,12.05,5.7,Magic Valley Electric Coop Inc,
78543,AEP TEXAS CENTRAL,Wires company (TDU),base_tdsp,yes,ERCOT,AEP TEXAS CENTRAL,166,12.05,5.7,,
78545,"Medina Electric Coop, Inc",Cooperative,coop,no,,,0,,,,0.12096339104255678
78547,AEP TEXAS CENTRAL,Wires company (TDU),base_tdsp,yes,ERCOT,AEP TEXAS CENTRAL,166,12.05,5.7,,
78548,AEP TEXAS CENTRAL,Wires company (TDU),base_tdsp,yes,ERCOT,AEP TEXAS CENTRAL,166,12.05,5.7,,
78549,AEP TEXAS CENTRAL,Wires company (TDU),base_tdsp,yes,ERCOT,AEP TEXAS CENTRAL,166,12.05,5.7,,
78550,AEP TEXAS CENTRAL,Wires company (TDU),base_tdsp,yes,ERCOT,AEP TEXAS CENTRAL,166,12.05,5.7,Magic Valley Electric Coop Inc,
78552,AEP TEXAS CENTRAL,Wires company (TDU),base_tdsp,yes,ERCOT,AEP TEXAS CENTRAL,166,12.05,5.7,Magic Valley Electric Coop Inc,
78557,AEP TEXAS CENTRAL,Wires company (TDU),base_tdsp,yes,ERCOT,AEP TEXAS CENTRAL,166,12.05,5.7,Magic Valley Electric Coop Inc,
78558,AEP TEXAS CENTRAL,Wires company (TDU),base_tdsp,yes,ERCOT,AEP TEXAS CENTRAL,166,12.05,5.7,,
78559,AEP TEXAS CENTRAL,Wires company (TDU),base_tdsp,yes,ERCOT,AEP TEXAS CENTRAL,166,12.05,5.7,,
78560,AEP TEXAS CENTRAL,Wires company (TDU),base_tdsp,yes,ERCOT,AEP TEXAS CENTRAL,166,12.05,5.7,,
78561,,,none,no,,,0,,,,
78562,AEP TEXAS CENTRAL,Wires company (TDU),base_tdsp,yes,ERCOT,AEP TEXAS CENTRAL,166,12.05,5.7,,
78563,Magic Valley Electric Coop Inc,Cooperative,coop,no,,,0,,,,0.1020138639955681
78564,"Medina Electric Coop, Inc",Cooperative,coop,no,,,0,,,,0.12096339104255678
78565,AEP TEXAS CENTRAL,Wires company (TDU),base_tdsp,yes,ERCOT,AEP TEXAS CENTRAL,166,12.05,5.7,,
78566,AEP TEXAS CENTRAL,Wires company (TDU),base_tdsp,yes,ERCOT,AEP TEXAS CENTRAL,166,12.05,5.7,Brownsville Public Utilities Board; Magic Valley Electric Coop Inc,
78567,AEP TEXAS CENTRAL,Wires company (TDU),base_tdsp,yes,ERCOT,AEP TEXAS CENTRAL,166,12.05,5.7,Magic Valley Electric Coop Inc,
78569,AEP TEXAS CENTRAL,Wires company (TDU),base_tdsp,yes,ERCOT,AEP TEXAS CENTRAL,166,12.05,5.7,Magic Valley Electric Coop Inc,
78570,AEP TEXAS CENTRAL,Wires company (TDU),base_tdsp,yes,ERCOT,AEP TEXAS CENTRAL,166,12.05,5.7,Magic Valley Electric Coop Inc,
78572,AEP TEXAS CENTRAL,Wires company (TDU),base_tdsp,yes,ERCOT,AEP TEXAS CENTRAL; ONCOR ELECTRIC DELIVERY COMPANY,337,12.3,5.2,,
78573,AEP TEXAS CENTRAL,Wires company (TDU),base_tdsp,yes,ERCOT,AEP TEXAS CENTRAL,166,12.05,5.7,Magic Valley Electric Coop Inc,
78574,AEP TEXAS CENTRAL,Wires company (TDU),base_tdsp,yes,ERCOT,AEP TEXAS CENTRAL,166,12.05,5.7,Magic Valley Electric Coop Inc,
78575,AEP TEXAS CENTRAL,Wires company (TDU),base_tdsp,yes,ERCOT,AEP TEXAS CENTRAL,166,12.05,5.7,Brownsville Public Utilities Board,
78576,AEP TEXAS CENTRAL,Wires company (TDU),base_tdsp,yes,ERCOT,AEP TEXAS CENTRAL,166,12.05,5.7,,
78577,AEP TEXAS CENTRAL,Wires company (TDU),base_tdsp,yes,ERCOT,AEP TEXAS CENTRAL,166,12.05,5.7,Magic Valley Electric Coop Inc,
78578,AEP TEXAS CENTRAL,Wires company (TDU),base_tdsp,yes,ERCOT,AEP TEXAS CENTRAL,166,12.05,5.7,Magic Valley Electric Coop Inc,
78579,AEP TEXAS CENTRAL,Wires company (TDU),base_tdsp,yes,ERCOT,AEP TEXAS CENTRAL,166,12.05,5.7,,
78580,AEP TEXAS CENTRAL,Wires company (TDU),base_tdsp,yes,ERCOT,AEP TEXAS CENTRAL,166,12.05,5.7,Magic Valley Electric Coop Inc,
78582,AEP TEXAS CENTRAL,Wires company (TDU),base_tdsp,yes,ERCOT,AEP TEXAS CENTRAL,166,12.05,5.7,"Magic Valley Electric Coop Inc; Medina Electric Coop, Inc",
78583,AEP TEXAS CENTRAL,Wires company (TDU),base_tdsp,yes,ERCOT,AEP TEXAS CENTRAL,166,12.05,5.7,Magic Valley Electric Coop Inc,
78584,AEP TEXAS CENTRAL,Wires company (TDU),base_tdsp,yes,ERCOT,AEP TEXAS CENTRAL,166,12.05,5.7,"Medina Electric Coop, Inc",
78585,"Medina Electric Coop, Inc",Cooperative,coop,no,,,0,,,,0.12096339104255678
78586,AEP TEXAS CENTRAL,Wires company (TDU),base_tdsp,yes,ERCOT,AEP TEXAS CENTRAL,166,12.05,5.7,Brownsville Public Utilities Board; Magic Valley Electric Coop Inc,
78588,Magic Valley Electric Coop Inc,Cooperative,coop,no,,,0,,,"Medina Electric Coop, Inc",0.1020138639955681
78589,AEP TEXAS CENTRAL,Wires company (TDU),base_tdsp,yes,ERCOT,AEP TEXAS CENTRAL,166,12.05,5.7,Magic Valley Electric Coop Inc,
78590,,,none,no,,,0,,,,
78591,Magic Valley Electric Coop Inc,Cooperative,coop,no,,,0,,,,0.1020138639955681
78592,AEP TEXAS CENTRAL,Wires company (TDU),base_tdsp,yes,ERCOT,AEP TEXAS CENTRAL,166,12.05,5.7,,
78593,AEP TEXAS CENTRAL,Wires company (TDU),base_tdsp,yes,ERCOT,AEP TEXAS CENTRAL,166,12.05,5.7,Magic Valley Electric Coop Inc,
78594,AEP TEXAS CENTRAL,Wires company (TDU),base_tdsp,yes,ERCOT,AEP TEXAS CENTRAL,166,12.05,5.7,Magic Valley Electric Coop Inc,
78595,AEP TEXAS CENTRAL,Wires company (TDU),base_tdsp,yes,ERCOT,AEP TEXAS CENTRAL,166,12.05,5.7,,
78596,AEP TEXAS CENTRAL,Wires company (TDU),base_tdsp,yes,ERCOT,AEP TEXAS CENTRAL,166,12.05,5.7,Magic Valley Electric Coop Inc,
78597,AEP TEXAS CENTRAL,Wires company (TDU),base_tdsp,yes,ERCOT,AEP TEXAS CENTRAL,166,12.05,5.7,Magic Valley Electric Coop Inc,
78598,AEP TEXAS CENTRAL,Wires company (TDU),base_tdsp,yes,ERCOT,AEP TEXAS CENTRAL,166,12.05,5.7,Magic Valley Electric Coop Inc,
78599,AEP TEXAS CENTRAL,Wires company (TDU),base_tdsp,yes,ERCOT,AEP TEXAS CENTRAL,166,12.05,5.7,Magic Valley Electric Coop Inc,
78602,"Bluebonnet Electric Coop, Inc",Cooperative,coop,no,,,0,,,,0.11415535256836253
78605,"Bartlett Electric Coop, Inc",Cooperative,coop,no,,,0,,,"Pedernales Electric Coop, Inc",0.16087274616563196
78606,"Bandera Electric Coop, Inc",Cooperative,coop,no,,,0,,,"Central Texas Elec Coop, Inc; Pedernales Electric Coop, Inc",0.12401152270639165
78607,"Central Texas Elec Coop, Inc",Cooperative,coop,no,,,0,,,"Pedernales Electric Coop, Inc",0.11027817039654494
78608,"Bartlett Electric Coop, Inc",Cooperative,coop,no,,,0,,,"Pedernales Electric Coop, Inc; Heart of Texas Electric Coop",0.16087274616563196
78609,"Central Texas Elec Coop, Inc",Cooperative,coop,no,,,0,,,"Pedernales Electric Coop, Inc",0.11027817039654494
78610,Austin Energy,Municipal,municipal,no,,,0,,,"Bluebonnet Electric Coop, Inc; Pedernales Electric Coop, Inc",0.125775626412917
78611,"Central Texas Elec Coop, Inc",Cooperative,coop,no,,,0,,,"Hamilton County Elec Coop Assn; Pedernales Electric Coop, Inc",0.11027817039654494
78612,"Bluebonnet Electric Coop, Inc",Cooperative,coop,no,,,0,,,,0.11415535256836253
78613,Austin Energy,Municipal,municipal,no,,,0,,,"Bartlett Electric Coop, Inc; Pedernales Electric Coop, Inc",0.125775626412917
78614,Guadalupe Valley Elec Coop Inc,Cooperative,coop,no,,,0,,,,0.12486205657266077
78615,ONCOR ELECTRIC DELIVERY COMPANY,Wires company (TDU),base_tdsp,yes,ERCOT,ONCOR ELECTRIC DELIVERY COMPANY,171,12.6,5.2,"Bartlett Electric Coop, Inc",
78616,"Bluebonnet Electric Coop, Inc",Cooperative,coop,no,,,0,,,,0.11415535256836253
78617,Austin Energy,Municipal,municipal,no,,,0,,,"Bluebonnet Electric Coop, Inc",0.125775626412917
78618,"Central Texas Elec Coop, Inc",Cooperative,coop,no,,,0,,,,0.11027817039654494
78619,"Pedernales Electric Coop, Inc",Cooperative,coop,no,,,0,,,,0.12218223657681021
78620,"Pedernales Electric Coop, Inc",Cooperative,coop,no,,,0,,,,0.12218223657681021
78621,ONCOR ELECTRIC DELIVERY COMPANY,Wires company (TDU),base_tdsp,yes,ERCOT,ONCOR ELECTRIC DELIVERY COMPANY,171,12.6,5.2,"Bartlett Electric Coop, Inc; Bluebonnet Electric Coop, Inc",
78622,"Bluebonnet Electric Coop, Inc",Cooperative,coop,no,,,0,,,,0.11415535256836253
78623,"Pedernales Electric Coop, Inc",Cooperative,coop,no,,,0,,,,0.12218223657681021
78624,"Central Texas Elec Coop, Inc",Cooperative,coop,no,,,0,,,"Pedernales Electric Coop, Inc",0.11027817039654494
78626,ONCOR ELECTRIC DELIVERY COMPANY,Wires company (TDU),base_tdsp,yes,ERCOT,ONCOR ELECTRIC DELIVERY COMPANY,171,12.6,5.2,"City of Georgetown - (TX); Bartlett Electric Coop, Inc; Pedernales Electric Coop, Inc",
78627,"Bartlett Electric Coop, Inc",Cooperative,coop,no,,,0,,,,0.16087274616563196
78628,ONCOR ELECTRIC DELIVERY COMPANY,Wires company (TDU),base_tdsp,yes,ERCOT,ONCOR ELECTRIC DELIVERY COMPANY,171,12.6,5.2,"Bartlett Electric Coop, Inc; Pedernales Electric Coop, Inc",
78629,AEP TEXAS CENTRAL,Wires company (TDU),base_tdsp,yes,ERCOT,AEP TEXAS CENTRAL,166,12.05,5.7,"Guadalupe Valley Elec Coop Inc; Victoria Electric Coop, Inc",
78630,"Bartlett Electric Coop, Inc",Cooperative,coop,no,,,0,,,"Pedernales Electric Coop, Inc",0.16087274616563196
78631,"Central Texas Elec Coop, Inc",Cooperative,coop,no,,,0,,,"Pedernales Electric Coop, Inc",0.11027817039654494
78632,"Bluebonnet Electric Coop, Inc",Cooperative,coop,no,,,0,,,Guadalupe Valley Elec Coop Inc,0.11415535256836253
78633,ONCOR ELECTRIC DELIVERY COMPANY,Wires company (TDU),base_tdsp,yes,ERCOT,ONCOR ELECTRIC DELIVERY COMPANY,171,12.6,5.2,"Bartlett Electric Coop, Inc; Pedernales Electric Coop, Inc",
78634,ONCOR ELECTRIC DELIVERY COMPANY,Wires company (TDU),base_tdsp,yes,ERCOT,ONCOR ELECTRIC DELIVERY COMPANY,171,12.6,5.2,"Bartlett Electric Coop, Inc",
78635,"Pedernales Electric Coop, Inc",Cooperative,coop,no,,,0,,,,0.12218223657681021
78636,"Central Texas Elec Coop, Inc",Cooperative,coop,no,,,0,,,"Pedernales Electric Coop, Inc",0.11027817039654494
78638,AEP TEXAS CENTRAL,Wires company (TDU),base_tdsp,yes,ERCOT,AEP TEXAS CENTRAL,166,12.05,5.7,"Bluebonnet Electric Coop, Inc; Guadalupe Valley Elec Coop Inc",
78639,"Central Texas Elec Coop, Inc",Cooperative,coop,no,,,0,,,"Pedernales Electric Coop, Inc",0.11027817039654494
78640,"Bluebonnet Electric Coop, Inc",Cooperative,coop,no,,,0,,,"Pedernales Electric Coop, Inc",0.11415535256836253
78641,"Bartlett Electric Coop, Inc",Cooperative,coop,no,,,0,,,"Pedernales Electric Coop, Inc",0.16087274616563196
78642,"Bartlett Electric Coop, Inc",Cooperative,coop,no,,,0,,,"Pedernales Electric Coop, Inc",0.16087274616563196
78643,"Central Texas Elec Coop, Inc",Cooperative,coop,no,,,0,,,"Pedernales Electric Coop, Inc",0.11027817039654494
78644,AEP TEXAS CENTRAL,Wires company (TDU),base_tdsp,yes,ERCOT,AEP TEXAS CENTRAL,166,12.05,5.7,"Bluebonnet Electric Coop, Inc; Pedernales Electric Coop, Inc",
78645,Austin Energy,Municipal,municipal,no,,,0,,,"Pedernales Electric Coop, Inc",0.125775626412917
78646,"Bartlett Electric Coop, Inc",Cooperative,coop,no,,,0,,,"Pedernales Electric Coop, Inc",0.16087274616563196
78648,AEP TEXAS CENTRAL,Wires company (TDU),base_tdsp,yes,ERCOT,AEP TEXAS CENTRAL,166,12.05,5.7,"Bluebonnet Electric Coop, Inc; Guadalupe Valley Elec Coop Inc",
78650,ONCOR ELECTRIC DELIVERY COMPANY,Wires company (TDU),base_tdsp,yes,ERCOT,ONCOR ELECTRIC DELIVERY COMPANY,171,12.6,5.2,"Bartlett Electric Coop, Inc; Bluebonnet Electric Coop, Inc",
78651,"Bartlett Electric Coop, Inc",Cooperative,coop,no,,,0,,,,0.16087274616563196
78652,Austin Energy,Municipal,municipal,no,,,0,,,"Pedernales Electric Coop, Inc",0.125775626412917
78653,ONCOR ELECTRIC DELIVERY COMPANY,Wires company (TDU),base_tdsp,yes,ERCOT,ONCOR ELECTRIC DELIVERY COMPANY,171,12.6,5.2,"Austin Energy; Bartlett Electric Coop, Inc; Bluebonnet Electric Coop, Inc",
78654,"Bartlett Electric Coop, Inc",Cooperative,coop,no,,,0,,,"Central Texas Elec Coop, Inc; Pedernales Electric Coop, Inc",0.16087274616563196
78655,"Bluebonnet Electric Coop, Inc",Cooperative,coop,no,,,0,,,"Pedernales Electric Coop, Inc",0.11415535256836253
78656,"Bluebonnet Electric Coop, Inc",Cooperative,coop,no,,,0,,,"Pedernales Electric Coop, Inc",0.11415535256836253
78657,"Central Texas Elec Coop, Inc",Cooperative,coop,no,,,0,,,"Pedernales Electric Coop, Inc",0.11027817039654494
78658,Guadalupe Valley Elec Coop Inc,Cooperative,coop,no,,,0,,,,0.12486205657266077
78659,"Bluebonnet Electric Coop, Inc",Cooperative,coop,no,,,0,,,,0.11415535256836253
78660,ONCOR ELECTRIC DELIVERY COMPANY,Wires company (TDU),base_tdsp,yes,ERCOT,ONCOR ELECTRIC DELIVERY COMPANY,171,12.6,5.2,"Austin Energy; Bartlett Electric Coop, Inc",
78661,,,none,no,,,0,,,,
78662,"Bluebonnet Electric Coop, Inc",Cooperative,coop,no,,,0,,,,0.11415535256836253
78663,"Central Texas Elec Coop, Inc",Cooperative,coop,no,,,0,,,"Pedernales Electric Coop, Inc",0.11027817039654494
78664,ONCOR ELECTRIC DELIVERY COMPANY,Wires company (TDU),base_tdsp,yes,ERCOT,ONCOR ELECTRIC DELIVERY COMPANY,171,12.6,5.2,"Bartlett Electric Coop, Inc",
78665,ONCOR ELECTRIC DELIVERY COMPANY,Wires company (TDU),base_tdsp,yes,ERCOT,ONCOR ELECTRIC DELIVERY COMPANY,171,12.6,5.2,"Bartlett Electric Coop, Inc",
78666,City of San Marcos - (TX),Municipal,municipal,no,,,0,,,"Bluebonnet Electric Coop, Inc; Pedernales Electric Coop, Inc",0.12028855120510387
78667,City of San Marcos - (TX),Municipal,municipal,no,,,0,,,,0.12028855120510387
78669,Austin Energy,Municipal,municipal,no,,,0,,,"Pedernales Electric Coop, Inc",0.125775626412917
78670,"Bluebonnet Electric Coop, Inc",Cooperative,coop,no,,,0,,,,0.11415535256836253
78671,"Central Texas Elec Coop, Inc",Cooperative,coop,no,,,0,,,"Pedernales Electric Coop, Inc",0.11027817039654494
78672,"Central Texas Elec Coop, Inc",Cooperative,coop,no,,,0,,,"Pedernales Electric Coop, Inc",0.11027817039654494
78673,"Bartlett Electric Coop, Inc",Cooperative,coop,no,,,0,,,,0.16087274616563196
78674,ONCOR ELECTRIC DELIVERY COMPANY,Wires company (TDU),base_tdsp,yes,ERCOT,ONCOR ELECTRIC DELIVERY COMPANY,171,12.6,5.2,"Bartlett Electric Coop, Inc",
78675,"Central Texas Elec Coop, Inc",Cooperative,coop,no,,,0,,,"Pedernales Electric Coop, Inc",0.11027817039654494
78676,"Pedernales Electric Coop, Inc",Cooperative,coop,no,,,0,,,,0.12218223657681021
78677,Guadalupe Valley Elec Coop Inc,Cooperative,coop,no,,,0,,,,0.12486205657266077
78680,ONCOR ELECTRIC DELIVERY COMPANY,Wires company (TDU),base_tdsp,yes,ERCOT,ONCOR ELECTRIC DELIVERY COMPANY,171,12.6,5.2,"Bartlett Electric Coop, Inc",
78681,ONCOR ELECTRIC DELIVERY COMPANY,Wires company (TDU),base_tdsp,yes,ERCOT,ONCOR ELECTRIC DELIVERY COMPANY,171,12.6,5.2,"Austin Energy; Bartlett Electric Coop, Inc; Pedernales Electric Coop, Inc",
78682,"Bartlett Electric Coop, Inc",Cooperative,coop,no,,,0,,,,0.16087274616563196
78683,"Bartlett Electric Coop, Inc",Cooperative,coop,no,,,0,,,,0.16087274616563196
78701,Austin Energy,Municipal,municipal,no,,,0,,,,0.125775626412917
78702,Austin Energy,Municipal,municipal,no,,,0,,,,0.125775626412917
78703,Austin Energy,Municipal,municipal,no,,,0,,,,0.125775626412917
78704,Austin Energy,Municipal,municipal,no,,,0,,,,0.125775626412917
78705,Austin Energy,Municipal,municipal,no,,,0,,,,0.125775626412917
78708,Austin Energy,Municipal,municipal,no,,,0,,,,0.125775626412917
78709,Austin Energy,Municipal,municipal,no,,,0,,,,0.125775626412917
78710,Austin Energy,Municipal,municipal,no,,,0,,,,0.125775626412917
78711,Austin Energy,Municipal,municipal,no,,,0,,,,0.125775626412917
78712,Austin Energy,Municipal,municipal,no,,,0,,,,0.125775626412917
78713,Austin Energy,Municipal,municipal,no,,,0,,,,0.125775626412917
78714,Austin Energy,Municipal,municipal,no,,,0,,,,0.125775626412917
78715,Austin Energy,Municipal,municipal,no,,,0,,,,0.125775626412917
78716,Austin Energy,Municipal,municipal,no,,,0,,,,0.125775626412917
78717,ONCOR ELECTRIC DELIVERY COMPANY,Wires company (TDU),base_tdsp,yes,ERCOT,ONCOR ELECTRIC DELIVERY COMPANY,171,12.6,5.2,"Austin Energy; Bartlett Electric Coop, Inc",
78718,AEP TEXAS NORTH,Wires company (TDU),base_tdsp,yes,ERCOT,AEP TEXAS NORTH,167,12.7,6.2,Austin Energy,
78719,Austin Energy,Municipal,municipal,no,,,0,,,"Bluebonnet Electric Coop, Inc",0.125775626412917
78720,Austin Energy,Municipal,municipal,no,,,0,,,,0.125775626412917
78721,Austin Energy,Municipal,municipal,no,,,0,,,,0.125775626412917
78722,Austin Energy,Municipal,municipal,no,,,0,,,,0.125775626412917
78723,Austin Energy,Municipal,municipal,no,,,0,,,,0.125775626412917
78724,Austin Energy,Municipal,municipal,no,,,0,,,,0.125775626412917
78725,Austin Energy,Municipal,municipal,no,,,0,,,,0.125775626412917
78726,Austin Energy,Municipal,municipal,no,,,0,,,"Bartlett Electric Coop, Inc; Pedernales Electric Coop, Inc",0.125775626412917
78727,ONCOR ELECTRIC DELIVERY COMPANY,Wires company (TDU),base_tdsp,yes,ERCOT,ONCOR ELECTRIC DELIVERY COMPANY,171,12.6,5.2,"Austin Energy; Bartlett Electric Coop, Inc",
78728,ONCOR ELECTRIC DELIVERY COMPANY,Wires company (TDU),base_tdsp,yes,ERCOT,ONCOR ELECTRIC DELIVERY COMPANY,171,12.6,5.2,"Austin Energy; Bartlett Electric Coop, Inc",
78729,Austin Energy,Municipal,municipal,no,,,0,,,"Bartlett Electric Coop, Inc",0.125775626412917
78730,Austin Energy,Municipal,municipal,no,,,0,,,"Pedernales Electric Coop, Inc",0.125775626412917
78731,Austin Energy,Municipal,municipal,no,,,0,,,,0.125775626412917
78732,Austin Energy,Municipal,municipal,no,,,0,,,"Pedernales Electric Coop, Inc",0.125775626412917
78733,Austin Energy,Municipal,municipal,no,,,0,,,,0.125775626412917
78734,AEP TEXAS NORTH,Wires company (TDU),base_tdsp,yes,ERCOT,AEP TEXAS NORTH,167,12.7,6.2,"Austin Energy; Pedernales Electric Coop, Inc",
78735,Austin Energy,Municipal,municipal,no,,,0,,,"Pedernales Electric Coop, Inc",0.125775626412917
78736,Austin Energy,Municipal,municipal,no,,,0,,,"Pedernales Electric Coop, Inc",0.125775626412917
78737,"Pedernales Electric Coop, Inc",Cooperative,coop,no,,,0,,,,0.12218223657681021
78738,Austin Energy,Municipal,municipal,no,,,0,,,"Pedernales Electric Coop, Inc",0.125775626412917
78739,Austin Energy,Municipal,municipal,no,,,0,,,"Pedernales Electric Coop, Inc",0.125775626412917
78741,Austin Energy,Municipal,municipal,no,,,0,,,,0.125775626412917
78742,Austin Energy,Municipal,municipal,no,,,0,,,,0.125775626412917
78744,Austin Energy,Municipal,municipal,no,,,0,,,"Bluebonnet Electric Coop, Inc",0.125775626412917
78745,Austin Energy,Municipal,municipal,no,,,0,,,,0.125775626412917
78746,Austin Energy,Municipal,municipal,no,,,0,,,,0.125775626412917
78747,Austin Energy,Municipal,municipal,no,,,0,,,"Bluebonnet Electric Coop, Inc; Pedernales Electric Coop, Inc",0.125775626412917
78748,Austin Energy,Municipal,municipal,no,,,0,,,"Pedernales Electric Coop, Inc",0.125775626412917
78749,Austin Energy,Municipal,municipal,no,,,0,,,"Pedernales Electric Coop, Inc",0.125775626412917
78750,ONCOR ELECTRIC DELIVERY COMPANY,Wires company (TDU),base_tdsp,yes,ERCOT,ONCOR ELECTRIC DELIVERY COMPANY,171,12.6,5.2,"Austin Energy; Bartlett Electric Coop, Inc; Pedernales Electric Coop, Inc",
78751,Austin Energy,Municipal,municipal,no,,,0,,,,0.125775626412917
78752,Austin Energy,Municipal,municipal,no,,,0,,,,0.125775626412917
78753,Austin Energy,Municipal,municipal,no,,,0,,,,0.125775626412917
78754,Austin Energy,Municipal,municipal,no,,,0,,,,0.125775626412917
78755,Austin Energy,Municipal,municipal,no,,,0,,,,0.125775626412917
78756,Austin Energy,Municipal,municipal,no,,,0,,,,0.125775626412917
78757,Austin Energy,Municipal,municipal,no,,,0,,,,0.125775626412917
78758,Austin Energy,Municipal,municipal,no,,,0,,,,0.125775626412917
78759,ONCOR ELECTRIC DELIVERY COMPANY,Wires company (TDU),base_tdsp,yes,ERCOT,ONCOR ELECTRIC DELIVERY COMPANY,171,12.6,5.2,"Austin Energy; Bartlett Electric Coop, Inc",
78760,Austin Energy,Municipal,municipal,no,,,0,,,,0.125775626412917
78761,ONCOR ELECTRIC DELIVERY COMPANY,Wires company (TDU),base_tdsp,yes,ERCOT,ONCOR ELECTRIC DELIVERY COMPANY,171,12.6,5.2,Austin Energy,
78762,Austin Energy,Municipal,municipal,no,,,0,,,,0.125775626412917
78763,Austin Energy,Municipal,municipal,no,,,0,,,,0.125775626412917
78764,Austin Energy,Municipal,municipal,no,,,0,,,,0.125775626412917
78765,Austin Energy,Municipal,municipal,no,,,0,,,,0.125775626412917
78766,Austin Energy,Municipal,municipal,no,,,0,,,,0.125775626412917
78767,Austin Energy,Municipal,municipal,no,,,0,,,,0.125775626412917
78768,Austin Energy,Municipal,municipal,no,,,0,,,,0.125775626412917
78769,Austin Energy,Municipal,municipal,no,,,0,,,,0.125775626412917
78772,Austin Energy,Municipal,municipal,no,,,0,,,,0.125775626412917
78773,Austin Energy,Municipal,municipal,no,,,0,,,,0.125775626412917
78774,Austin Energy,Municipal,municipal,no,,,0,,,,0.125775626412917
78778,Austin Energy,Municipal,municipal,no,,,0,,,,0.125775626412917
78779,Austin Energy,Municipal,municipal,no,,,0,,,,0.125775626412917
78783,Austin Energy,Municipal,municipal,no,,,0,,,,0.125775626412917
78799,Austin Energy,Municipal,municipal,no,,,0,,,,0.125775626412917
78801,AEP TEXAS CENTRAL,Wires company (TDU),base_tdsp,yes,ERCOT,AEP TEXAS CENTRAL,166,12.05,5.7,"Bandera Electric Coop, Inc; Medina Electric Coop, Inc; Rio Grande Electric Coop, Inc",
78802,"Bandera Electric Coop, Inc",Cooperative,coop,no,,,0,,,"Medina Electric Coop, Inc",0.12401152270639165
78827,AEP TEXAS CENTRAL,Wires company (TDU),base_tdsp,yes,ERCOT,AEP TEXAS CENTRAL,166,12.05,5.7,"Medina Electric Coop, Inc; Rio Grande Electric Coop, Inc",
78828,AEP TEXAS CENTRAL,Wires company (TDU),base_tdsp,yes,ERCOT,AEP TEXAS CENTRAL,166,12.05,5.7,"Bandera Electric Coop, Inc; Medina Electric Coop, Inc; Pedernales Electric Coop, Inc",
78829,"Medina Electric Coop, Inc",Cooperative,coop,no,,,0,,,,0.12096339104255678
78830,AEP TEXAS CENTRAL,Wires company (TDU),base_tdsp,yes,ERCOT,AEP TEXAS CENTRAL,166,12.05,5.7,"Medina Electric Coop, Inc",
78832,AEP TEXAS CENTRAL,Wires company (TDU),base_tdsp,yes,ERCOT,AEP TEXAS CENTRAL; AEP TEXAS NORTH,333,12.3,5.7,"Medina Electric Coop, Inc; Pedernales Electric Coop, Inc; Rio Grande Electric Coop, Inc",
78833,AEP TEXAS CENTRAL,Wires company (TDU),base_tdsp,yes,ERCOT,AEP TEXAS CENTRAL,166,12.05,5.7,"Bandera Electric Coop, Inc; Medina Electric Coop, Inc; Pedernales Electric Coop, Inc",
78834,AEP TEXAS CENTRAL,Wires company (TDU),base_tdsp,yes,ERCOT,AEP TEXAS CENTRAL,166,12.05,5.7,"Medina Electric Coop, Inc; Rio Grande Electric Coop, Inc",
78836,AEP TEXAS CENTRAL,Wires company (TDU),base_tdsp,yes,ERCOT,AEP TEXAS CENTRAL,166,12.05,5.7,"Medina Electric Coop, Inc; Rio Grande Electric Coop, Inc",
78837,AEP TEXAS CENTRAL,Wires company (TDU),base_tdsp,yes,ERCOT,AEP TEXAS CENTRAL,166,12.05,5.7,"Pedernales Electric Coop, Inc; Rio Grande Electric Coop, Inc; Southwest Texas Elec Coop, Inc",
78838,"Bandera Electric Coop, Inc",Cooperative,coop,no,,,0,,,"Medina Electric Coop, Inc",0.12401152270639165
78839,AEP TEXAS CENTRAL,Wires company (TDU),base_tdsp,yes,ERCOT,AEP TEXAS CENTRAL,166,12.05,5.7,"Medina Electric Coop, Inc; Rio Grande Electric Coop, Inc",
78840,AEP TEXAS CENTRAL,Wires company (TDU),base_tdsp,yes,ERCOT,AEP TEXAS CENTRAL,166,12.05,5.7,"Pedernales Electric Coop, Inc; Rio Grande Electric Coop, Inc",
78841,AEP TEXAS CENTRAL,Wires company (TDU),base_tdsp,yes,ERCOT,AEP TEXAS CENTRAL,166,12.05,5.7,"Rio Grande Electric Coop, Inc",
78842,"Rio Grande Electric Coop, Inc",Cooperative,coop,no,,,0,,,,0.18509998844064268
78843,AEP TEXAS CENTRAL,Wires company (TDU),base_tdsp,yes,ERCOT,AEP TEXAS CENTRAL,166,12.05,5.7,,
78847,"Rio Grande Electric Coop, Inc",Cooperative,coop,no,,,0,,,,0.18509998844064268
78850,"Medina Electric Coop, Inc",Cooperative,coop,no,,,0,,,,0.12096339104255678
78851,AEP TEXAS CENTRAL,Wires company (TDU),base_tdsp,yes,ERCOT,AEP TEXAS CENTRAL,166,12.05,5.7,"Rio Grande Electric Coop, Inc; Southwest Texas Elec Coop, Inc",
78852,AEP TEXAS CENTRAL,Wires company (TDU),base_tdsp,yes,ERCOT,AEP TEXAS CENTRAL,166,12.05,5.7,"Rio Grande Electric Coop, Inc",
78860,AEP TEXAS CENTRAL,Wires company (TDU),base_tdsp,yes,ERCOT,AEP TEXAS CENTRAL,166,12.05,5.7,"Rio Grande Electric Coop, Inc",
78861,"Bandera Electric Coop, Inc",Cooperative,coop,no,,,0,,,"Medina Electric Coop, Inc",0.12401152270639165
78870,AEP TEXAS CENTRAL,Wires company (TDU),base_tdsp,yes,ERCOT,AEP TEXAS CENTRAL,166,12.05,5.7,"Medina Electric Coop, Inc",
78871,"Rio Grande Electric Coop, Inc",Cooperative,coop,no,,,0,,,"Southwest Texas Elec Coop, Inc",0.18509998844064268
78872,AEP TEXAS CENTRAL,Wires company (TDU),base_tdsp,yes,ERCOT,AEP TEXAS CENTRAL,166,12.05,5.7,"Medina Electric Coop, Inc; Rio Grande Electric Coop, Inc",
78873,AEP TEXAS CENTRAL,Wires company (TDU),base_tdsp,yes,ERCOT,AEP TEXAS CENTRAL,166,12.05,5.7,"Bandera Electric Coop, Inc",
78877,AEP TEXAS CENTRAL,Wires company (TDU),base_tdsp,yes,ERCOT,AEP TEXAS CENTRAL,166,12.05,5.7,"Medina Electric Coop, Inc; Rio Grande Electric Coop, Inc",
78879,"Bandera Electric Coop, Inc",Cooperative,coop,no,,,0,,,,0.12401152270639165
78880,AEP TEXAS CENTRAL,Wires company (TDU),base_tdsp,yes,ERCOT,AEP TEXAS CENTRAL,166,12.05,5.7,"Bandera Electric Coop, Inc; Central Texas Elec Coop, Inc; Medina Electric Coop, Inc; Pedernales Electric Coop, Inc; Rio Grande Electric Coop, Inc",
78881,AEP TEXAS CENTRAL,Wires company (TDU),base_tdsp,yes,ERCOT,AEP TEXAS CENTRAL,166,12.05,5.7,"Bandera Electric Coop, Inc; Medina Electric Coop, Inc",
78883,"Bandera Electric Coop, Inc",Cooperative,coop,no,,,0,,,,0.12401152270639165
78884,"Bandera Electric Coop, Inc",Cooperative,coop,no,,,0,,,"Medina Electric Coop, Inc",0.12401152270639165
78885,"Bandera Electric Coop, Inc",Cooperative,coop,no,,,0,,,,0.12401152270639165
78886,"Medina Electric Coop, Inc",Cooperative,coop,no,,,0,,,,0.12096339104255678
78931,"Bluebonnet Electric Coop, Inc",Cooperative,coop,no,,,0,,,Entergy Texas Inc.,0.11415535256836253
78932,"Bluebonnet Electric Coop, Inc",Cooperative,coop,no,,,0,,,"Fayette Electric Coop, Inc; Entergy Texas Inc.",0.11415535256836253
78933,AEP TEXAS CENTRAL,Wires company (TDU),base_tdsp,yes,ERCOT,AEP TEXAS CENTRAL,166,12.05,5.7,"Bluebonnet Electric Coop, Inc; Fayette Electric Coop, Inc; San Bernard Electric Coop, Inc",
78934,AEP TEXAS CENTRAL,Wires company (TDU),base_tdsp,yes,ERCOT,AEP TEXAS CENTRAL,166,12.05,5.7,"Fayette Electric Coop, Inc; San Bernard Electric Coop, Inc; Wharton County Elec Coop, Inc",
78935,AEP TEXAS CENTRAL,Wires company (TDU),base_tdsp,yes,ERCOT,AEP TEXAS CENTRAL,166,12.05,5.7,"San Bernard Electric Coop, Inc",
78938,"Fayette Electric Coop, Inc",Cooperative,coop,no,,,0,,,,0.12542758057452627
78940,"Bluebonnet Electric Coop, Inc",Cooperative,coop,no,,,0,,,"Fayette Electric Coop, Inc",0.11415535256836253
78941,"Bluebonnet Electric Coop, Inc",Cooperative,coop,no,,,0,,,"Fayette Electric Coop, Inc; Guadalupe Valley Elec Coop Inc",0.11415535256836253
78942,"Bluebonnet Electric Coop, Inc",Cooperative,coop,no,,,0,,,"Fayette Electric Coop, Inc; Entergy Texas Inc.",0.11415535256836253
78943,AEP TEXAS CENTRAL,Wires company (TDU),base_tdsp,yes,ERCOT,AEP TEXAS CENTRAL,166,12.05,5.7,"Fayette Electric Coop, Inc",
78944,"Bluebonnet Electric Coop, Inc",Cooperative,coop,no,,,0,,,"Fayette Electric Coop, Inc",0.11415535256836253
78945,"Bluebonnet Electric Coop, Inc",Cooperative,coop,no,,,0,,,"Fayette Electric Coop, Inc",0.11415535256836253
78946,"Bartlett Electric Coop, Inc",Cooperative,coop,no,,,0,,,"Bluebonnet Electric Coop, Inc; Fayette Electric Coop, Inc; Entergy Texas Inc.",0.16087274616563196
78947,"Bartlett Electric Coop, Inc",Cooperative,coop,no,,,0,,,"Bluebonnet Electric Coop, Inc; Heart of Texas Electric Coop; Entergy Texas Inc.",0.16087274616563196
78948,"Bluebonnet Electric Coop, Inc",Cooperative,coop,no,,,0,,,,0.11415535256836253
78949,"Bluebonnet Electric Coop, Inc",Cooperative,coop,no,,,0,,,"Fayette Electric Coop, Inc",0.11415535256836253
78950,"Bluebonnet Electric Coop, Inc",Cooperative,coop,no,,,0,,,"Fayette Electric Coop, Inc; San Bernard Electric Coop, Inc",0.11415535256836253
78951,"Fayette Electric Coop, Inc",Cooperative,coop,no,,,0,,,,0.12542758057452627
78952,"Fayette Electric Coop, Inc",Cooperative,coop,no,,,0,,,,0.12542758057452627
78953,"Bluebonnet Electric Coop, Inc",Cooperative,coop,no,,,0,,,"Fayette Electric Coop, Inc; Guadalupe Valley Elec Coop Inc",0.11415535256836253
78954,"Bluebonnet Electric Coop, Inc",Cooperative,coop,no,,,0,,,"Fayette Electric Coop, Inc; Entergy Texas Inc.",0.11415535256836253
78956,AEP TEXAS CENTRAL,Wires company (TDU),base_tdsp,yes,ERCOT,AEP TEXAS CENTRAL,166,12.05,5.7,"Fayette Electric Coop, Inc",
78957,"Bluebonnet Electric Coop, Inc",Cooperative,coop,no,,,0,,,"Fayette Electric Coop, Inc",0.11415535256836253
78959,"Bluebonnet Electric Coop, Inc",Cooperative,coop,no,,,0,,,"Fayette Electric Coop, Inc; Guadalupe Valley Elec Coop Inc",0.11415535256836253
78960,"Fayette Electric Coop, Inc",Cooperative,coop,no,,,0,,,,0.12542758057452627
78961,"Fayette Electric Coop, Inc",Cooperative,coop,no,,,0,,,,0.12542758057452627
78962,"Fayette Electric Coop, Inc",Cooperative,coop,no,,,0,,,"San Bernard Electric Coop, Inc",0.12542758057452627
78963,"Fayette Electric Coop, Inc",Cooperative,coop,no,,,0,,,,0.12542758057452627
79001,"Deaf Smith Electric Coop, Inc",Cooperative,coop,no,,,0,,,"Rita Blanca Electric Coop, Inc; Southwestern Electric Coop Inc - (NM); Southwestern Public Service Co",0.08831054652456309
79002,Southwestern Public Service Co,Investor Owned,ioi_non_ercot,no,non-ERCOT,,0,,,,0.13352364853480414
79003,Southwestern Public Service Co,Investor Owned,ioi_non_ercot,no,non-ERCOT,,0,,,,0.13352364853480414
79005,North Plains Electric Coop Inc,Cooperative,coop,no,,,0,,,"Tri-County Electric Coop, Inc (OK); Southwestern Public Service Co",0.10147492625368731
79007,North Plains Electric Coop Inc,Cooperative,coop,no,,,0,,,Southwestern Public Service Co,0.10147492625368731
79008,Southwestern Public Service Co,Investor Owned,ioi_non_ercot,no,non-ERCOT,,0,,,,0.13352364853480414
79009,Bailey County Elec Coop Assn,Cooperative,coop,no,,,0,,,"Deaf Smith Electric Coop, Inc; Southwestern Public Service Co",0.08773457914324174
79010,"Rita Blanca Electric Coop, Inc",Cooperative,coop,no,,,0,,,Southwestern Public Service Co,0.08282806980545157
79011,North Plains Electric Coop Inc,Cooperative,coop,no,,,0,,,Southwestern Electric Power Co; Southwestern Public Service Co,0.10147492625368731
79012,Southwestern Public Service Co,Investor Owned,ioi_non_ercot,no,non-ERCOT,,0,,,,0.13352364853480414
79013,"Rita Blanca Electric Coop, Inc",Cooperative,coop,no,,,0,,,Southwestern Public Service Co,0.08282806980545157
79014,North Plains Electric Coop Inc,Cooperative,coop,no,,,0,,,Southwestern Electric Power Co; Southwestern Public Service Co,0.10147492625368731
79015,"Deaf Smith Electric Coop, Inc",Cooperative,coop,no,,,0,,,"Greenbelt Electric Coop, Inc; Southwestern Public Service Co",0.08831054652456309
79016,Southwestern Public Service Co,Investor Owned,ioi_non_ercot,no,non-ERCOT,,0,,,,0.13352364853480414
79018,"Rita Blanca Electric Coop, Inc",Cooperative,coop,no,,,0,,,Southwestern Public Service Co,0.08282806980545157
79019,"Greenbelt Electric Coop, Inc",Cooperative,coop,no,,,0,,,"Lighthouse Electric Coop, Inc; Southwestern Public Service Co",0.18001619547230926
79021,South Plains Electric Coop Inc,Cooperative,coop,no,,,0,,,,0.10228990957165597
79022,"Rita Blanca Electric Coop, Inc",Cooperative,coop,no,,,0,,,"Southwestern Electric Coop Inc - (NM); Tri-County Electric Coop, Inc (OK); Southwestern Public Service Co",0.08282806980545157
79024,"Tri-County Electric Coop, Inc (OK)",Cooperative,coop,no,,,0,,,Southwestern Public Service Co,0.1551644279759148
79025,Southwestern Public Service Co,Investor Owned,ioi_non_ercot,no,non-ERCOT,,0,,,,0.13352364853480414
79027,Bailey County Elec Coop Assn,Cooperative,coop,no,,,0,,,"Deaf Smith Electric Coop, Inc; Southwestern Public Service Co",0.08773457914324174
79029,"Rita Blanca Electric Coop, Inc",Cooperative,coop,no,,,0,,,Southwestern Public Service Co,0.08282806980545157
79031,Bailey County Elec Coop Assn,Cooperative,coop,no,,,0,,,Southwestern Public Service Co,0.08773457914324174
79032,,,none,no,,,0,,,,
79033,Southwestern Public Service Co,Investor Owned,ioi_non_ercot,no,non-ERCOT,,0,,,,0.13352364853480414
79034,North Plains Electric Coop Inc,Cooperative,coop,no,,,0,,,"Tri-County Electric Coop, Inc (OK); Southwestern Public Service Co",0.10147492625368731
79035,Bailey County Elec Coop Assn,Cooperative,coop,no,,,0,,,"Deaf Smith Electric Coop, Inc; Southwestern Public Service Co",0.08773457914324174
79036,"Rita Blanca Electric Coop, Inc",Cooperative,coop,no,,,0,,,Southwestern Public Service Co,0.08282806980545157
79039,"Greenbelt Electric Coop, Inc",Cooperative,coop,no,,,0,,,Southwestern Electric Power Co; Southwestern Public Service Co,0.18001619547230926
79040,North Plains Electric Coop Inc,Cooperative,coop,no,,,0,,,"Rita Blanca Electric Coop, Inc; Tri-County Electric Coop, Inc (OK); Southwestern Public Service Co",0.10147492625368731
79041,"Lamb County Electric Coop, Inc",Cooperative,coop,no,,,0,,,"Lighthouse Electric Coop, Inc; South Plains Electric Coop Inc; Southwestern Public Service Co",0.0951857551110134
79042,"Greenbelt Electric Coop, Inc",Cooperative,coop,no,,,0,,,Southwestern Public Service Co,0.18001619547230926
79043,Southwestern Public Service Co,Investor Owned,ioi_non_ercot,no,non-ERCOT,,0,,,,0.13352364853480414
79044,"Rita Blanca Electric Coop, Inc",Cooperative,coop,no,,,0,,,Southwestern Public Service Co,0.08282806980545157
79045,"Deaf Smith Electric Coop, Inc",Cooperative,coop,no,,,0,,,Southwestern Public Service Co,0.08831054652456309
79046,North Plains Electric Coop Inc,Cooperative,coop,no,,,0,,,Southwestern Public Service Co,0.10147492625368731
79051,Southwestern Public Service Co,Investor Owned,ioi_non_ercot,no,non-ERCOT,,0,,,,0.13352364853480414
79052,"Lighthouse Electric Coop, Inc",Cooperative,coop,no,,,0,,,Southwestern Public Service Co,0.14588973619878134
79053,Bailey County Elec Coop Assn,Cooperative,coop,no,,,0,,,,0.08773457914324174
79054,Southwestern Public Service Co,Investor Owned,ioi_non_ercot,no,non-ERCOT,,0,,,,0.13352364853480414
79056,North Plains Electric Coop Inc,Cooperative,coop,no,,,0,,,Southwestern Public Service Co,0.10147492625368731
79057,"Greenbelt Electric Coop, Inc",Cooperative,coop,no,,,0,,,Southwestern Electric Power Co; Southwestern Public Service Co,0.18001619547230926
79058,"Rita Blanca Electric Coop, Inc",Cooperative,coop,no,,,0,,,Southwestern Public Service Co,0.08282806980545157
79059,"Greenbelt Electric Coop, Inc",Cooperative,coop,no,,,0,,,North Plains Electric Coop Inc; Southwestern Electric Power Co; Southwestern Public Service Co,0.18001619547230926
79061,"Greenbelt Electric Coop, Inc",Cooperative,coop,no,,,0,,,North Plains Electric Coop Inc; Southwestern Electric Power Co; Southwestern Public Service Co,0.18001619547230926
79062,North Plains Electric Coop Inc,Cooperative,coop,no,,,0,,,"Rita Blanca Electric Coop, Inc; Southwestern Public Service Co",0.10147492625368731
79063,"Deaf Smith Electric Coop, Inc",Cooperative,coop,no,,,0,,,Southwestern Public Service Co,0.08831054652456309
79064,"Lamb County Electric Coop, Inc",Cooperative,coop,no,,,0,,,South Plains Electric Coop Inc; Southwestern Public Service Co,0.0951857551110134
79065,"Greenbelt Electric Coop, Inc",Cooperative,coop,no,,,0,,,North Plains Electric Coop Inc; Southwestern Electric Power Co; Southwestern Public Service Co,0.18001619547230926
79066,Southwestern Public Service Co,Investor Owned,ioi_non_ercot,no,non-ERCOT,,0,,,,0.13352364853480414
79068,Southwestern Public Service Co,Investor Owned,ioi_non_ercot,no,non-ERCOT,,0,,,,0.13352364853480414
79070,North Plains Electric Coop Inc,Cooperative,coop,no,,,0,,,"Tri-County Electric Coop, Inc (OK); Southwestern Public Service Co",0.10147492625368731
79072,"Lighthouse Electric Coop, Inc",Cooperative,coop,no,,,0,,,South Plains Electric Coop Inc; Southwestern Public Service Co,0.14588973619878134
79073,Southwestern Public Service Co,Investor Owned,ioi_non_ercot,no,non-ERCOT,,0,,,,0.13352364853480414
79077,"Greenbelt Electric Coop, Inc",Cooperative,coop,no,,,0,,,,0.18001619547230926
79078,Southwestern Public Service Co,Investor Owned,ioi_non_ercot,no,non-ERCOT,,0,,,,0.13352364853480414
79079,AEP TEXAS NORTH,Wires company (TDU),base_tdsp,yes,ERCOT,AEP TEXAS NORTH,167,12.7,6.2,"Greenbelt Electric Coop, Inc; Southwestern Electric Power Co; Southwestern Public Service Co",
79080,North Plains Electric Coop Inc,Cooperative,coop,no,,,0,,,Southwestern Public Service Co,0.10147492625368731
79081,North Plains Electric Coop Inc,Cooperative,coop,no,,,0,,,"Rita Blanca Electric Coop, Inc; Tri-County Electric Coop, Inc (OK); Southwestern Public Service Co",0.10147492625368731
79082,Bailey County Elec Coop Assn,Cooperative,coop,no,,,0,,,"Lamb County Electric Coop, Inc; Southwestern Public Service Co",0.08773457914324174
79083,"Rita Blanca Electric Coop, Inc",Cooperative,coop,no,,,0,,,Southwestern Public Service Co,0.08282806980545157
79084,"Rita Blanca Electric Coop, Inc",Cooperative,coop,no,,,0,,,"Tri-County Electric Coop, Inc (OK); Southwestern Public Service Co",0.08282806980545157
79085,"Deaf Smith Electric Coop, Inc",Cooperative,coop,no,,,0,,,Southwestern Public Service Co,0.08831054652456309
79086,"Rita Blanca Electric Coop, Inc",Cooperative,coop,no,,,0,,,Southwestern Public Service Co,0.08282806980545157
79087,"Rita Blanca Electric Coop, Inc",Cooperative,coop,no,,,0,,,Southwestern Electric Coop Inc - (NM),0.08282806980545157
79088,"Lighthouse Electric Coop, Inc",Cooperative,coop,no,,,0,,,Southwestern Public Service Co,0.14588973619878134
79091,Southwestern Public Service Co,Investor Owned,ioi_non_ercot,no,non-ERCOT,,0,,,,0.13352364853480414
79092,"Deaf Smith Electric Coop, Inc",Cooperative,coop,no,,,0,,,"Rita Blanca Electric Coop, Inc; Southwestern Public Service Co",0.08831054652456309
79093,North Plains Electric Coop Inc,Cooperative,coop,no,,,0,,,"Tri-County Electric Coop, Inc (OK); Southwestern Public Service Co",0.10147492625368731
79094,"Greenbelt Electric Coop, Inc",Cooperative,coop,no,,,0,,,"Lighthouse Electric Coop, Inc",0.18001619547230926
79095,AEP TEXAS NORTH,Wires company (TDU),base_tdsp,yes,ERCOT,AEP TEXAS NORTH,167,12.7,6.2,"Greenbelt Electric Coop, Inc; Lighthouse Electric Coop, Inc; Southwestern Electric Power Co",
79096,"Greenbelt Electric Coop, Inc",Cooperative,coop,no,,,0,,,North Plains Electric Coop Inc; Southwestern Electric Power Co; Southwestern Public Service Co,0.18001619547230926
79097,ONCOR ELECTRIC DELIVERY COMPANY,Wires company (TDU),base_tdsp,yes,ERCOT,ONCOR ELECTRIC DELIVERY COMPANY,171,12.6,5.2,North Plains Electric Coop Inc; Southwestern Public Service Co,
79098,Southwestern Public Service Co,Investor Owned,ioi_non_ercot,no,non-ERCOT,,0,,,,0.13352364853480414
79101,Southwestern Public Service Co,Investor Owned,ioi_non_ercot,no,non-ERCOT,,0,,,,0.13352364853480414
79102,Southwestern Public Service Co,Investor Owned,ioi_non_ercot,no,non-ERCOT,,0,,,,0.13352364853480414
79103,Southwestern Public Service Co,Investor Owned,ioi_non_ercot,no,non-ERCOT,,0,,,,0.13352364853480414
79104,Southwestern Public Service Co,Investor Owned,ioi_non_ercot,no,non-ERCOT,,0,,,,0.13352364853480414
79105,Southwestern Public Service Co,Investor Owned,ioi_non_ercot,no,non-ERCOT,,0,,,,0.13352364853480414
79106,Southwestern Public Service Co,Investor Owned,ioi_non_ercot,no,non-ERCOT,,0,,,,0.13352364853480414
79107,Southwestern Public Service Co,Investor Owned,ioi_non_ercot,no,non-ERCOT,,0,,,,0.13352364853480414
79108,"Rita Blanca Electric Coop, Inc",Cooperative,coop,no,,,0,,,Southwestern Public Service Co,0.08282806980545157
79109,Southwestern Public Service Co,Investor Owned,ioi_non_ercot,no,non-ERCOT,,0,,,,0.13352364853480414
79110,Southwestern Public Service Co,Investor Owned,ioi_non_ercot,no,non-ERCOT,,0,,,,0.13352364853480414
79111,Southwestern Public Service Co,Investor Owned,ioi_non_ercot,no,non-ERCOT,,0,,,,0.13352364853480414
79114,Southwestern Public Service Co,Investor Owned,ioi_non_ercot,no,non-ERCOT,,0,,,,0.13352364853480414
79116,Southwestern Public Service Co,Investor Owned,ioi_non_ercot,no,non-ERCOT,,0,,,,0.13352364853480414
79117,Southwestern Public Service Co,Investor Owned,ioi_non_ercot,no,non-ERCOT,,0,,,,0.13352364853480414
79118,Southwestern Public Service Co,Investor Owned,ioi_non_ercot,no,non-ERCOT,,0,,,,0.13352364853480414
79119,Southwestern Public Service Co,Investor Owned,ioi_non_ercot,no,non-ERCOT,,0,,,,0.13352364853480414
79120,Southwestern Public Service Co,Investor Owned,ioi_non_ercot,no,non-ERCOT,,0,,,,0.13352364853480414
79121,Southwestern Public Service Co,Investor Owned,ioi_non_ercot,no,non-ERCOT,,0,,,,0.13352364853480414
79124,ONCOR ELECTRIC DELIVERY COMPANY,Wires company (TDU),base_tdsp,yes,ERCOT,ONCOR ELECTRIC DELIVERY COMPANY,171,12.6,5.2,Southwestern Public Service Co,
79159,Southwestern Public Service Co,Investor Owned,ioi_non_ercot,no,non-ERCOT,,0,,,,0.13352364853480414
79166,Southwestern Public Service Co,Investor Owned,ioi_non_ercot,no,non-ERCOT,,0,,,,0.13352364853480414
79168,Southwestern Public Service Co,Investor Owned,ioi_non_ercot,no,non-ERCOT,,0,,,,0.13352364853480414
79172,Southwestern Public Service Co,Investor Owned,ioi_non_ercot,no,non-ERCOT,,0,,,,0.13352364853480414
79174,Southwestern Public Service Co,Investor Owned,ioi_non_ercot,no,non-ERCOT,,0,,,,0.13352364853480414
79178,Southwestern Public Service Co,Investor Owned,ioi_non_ercot,no,non-ERCOT,,0,,,,0.13352364853480414
79185,Southwestern Public Service Co,Investor Owned,ioi_non_ercot,no,non-ERCOT,,0,,,,0.13352364853480414
79189,Southwestern Public Service Co,Investor Owned,ioi_non_ercot,no,non-ERCOT,,0,,,,0.13352364853480414
79201,AEP TEXAS NORTH,Wires company (TDU),base_tdsp,yes,ERCOT,AEP TEXAS NORTH,167,12.7,6.2,"Greenbelt Electric Coop, Inc; Lighthouse Electric Coop, Inc; South Plains Electric Coop Inc; Southwestern Electric Power Co",
79220,AEP TEXAS NORTH,Wires company (TDU),base_tdsp,yes,ERCOT,AEP TEXAS NORTH,167,12.7,6.2,South Plains Electric Coop Inc,
79221,Southwestern Public Service Co,Investor Owned,ioi_non_ercot,no,non-ERCOT,,0,,,,0.13352364853480414
79223,South Plains Electric Coop Inc,Cooperative,coop,no,,,0,,,,0.10228990957165597
79225,AEP TEXAS NORTH,Wires company (TDU),base_tdsp,yes,ERCOT,AEP TEXAS NORTH,167,12.7,6.2,South Plains Electric Coop Inc,
79226,AEP TEXAS NORTH,Wires company (TDU),base_tdsp,yes,ERCOT,AEP TEXAS NORTH,167,12.7,6.2,"Greenbelt Electric Coop, Inc; Lighthouse Electric Coop, Inc; Southwestern Electric Power Co; Southwestern Public Service Co",
79227,AEP TEXAS NORTH,Wires company (TDU),base_tdsp,yes,ERCOT,AEP TEXAS NORTH,167,12.7,6.2,South Plains Electric Coop Inc,
79229,AEP TEXAS NORTH,Wires company (TDU),base_tdsp,yes,ERCOT,AEP TEXAS NORTH,167,12.7,6.2,South Plains Electric Coop Inc,
79230,AEP TEXAS NORTH,Wires company (TDU),base_tdsp,yes,ERCOT,AEP TEXAS NORTH,167,12.7,6.2,"Greenbelt Electric Coop, Inc; Southwestern Electric Power Co",
79231,"Lighthouse Electric Coop, Inc",Cooperative,coop,no,,,0,,,,0.14588973619878134
79233,AEP TEXAS NORTH,Wires company (TDU),base_tdsp,yes,ERCOT,AEP TEXAS NORTH,167,12.7,6.2,"Lighthouse Electric Coop, Inc; Southwestern Electric Power Co",
79234,AEP TEXAS NORTH,Wires company (TDU),base_tdsp,yes,ERCOT,AEP TEXAS NORTH,167,12.7,6.2,"Lighthouse Electric Coop, Inc",
79235,"Lighthouse Electric Coop, Inc",Cooperative,coop,no,,,0,,,South Plains Electric Coop Inc; Southwestern Public Service Co,0.14588973619878134
79236,South Plains Electric Coop Inc,Cooperative,coop,no,,,0,,,,0.10228990957165597
79237,AEP TEXAS NORTH,Wires company (TDU),base_tdsp,yes,ERCOT,AEP TEXAS NORTH,167,12.7,6.2,"Greenbelt Electric Coop, Inc; Lighthouse Electric Coop, Inc; Southwestern Electric Power Co; Southwestern Public Service Co",
79239,AEP TEXAS NORTH,Wires company (TDU),base_tdsp,yes,ERCOT,AEP TEXAS NORTH,167,12.7,6.2,"Greenbelt Electric Coop, Inc; Lighthouse Electric Coop, Inc; Southwestern Electric Power Co",
79240,AEP TEXAS NORTH,Wires company (TDU),base_tdsp,yes,ERCOT,AEP TEXAS NORTH,167,12.7,6.2,"Greenbelt Electric Coop, Inc; Lighthouse Electric Coop, Inc; Southwestern Electric Power Co",
79241,"Lighthouse Electric Coop, Inc",Cooperative,coop,no,,,0,,,Southwestern Public Service Co,0.14588973619878134
79243,AEP TEXAS NORTH,Wires company (TDU),base_tdsp,yes,ERCOT,AEP TEXAS NORTH,167,12.7,6.2,"Lighthouse Electric Coop, Inc; South Plains Electric Coop Inc",
79244,AEP TEXAS NORTH,Wires company (TDU),base_tdsp,yes,ERCOT,AEP TEXAS NORTH,167,12.7,6.2,"Lighthouse Electric Coop, Inc; South Plains Electric Coop Inc",
79245,AEP TEXAS NORTH,Wires company (TDU),base_tdsp,yes,ERCOT,AEP TEXAS NORTH,167,12.7,6.2,"Greenbelt Electric Coop, Inc; Lighthouse Electric Coop, Inc; Southwestern Electric Power Co",
79247,AEP TEXAS NORTH,Wires company (TDU),base_tdsp,yes,ERCOT,AEP TEXAS NORTH,167,12.7,6.2,,
79248,AEP TEXAS NORTH,Wires company (TDU),base_tdsp,yes,ERCOT,AEP TEXAS NORTH,167,12.7,6.2,South Plains Electric Coop Inc,
79250,AEP TEXAS NORTH,Wires company (TDU),base_tdsp,yes,ERCOT,AEP TEXAS NORTH,167,12.7,6.2,"Lighthouse Electric Coop, Inc; South Plains Electric Coop Inc; Southwestern Public Service Co",
79251,"Greenbelt Electric Coop, Inc",Cooperative,coop,no,,,0,,,Southwestern Electric Power Co,0.18001619547230926
79252,AEP TEXAS NORTH,Wires company (TDU),base_tdsp,yes,ERCOT,AEP TEXAS NORTH,167,12.7,6.2,"Greenbelt Electric Coop, Inc; South Plains Electric Coop Inc",
79255,AEP TEXAS NORTH,Wires company (TDU),base_tdsp,yes,ERCOT,AEP TEXAS NORTH,167,12.7,6.2,"Lighthouse Electric Coop, Inc",
79256,AEP TEXAS NORTH,Wires company (TDU),base_tdsp,yes,ERCOT,AEP TEXAS NORTH,167,12.7,6.2,"Lighthouse Electric Coop, Inc; South Plains Electric Coop Inc",
79257,"Greenbelt Electric Coop, Inc",Cooperative,coop,no,,,0,,,"Lighthouse Electric Coop, Inc; Southwestern Public Service Co",0.18001619547230926
79258,Southwestern Public Service Co,Investor Owned,ioi_non_ercot,no,non-ERCOT,,0,,,,0.13352364853480414
79259,AEP TEXAS NORTH,Wires company (TDU),base_tdsp,yes,ERCOT,AEP TEXAS NORTH,167,12.7,6.2,"Lighthouse Electric Coop, Inc; South Plains Electric Coop Inc; Southwestern Electric Power Co",
79261,AEP TEXAS NORTH,Wires company (TDU),base_tdsp,yes,ERCOT,AEP TEXAS NORTH,167,12.7,6.2,"Lighthouse Electric Coop, Inc; Southwestern Electric Power Co",
79311,"Lighthouse Electric Coop, Inc",Cooperative,coop,no,,,0,,,South Plains Electric Coop Inc; Southwestern Public Service Co,0.14588973619878134
79312,"Lamb County Electric Coop, Inc",Cooperative,coop,no,,,0,,,Southwestern Public Service Co,0.0951857551110134
79313,"Lamb County Electric Coop, Inc",Cooperative,coop,no,,,0,,,South Plains Electric Coop Inc; Southwestern Public Service Co,0.0951857551110134
79314,Bailey County Elec Coop Assn,Cooperative,coop,no,,,0,,,"Lea County Electric Coop, Inc - (NM); Southwestern Public Service Co",0.08773457914324174
79316,"Lyntegar Electric Coop, Inc",Cooperative,coop,no,,,0,,,Southwestern Public Service Co,0.08993721083939193
79322,"Lighthouse Electric Coop, Inc",Cooperative,coop,no,,,0,,,South Plains Electric Coop Inc; Southwestern Public Service Co,0.14588973619878134
79323,"Lea County Electric Coop, Inc - (NM)",Cooperative,coop,no,,,0,,,"Lyntegar Electric Coop, Inc; Southwestern Public Service Co",0.0981608972494263
79324,Bailey County Elec Coop Assn,Cooperative,coop,no,,,0,,,"Lamb County Electric Coop, Inc",0.08773457914324174
79325,Bailey County Elec Coop Assn,Cooperative,coop,no,,,0,,,"Deaf Smith Electric Coop, Inc; Southwestern Public Service Co",0.08773457914324174
79326,Southwestern Public Service Co,Investor Owned,ioi_non_ercot,no,non-ERCOT,,0,,,,0.13352364853480414
79329,South Plains Electric Coop Inc,Cooperative,coop,no,,,0,,,Southwestern Public Service Co,0.10228990957165597
79330,"Big Country Electric Coop, Inc",Cooperative,coop,no,,,0,,,South Plains Electric Coop Inc,0.13721774330329378
79331,ONCOR ELECTRIC DELIVERY COMPANY,Wires company (TDU),base_tdsp,yes,ERCOT,ONCOR ELECTRIC DELIVERY COMPANY,171,12.6,5.2,"Lyntegar Electric Coop, Inc; Southwestern Public Service Co",
79336,"Lamb County Electric Coop, Inc",Cooperative,coop,no,,,0,,,"Lyntegar Electric Coop, Inc; South Plains Electric Coop Inc; Southwestern Public Service Co",0.0951857551110134
79338,Southwestern Public Service Co,Investor Owned,ioi_non_ercot,no,non-ERCOT,,0,,,,0.13352364853480414
79339,"Lamb County Electric Coop, Inc",Cooperative,coop,no,,,0,,,South Plains Electric Coop Inc; Southwestern Public Service Co,0.0951857551110134
79342,"Lyntegar Electric Coop, Inc",Cooperative,coop,no,,,0,,,Southwestern Public Service Co,0.08993721083939193
79343,"Lighthouse Electric Coop, Inc",Cooperative,coop,no,,,0,,,"Lyntegar Electric Coop, Inc; South Plains Electric Coop Inc; Southwestern Public Service Co",0.14588973619878134
79344,Bailey County Elec Coop Assn,Cooperative,coop,no,,,0,,,,0.08773457914324174
79345,"Lyntegar Electric Coop, Inc",Cooperative,coop,no,,,0,,,South Plains Electric Coop Inc; Southwestern Public Service Co,0.08993721083939193
79346,Bailey County Elec Coop Assn,Cooperative,coop,no,,,0,,,"Lamb County Electric Coop, Inc; Lyntegar Electric Coop, Inc; Southwestern Public Service Co",0.08773457914324174
79347,Bailey County Elec Coop Assn,Cooperative,coop,no,,,0,,,"Lamb County Electric Coop, Inc; Southwestern Public Service Co",0.08773457914324174
79350,Southwestern Public Service Co,Investor Owned,ioi_non_ercot,no,non-ERCOT,,0,,,,0.13352364853480414
79351,ONCOR ELECTRIC DELIVERY COMPANY,Wires company (TDU),base_tdsp,yes,ERCOT,ONCOR ELECTRIC DELIVERY COMPANY,171,12.6,5.2,"Big Country Electric Coop, Inc; Lyntegar Electric Coop, Inc",
79353,"Lamb County Electric Coop, Inc",Cooperative,coop,no,,,0,,,,0.0951857551110134
79355,"Lea County Electric Coop, Inc - (NM)",Cooperative,coop,no,,,0,,,"Lyntegar Electric Coop, Inc; Southwestern Public Service Co",0.0981608972494263
79356,"Big Country Electric Coop, Inc",Cooperative,coop,no,,,0,,,"Lyntegar Electric Coop, Inc; South Plains Electric Coop Inc; Southwestern Public Service Co",0.13721774330329378
79357,"Lighthouse Electric Coop, Inc",Cooperative,coop,no,,,0,,,South Plains Electric Coop Inc; Southwestern Public Service Co,0.14588973619878134
79358,"Lyntegar Electric Coop, Inc",Cooperative,coop,no,,,0,,,South Plains Electric Coop Inc; Southwestern Public Service Co,0.08993721083939193
79359,"Lyntegar Electric Coop, Inc",Cooperative,coop,no,,,0,,,Southwestern Public Service Co,0.08993721083939193
79360,"Lea County Electric Coop, Inc - (NM)",Cooperative,coop,no,,,0,,,"Lyntegar Electric Coop, Inc; Southwestern Public Service Co",0.0981608972494263
79363,South Plains Electric Coop Inc,Cooperative,coop,no,,,0,,,Southwestern Public Service Co,0.10228990957165597
79364,LUBBOCK POWER & LIGHT SYSTEM,Wires company (TDU),competitive,no,ERCOT,LUBBOCK POWER & LIGHT SYSTEM,98,13.6,7.8,"Lyntegar Electric Coop, Inc; South Plains Electric Coop Inc; Southwestern Public Service Co",
79366,South Plains Electric Coop Inc,Cooperative,coop,no,,,0,,,Southwestern Public Service Co,0.10228990957165597
79367,South Plains Electric Coop Inc,Cooperative,coop,no,,,0,,,,0.10228990957165597
79369,"Lamb County Electric Coop, Inc",Cooperative,coop,no,,,0,,,,0.0951857551110134
79370,AEP TEXAS NORTH,Wires company (TDU),base_tdsp,yes,ERCOT,AEP TEXAS NORTH,167,12.7,6.2,"Lighthouse Electric Coop, Inc; South Plains Electric Coop Inc",
79371,Bailey County Elec Coop Assn,Cooperative,coop,no,,,0,,,"Lamb County Electric Coop, Inc; Southwestern Public Service Co",0.08773457914324174
79372,"Lyntegar Electric Coop, Inc",Cooperative,coop,no,,,0,,,,0.08993721083939193
79373,"Big Country Electric Coop, Inc",Cooperative,coop,no,,,0,,,"Lyntegar Electric Coop, Inc; South Plains Electric Coop Inc; Southwestern Public Service Co",0.13721774330329378
79376,"Lyntegar Electric Coop, Inc",Cooperative,coop,no,,,0,,,Southwestern Public Service Co,0.08993721083939193
79377,ONCOR ELECTRIC DELIVERY COMPANY,Wires company (TDU),base_tdsp,yes,ERCOT,ONCOR ELECTRIC DELIVERY COMPANY,171,12.6,5.2,Southwestern Public Service Co,
79378,"Lyntegar Electric Coop, Inc",Cooperative,coop,no,,,0,,,,0.08993721083939193
79379,"Lamb County Electric Coop, Inc",Cooperative,coop,no,,,0,,,Southwestern Public Service Co,0.0951857551110134
79380,Southwestern Public Service Co,Investor Owned,ioi_non_ercot,no,non-ERCOT,,0,,,,0.13352364853480414
79381,"Lyntegar Electric Coop, Inc",Cooperative,coop,no,,,0,,,South Plains Electric Coop Inc; Southwestern Public Service Co,0.08993721083939193
79382,"Lyntegar Electric Coop, Inc",Cooperative,coop,no,,,0,,,South Plains Electric Coop Inc; Southwestern Public Service Co,0.08993721083939193
79383,"Lyntegar Electric Coop, Inc",Cooperative,coop,no,,,0,,,,0.08993721083939193
79401,LUBBOCK POWER & LIGHT SYSTEM,Wires company (TDU),competitive,no,ERCOT,LUBBOCK POWER & LIGHT SYSTEM,98,13.6,7.8,City of Lubbock - (TX); Southwestern Public Service Co,
79402,City of Lubbock - (TX),Municipal,municipal,no,,,0,,,,0.13690140845070423
79403,LUBBOCK POWER & LIGHT SYSTEM,Wires company (TDU),competitive,no,ERCOT,LUBBOCK POWER & LIGHT SYSTEM,98,13.6,7.8,City of Lubbock - (TX); South Plains Electric Coop Inc; Southwestern Public Service Co,
79404,LUBBOCK POWER & LIGHT SYSTEM,Wires company (TDU),competitive,no,ERCOT,LUBBOCK POWER & LIGHT SYSTEM,98,13.6,7.8,City of Lubbock - (TX); South Plains Electric Coop Inc; Southwestern Public Service Co,
79406,LUBBOCK POWER & LIGHT SYSTEM,Wires company (TDU),competitive,no,ERCOT,LUBBOCK POWER & LIGHT SYSTEM,98,13.6,7.8,City of Lubbock - (TX),
79407,LUBBOCK POWER & LIGHT SYSTEM,Wires company (TDU),competitive,no,ERCOT,LUBBOCK POWER & LIGHT SYSTEM,98,13.6,7.8,"City of Lubbock - (TX); Lamb County Electric Coop, Inc; South Plains Electric Coop Inc; Southwestern Public Service Co",
79408,City of Lubbock - (TX),Municipal,municipal,no,,,0,,,,0.13690140845070423
79409,City of Lubbock - (TX),Municipal,municipal,no,,,0,,,,0.13690140845070423
79410,LUBBOCK POWER & LIGHT SYSTEM,Wires company (TDU),competitive,no,ERCOT,LUBBOCK POWER & LIGHT SYSTEM,98,13.6,7.8,City of Lubbock - (TX),
79411,LUBBOCK POWER & LIGHT SYSTEM,Wires company (TDU),competitive,no,ERCOT,LUBBOCK POWER & LIGHT SYSTEM,98,13.6,7.8,City of Lubbock - (TX); Southwestern Public Service Co,
79412,LUBBOCK POWER & LIGHT SYSTEM,Wires company (TDU),competitive,no,ERCOT,LUBBOCK POWER & LIGHT SYSTEM,98,13.6,7.8,City of Lubbock - (TX); Southwestern Public Service Co,
79413,LUBBOCK POWER & LIGHT SYSTEM,Wires company (TDU),competitive,no,ERCOT,LUBBOCK POWER & LIGHT SYSTEM,98,13.6,7.8,City of Lubbock - (TX); Southwestern Public Service Co,
79414,LUBBOCK POWER & LIGHT SYSTEM,Wires company (TDU),competitive,no,ERCOT,LUBBOCK POWER & LIGHT SYSTEM,98,13.6,7.8,City of Lubbock - (TX); Southwestern Public Service Co,
79415,LUBBOCK POWER & LIGHT SYSTEM,Wires company (TDU),competitive,no,ERCOT,LUBBOCK POWER & LIGHT SYSTEM,98,13.6,7.8,City of Lubbock - (TX); South Plains Electric Coop Inc; Southwestern Public Service Co,
79416,LUBBOCK POWER & LIGHT SYSTEM,Wires company (TDU),competitive,no,ERCOT,LUBBOCK POWER & LIGHT SYSTEM,98,13.6,7.8,City of Lubbock - (TX); South Plains Electric Coop Inc; Southwestern Public Service Co,
79423,LUBBOCK POWER & LIGHT SYSTEM,Wires company (TDU),competitive,no,ERCOT,LUBBOCK POWER & LIGHT SYSTEM,98,13.6,7.8,"City of Lubbock - (TX); Lyntegar Electric Coop, Inc; South Plains Electric Coop Inc; Southwestern Public Service Co",
79424,LUBBOCK POWER & LIGHT SYSTEM,Wires company (TDU),competitive,no,ERCOT,LUBBOCK POWER & LIGHT SYSTEM,98,13.6,7.8,"City of Lubbock - (TX); Lyntegar Electric Coop, Inc; South Plains Electric Coop Inc; Southwestern Public Service Co",
79430,City of Lubbock - (TX),Municipal,municipal,no,,,0,,,,0.13690140845070423
79452,City of Lubbock - (TX),Municipal,municipal,no,,,0,,,,0.13690140845070423
79453,Southwestern Public Service Co,Investor Owned,ioi_non_ercot,no,non-ERCOT,,0,,,,0.13352364853480414
79457,City of Lubbock - (TX),Municipal,municipal,no,,,0,,,,0.13690140845070423
79464,City of Lubbock - (TX),Municipal,municipal,no,,,0,,,,0.13690140845070423
79490,Southwestern Public Service Co,Investor Owned,ioi_non_ercot,no,non-ERCOT,,0,,,,0.13352364853480414
79491,City of Lubbock - (TX),Municipal,municipal,no,,,0,,,,0.13690140845070423
79493,City of Lubbock - (TX),Municipal,municipal,no,,,0,,,,0.13690140845070423
79499,Southwestern Public Service Co,Investor Owned,ioi_non_ercot,no,non-ERCOT,,0,,,,0.13352364853480414
79501,AEP TEXAS NORTH,Wires company (TDU),base_tdsp,yes,ERCOT,AEP TEXAS NORTH,167,12.7,6.2,"Big Country Electric Coop, Inc",
79502,AEP TEXAS NORTH,Wires company (TDU),base_tdsp,yes,ERCOT,AEP TEXAS NORTH,167,12.7,6.2,"Big Country Electric Coop, Inc; South Plains Electric Coop Inc",
79503,AEP TEXAS NORTH,Wires company (TDU),base_tdsp,yes,ERCOT,AEP TEXAS NORTH,167,12.7,6.2,"Big Country Electric Coop, Inc",
79504,AEP TEXAS NORTH,Wires company (TDU),base_tdsp,yes,ERCOT,AEP TEXAS NORTH,167,12.7,6.2,Comanche County Elec Coop Assn,
79505,AEP TEXAS NORTH,Wires company (TDU),base_tdsp,yes,ERCOT,AEP TEXAS NORTH,167,12.7,6.2,,
79506,AEP TEXAS NORTH,Wires company (TDU),base_tdsp,yes,ERCOT,AEP TEXAS NORTH,167,12.7,6.2,Concho Valley Elec Coop Inc; Taylor Electric Coop Inc - (TX),
79508,AEP TEXAS NORTH,Wires company (TDU),base_tdsp,yes,ERCOT,AEP TEXAS NORTH,167,12.7,6.2,,
79510,AEP TEXAS NORTH,Wires company (TDU),base_tdsp,yes,ERCOT,AEP TEXAS NORTH,167,12.7,6.2,Comanche County Elec Coop Assn,
79511,ONCOR ELECTRIC DELIVERY COMPANY,Wires company (TDU),base_tdsp,yes,ERCOT,ONCOR ELECTRIC DELIVERY COMPANY,171,12.6,5.2,,
79512,ONCOR ELECTRIC DELIVERY COMPANY,Wires company (TDU),base_tdsp,yes,ERCOT,ONCOR ELECTRIC DELIVERY COMPANY,171,12.6,5.2,Concho Valley Elec Coop Inc,
79517,"Big Country Electric Coop, Inc",Cooperative,coop,no,,,0,,,"Lyntegar Electric Coop, Inc",0.13721774330329378
79518,AEP TEXAS NORTH,Wires company (TDU),base_tdsp,yes,ERCOT,AEP TEXAS NORTH,167,12.7,6.2,South Plains Electric Coop Inc,
79519,,,none,no,,,0,,,,
79520,AEP TEXAS NORTH,Wires company (TDU),base_tdsp,yes,ERCOT,AEP TEXAS NORTH; ONCOR ELECTRIC DELIVERY COMPANY,338,12.65,5.2,"Big Country Electric Coop, Inc",
79521,AEP TEXAS NORTH,Wires company (TDU),base_tdsp,yes,ERCOT,AEP TEXAS NORTH,167,12.7,6.2,"Big Country Electric Coop, Inc",
79525,AEP TEXAS NORTH,Wires company (TDU),base_tdsp,yes,ERCOT,AEP TEXAS NORTH,167,12.7,6.2,"Big Country Electric Coop, Inc",
79526,ONCOR ELECTRIC DELIVERY COMPANY,Wires company (TDU),base_tdsp,yes,ERCOT,ONCOR ELECTRIC DELIVERY COMPANY,171,12.6,5.2,"Big Country Electric Coop, Inc",
79527,ONCOR ELECTRIC DELIVERY COMPANY,Wires company (TDU),base_tdsp,yes,ERCOT,ONCOR ELECTRIC DELIVERY COMPANY,171,12.6,5.2,,
79528,AEP TEXAS NORTH,Wires company (TDU),base_tdsp,yes,ERCOT,AEP TEXAS NORTH,167,12.7,6.2,"Big Country Electric Coop, Inc; South Plains Electric Coop Inc",
79529,AEP TEXAS NORTH,Wires company (TDU),base_tdsp,yes,ERCOT,AEP TEXAS NORTH,167,12.7,6.2,,
79530,AEP TEXAS NORTH,Wires company (TDU),base_tdsp,yes,ERCOT,AEP TEXAS NORTH,167,12.7,6.2,,
79532,ONCOR ELECTRIC DELIVERY COMPANY,Wires company (TDU),base_tdsp,yes,ERCOT,ONCOR ELECTRIC DELIVERY COMPANY,171,12.6,5.2,"Big Country Electric Coop, Inc; Concho Valley Elec Coop Inc; Taylor Electric Coop Inc - (TX)",
79533,AEP TEXAS NORTH,Wires company (TDU),base_tdsp,yes,ERCOT,AEP TEXAS NORTH,167,12.7,6.2,"Big Country Electric Coop, Inc",
79534,AEP TEXAS NORTH,Wires company (TDU),base_tdsp,yes,ERCOT,AEP TEXAS NORTH,167,12.7,6.2,"Big Country Electric Coop, Inc",
79535,ONCOR ELECTRIC DELIVERY COMPANY,Wires company (TDU),base_tdsp,yes,ERCOT,ONCOR ELECTRIC DELIVERY COMPANY,171,12.6,5.2,Taylor Electric Coop Inc - (TX),
79536,AEP TEXAS NORTH,Wires company (TDU),base_tdsp,yes,ERCOT,AEP TEXAS NORTH,167,12.7,6.2,"Big Country Electric Coop, Inc; Taylor Electric Coop Inc - (TX)",
79537,AEP TEXAS NORTH,Wires company (TDU),base_tdsp,yes,ERCOT,AEP TEXAS NORTH,167,12.7,6.2,Taylor Electric Coop Inc - (TX),
79538,Comanche County Elec Coop Assn,Cooperative,coop,no,,,0,,,,0.1551570041113031
79539,AEP TEXAS NORTH,Wires company (TDU),base_tdsp,yes,ERCOT,AEP TEXAS NORTH,167,12.7,6.2,,
79540,AEP TEXAS NORTH,Wires company (TDU),base_tdsp,yes,ERCOT,AEP TEXAS NORTH,167,12.7,6.2,"Big Country Electric Coop, Inc; South Plains Electric Coop Inc",
79541,AEP TEXAS NORTH,Wires company (TDU),base_tdsp,yes,ERCOT,AEP TEXAS NORTH,167,12.7,6.2,Comanche County Elec Coop Assn; Taylor Electric Coop Inc - (TX),
79543,AEP TEXAS NORTH,Wires company (TDU),base_tdsp,yes,ERCOT,AEP TEXAS NORTH; ONCOR ELECTRIC DELIVERY COMPANY,338,12.65,5.2,"Big Country Electric Coop, Inc",
79544,AEP TEXAS NORTH,Wires company (TDU),base_tdsp,yes,ERCOT,AEP TEXAS NORTH,167,12.7,6.2,"Big Country Electric Coop, Inc",
79545,AEP TEXAS NORTH,Wires company (TDU),base_tdsp,yes,ERCOT,AEP TEXAS NORTH; ONCOR ELECTRIC DELIVERY COMPANY,338,12.65,5.2,"Big Country Electric Coop, Inc; Concho Valley Elec Coop Inc; Taylor Electric Coop Inc - (TX)",
79546,AEP TEXAS NORTH,Wires company (TDU),base_tdsp,yes,ERCOT,AEP TEXAS NORTH,167,12.7,6.2,"Big Country Electric Coop, Inc; South Plains Electric Coop Inc",
79547,AEP TEXAS NORTH,Wires company (TDU),base_tdsp,yes,ERCOT,AEP TEXAS NORTH,167,12.7,6.2,"Big Country Electric Coop, Inc",
79548,AEP TEXAS NORTH,Wires company (TDU),base_tdsp,yes,ERCOT,AEP TEXAS NORTH,167,12.7,6.2,"Big Country Electric Coop, Inc",
79549,ONCOR ELECTRIC DELIVERY COMPANY,Wires company (TDU),base_tdsp,yes,ERCOT,ONCOR ELECTRIC DELIVERY COMPANY,171,12.6,5.2,"Big Country Electric Coop, Inc; South Plains Electric Coop Inc",
79553,AEP TEXAS NORTH,Wires company (TDU),base_tdsp,yes,ERCOT,AEP TEXAS NORTH,167,12.7,6.2,"Big Country Electric Coop, Inc",
79556,ONCOR ELECTRIC DELIVERY COMPANY,Wires company (TDU),base_tdsp,yes,ERCOT,ONCOR ELECTRIC DELIVERY COMPANY,171,12.6,5.2,"Big Country Electric Coop, Inc; Taylor Electric Coop Inc - (TX)",
79560,AEP TEXAS NORTH,Wires company (TDU),base_tdsp,yes,ERCOT,AEP TEXAS NORTH,167,12.7,6.2,"Big Country Electric Coop, Inc",
79561,AEP TEXAS NORTH,Wires company (TDU),base_tdsp,yes,ERCOT,AEP TEXAS NORTH,167,12.7,6.2,"Big Country Electric Coop, Inc; Taylor Electric Coop Inc - (TX)",
79562,AEP TEXAS NORTH,Wires company (TDU),base_tdsp,yes,ERCOT,AEP TEXAS NORTH,167,12.7,6.2,Taylor Electric Coop Inc - (TX),
79563,AEP TEXAS NORTH,Wires company (TDU),base_tdsp,yes,ERCOT,AEP TEXAS NORTH,167,12.7,6.2,,
79565,ONCOR ELECTRIC DELIVERY COMPANY,Wires company (TDU),base_tdsp,yes,ERCOT,ONCOR ELECTRIC DELIVERY COMPANY,171,12.6,5.2,,
79566,AEP TEXAS NORTH,Wires company (TDU),base_tdsp,yes,ERCOT,AEP TEXAS NORTH,167,12.7,6.2,Taylor Electric Coop Inc - (TX),
79567,AEP TEXAS NORTH,Wires company (TDU),base_tdsp,yes,ERCOT,AEP TEXAS NORTH,167,12.7,6.2,Taylor Electric Coop Inc - (TX),
79601,AEP TEXAS NORTH,Wires company (TDU),base_tdsp,yes,ERCOT,AEP TEXAS NORTH,167,12.7,6.2,"Big Country Electric Coop, Inc; Comanche County Elec Coop Assn",
79602,AEP TEXAS NORTH,Wires company (TDU),base_tdsp,yes,ERCOT,AEP TEXAS NORTH,167,12.7,6.2,Comanche County Elec Coop Assn,
79603,AEP TEXAS NORTH,Wires company (TDU),base_tdsp,yes,ERCOT,AEP TEXAS NORTH,167,12.7,6.2,,
79605,AEP TEXAS NORTH,Wires company (TDU),base_tdsp,yes,ERCOT,AEP TEXAS NORTH,167,12.7,6.2,,
79606,AEP TEXAS NORTH,Wires company (TDU),base_tdsp,yes,ERCOT,AEP TEXAS NORTH,167,12.7,6.2,Taylor Electric Coop Inc - (TX),
79607,AEP TEXAS NORTH,Wires company (TDU),base_tdsp,yes,ERCOT,AEP TEXAS NORTH,167,12.7,6.2,,
79699,AEP TEXAS NORTH,Wires company (TDU),base_tdsp,yes,ERCOT,AEP TEXAS NORTH,167,12.7,6.2,,
79701,ONCOR ELECTRIC DELIVERY COMPANY,Wires company (TDU),base_tdsp,yes,ERCOT,ONCOR ELECTRIC DELIVERY COMPANY,171,12.6,5.2,,
79703,ONCOR ELECTRIC DELIVERY COMPANY,Wires company (TDU),base_tdsp,yes,ERCOT,ONCOR ELECTRIC DELIVERY COMPANY,171,12.6,5.2,,
79705,ONCOR ELECTRIC DELIVERY COMPANY,Wires company (TDU),base_tdsp,yes,ERCOT,ONCOR ELECTRIC DELIVERY COMPANY,171,12.6,5.2,,
79706,ONCOR ELECTRIC DELIVERY COMPANY,Wires company (TDU),base_tdsp,yes,ERCOT,ONCOR ELECTRIC DELIVERY COMPANY,171,12.6,5.2,,
79707,ONCOR ELECTRIC DELIVERY COMPANY,Wires company (TDU),base_tdsp,yes,ERCOT,ONCOR ELECTRIC DELIVERY COMPANY,171,12.6,5.2,,
79713,ONCOR ELECTRIC DELIVERY COMPANY,Wires company (TDU),base_tdsp,yes,ERCOT,ONCOR ELECTRIC DELIVERY COMPANY,171,12.6,5.2,"Lyntegar Electric Coop, Inc",
79714,ONCOR ELECTRIC DELIVERY COMPANY,Wires company (TDU),base_tdsp,yes,ERCOT,ONCOR ELECTRIC DELIVERY COMPANY,171,12.6,5.2,"Lyntegar Electric Coop, Inc; Southwestern Public Service Co",
79718,AEP TEXAS NORTH,Wires company (TDU),base_tdsp,yes,ERCOT,AEP TEXAS NORTH,167,12.7,6.2,"Rio Grande Electric Coop, Inc",
79719,ONCOR ELECTRIC DELIVERY COMPANY,Wires company (TDU),base_tdsp,yes,ERCOT,ONCOR ELECTRIC DELIVERY COMPANY; TEXAS-NEW MEXICO POWER COMPANY,338,13.6,5.2,,
79720,ONCOR ELECTRIC DELIVERY COMPANY,Wires company (TDU),base_tdsp,yes,ERCOT,ONCOR ELECTRIC DELIVERY COMPANY,171,12.6,5.2,"Big Country Electric Coop, Inc; Concho Valley Elec Coop Inc; Lyntegar Electric Coop, Inc",
79721,ONCOR ELECTRIC DELIVERY COMPANY,Wires company (TDU),base_tdsp,yes,ERCOT,ONCOR ELECTRIC DELIVERY COMPANY,171,12.6,5.2,,
79730,ONCOR ELECTRIC DELIVERY COMPANY,Wires company (TDU),base_tdsp,yes,ERCOT,ONCOR ELECTRIC DELIVERY COMPANY; TEXAS-NEW MEXICO POWER COMPANY,338,13.6,5.2,,
79731,AEP TEXAS NORTH,Wires company (TDU),base_tdsp,yes,ERCOT,AEP TEXAS NORTH; ONCOR ELECTRIC DELIVERY COMPANY,338,12.65,5.2,,
79733,ONCOR ELECTRIC DELIVERY COMPANY,Wires company (TDU),base_tdsp,yes,ERCOT,ONCOR ELECTRIC DELIVERY COMPANY,171,12.6,5.2,,
79734,AEP TEXAS NORTH,Wires company (TDU),base_tdsp,yes,ERCOT,AEP TEXAS NORTH,167,12.7,6.2,"Rio Grande Electric Coop, Inc",
79735,TEXAS-NEW MEXICO POWER COMPANY,Wires company (TDU),base_tdsp,yes,ERCOT,TEXAS-NEW MEXICO POWER COMPANY,167,15.1,8.0,"Rio Grande Electric Coop, Inc; Southwest Texas Elec Coop, Inc",
79738,ONCOR ELECTRIC DELIVERY COMPANY,Wires company (TDU),base_tdsp,yes,ERCOT,ONCOR ELECTRIC DELIVERY COMPANY,171,12.6,5.2,"Big Country Electric Coop, Inc; Lyntegar Electric Coop, Inc",
79739,ONCOR ELECTRIC DELIVERY COMPANY,Wires company (TDU),base_tdsp,yes,ERCOT,ONCOR ELECTRIC DELIVERY COMPANY,171,12.6,5.2,Concho Valley Elec Coop Inc,
79741,ONCOR ELECTRIC DELIVERY COMPANY,Wires company (TDU),base_tdsp,yes,ERCOT,ONCOR ELECTRIC DELIVERY COMPANY,171,12.6,5.2,,
79742,ONCOR ELECTRIC DELIVERY COMPANY,Wires company (TDU),base_tdsp,yes,ERCOT,ONCOR ELECTRIC DELIVERY COMPANY,171,12.6,5.2,,
79743,AEP TEXAS NORTH,Wires company (TDU),base_tdsp,yes,ERCOT,AEP TEXAS NORTH; ONCOR ELECTRIC DELIVERY COMPANY,338,12.65,5.2,,
79744,AEP TEXAS NORTH,Wires company (TDU),base_tdsp,yes,ERCOT,AEP TEXAS NORTH,167,12.7,6.2,"Southwest Texas Elec Coop, Inc",
79745,ONCOR ELECTRIC DELIVERY COMPANY,Wires company (TDU),base_tdsp,yes,ERCOT,ONCOR ELECTRIC DELIVERY COMPANY; TEXAS-NEW MEXICO POWER COMPANY,338,13.6,5.2,Southwestern Public Service Co,
79748,ONCOR ELECTRIC DELIVERY COMPANY,Wires company (TDU),base_tdsp,yes,ERCOT,ONCOR ELECTRIC DELIVERY COMPANY,171,12.6,5.2,,
79749,ONCOR ELECTRIC DELIVERY COMPANY,Wires company (TDU),base_tdsp,yes,ERCOT,ONCOR ELECTRIC DELIVERY COMPANY,171,12.6,5.2,,
79752,AEP TEXAS NORTH,Wires company (TDU),base_tdsp,yes,ERCOT,AEP TEXAS NORTH,167,12.7,6.2,,
79754,ONCOR ELECTRIC DELIVERY COMPANY,Wires company (TDU),base_tdsp,yes,ERCOT,ONCOR ELECTRIC DELIVERY COMPANY,171,12.6,5.2,Southwestern Public Service Co,
79755,ONCOR ELECTRIC DELIVERY COMPANY,Wires company (TDU),base_tdsp,yes,ERCOT,ONCOR ELECTRIC DELIVERY COMPANY,171,12.6,5.2,,
79756,ONCOR ELECTRIC DELIVERY COMPANY,Wires company (TDU),base_tdsp,yes,ERCOT,ONCOR ELECTRIC DELIVERY COMPANY,171,12.6,5.2,,
79758,ONCOR ELECTRIC DELIVERY COMPANY,Wires company (TDU),base_tdsp,yes,ERCOT,ONCOR ELECTRIC DELIVERY COMPANY,171,12.6,5.2,,
79761,ONCOR ELECTRIC DELIVERY COMPANY,Wires company (TDU),base_tdsp,yes,ERCOT,ONCOR ELECTRIC DELIVERY COMPANY,171,12.6,5.2,,
79762,ONCOR ELECTRIC DELIVERY COMPANY,Wires company (TDU),base_tdsp,yes,ERCOT,ONCOR ELECTRIC DELIVERY COMPANY,171,12.6,5.2,,
79763,ONCOR ELECTRIC DELIVERY COMPANY,Wires company (TDU),base_tdsp,yes,ERCOT,ONCOR ELECTRIC DELIVERY COMPANY,171,12.6,5.2,,
79764,ONCOR ELECTRIC DELIVERY COMPANY,Wires company (TDU),base_tdsp,yes,ERCOT,ONCOR ELECTRIC DELIVERY COMPANY,171,12.6,5.2,,
79765,ONCOR ELECTRIC DELIVERY COMPANY,Wires company (TDU),base_tdsp,yes,ERCOT,ONCOR ELECTRIC DELIVERY COMPANY,171,12.6,5.2,,
79766,ONCOR ELECTRIC DELIVERY COMPANY,Wires company (TDU),base_tdsp,yes,ERCOT,ONCOR ELECTRIC DELIVERY COMPANY,171,12.6,5.2,,
79770,ONCOR ELECTRIC DELIVERY COMPANY,Wires company (TDU),base_tdsp,yes,ERCOT,ONCOR ELECTRIC DELIVERY COMPANY,171,12.6,5.2,Southwestern Public Service Co,
79772,AEP TEXAS NORTH,Wires company (TDU),base_tdsp,yes,ERCOT,AEP TEXAS NORTH; ONCOR ELECTRIC DELIVERY COMPANY; TEXAS-NEW MEXICO POWER COMPANY,505,13.3,5.2,"Rio Grande Electric Coop, Inc",
79777,ONCOR ELECTRIC DELIVERY COMPANY,Wires company (TDU),base_tdsp,yes,ERCOT,ONCOR ELECTRIC DELIVERY COMPANY; TEXAS-NEW MEXICO POWER COMPANY,338,13.6,5.2,,
79778,AEP TEXAS NORTH,Wires company (TDU),base_tdsp,yes,ERCOT,AEP TEXAS NORTH; ONCOR ELECTRIC DELIVERY COMPANY,338,12.65,5.2,"Southwest Texas Elec Coop, Inc",
79780,AEP TEXAS NORTH,Wires company (TDU),base_tdsp,yes,ERCOT,AEP TEXAS NORTH,167,12.7,6.2,,
79781,AEP TEXAS NORTH,Wires company (TDU),base_tdsp,yes,ERCOT,AEP TEXAS NORTH,167,12.7,6.2,"Rio Grande Electric Coop, Inc; Southwest Texas Elec Coop, Inc",
79782,ONCOR ELECTRIC DELIVERY COMPANY,Wires company (TDU),base_tdsp,yes,ERCOT,ONCOR ELECTRIC DELIVERY COMPANY,171,12.6,5.2,,
79783,ONCOR ELECTRIC DELIVERY COMPANY,Wires company (TDU),base_tdsp,yes,ERCOT,ONCOR ELECTRIC DELIVERY COMPANY,171,12.6,5.2,,
79785,TEXAS-NEW MEXICO POWER COMPANY,Wires company (TDU),base_tdsp,yes,ERCOT,TEXAS-NEW MEXICO POWER COMPANY,167,15.1,8.0,,
79788,ONCOR ELECTRIC DELIVERY COMPANY,Wires company (TDU),base_tdsp,yes,ERCOT,ONCOR ELECTRIC DELIVERY COMPANY; TEXAS-NEW MEXICO POWER COMPANY,338,13.6,5.2,,
79789,ONCOR ELECTRIC DELIVERY COMPANY,Wires company (TDU),base_tdsp,yes,ERCOT,ONCOR ELECTRIC DELIVERY COMPANY; TEXAS-NEW MEXICO POWER COMPANY,338,13.6,5.2,,
79821,El Paso Electric Co,Investor Owned,ioi_non_ercot,no,non-ERCOT,,0,,,,0.1346285636994845
79830,AEP TEXAS NORTH,Wires company (TDU),base_tdsp,yes,ERCOT,AEP TEXAS NORTH,167,12.7,6.2,"Rio Grande Electric Coop, Inc",
79831,AEP TEXAS NORTH,Wires company (TDU),base_tdsp,yes,ERCOT,AEP TEXAS NORTH,167,12.7,6.2,"Rio Grande Electric Coop, Inc",
79832,AEP TEXAS NORTH,Wires company (TDU),base_tdsp,yes,ERCOT,AEP TEXAS NORTH,167,12.7,6.2,,
79834,"Rio Grande Electric Coop, Inc",Cooperative,coop,no,,,0,,,,0.18509998844064268
79835,El Paso Electric Co,Investor Owned,ioi_non_ercot,no,non-ERCOT,,0,,,,0.1346285636994845
79836,El Paso Electric Co,Investor Owned,ioi_non_ercot,no,non-ERCOT,,0,,,,0.1346285636994845
79837,"Rio Grande Electric Coop, Inc",Cooperative,coop,no,,,0,,,,0.18509998844064268
79838,El Paso Electric Co,Investor Owned,ioi_non_ercot,no,non-ERCOT,,0,,,,0.1346285636994845
79839,"Rio Grande Electric Coop, Inc",Cooperative,coop,no,,,0,,,El Paso Electric Co,0.18509998844064268
79842,AEP TEXAS NORTH,Wires company (TDU),base_tdsp,yes,ERCOT,AEP TEXAS NORTH,167,12.7,6.2,"Rio Grande Electric Coop, Inc",
79843,AEP TEXAS NORTH,Wires company (TDU),base_tdsp,yes,ERCOT,AEP TEXAS NORTH,167,12.7,6.2,"Rio Grande Electric Coop, Inc",
79845,AEP TEXAS NORTH,Wires company (TDU),base_tdsp,yes,ERCOT,AEP TEXAS NORTH,167,12.7,6.2,"Rio Grande Electric Coop, Inc",
79846,AEP TEXAS NORTH,Wires company (TDU),base_tdsp,yes,ERCOT,AEP TEXAS NORTH,167,12.7,6.2,"Rio Grande Electric Coop, Inc",
79847,"Rio Grande Electric Coop, Inc",Cooperative,coop,no,,,0,,,Southwestern Public Service Co,0.18509998844064268
79848,TEXAS-NEW MEXICO POWER COMPANY,Wires company (TDU),base_tdsp,yes,ERCOT,TEXAS-NEW MEXICO POWER COMPANY,167,15.1,8.0,"Rio Grande Electric Coop, Inc; Southwest Texas Elec Coop, Inc",
79849,El Paso Electric Co,Investor Owned,ioi_non_ercot,no,non-ERCOT,,0,,,,0.1346285636994845
79851,"Rio Grande Electric Coop, Inc",Cooperative,coop,no,,,0,,,El Paso Electric Co,0.18509998844064268
79852,"Rio Grande Electric Coop, Inc",Cooperative,coop,no,,,0,,,,0.18509998844064268
79853,El Paso Electric Co,Investor Owned,ioi_non_ercot,no,non-ERCOT,,0,,,,0.1346285636994845
79854,AEP TEXAS NORTH,Wires company (TDU),base_tdsp,yes,ERCOT,AEP TEXAS NORTH,167,12.7,6.2,"Rio Grande Electric Coop, Inc",
79855,"Rio Grande Electric Coop, Inc",Cooperative,coop,no,,,0,,,El Paso Electric Co,0.18509998844064268
79901,El Paso Electric Co,Investor Owned,ioi_non_ercot,no,non-ERCOT,,0,,,,0.1346285636994845
79902,El Paso Electric Co,Investor Owned,ioi_non_ercot,no,non-ERCOT,,0,,,,0.1346285636994845
79903,El Paso Electric Co,Investor Owned,ioi_non_ercot,no,non-ERCOT,,0,,,,0.1346285636994845
79904,El Paso Electric Co,Investor Owned,ioi_non_ercot,no,non-ERCOT,,0,,,,0.1346285636994845
79905,El Paso Electric Co,Investor Owned,ioi_non_ercot,no,non-ERCOT,,0,,,,0.1346285636994845
79906,El Paso Electric Co,Investor Owned,ioi_non_ercot,no,non-ERCOT,,0,,,,0.1346285636994845
79907,El Paso Electric Co,Investor Owned,ioi_non_ercot,no,non-ERCOT,,0,,,,0.1346285636994845
79908,El Paso Electric Co,Investor Owned,ioi_non_ercot,no,non-ERCOT,,0,,,,0.1346285636994845
79910,El Paso Electric Co,Investor Owned,ioi_non_ercot,no,non-ERCOT,,0,,,,0.1346285636994845
79911,El Paso Electric Co,Investor Owned,ioi_non_ercot,no,non-ERCOT,,0,,,,0.1346285636994845
79912,El Paso Electric Co,Investor Owned,ioi_non_ercot,no,non-ERCOT,,0,,,,0.1346285636994845
79913,El Paso Electric Co,Investor Owned,ioi_non_ercot,no,non-ERCOT,,0,,,,0.1346285636994845
79914,El Paso Electric Co,Investor Owned,ioi_non_ercot,no,non-ERCOT,,0,,,,0.1346285636994845
79915,El Paso Electric Co,Investor Owned,ioi_non_ercot,no,non-ERCOT,,0,,,,0.1346285636994845
79916,El Paso Electric Co,Investor Owned,ioi_non_ercot,no,non-ERCOT,,0,,,,0.1346285636994845
79917,El Paso Electric Co,Investor Owned,ioi_non_ercot,no,non-ERCOT,,0,,,,0.1346285636994845
79918,El Paso Electric Co,Investor Owned,ioi_non_ercot,no,non-ERCOT,,0,,,,0.1346285636994845
79920,El Paso Electric Co,Investor Owned,ioi_non_ercot,no,non-ERCOT,,0,,,,0.1346285636994845
79922,El Paso Electric Co,Investor Owned,ioi_non_ercot,no,non-ERCOT,,0,,,,0.1346285636994845
79923,El Paso Electric Co,Investor Owned,ioi_non_ercot,no,non-ERCOT,,0,,,,0.1346285636994845
79924,El Paso Electric Co,Investor Owned,ioi_non_ercot,no,non-ERCOT,,0,,,,0.1346285636994845
79925,El Paso Electric Co,Investor Owned,ioi_non_ercot,no,non-ERCOT,,0,,,,0.1346285636994845
79926,El Paso Electric Co,Investor Owned,ioi_non_ercot,no,non-ERCOT,,0,,,,0.1346285636994845
79927,El Paso Electric Co,Investor Owned,ioi_non_ercot,no,non-ERCOT,,0,,,,0.1346285636994845
79928,El Paso Electric Co,Investor Owned,ioi_non_ercot,no,non-ERCOT,,0,,,,0.1346285636994845
79929,El Paso Electric Co,Investor Owned,ioi_non_ercot,no,non-ERCOT,,0,,,,0.1346285636994845
79930,El Paso Electric Co,Investor Owned,ioi_non_ercot,no,non-ERCOT,,0,,,,0.1346285636994845
79931,El Paso Electric Co,Investor Owned,ioi_non_ercot,no,non-ERCOT,,0,,,,0.1346285636994845
79932,El Paso Electric Co,Investor Owned,ioi_non_ercot,no,non-ERCOT,,0,,,,0.1346285636994845
79934,El Paso Electric Co,Investor Owned,ioi_non_ercot,no,non-ERCOT,,0,,,,0.1346285636994845
79935,El Paso Electric Co,Investor Owned,ioi_non_ercot,no,non-ERCOT,,0,,,,0.1346285636994845
79936,El Paso Electric Co,Investor Owned,ioi_non_ercot,no,non-ERCOT,,0,,,,0.1346285636994845
79937,El Paso Electric Co,Investor Owned,ioi_non_ercot,no,non-ERCOT,,0,,,,0.1346285636994845
79938,"Rio Grande Electric Coop, Inc",Cooperative,coop,no,,,0,,,El Paso Electric Co,0.18509998844064268
79940,El Paso Electric Co,Investor Owned,ioi_non_ercot,no,non-ERCOT,,0,,,,0.1346285636994845
79941,El Paso Electric Co,Investor Owned,ioi_non_ercot,no,non-ERCOT,,0,,,,0.1346285636994845
79942,"Southwest Texas Elec Coop, Inc",Cooperative,coop,no,,,0,,,,0.13546353491446148
79943,El Paso Electric Co,Investor Owned,ioi_non_ercot,no,non-ERCOT,,0,,,,0.1346285636994845
79944,El Paso Electric Co,Investor Owned,ioi_non_ercot,no,non-ERCOT,,0,,,,0.1346285636994845
79945,El Paso Electric Co,Investor Owned,ioi_non_ercot,no,non-ERCOT,,0,,,,0.1346285636994845
79946,El Paso Electric Co,Investor Owned,ioi_non_ercot,no,non-ERCOT,,0,,,,0.1346285636994845
79947,El Paso Electric Co,Investor Owned,ioi_non_ercot,no,non-ERCOT,,0,,,,0.1346285636994845
79948,El Paso Electric Co,Investor Owned,ioi_non_ercot,no,non-ERCOT,,0,,,,0.1346285636994845
79949,El Paso Electric Co,Investor Owned,ioi_non_ercot,no,non-ERCOT,,0,,,,0.1346285636994845
79950,El Paso Electric Co,Investor Owned,ioi_non_ercot,no,non-ERCOT,,0,,,,0.1346285636994845
79951,El Paso Electric Co,Investor Owned,ioi_non_ercot,no,non-ERCOT,,0,,,,0.1346285636994845
79952,El Paso Electric Co,Investor Owned,ioi_non_ercot,no,non-ERCOT,,0,,,,0.1346285636994845
79953,El Paso Electric Co,Investor Owned,ioi_non_ercot,no,non-ERCOT,,0,,,,0.1346285636994845
79954,El Paso Electric Co,Investor Owned,ioi_non_ercot,no,non-ERCOT,,0,,,,0.1346285636994845
79955,El Paso Electric Co,Investor Owned,ioi_non_ercot,no,non-ERCOT,,0,,,,0.1346285636994845
79958,El Paso Electric Co,Investor Owned,ioi_non_ercot,no,non-ERCOT,,0,,,,0.1346285636994845
79960,El Paso Electric Co,Investor Owned,ioi_non_ercot,no,non-ERCOT,,0,,,,0.1346285636994845
79961,El Paso Electric Co,Investor Owned,ioi_non_ercot,no,non-ERCOT,,0,,,,0.1346285636994845
79968,El Paso Electric Co,Investor Owned,ioi_non_ercot,no,non-ERCOT,,0,,,,0.1346285636994845
79976,El Paso Electric Co,Investor Owned,ioi_non_ercot,no,non-ERCOT,,0,,,,0.1346285636994845
79978,El Paso Electric Co,Investor Owned,ioi_non_ercot,no,non-ERCOT,,0,,,,0.1346285636994845
79980,El Paso Electric Co,Investor Owned,ioi_non_ercot,no,non-ERCOT,,0,,,,0.1346285636994845
79990,El Paso Electric Co,Investor Owned,ioi_non_ercot,no,non-ERCOT,,0,,,,0.1346285636994845
79995,El Paso Electric Co,Investor Owned,ioi_non_ercot,no,non-ERCOT,,0,,,,0.1346285636994845
79996,El Paso Electric Co,Investor Owned,ioi_non_ercot,no,non-ERCOT,,0,,,,0.1346285636994845
79997,El Paso Electric Co,Investor Owned,ioi_non_ercot,no,non-ERCOT,,0,,,,0.1346285636994845
79998,El Paso Electric Co,Investor Owned,ioi_non_ercot,no,non-ERCOT,,0,,,,0.1346285636994845
79999,El Paso Electric Co,Investor Owned,ioi_non_ercot,no,non-ERCOT,,0,,,,0.1346285636994845
88510,El Paso Electric Co,Investor Owned,ioi_non_ercot,no,non-ERCOT,,0,,,,0.1346285636994845
88511,El Paso Electric Co,Investor Owned,ioi_non_ercot,no,non-ERCOT,,0,,,,0.1346285636994845
88512,El Paso Electric Co,Investor Owned,ioi_non_ercot,no,non-ERCOT,,0,,,,0.1346285636994845
88513,El Paso Electric Co,Investor Owned,ioi_non_ercot,no,non-ERCOT,,0,,,,0.1346285636994845
88514,El Paso Electric Co,Investor Owned,ioi_non_ercot,no,non-ERCOT,,0,,,,0.1346285636994845
88515,El Paso Electric Co,Investor Owned,ioi_non_ercot,no,non-ERCOT,,0,,,,0.1346285636994845
88516,El Paso Electric Co,Investor Owned,ioi_non_ercot,no,non-ERCOT,,0,,,,0.1346285636994845
88517,El Paso Electric Co,Investor Owned,ioi_non_ercot,no,non-ERCOT,,0,,,,0.1346285636994845
88518,El Paso Electric Co,Investor Owned,ioi_non_ercot,no,non-ERCOT,,0,,,,0.1346285636994845
88519,El Paso Electric Co,Investor Owned,ioi_non_ercot,no,non-ERCOT,,0,,,,0.1346285636994845
88520,El Paso Electric Co,Investor Owned,ioi_non_ercot,no,non-ERCOT,,0,,,,0.1346285636994845
88521,El Paso Electric Co,Investor Owned,ioi_non_ercot,no,non-ERCOT,,0,,,,0.1346285636994845
88523,El Paso Electric Co,Investor Owned,ioi_non_ercot,no,non-ERCOT,,0,,,,0.1346285636994845
88524,El Paso Electric Co,Investor Owned,ioi_non_ercot,no,non-ERCOT,,0,,,,0.1346285636994845
88525,El Paso Electric Co,Investor Owned,ioi_non_ercot,no,non-ERCOT,,0,,,,0.1346285636994845
88526,El Paso Electric Co,Investor Owned,ioi_non_ercot,no,non-ERCOT,,0,,,,0.1346285636994845
88527,El Paso Electric Co,Investor Owned,ioi_non_ercot,no,non-ERCOT,,0,,,,0.1346285636994845
88528,El Paso Electric Co,Investor Owned,ioi_non_ercot,no,non-ERCOT,,0,,,,0.1346285636994845
88529,El Paso Electric Co,Investor Owned,ioi_non_ercot,no,non-ERCOT,,0,,,,0.1346285636994845
88530,El Paso Electric Co,Investor Owned,ioi_non_ercot,no,non-ERCOT,,0,,,,0.1346285636994845
88531,El Paso Electric Co,Investor Owned,ioi_non_ercot,no,non-ERCOT,,0,,,,0.1346285636994845
88532,El Paso Electric Co,Investor Owned,ioi_non_ercot,no,non-ERCOT,,0,,,,0.1346285636994845
88533,El Paso Electric Co,Investor Owned,ioi_non_ercot,no,non-ERCOT,,0,,,,0.1346285636994845
88534,El Paso Electric Co,Investor Owned,ioi_non_ercot,no,non-ERCOT,,0,,,,0.1346285636994845
88535,El Paso Electric Co,Investor Owned,ioi_non_ercot,no,non-ERCOT,,0,,,,0.1346285636994845
88536,El Paso Electric Co,Investor Owned,ioi_non_ercot,no,non-ERCOT,,0,,,,0.1346285636994845
88538,El Paso Electric Co,Investor Owned,ioi_non_ercot,no,non-ERCOT,,0,,,,0.1346285636994845
88539,El Paso Electric Co,Investor Owned,ioi_non_ercot,no,non-ERCOT,,0,,,,0.1346285636994845
88540,El Paso Electric Co,Investor Owned,ioi_non_ercot,no,non-ERCOT,,0,,,,0.1346285636994845
88541,El Paso Electric Co,Investor Owned,ioi_non_ercot,no,non-ERCOT,,0,,,,0.1346285636994845
88542,El Paso Electric Co,Investor Owned,ioi_non_ercot,no,non-ERCOT,,0,,,,0.1346285636994845
88543,El Paso Electric Co,Investor Owned,ioi_non_ercot,no,non-ERCOT,,0,,,,0.1346285636994845
88544,El Paso Electric Co,Investor Owned,ioi_non_ercot,no,non-ERCOT,,0,,,,0.1346285636994845
88545,El Paso Electric Co,Investor Owned,ioi_non_ercot,no,non-ERCOT,,0,,,,0.1346285636994845
88546,El Paso Electric Co,Investor Owned,ioi_non_ercot,no,non-ERCOT,,0,,,,0.1346285636994845
88547,El Paso Electric Co,Investor Owned,ioi_non_ercot,no,non-ERCOT,,0,,,,0.1346285636994845
88548,El Paso Electric Co,Investor Owned,ioi_non_ercot,no,non-ERCOT,,0,,,,0.1346285636994845
88549,El Paso Electric Co,Investor Owned,ioi_non_ercot,no,non-ERCOT,,0,,,,0.1346285636994845
88550,El Paso Electric Co,Investor Owned,ioi_non_ercot,no,non-ERCOT,,0,,,,0.1346285636994845
88553,El Paso Electric Co,Investor Owned,ioi_non_ercot,no,non-ERCOT,,0,,,,0.1346285636994845
88554,El Paso Electric Co,Investor Owned,ioi_non_ercot,no,non-ERCOT,,0,,,,0.1346285636994845
88555,El Paso Electric Co,Investor Owned,ioi_non_ercot,no,non-ERCOT,,0,,,,0.1346285636994845
88556,El Paso Electric Co,Investor Owned,ioi_non_ercot,no,non-ERCOT,,0,,,,0.1346285636994845
88557,El Paso Electric Co,Investor Owned,ioi_non_ercot,no,non-ERCOT,,0,,,,0.1346285636994845
88558,El Paso Electric Co,Investor Owned,ioi_non_ercot,no,non-ERCOT,,0,,,,0.1346285636994845
88559,El Paso Electric Co,Investor Owned,ioi_non_ercot,no,non-ERCOT,,0,,,,0.1346285636994845
88560,El Paso Electric Co,Investor Owned,ioi_non_ercot,no,non-ERCOT,,0,,,,0.1346285636994845
88561,El Paso Electric Co,Investor Owned,ioi_non_ercot,no,non-ERCOT,,0,,,,0.1346285636994845
88562,El Paso Electric Co,Investor Owned,ioi_non_ercot,no,non-ERCOT,,0,,,,0.1346285636994845
88563,El Paso Electric Co,Investor Owned,ioi_non_ercot,no,non-ERCOT,,0,,,,0.1346285636994845
88565,El Paso Electric Co,Investor Owned,ioi_non_ercot,no,non-ERCOT,,0,,,,0.1346285636994845
88566,El Paso Electric Co,Investor Owned,ioi_non_ercot,no,non-ERCOT,,0,,,,0.1346285636994845
88567,El Paso Electric Co,Investor Owned,ioi_non_ercot,no,non-ERCOT,,0,,,,0.1346285636994845
88568,El Paso Electric Co,Investor Owned,ioi_non_ercot,no,non-ERCOT,,0,,,,0.1346285636994845
88569,El Paso Electric Co,Investor Owned,ioi_non_ercot,no,non-ERCOT,,0,,,,0.1346285636994845
88570,El Paso Electric Co,Investor Owned,ioi_non_ercot,no,non-ERCOT,,0,,,,0.1346285636994845
88571,El Paso Electric Co,Investor Owned,ioi_non_ercot,no,non-ERCOT,,0,,,,0.1346285636994845
88572,El Paso Electric Co,Investor Owned,ioi_non_ercot,no,non-ERCOT,,0,,,,0.1346285636994845
88573,El Paso Electric Co,Investor Owned,ioi_non_ercot,no,non-ERCOT,,0,,,,0.1346285636994845
88574,El Paso Electric Co,Investor Owned,ioi_non_ercot,no,non-ERCOT,,0,,,,0.1346285636994845
88575,El Paso Electric Co,Investor Owned,ioi_non_ercot,no,non-ERCOT,,0,,,,0.1346285636994845
88576,El Paso Electric Co,Investor Owned,ioi_non_ercot,no,non-ERCOT,,0,,,,0.1346285636994845
88577,El Paso Electric Co,Investor Owned,ioi_non_ercot,no,non-ERCOT,,0,,,,0.1346285636994845
88578,El Paso Electric Co,Investor Owned,ioi_non_ercot,no,non-ERCOT,,0,,,,0.1346285636994845
88579,El Paso Electric Co,Investor Owned,ioi_non_ercot,no,non-ERCOT,,0,,,,0.1346285636994845
88580,El Paso Electric Co,Investor Owned,ioi_non_ercot,no,non-ERCOT,,0,,,,0.1346285636994845
88581,El Paso Electric Co,Investor Owned,ioi_non_ercot,no,non-ERCOT,,0,,,,0.1346285636994845
88582,El Paso Electric Co,Investor Owned,ioi_non_ercot,no,non-ERCOT,,0,,,,0.1346285636994845
88583,El Paso Electric Co,Investor Owned,ioi_non_ercot,no,non-ERCOT,,0,,,,0.1346285636994845
88584,El Paso Electric Co,Investor Owned,ioi_non_ercot,no,non-ERCOT,,0,,,,0.1346285636994845
88585,El Paso Electric Co,Investor Owned,ioi_non_ercot,no,non-ERCOT,,0,,,,0.1346285636994845
88586,El Paso Electric Co,Investor Owned,ioi_non_ercot,no,non-ERCOT,,0,,,,0.1346285636994845
88587,El Paso Electric Co,Investor Owned,ioi_non_ercot,no,non-ERCOT,,0,,,,0.1346285636994845
88588,El Paso Electric Co,Investor Owned,ioi_non_ercot,no,non-ERCOT,,0,,,,0.1346285636994845
88589,El Paso Electric Co,Investor Owned,ioi_non_ercot,no,non-ERCOT,,0,,,,0.1346285636994845
88590,El Paso Electric Co,Investor Owned,ioi_non_ercot,no,non-ERCOT,,0,,,,0.1346285636994845
88595,El Paso Electric Co,Investor Owned,ioi_non_ercot,no,non-ERCOT,,0,,,,0.1346285636994845
